-0.1989  	-0.0530  	-0.6335  	-0.3497  	-0.0710  	-0.3539  	0.00076  	0.00854  	0.09742  	0.01866  	-0.3130  	-0.4361  	0.20720  	0.10059  	0.08689  	0.78939  	-0.0586  	-0.0779  	0.31888  	0.48902  	0.28176  	0.38693  	-0.4221  	0.42293  	0.74795  	-0.2254  	0.25229  	-0.0725  	0.05758  	0.23057  	-0.1529  	0.22181  	0.10552  	-0.0508  	0.59896  	-0.0321  	0.28333  	-0.1611  	-0.2306  	0.39417  	-0.2050  	0.05158  	-0.2316  	0.17861  	0.15240  	-0.0325  	0.03127  	-0.1276  	-0.0401  	-0.0533  	-0.0432  	-0.0159  	-0.0272  	-0.0088  	-0.0216  	-0.0101  	0.00409  	-0.0037  	-0.0031  	0.00546  	0.00149  	0.00651  	0.02209  	0.01090  	0.08411  	0.01040  	0.00532  	0.01241  	0.03785  	-0.7581  	
-0.1988  	-0.0529  	-0.6342  	-0.3500  	-0.0723  	-0.3545  	0.00108  	0.00829  	0.09712  	0.01707  	-0.3127  	-0.4358  	0.20774  	0.10222  	0.08827  	0.78940  	-0.0590  	-0.0772  	0.31884  	0.48757  	0.28311  	0.38862  	-0.4213  	0.42432  	0.74895  	-0.2254  	0.25384  	-0.0746  	0.05715  	0.23099  	-0.1520  	0.22144  	0.10527  	-0.0509  	0.60000  	-0.0324  	0.28422  	-0.1617  	-0.2314  	0.39401  	-0.2054  	0.05182  	-0.2316  	0.17824  	0.15238  	-0.0327  	0.03144  	-0.1275  	-0.0401  	-0.0532  	-0.0434  	-0.0160  	-0.0273  	-0.0089  	-0.0217  	-0.0099  	0.00392  	-0.0036  	-0.0034  	0.00537  	0.00152  	0.00671  	0.02226  	0.01101  	0.08411  	0.01040  	0.00532  	0.01241  	0.03785  	-0.7581  	
-0.1983  	-0.0533  	-0.6316  	-0.3500  	-0.0743  	-0.3529  	0.00217  	0.00974  	0.09711  	0.01740  	-0.3108  	-0.4379  	0.20739  	0.10204  	0.08724  	0.79044  	-0.0590  	-0.0768  	0.31930  	0.48867  	0.28518  	0.38901  	-0.4215  	0.42440  	0.75070  	-0.2257  	0.25431  	-0.0732  	0.05752  	0.23041  	-0.1532  	0.22176  	0.10475  	-0.0513  	0.59896  	-0.0313  	0.28456  	-0.1619  	-0.2311  	0.39513  	-0.2064  	0.05180  	-0.2318  	0.17861  	0.15265  	-0.0328  	0.03141  	-0.1274  	-0.0399  	-0.0528  	-0.0428  	-0.0161  	-0.0272  	-0.0090  	-0.0215  	-0.0098  	0.00396  	-0.0037  	-0.0033  	0.00561  	0.00143  	0.00669  	0.02253  	0.01082  	0.08411  	0.01040  	0.00532  	0.01241  	0.03785  	-0.7581  	
-0.2026  	-0.0568  	-0.6336  	-0.3509  	-0.0699  	-0.3575  	0.00116  	0.00621  	0.09600  	0.02192  	-0.3076  	-0.4367  	0.20436  	0.09824  	0.08292  	0.78803  	-0.0576  	-0.0758  	0.31717  	0.49072  	0.27682  	0.38486  	-0.4242  	0.42093  	0.74709  	-0.2253  	0.24967  	-0.0681  	0.05957  	0.23074  	-0.1534  	0.22256  	0.10457  	-0.0516  	0.59915  	-0.0315  	0.28186  	-0.1620  	-0.2311  	0.39444  	-0.2042  	0.05088  	-0.2313  	0.17765  	0.15215  	-0.0330  	0.03136  	-0.1276  	-0.0399  	-0.0533  	-0.0427  	-0.0156  	-0.0276  	-0.0091  	-0.0214  	-0.0102  	0.00462  	-0.0041  	-0.0030  	0.00517  	0.00121  	0.00626  	0.02195  	0.01091  	0.08411  	0.01040  	0.00532  	0.01241  	0.03785  	-0.7581  	
-0.1853  	-0.0501  	-0.6300  	-0.3284  	-0.0427  	-0.3466  	0.01224  	0.00010  	0.08327  	0.02296  	-0.3488  	-0.4497  	0.22005  	0.11742  	0.08659  	0.78810  	-0.0628  	-0.0698  	0.31785  	0.49716  	0.24749  	0.39228  	-0.4406  	0.42463  	0.77208  	-0.2255  	0.25771  	-0.0556  	0.09800  	0.23857  	-0.1568  	0.21395  	0.10130  	-0.0533  	0.59782  	-0.0165  	0.25154  	-0.1795  	-0.2176  	0.40739  	-0.2150  	0.05223  	-0.2338  	0.17812  	0.15188  	-0.0335  	0.03059  	-0.1231  	-0.0355  	-0.0527  	-0.0363  	-0.0170  	-0.0277  	-0.0124  	-0.0209  	-0.0101  	0.00518  	-0.0042  	-0.0029  	0.00419  	-0.0006  	0.00833  	0.02563  	0.00938  	0.08411  	0.01040  	0.00532  	0.01241  	0.03785  	-0.7581  	
-0.1855  	-0.0676  	-0.6371  	-0.3063  	-0.0349  	-0.3310  	0.01785  	0.00123  	0.07962  	0.01708  	-0.3550  	-0.4525  	0.22333  	0.11919  	0.09589  	0.78090  	-0.0603  	-0.0609  	0.31350  	0.50921  	0.22573  	0.39171  	-0.4637  	0.40438  	0.78177  	-0.2232  	0.22895  	-0.0287  	0.13230  	0.24700  	-0.1595  	0.21395  	0.10198  	-0.0521  	0.58206  	-0.0037  	0.23044  	-0.1872  	-0.2070  	0.41131  	-0.2019  	0.04981  	-0.2340  	0.17686  	0.15469  	-0.0326  	0.03048  	-0.1195  	-0.0314  	-0.0559  	-0.0357  	-0.0168  	-0.0260  	-0.0128  	-0.0206  	-0.0091  	0.00312  	-0.0052  	-0.0012  	0.00665  	-0.0005  	0.00526  	0.02477  	0.00953  	0.08411  	0.01040  	0.00532  	0.01241  	0.03785  	-0.7581  	
-0.1620  	-0.0829  	-0.6217  	-0.2589  	0.00440  	-0.3219  	0.03505  	-0.0050  	0.07764  	0.04005  	-0.4174  	-0.4686  	0.23566  	0.12592  	0.07821  	0.76666  	-0.0763  	-0.0468  	0.30201  	0.52936  	0.18741  	0.39111  	-0.4918  	0.36439  	0.80084  	-0.2248  	0.22817  	0.00637  	0.18109  	0.26119  	-0.1643  	0.21348  	0.10517  	-0.0460  	0.55464  	0.01211  	0.20093  	-0.2022  	-0.1877  	0.42826  	-0.2049  	0.05491  	-0.2260  	0.18500  	0.16030  	-0.0332  	0.02844  	-0.1116  	-0.0277  	-0.0614  	-0.0358  	-0.0163  	-0.0263  	-0.0150  	-0.0174  	-0.0098  	0.00955  	-0.0065  	-0.0026  	0.00424  	0.00022  	0.00141  	0.02504  	0.01104  	0.08411  	0.01040  	0.00532  	0.01241  	0.03785  	-0.7581  	
-0.1705  	-0.0792  	-0.6468  	-0.3041  	0.01507  	-0.3661  	0.05958  	-0.0515  	0.08637  	0.09318  	-0.4693  	-0.4857  	0.26218  	0.12154  	0.05516  	0.74433  	-0.0884  	-0.0035  	0.29804  	0.59465  	0.12326  	0.37825  	-0.5448  	0.32958  	0.82000  	-0.2260  	0.16283  	0.10584  	0.26737  	0.27325  	-0.1582  	0.18987  	0.11459  	-0.0277  	0.52819  	0.04848  	0.13627  	-0.2195  	-0.1542  	0.45908  	-0.1711  	0.05339  	-0.2247  	0.18516  	0.15319  	-0.0362  	0.02891  	-0.1074  	-0.0331  	-0.0711  	-0.0336  	-0.0181  	-0.0290  	-0.0173  	-0.0210  	-0.0165  	0.01205  	-0.0080  	-0.0057  	0.00171  	0.00063  	0.00165  	0.02859  	0.01425  	0.08411  	0.01040  	0.00532  	0.01241  	0.03785  	-0.7581  	
-0.3199  	-0.1010  	-0.7642  	-0.3341  	0.02520  	-0.4871  	0.04912  	-0.1043  	0.04934  	0.11831  	-0.4296  	-0.5045  	0.24655  	0.08340  	-0.0211  	0.73470  	-0.1174  	0.02380  	0.29779  	0.62460  	0.07411  	0.38738  	-0.5998  	0.37232  	0.87736  	-0.2173  	0.17427  	0.13438  	0.28259  	0.27381  	-0.1678  	0.18618  	0.09003  	-0.0399  	0.53600  	0.07547  	0.13434  	-0.2269  	-0.1612  	0.46958  	-0.1793  	0.06448  	-0.2277  	0.18269  	0.15915  	-0.0357  	0.03224  	-0.1212  	-0.0486  	-0.0633  	-0.0325  	-0.0173  	-0.0320  	-0.0209  	-0.0203  	-0.0198  	0.01128  	-0.0049  	0.00311  	0.00105  	-0.0069  	-0.0028  	0.01595  	0.01241  	0.08411  	0.01040  	0.00532  	0.01241  	0.03785  	-0.7581  	
-0.4881  	-0.1793  	-0.8799  	-0.3001  	0.06498  	-0.5190  	0.00485  	-0.1272  	0.02561  	0.06853  	-0.4107  	-0.4523  	0.18577  	-0.0142  	-0.0165  	0.69133  	-0.0977  	0.02462  	0.29120  	0.61191  	0.04670  	0.37727  	-0.5719  	0.37826  	0.81491  	-0.2206  	0.14964  	0.18205  	0.30312  	0.26161  	-0.1584  	0.18297  	0.08516  	-0.0515  	0.51271  	0.07620  	0.09498  	-0.2492  	-0.1574  	0.46236  	-0.2096  	0.05982  	-0.2599  	0.16913  	0.16825  	-0.0281  	0.02991  	-0.1344  	-0.0441  	-0.0591  	-0.0241  	-0.0218  	-0.0336  	-0.0193  	-0.0224  	-0.0162  	0.02109  	-0.0067  	0.00478  	0.00074  	-0.0014  	-0.0082  	0.01654  	0.00899  	0.08411  	0.01040  	0.00532  	0.01241  	0.03785  	-0.7581  	
-0.4140  	-0.1648  	-0.8242  	-0.2950  	0.03957  	-0.4480  	-3.1665  	-0.1384  	0.02023  	0.07052  	-0.5074  	-0.4866  	0.21462  	0.01645  	0.14683  	0.63305  	-0.0557  	-0.0369  	0.28083  	0.56019  	0.07906  	0.40981  	-0.4968  	0.40379  	0.81561  	-0.2063  	0.17487  	0.08720  	0.24024  	0.25486  	-0.1558  	0.19199  	0.06956  	-0.0441  	0.52303  	0.03716  	0.13203  	-0.2337  	-0.1818  	0.48104  	-0.1862  	0.05324  	-0.2361  	0.17714  	0.15774  	-0.0330  	0.03163  	-0.1436  	-0.0434  	-0.0506  	-0.0349  	-0.0204  	-0.0345  	-0.0148  	-0.0196  	-0.0176  	0.01474  	-0.0050  	0.00586  	0.00292  	-0.0039  	0.00313  	0.01372  	0.00731  	0.08411  	0.01040  	0.00532  	0.01241  	0.03785  	-0.7581  	
-0.3927  	-0.1501  	-0.8165  	-0.2649  	0.06353  	-0.4319  	0.03728  	-0.1335  	0.03043  	0.07137  	-0.5597  	-0.4824  	0.25440  	0.01188  	0.06569  	0.64569  	-0.0913  	0.01781  	0.27726  	0.63595  	-0.0156  	0.39170  	-0.5458  	0.31522  	0.84193  	-0.2059  	0.08541  	0.26163  	0.36885  	0.26602  	-0.1624  	0.15972  	0.09249  	-0.0388  	0.46406  	0.07041  	0.03287  	-0.2553  	-0.1385  	0.50191  	-0.1569  	0.05480  	-0.2256  	0.19400  	0.16087  	-0.0371  	0.03417  	-0.1283  	-0.0472  	-0.0603  	-0.0294  	-0.0241  	-0.0366  	-0.0170  	-0.0181  	-0.0232  	0.02283  	-0.0029  	0.00638  	-0.0017  	-0.0075  	0.00055  	0.01936  	0.00652  	0.08411  	0.01040  	0.00532  	0.01241  	0.03785  	-0.7581  	
-0.3242  	-0.1397  	-0.8034  	-0.2202  	0.08913  	-0.4130  	0.01158  	-0.1230  	0.02894  	0.08997  	-0.5097  	-0.4451  	0.24647  	0.00599  	0.02910  	0.71933  	-0.1132  	0.03799  	0.27641  	0.66145  	0.02319  	0.36170  	-0.6077  	0.30738  	0.84768  	-0.2210  	0.09718  	0.26422  	0.33209  	0.26936  	-0.1678  	0.19255  	0.09867  	-0.0343  	0.49633  	0.05997  	0.05907  	-0.2360  	-0.1257  	0.50253  	-0.1844  	0.04760  	-0.2246  	0.18840  	0.15511  	-0.0371  	0.03115  	-0.1239  	-0.0430  	-0.0585  	-0.0252  	-0.0222  	-0.0332  	-0.0154  	-0.0137  	-0.0173  	0.02137  	-0.0079  	0.00416  	0.00676  	-0.0074  	0.00246  	0.02530  	0.01150  	0.08411  	0.01040  	0.00532  	0.01241  	0.03785  	-0.7581  	
-0.4430  	-0.1901  	-0.9511  	-0.2212  	0.12424  	-0.5635  	0.00435  	-0.1503  	0.00493  	0.14487  	-0.4313  	-0.4144  	0.23288  	0.00751  	-0.0386  	0.67926  	-0.1371  	0.06060  	0.26271  	0.71132  	-0.0605  	0.40458  	-0.6648  	0.29868  	0.84542  	-0.2254  	0.05516  	0.30949  	0.41243  	0.29396  	-0.1866  	0.18112  	0.09828  	-0.0345  	0.47828  	0.09849  	-0.0034  	-0.2650  	-0.1170  	0.49531  	-0.1894  	0.04513  	-0.2543  	0.17596  	0.15766  	-0.0416  	0.04334  	-0.1219  	-0.0345  	-0.0645  	-0.0291  	-0.0231  	-0.0305  	-0.0176  	-0.0159  	-0.0224  	0.02134  	-0.0074  	-0.0027  	0.00447  	-0.0040  	-0.0061  	0.02512  	0.01268  	0.08411  	0.01040  	0.00532  	0.01241  	0.03785  	-0.7581  	
-0.4516  	-0.1888  	-0.9949  	-0.1061  	0.25873  	-0.5310  	0.02475  	-0.1375  	-0.0020  	0.15133  	-0.445  	-0.3487  	0.26767  	0.03505  	0.00210  	0.70995  	-0.1582  	0.04209  	0.25746  	0.72791  	-0.0676  	0.37168  	-0.7288  	0.32804  	0.90596  	-0.2106  	0.05055  	0.34689  	0.43742  	0.31189  	-0.1853  	0.15579  	0.08684  	-0.0233  	0.53195  	0.12152  	-0.0289  	-0.3039  	-0.0947  	0.50234  	-0.2188  	0.08905  	-0.2754  	0.15968  	0.16486  	-0.0338  	0.02592  	-0.1281  	-0.0320  	-0.0532  	-0.0246  	-0.0222  	-0.0296  	-0.0201  	-0.0160  	-0.0212  	0.02524  	-0.0046  	0.00309  	-0.0042  	-0.0148  	-0.0066  	0.01858  	0.01821  	0.08411  	0.01040  	0.00532  	0.01241  	0.03785  	-0.7581  	
-0.3738  	-0.1326  	-0.9319  	-0.0239  	0.27330  	-0.5108  	0.04572  	-0.1056  	0.02023  	0.10082  	-0.5390  	-0.3727  	0.28348  	0.15978  	0.12209  	0.70294  	-0.1568  	0.03313  	0.25242  	0.72153  	-0.1038  	0.38920  	-0.7559  	0.32920  	0.96916  	-0.2467  	0.09562  	0.38919  	0.48548  	0.35253  	-0.2108  	0.14145  	0.08966  	-0.0121  	0.54455  	0.12138  	-0.0365  	-0.3117  	-0.0948  	0.52533  	-0.2437  	0.08165  	-0.2892  	0.14740  	0.16602  	-0.0349  	0.02835  	-0.1115  	-0.0332  	-0.0538  	-0.0210  	-0.0241  	-0.0320  	-0.0184  	-0.0218  	-0.0134  	0.02746  	-0.0093  	0.00666  	2.38130  	-0.0090  	-0.0146  	0.01315  	0.01335  	0.08411  	0.01040  	0.00532  	0.01241  	0.03785  	-0.7581  	
-0.3644  	-0.1067  	-0.9336  	0.03648  	0.31908  	-0.5316  	0.09329  	-0.0712  	0.03014  	0.06660  	-0.5699  	-0.3799  	0.31076  	0.27271  	0.24973  	0.66117  	-0.1705  	0.02744  	0.22998  	0.73883  	-0.1359  	0.40102  	-0.7831  	0.34967  	0.98866  	-0.2592  	0.09372  	0.43544  	0.53230  	0.35470  	-0.2444  	0.13644  	0.10874  	-0.0041  	0.55124  	0.13495  	-0.0446  	-0.3213  	-0.0926  	0.55166  	-0.2770  	0.08397  	-0.3115  	0.14163  	0.16726  	-0.0333  	0.03651  	-0.1206  	-0.0365  	-0.0634  	-0.0127  	-0.0259  	-0.0327  	-0.0163  	-0.0223  	-0.0116  	0.02816  	-0.0113  	0.00990  	0.00307  	-0.0018  	-0.0054  	0.01911  	0.00885  	0.08411  	0.01040  	0.00532  	0.01241  	0.03785  	-0.7581  	
-0.3292  	-0.0926  	-0.9574  	0.16687  	0.36587  	-0.4449  	0.07089  	-0.0643  	0.04301  	-0.0056  	-0.6877  	-0.4265  	0.36685  	0.36159  	0.36789  	0.62435  	-0.1443  	-0.0156  	0.22733  	0.73225  	-0.1487  	0.39883  	-0.7746  	0.34389  	1.01115  	-0.2389  	0.13034  	0.37705  	0.54002  	0.40929  	-0.2662  	0.14345  	0.09535  	0.01828  	0.57119  	0.11639  	-0.0609  	-0.2925  	-0.0836  	0.55442  	-0.3183  	0.10706  	-0.2915  	0.14835  	0.17720  	-0.0315  	0.03170  	-0.1303  	-0.0424  	-0.0710  	-0.0157  	-0.0271  	-0.0332  	-0.0132  	-0.0227  	-0.0072  	0.02205  	-0.0108  	0.01204  	0.00427  	-0.0047  	0.00240  	0.01344  	0.00293  	0.08411  	0.01040  	0.00532  	0.01241  	0.03785  	-0.7581  	
-0.3012  	-0.0879  	-0.9571  	0.20394  	0.37947  	-0.4542  	0.05238  	-0.0642  	0.04575  	-0.0240  	-0.7269  	-0.4489  	0.35870  	0.36215  	0.40004  	0.62020  	-0.1360  	-0.0181  	0.23585  	0.72291  	-0.1300  	0.39465  	-0.7606  	0.35236  	1.01312  	-0.2381  	0.13271  	0.36504  	0.55009  	0.41473  	-0.2752  	0.15076  	0.08147  	0.02006  	0.57668  	0.10414  	-0.0653  	-0.2844  	-0.0841  	0.56302  	-0.3134  	0.09981  	-0.2925  	0.17064  	0.17979  	-0.0348  	0.02776  	-0.1301  	-0.0395  	-0.0665  	-0.0127  	-0.0247  	-0.0300  	-0.0116  	-0.0217  	-0.0072  	0.01520  	-0.0079  	0.00902  	0.00471  	-0.0066  	0.00482  	0.00890  	0.00690  	0.08411  	0.01040  	0.00532  	0.01241  	0.03785  	-0.7581  	
-0.3082  	-0.0829  	-0.9339  	0.20340  	0.35049  	-0.4294  	0.03389  	-0.0790  	0.05062  	-0.0309  	-0.7542  	-0.4354  	0.33962  	0.34662  	0.39610  	0.61976  	-0.1141  	-0.0037  	0.25151  	0.69776  	-0.0978  	0.39604  	-0.7346  	0.35074  	0.99776  	-0.2397  	0.14022  	0.36568  	0.53916  	0.40144  	-0.2573  	0.15899  	0.07551  	0.00874  	0.56298  	0.08813  	-0.0524  	-0.2921  	-0.0876  	0.54575  	-0.2888  	0.08591  	-0.2817  	0.17337  	0.17730  	-0.0349  	0.02549  	-0.1290  	-0.0328  	-0.0618  	-0.0133  	-0.0246  	-0.0302  	-0.0123  	-0.0221  	-0.0079  	0.01401  	-0.0049  	0.00656  	0.00419  	-0.0080  	0.00561  	0.00891  	0.00635  	0.08411  	0.01040  	0.00532  	0.01241  	0.03785  	-0.7581  	
-0.3195  	-0.0954  	-0.9077  	0.14842  	0.31166  	-0.4168  	0.02123  	-0.0952  	0.04459  	0.00680  	-0.7675  	-0.4184  	0.33531  	0.30549  	0.36234  	0.64612  	-0.1118  	0.00742  	0.25214  	0.66671  	-0.0882  	0.42796  	-0.6965  	0.35787  	0.96363  	-0.2307  	0.13926  	0.34553  	0.50337  	0.37855  	-0.2315  	0.16618  	0.08053  	-0.0007  	0.54082  	0.08151  	-0.0467  	-0.2944  	-0.0924  	0.52104  	-0.2485  	0.07982  	-0.2643  	0.17204  	0.16569  	-0.0354  	0.02921  	-0.1206  	-0.0253  	-0.0648  	-0.0195  	-0.0212  	-0.0290  	-0.0124  	-0.0216  	-0.0098  	0.01443  	-0.0057  	0.00428  	0.00087  	-0.0044  	0.00456  	0.01378  	0.00588  	0.08411  	0.01040  	0.00532  	0.01241  	0.03785  	-0.7581  	
-0.3341  	-0.1040  	-0.8818  	0.06662  	0.26906  	-0.3978  	0.01546  	-0.1118  	0.02050  	0.04334  	-0.7300  	-0.4021  	0.32919  	0.22861  	0.28762  	0.69822  	-0.1173  	0.00389  	0.26051  	0.66202  	-0.0595  	0.45158  	-0.6631  	0.34947  	0.93237  	-0.2249  	0.14098  	0.30932  	0.46098  	0.36429  	-0.2114  	0.16043  	0.07389  	-0.0039  	0.52251  	0.07728  	-0.0308  	-0.2870  	-0.0977  	0.49019  	-0.2234  	0.07565  	-0.2572  	0.16608  	0.16163  	-0.0353  	0.02633  	-0.1156  	-0.0284  	-0.0718  	-0.0279  	-0.0201  	-0.0272  	-0.0170  	-0.0225  	-0.0118  	0.01617  	-0.0049  	0.00563  	-0.0021  	-0.0036  	-0.0013  	0.01853  	0.00543  	0.08411  	0.01040  	0.00532  	0.01241  	0.03785  	-0.7581  	
-0.3919  	-0.1384  	-0.8910  	-0.1312  	0.19250  	-0.4321  	0.02043  	-0.1471  	0.03987  	0.09939  	-0.6659  	-0.3744  	0.28151  	0.05742  	0.13626  	0.70310  	-0.1049  	0.05240  	0.30243  	0.65125  	-0.0766  	0.40058  	-0.6051  	0.33141  	0.86409  	-0.2064  	0.10997  	0.31798  	0.40497  	0.32343  	-0.2021  	0.16885  	0.08160  	-0.0044  	0.46721  	0.08341  	-0.0165  	-0.2710  	-0.1136  	0.50300  	-0.2146  	0.05691  	-0.2503  	0.17940  	0.16299  	-0.0352  	0.03174  	-0.1095  	-0.0356  	-0.0638  	-0.0332  	-0.0251  	-0.0273  	-0.0176  	-0.0192  	-0.0238  	0.01398  	-0.0024  	0.00958  	-0.0007  	-0.0070  	-0.0133  	0.01642  	0.00651  	0.08411  	0.01040  	0.00532  	0.01241  	0.03785  	-0.7581  	
-0.4617  	-0.1828  	-0.9074  	-0.3340  	0.12522  	-0.5512  	0.04094  	-0.1642  	0.00644  	0.14150  	-0.5046  	-0.3968  	0.23597  	-0.0095  	-0.0370  	0.66476  	-0.1216  	0.10665  	0.29599  	0.67740  	-0.0372  	0.35653  	-0.6033  	0.31037  	0.81429  	-0.2157  	0.05356  	0.31219  	0.38180  	0.25715  	-0.1379  	0.16529  	0.08102  	-0.0445  	0.44784  	0.10621  	-0.0083  	-0.2674  	-0.1258  	0.49519  	-0.1824  	0.04044  	-0.2221  	0.18025  	0.16746  	-0.0311  	0.03571  	-0.1257  	-0.0426  	-0.0627  	-0.0280  	-0.0230  	-0.0349  	-0.0245  	-0.0182  	-0.0252  	0.02058  	-0.0034  	0.00180  	-0.0021  	-0.0026  	-0.0050  	0.01787  	0.00378  	0.08411  	0.01040  	0.00532  	0.01241  	0.03785  	-0.7581  	
-0.5429  	-0.1999  	-0.9064  	-0.4990  	0.00974  	-0.6147  	0.01503  	-0.1908  	0.00519  	0.14763  	-0.3767  	-0.4675  	0.21482  	-0.0614  	-0.1639  	0.62980  	-0.1256  	0.07641  	0.29678  	0.68469  	-0.0137  	0.31775  	-0.6001  	0.33624  	0.81975  	-0.2111  	0.06954  	0.26275  	0.32059  	0.25296  	-0.1248  	0.16038  	0.08085  	-0.0309  	0.46932  	0.09826  	0.03753  	-0.2674  	-0.1350  	0.48177  	-0.1728  	0.04454  	-0.2408  	0.16937  	0.15588  	-0.0349  	0.02984  	-0.1396  	-0.0471  	-0.0567  	-0.0295  	-0.0213  	-0.0325  	-0.0248  	-0.0218  	-0.0234  	0.01580  	-0.0016  	0.00058  	0.00093  	-0.0050  	-0.0045  	0.01907  	0.00611  	0.08411  	0.01040  	0.00532  	0.01241  	0.03785  	-0.7581  	
-0.7276  	-0.2795  	-0.9888  	-0.6072  	-0.0392  	-0.7208  	0.01169  	-0.2253  	-0.0232  	0.13246  	-0.2593  	-0.5287  	0.13958  	-0.1910  	-0.2519  	0.62822  	-0.0968  	0.07137  	0.30210  	0.67747  	0.00922  	0.30795  	-0.5736  	0.33498  	0.81316  	-0.2028  	0.08845  	0.21693  	0.31067  	0.23033  	-0.1473  	0.16215  	0.06772  	-0.0412  	0.48582  	0.14027  	0.08092  	-0.2372  	-0.1633  	0.45343  	-0.1606  	0.05346  	-0.2585  	0.16397  	0.16951  	-0.0356  	0.04284  	-0.1577  	-0.0542  	-0.0579  	-0.0359  	-0.0185  	-0.0275  	-0.0170  	-0.0173  	-0.0236  	0.01967  	-0.0011  	0.00067  	0.00359  	-0.0054  	-0.0046  	0.02072  	0.01073  	0.08411  	0.01040  	0.00532  	0.01241  	0.03785  	-0.7581  	
-0.7556  	-0.2832  	-0.9836  	-0.7036  	-0.0969  	-0.7855  	-0.0073  	-0.1910  	-0.0159  	0.15097  	-0.1804  	-0.5074  	0.11793  	-0.1744  	-0.2188  	0.59561  	-0.0953  	0.01557  	0.29114  	0.65636  	0.06160  	0.32875  	-0.5665  	0.38198  	0.80174  	-0.1911  	0.13253  	0.17407  	0.23374  	0.20836  	-0.1395  	0.16721  	0.08450  	-0.0483  	0.48841  	0.09757  	0.11055  	-0.2301  	-0.1887  	0.44816  	-0.1734  	0.05894  	-0.2674  	0.17360  	0.17091  	-0.0342  	0.04520  	-0.1599  	-0.0503  	-0.0540  	-0.0387  	-0.0186  	-0.0319  	-0.0175  	-0.0230  	-0.0257  	0.01487  	-0.0033  	-0.0022  	0.00268  	-0.0025  	-0.0032  	0.02043  	0.01244  	0.08411  	0.01040  	0.00532  	0.01241  	0.03785  	-0.7581  	
-0.2938  	-0.1052  	-0.6865  	-0.3408  	0.02566  	-0.4406  	-0.0104  	-0.0676  	0.04596  	0.05475  	-0.4052  	-0.4148  	0.28296  	0.12507  	0.13631  	0.71113  	-0.0802  	-0.0245  	0.30527  	0.59367  	0.15039  	0.32297  	-0.5051  	0.38779  	0.71166  	-0.2127  	0.14735  	0.09707  	0.20009  	0.24382  	-0.1419  	0.20173  	0.12873  	-0.0526  	0.52685  	0.00545  	0.13909  	-0.2434  	-0.1682  	0.46506  	-0.1805  	0.05136  	-0.2255  	0.18114  	0.17166  	-0.0325  	0.03269  	-0.1308  	-0.0369  	-0.0401  	-0.0390  	-0.0234  	-0.0354  	-0.0150  	-0.0252  	-0.0135  	0.01209  	-0.0098  	0.00874  	0.00543  	0.00052  	0.00663  	0.01913  	0.00246  	0.08411  	0.01040  	0.00532  	0.01241  	0.03785  	-0.7581  	
-0.1365  	-0.0545  	-0.6227  	-0.4509  	-0.0673  	-0.3856  	0.02104  	0.01324  	0.08493  	0.02574  	-0.4700  	-0.4471  	0.24827  	0.07841  	0.11114  	0.80625  	-0.0967  	-0.0086  	0.33273  	0.57357  	0.18054  	0.39467  	-0.4685  	0.32770  	0.77269  	-0.2315  	0.14846  	0.10499  	0.18222  	0.23226  	-0.1488  	0.20290  	0.12137  	-0.0396  	0.52837  	0.00023  	0.19514  	-0.2045  	-0.1880  	0.43457  	-0.1955  	0.03332  	-0.2163  	0.18308  	0.14852  	-0.0343  	0.02073  	-0.1196  	-0.0333  	-0.0602  	-0.0295  	-0.0210  	-0.0294  	-0.0208  	-0.0221  	-0.0079  	0.00912  	-0.0070  	-0.0027  	0.00381  	0.00197  	0.00500  	0.02181  	0.00367  	0.08411  	0.01040  	0.00532  	0.01241  	0.03785  	-0.7581  	
-0.1575  	-0.0713  	-0.6045  	-0.3767  	-0.0448  	-0.3834  	0.09954  	-0.0006  	0.10251  	0.12249  	-0.3765  	-0.4327  	0.20225  	0.09723  	0.04438  	0.76226  	-0.0874  	-0.0347  	0.31499  	0.57786  	0.23953  	0.40554  	-0.4449  	0.33618  	0.81847  	-0.2281  	0.17306  	0.08210  	0.22611  	0.23363  	-0.1990  	0.19203  	0.11777  	-0.0440  	0.51647  	-0.0075  	0.21742  	-0.1833  	-0.1699  	0.46172  	-0.2048  	0.05997  	-0.2177  	0.19887  	0.15578  	-0.0312  	0.02384  	-0.1124  	-0.0293  	-0.0601  	-0.0260  	-0.0206  	-0.0285  	-0.0150  	-0.0218  	-0.0072  	0.00025  	-0.0056  	0.01135  	0.00649  	-0.0015  	0.00311  	0.01638  	0.00855  	0.08411  	0.01040  	0.00532  	0.01241  	0.03785  	-0.7581  	
-0.3147  	-0.1605  	-0.6959  	-0.2862  	0.08545  	-0.4416  	0.04316  	-0.1596  	0.00602  	0.11364  	-0.4288  	-0.4532  	0.17197  	-0.0291  	-0.0093  	0.77067  	-0.0690  	-0.0144  	0.31094  	0.62888  	0.10007  	0.36907  	-0.5021  	0.37083  	0.84284  	-0.2323  	0.20042  	0.05209  	0.18824  	0.26273  	-0.1605  	0.19125  	0.07016  	-0.0411  	0.50449  	0.05347  	0.18507  	-0.2055  	-0.1953  	0.45401  	-0.1783  	0.06147  	-0.2254  	0.20129  	0.15406  	-0.0411  	0.03276  	-0.1222  	-0.0307  	-0.0605  	-0.0386  	-0.0189  	-0.0309  	-0.0098  	-0.0287  	-0.0194  	0.02205  	-0.0094  	-0.0050  	-0.0085  	-0.0041  	-0.0033  	0.02924  	0.00250  	0.08411  	0.01040  	0.00532  	0.01241  	0.03785  	-0.7581  	
-0.4654  	-0.2008  	-0.7779  	-0.4619  	-0.0559  	-0.4672  	0.01472  	-0.1564  	0.02102  	0.08633  	-0.4090  	-0.5158  	0.17925  	-0.1433  	-0.0976  	0.73682  	-0.0766  	0.02600  	0.33655  	0.62933  	0.06450  	0.35411  	-0.4987  	0.35622  	0.87362  	-0.2082  	0.17934  	0.10973  	0.23521  	0.25124  	-0.1516  	0.19557  	0.07173  	-0.0361  	0.49454  	0.08505  	0.14641  	-0.1993  	-0.1731  	0.46675  	-0.1778  	0.04370  	-0.2380  	0.18960  	0.15720  	-0.0392  	0.03398  	-0.1397  	-0.0478  	-0.0535  	-0.0304  	-0.0148  	-0.0311  	-0.0101  	-0.0151  	-0.0239  	0.01723  	-0.0024  	-0.0003  	-0.0029  	-0.0058  	-0.0008  	0.02597  	0.01308  	0.08411  	0.01040  	0.00532  	0.01241  	0.03785  	-0.7581  	
-0.6095  	-0.2044  	-0.8205  	-0.5310  	-0.0908  	-0.5720  	-0.0089  	-0.1611  	-0.0111  	0.08775  	-0.3992  	-0.5521  	0.20298  	-0.2082  	-0.1513  	0.61124  	0.01082  	-0.0836  	0.36359  	0.41451  	0.03616  	0.19002  	-0.6955  	0.30090  	0.81999  	-0.1265  	0.11558  	0.15265  	0.39251  	0.23653  	-0.0622  	0.14072  	-0.0093  	-0.1627  	0.36303  	0.10527  	0.01151  	-0.2331  	-0.2353  	0.39758  	-0.0663  	0.13789  	-0.3171  	0.24333  	0.11997  	-0.0193  	0.01735  	-0.1292  	-0.0646  	-0.0652  	-0.0267  	-0.0167  	-0.0300  	-0.0022  	-0.0107  	-0.0206  	0.01830  	-0.0125  	0.00534  	0.01311  	0.00245  	-0.0039  	0.00744  	0.01276  	0.08411  	0.01040  	0.00532  	0.01241  	0.03785  	-0.7581  	
-0.6408  	-0.2199  	-0.8425  	-0.5875  	-0.1067  	-0.6415  	-0.0482  	-0.1398  	-0.0514  	0.08736  	-0.3384  	-0.5344  	0.19622  	-0.2758  	-0.1120  	0.55250  	0.05970  	-0.1753  	0.40785  	0.27088  	0.08569  	0.05110  	-0.8424  	0.30049  	0.75937  	-0.0663  	0.13977  	0.09132  	0.43177  	0.21558  	0.00398  	0.11186  	-0.0663  	-0.2569  	0.35091  	0.09122  	-0.0230  	-0.2232  	-0.3140  	0.33457  	-0.0207  	0.21330  	-0.3922  	0.29326  	0.09078  	-0.0100  	0.00652  	-0.1184  	-0.0785  	-0.0703  	-0.0261  	-0.0084  	-0.0241  	0.00461  	-0.0096  	-0.0252  	0.01507  	-0.0171  	0.00533  	0.01502  	0.00524  	-0.0101  	-0.0021  	0.01294  	0.08411  	0.01040  	0.00532  	0.01241  	0.03785  	-0.7581  	
-0.5697  	-0.2037  	-0.8070  	-0.4531  	-0.0401  	-0.5744  	-0.0622  	-0.0857  	-0.0392  	0.03524  	-0.3729  	-0.4945  	0.24176  	-0.2491  	0.01858  	0.57139  	0.08608  	-0.2237  	0.39217  	0.23290  	0.10654  	0.04447  	-0.8322  	0.32467  	0.70114  	-0.0331  	0.11991  	0.06571  	0.42419  	0.21337  	0.03419  	0.10098  	-0.0692  	-0.2871  	0.35384  	0.04694  	-0.0335  	-0.2221  	-0.3267  	0.33033  	-0.0318  	0.23847  	-0.4003  	0.30309  	0.07562  	-0.0083  	0.00589  	-0.1122  	-0.0743  	-0.0722  	-0.0226  	-0.0074  	-0.0266  	0.00553  	-0.0066  	-0.0238  	0.00975  	-0.0228  	0.00639  	0.01448  	0.00464  	-0.0086  	-0.0037  	0.01455  	0.08411  	0.01040  	0.00532  	0.01241  	0.03785  	-0.7581  	
-0.4418  	-0.1537  	-0.7649  	-0.4033  	-0.0335  	-0.5336  	-0.0399  	-0.0879  	-0.0174  	0.06671  	-0.3739  	-0.4709  	0.24027  	-0.1749  	0.00848  	0.60158  	0.03140  	-0.1789  	0.39544  	0.25891  	0.12668  	0.06815  	-0.8580  	0.31128  	0.70860  	-0.0705  	0.09736  	0.08958  	0.40099  	0.21924  	0.01077  	0.12231  	-0.0404  	-0.2469  	0.38905  	0.05442  	-0.0110  	-0.2303  	-0.3208  	0.34170  	-0.0593  	0.22723  	-0.3822  	0.28403  	0.08265  	-0.0099  	0.00156  	-0.1145  	-0.0695  	-0.0737  	-0.0246  	-0.0144  	-0.0284  	0.00114  	-0.0119  	-0.0212  	0.01484  	-0.0192  	0.00288  	0.00905  	0.00042  	-0.0033  	0.00339  	0.01467  	0.08411  	0.01040  	0.00532  	0.01241  	0.03785  	-0.7581  	
-0.4143  	-0.1351  	-0.7525  	-0.4191  	0.00901  	-0.5212  	0.01283  	-0.1288  	0.00601  	0.14479  	-0.3617  	-0.4416  	0.22553  	-0.1218  	-0.0902  	0.70715  	-0.0442  	-0.0618  	0.35060  	0.45694  	0.00416  	0.17633  	-0.7597  	0.30201  	0.74229  	-0.1305  	0.06094  	0.18282  	0.39895  	0.21416  	-0.0606  	0.14050  	0.02994  	-0.1439  	0.41956  	0.09729  	-0.0106  	-0.2421  	-0.2241  	0.41978  	-0.0935  	0.14446  	-0.3145  	0.23732  	0.10817  	-0.0258  	0.02033  	-0.1152  	-0.0532  	-0.0691  	-0.0285  	-0.0162  	-0.0307  	-0.0030  	-0.0101  	-0.0255  	0.01282  	-0.0138  	-0.0013  	0.00521  	-0.0027  	-0.0030  	0.01284  	0.01430  	0.08411  	0.01040  	0.00532  	0.01241  	0.03785  	-0.7581  	
-0.3992  	-0.1716  	-0.7679  	-0.4355  	-0.0388  	-0.4865  	0.01576  	-0.1660  	0.00929  	0.17462  	-0.3061  	-0.4878  	0.15765  	-0.1118  	-0.1694  	0.76561  	-0.1193  	0.04739  	0.31045  	0.64579  	0.01740  	0.33641  	-0.5785  	0.31394  	0.80577  	-0.2232  	0.10638  	0.19810  	0.28686  	0.24376  	-0.1548  	0.19541  	0.08288  	-0.0396  	0.51372  	0.13545  	0.10437  	-0.2277  	-0.1762  	0.46996  	-0.1520  	0.05281  	-0.2363  	0.18262  	0.15622  	-0.0348  	0.03729  	-0.1320  	-0.0446  	-0.0603  	-0.0282  	-0.0194  	-0.0269  	-0.0165  	-0.0135  	-0.0223  	0.01906  	-0.0034  	-0.0008  	0.00119  	-0.0042  	-0.0060  	0.02879  	0.01231  	0.08411  	0.01040  	0.00532  	0.01241  	0.03785  	-0.7581  	
-0.3947  	-0.1696  	-0.7676  	-0.4581  	-0.0468  	-0.4763  	0.02403  	-0.1962  	0.00451  	0.18470  	-0.3092  	-0.4890  	0.15295  	-0.1468  	-0.2176  	0.79050  	-0.1212  	0.06179  	0.30786  	0.64363  	-0.0246  	0.34238  	-0.5826  	0.29808  	0.80779  	-0.2215  	0.09668  	0.22832  	0.30697  	0.25163  	-0.1536  	0.19255  	0.08301  	-0.0335  	0.49100  	0.15018  	0.08244  	-0.2248  	-0.1605  	0.47978  	-0.1470  	0.04830  	-0.2305  	0.18349  	0.15530  	-0.0355  	0.03470  	-0.1307  	-0.0405  	-0.0552  	-0.0242  	-0.0194  	-0.0267  	-0.0151  	-0.0132  	-0.0208  	0.01807  	-0.0053  	-0.0020  	0.00286  	-0.0056  	-0.0014  	0.02887  	0.01158  	0.08411  	0.01040  	0.00532  	0.01241  	0.03785  	-0.7581  	
-0.4265  	-0.1862  	-0.7892  	-0.4893  	-0.0466  	-0.5017  	-0.0116  	-0.1824  	-0.0185  	0.13168  	-0.3216  	-0.5007  	0.14526  	-0.1382  	-0.1628  	0.77477  	-0.1015  	-0.0045  	0.32941  	0.61471  	0.05288  	0.36244  	-0.5501  	0.39103  	0.80239  	-0.2218  	0.18468  	0.12984  	0.22791  	0.22392  	-0.1565  	0.21567  	0.06570  	-0.0502  	0.54640  	0.12280  	0.15333  	-0.2200  	-0.2182  	0.46217  	-0.1817  	0.07318  	-0.2474  	0.17752  	0.16282  	-0.0339  	0.03606  	-0.1324  	-0.0376  	-0.0541  	-0.0278  	-0.0190  	-0.0280  	-0.0168  	-0.0181  	-0.0229  	0.01962  	-0.0054  	-0.0003  	-0.0013  	-0.0110  	-0.0038  	0.02157  	0.00941  	0.08411  	0.01040  	0.00532  	0.01241  	0.03785  	-0.7581  	
-0.1790  	-0.1105  	-0.6837  	-0.2605  	0.05711  	-0.4307  	0.02766  	-0.1280  	0.03523  	0.12434  	-0.4920  	-0.4877  	0.26942  	0.04683  	0.11988  	0.71267  	-0.0823  	-0.0540  	0.29560  	0.51519  	0.10716  	0.40715  	-0.5181  	0.42633  	0.80578  	-0.2298  	0.23392  	0.03778  	0.19229  	0.27090  	-0.1472  	0.21941  	0.07391  	-0.0462  	0.57501  	0.05383  	0.17101  	-0.2344  	-0.1968  	0.49644  	-0.1820  	0.06637  	-0.2514  	0.17744  	0.14496  	-0.0355  	0.03088  	-0.1286  	-0.0307  	-0.0512  	-0.0280  	-0.0169  	-0.0304  	-0.0144  	-0.0220  	-0.0172  	0.01184  	-0.0098  	0.00139  	0.00637  	-7.5979  	0.00387  	0.01623  	0.00264  	0.08411  	0.01040  	0.00532  	0.01241  	0.03785  	-0.7581  	
-0.0483  	-0.0680  	-0.5986  	-0.2392  	0.05368  	-0.3511  	0.08308  	-0.0822  	0.03164  	0.20975  	-0.6952  	-0.5620  	0.36832  	0.26464  	0.29532  	0.57441  	-0.0984  	-0.0480  	0.29132  	0.49730  	0.03503  	0.50053  	-0.4818  	0.33577  	0.93872  	-0.2375  	0.23557  	0.01887  	0.31758  	0.31196  	-0.1255  	0.17293  	0.06575  	-0.0397  	0.51313  	0.06660  	0.10344  	-0.2280  	-0.1538  	0.48227  	-0.2019  	0.05766  	-0.2101  	0.20486  	0.14594  	-0.0329  	0.01970  	-0.0979  	-0.0141  	-0.0617  	-0.0189  	-0.0182  	-0.0272  	-0.0225  	-0.0167  	-0.0093  	0.00850  	-0.0070  	-0.0078  	0.00771  	-0.0034  	0.00284  	0.01907  	0.00386  	0.08411  	0.01040  	0.00532  	0.01241  	0.03785  	-0.7581  	
-0.3807  	-0.1303  	-0.7878  	-0.3594  	-0.0095  	-0.5007  	0.01646  	-0.1287  	-0.0135  	0.11753  	-0.5610  	-0.5975  	0.23956  	0.07047  	0.18003  	0.59808  	-0.0510  	-0.0730  	0.27994  	0.50373  	0.13294  	0.43350  	-0.4773  	0.42629  	0.89030  	-0.2222  	0.33871  	-0.0416  	0.22628  	0.28776  	-0.1372  	0.21124  	0.04157  	-0.0436  	0.55316  	0.03493  	0.17961  	-0.2326  	-0.1933  	0.47352  	-0.2265  	0.06975  	-0.2465  	0.17872  	0.15117  	-0.0407  	0.02369  	-0.1202  	-0.0385  	-0.0567  	-0.0347  	-0.0168  	-0.0376  	-0.0204  	-0.0185  	-0.0188  	0.01098  	-0.0048  	-0.0073  	-0.0011  	-0.0015  	0.00049  	0.01831  	0.00932  	0.08411  	0.01040  	0.00532  	0.01241  	0.03785  	-0.7581  	
-0.4942  	-0.1909  	-0.7816  	-0.4841  	-0.0505  	-0.4983  	-0.0009  	-0.1815  	-0.0081  	0.04472  	-0.3924  	-0.5000  	0.15511  	-0.1615  	-0.0773  	0.70567  	-0.0743  	0.00834  	0.33359  	0.57143  	0.07079  	0.36832  	-0.4880  	0.36486  	0.80326  	-0.2209  	0.20262  	0.09788  	0.25200  	0.24093  	-0.1607  	0.21177  	0.06977  	-0.0493  	0.49755  	0.08732  	0.17219  	-0.1945  	-0.1981  	0.45455  	-0.1650  	0.05816  	-0.2433  	0.18484  	0.15375  	-0.0390  	0.03422  	-0.1357  	-0.0443  	-0.0600  	-0.0369  	-0.0182  	-0.0298  	-0.0143  	-0.0192  	-0.0212  	0.01549  	-0.0030  	0.00623  	-0.0043  	-0.0038  	-0.0027  	0.02161  	0.01059  	0.08411  	0.01040  	0.00532  	0.01241  	0.03785  	-0.7581  	
-0.4050  	-0.1911  	-0.8062  	-0.4403  	-0.0397  	-0.4949  	0.01863  	-0.1877  	0.01497  	0.11205  	-0.4183  	-0.5017  	0.15675  	-0.1648  	-0.0881  	0.73170  	-0.0990  	0.04983  	0.30761  	0.60135  	0.00423  	0.35148  	-0.5275  	0.32385  	0.81069  	-0.2108  	0.13579  	0.20474  	0.29617  	0.25505  	-0.1515  	0.20676  	0.07131  	-0.0359  	0.47478  	0.11793  	0.10369  	-0.2207  	-0.1740  	0.47668  	-0.1494  	0.04766  	-0.2300  	0.19820  	0.15485  	-0.0448  	0.03296  	-0.1431  	-0.0423  	-0.0602  	-0.0299  	-0.0187  	-0.0298  	-0.0131  	-0.0154  	-0.0200  	0.01551  	-0.0054  	0.00193  	0.00282  	-0.0071  	0.00105  	0.02415  	0.01288  	0.08411  	0.01040  	0.00532  	0.01241  	0.03785  	-0.7581  	
-0.3893  	-0.1739  	-0.7772  	-0.4216  	-0.0083  	-0.5081  	0.03139  	-0.1929  	0.00129  	0.18335  	-0.3570  	-0.4931  	0.14862  	-0.1560  	-0.1906  	0.77612  	-0.1200  	0.05087  	0.29765  	0.63849  	-0.0376  	0.35056  	-0.5880  	0.29594  	0.83662  	-0.2264  	0.12716  	0.23771  	0.32421  	0.26052  	-0.1656  	0.20333  	0.06411  	-0.0352  	0.48518  	0.15246  	0.07566  	-0.2364  	-0.1599  	0.47574  	-0.1495  	0.05057  	-0.2267  	0.18790  	0.15812  	-0.0362  	0.03035  	-0.1311  	-0.0397  	-0.0600  	-0.0256  	-0.0209  	-0.0276  	-0.0199  	-0.0140  	-0.0190  	0.02014  	-0.0028  	0.00050  	0.00227  	-0.0053  	-0.0025  	0.02675  	0.01388  	0.08411  	0.01040  	0.00532  	0.01241  	0.03785  	-0.7581  	
-0.3671  	-0.1619  	-0.7728  	-0.4168  	-0.0149  	-0.4822  	0.01709  	-0.1914  	-0.0063  	0.18298  	-0.3445  	-0.4811  	0.13702  	-0.1689  	-0.2179  	0.80116  	-0.1139  	0.04928  	0.29994  	0.63959  	-0.0194  	0.33636  	-0.5969  	0.31314  	0.82545  	-0.2296  	0.13787  	0.21011  	0.29503  	0.25382  	-0.1744  	0.21103  	0.06992  	-0.0363  	0.50533  	0.15084  	0.08670  	-0.2283  	-0.1682  	0.47828  	-0.1573  	0.05328  	-0.2285  	0.18607  	0.16145  	-0.0368  	0.02847  	-0.1303  	-0.0392  	-0.0574  	-0.0242  	-0.0223  	-0.0258  	-0.0173  	-0.0144  	-0.0171  	0.02125  	-0.0032  	-0.0008  	0.00473  	-0.0055  	-0.0035  	0.02485  	0.01359  	0.08411  	0.01040  	0.00532  	0.01241  	0.03785  	-0.7581  	
-0.1958  	-0.0882  	-0.6303  	-0.3034  	0.04854  	-0.3740  	0.02057  	-0.0675  	0.03213  	0.09811  	-0.4001  	-0.5000  	0.19893  	0.02947  	0.04293  	0.76863  	-0.0968  	-0.0938  	0.31337  	0.53509  	0.20618  	0.39447  	-0.4887  	0.45537  	0.80574  	-0.2366  	0.29745  	-0.0311  	0.10838  	0.24270  	-0.1734  	0.24484  	0.06416  	-0.0572  	0.61410  	0.03647  	0.24050  	-0.1961  	-0.2340  	0.46028  	-0.2073  	0.07637  	-0.2460  	0.19502  	0.15083  	-0.0330  	0.02913  	-0.1204  	-0.0265  	-0.0538  	-0.0318  	-0.0147  	-0.0261  	-0.0126  	-0.0204  	-0.0108  	0.01086  	-0.0088  	0.00587  	0.00948  	0.00065  	0.00406  	0.02200  	0.00693  	0.08411  	0.01040  	0.00532  	0.01241  	0.03785  	-0.7581  	
-0.1638  	-0.0515  	-0.6256  	-0.3712  	-0.0118  	-0.3393  	0.01552  	-0.0376  	0.04738  	0.09491  	-0.3483  	-0.4322  	0.19172  	0.05425  	-0.0120  	0.81502  	-0.0965  	-0.0599  	0.32939  	0.55935  	0.20783  	0.38734  	-0.5126  	0.38669  	0.83372  	-0.2266  	0.24294  	-0.0163  	0.10920  	0.22853  	-0.1541  	0.20039  	0.08088  	-0.0423  	0.57780  	0.03665  	0.22443  	-0.1956  	-0.1847  	0.42613  	-0.2049  	0.05427  	-0.2179  	0.18999  	0.16081  	-0.0349  	0.02393  	-0.1130  	-0.0279  	-0.0532  	-0.0287  	-0.0193  	-0.0259  	-0.0152  	-0.0220  	-0.0042  	0.01387  	-0.0045  	-0.0058  	0.00507  	-0.0034  	0.00252  	0.03221  	0.01158  	0.08411  	0.01040  	0.00532  	0.01241  	0.03785  	-0.7581  	
-0.1421  	-0.0534  	-0.5548  	-0.4268  	-0.0725  	-0.3511  	0.05001  	0.00370  	0.08043  	0.08555  	-0.2991  	-0.4110  	0.20109  	0.02845  	-0.0982  	0.85585  	-0.0851  	-0.0243  	0.34724  	0.53874  	0.20751  	0.40492  	-0.4773  	0.33070  	0.83422  	-0.2379  	0.18068  	0.02709  	0.15127  	0.22857  	-0.1502  	0.19767  	0.10801  	-0.0491  	0.51558  	0.01534  	0.23680  	-0.1928  	-0.1641  	0.42054  	-0.1741  	0.04186  	-0.1997  	0.20357  	0.15527  	-0.0376  	0.01962  	-0.1059  	-0.0179  	-0.0605  	-0.0355  	-0.0176  	-0.0283  	-0.0135  	-0.0232  	-0.0024  	0.00972  	-0.0080  	-0.0061  	0.00170  	-0.0021  	0.00419  	0.02825  	0.00691  	0.08411  	0.01040  	0.00532  	0.01241  	0.03785  	-0.7581  	
-0.2373  	-0.0514  	-0.5684  	-0.4940  	-0.0886  	-0.4655  	0.07035  	-0.0348  	0.10107  	0.17928  	-0.3077  	-0.3950  	0.20964  	0.13788  	-0.0718  	0.85465  	-0.0763  	-0.0348  	0.32193  	0.62821  	0.23179  	0.38162  	-0.5946  	0.34992  	0.90211  	-0.2589  	0.21500  	0.01607  	0.20266  	0.23340  	-0.1876  	0.22127  	0.11153  	-0.0428  	0.53608  	0.04609  	0.21945  	-0.1980  	-0.1430  	0.49635  	-0.1867  	0.05685  	-0.2349  	0.19962  	0.15365  	-0.0360  	0.02180  	-0.1059  	-0.0241  	-0.0667  	-0.0259  	-0.0170  	-0.0345  	-0.0154  	-0.0183  	-0.0091  	0.00870  	-0.0091  	0.00377  	0.00591  	-0.0010  	0.00119  	0.02216  	0.01073  	0.08411  	0.01040  	0.00532  	0.01241  	0.03785  	-0.7581  	
-0.4339  	-0.1698  	-0.7801  	-0.2403  	0.07584  	-0.5152  	0.08994  	-0.1481  	-0.0077  	0.14151  	-0.2996  	-0.3483  	0.21318  	0.10700  	-0.0209  	0.81009  	-0.1050  	0.01425  	0.31638  	0.71244  	0.05167  	0.38172  	-0.5870  	0.37181  	0.81343  	-0.2407  	0.12096  	0.11453  	0.23194  	0.26578  	-0.1500  	0.16121  	0.13644  	-0.0356  	0.52707  	0.08444  	0.15610  	-0.2358  	-0.1841  	0.45434  	-0.1963  	0.07185  	-0.2572  	0.18300  	0.15385  	-0.0328  	0.02568  	-0.1337  	-0.0436  	-0.0663  	-0.0321  	-0.0237  	-0.0357  	-0.0179  	-0.0279  	-0.0061  	0.02081  	-0.0146  	0.00111  	0.00523  	-0.0048  	0.00879  	0.01984  	0.00737  	0.08411  	0.01040  	0.00532  	0.01241  	0.03785  	-0.7581  	
-0.7988  	-0.3129  	-1.0022  	-0.4912  	0.01841  	-0.7664  	-0.0161  	-0.2222  	-0.0307  	0.18262  	-0.2315  	-0.4385  	0.14607  	-0.1535  	-0.1184  	0.61460  	-0.0894  	0.05342  	0.28564  	0.73133  	0.07496  	0.29051  	-0.5918  	0.34385  	0.76553  	-0.1979  	0.05531  	0.17265  	0.19693  	0.20390  	-0.1257  	0.14176  	0.10886  	-0.0322  	0.54344  	0.07819  	0.10922  	-0.2549  	-0.1860  	0.44051  	-0.2094  	0.06198  	-0.2773  	0.15667  	0.18018  	-0.0313  	0.03746  	-0.1485  	-0.0665  	-0.0363  	-0.0280  	-0.0202  	-0.0388  	-0.0096  	-0.0244  	-0.0234  	0.02035  	-0.0088  	-0.0094  	0.00115  	-0.0094  	-0.0041  	0.02796  	0.01483  	0.08411  	0.01040  	0.00532  	0.01241  	0.03785  	-0.7581  	
-0.8310  	-0.3029  	-1.0369  	-0.5972  	-0.0303  	-0.7936  	-0.0045  	-0.2197  	-0.0098  	0.21861  	-0.1764  	-0.4744  	0.14591  	-0.1901  	-0.2109  	0.62807  	-0.1006  	0.03912  	0.26847  	0.70553  	0.04057  	0.33096  	-0.5243  	0.31458  	0.74818  	-0.1814  	0.05695  	0.19827  	0.22778  	0.21473  	-0.1180  	0.13796  	0.10559  	-0.0411  	0.48942  	0.07034  	0.08829  	-0.2339  	-0.1678  	0.42199  	-0.1925  	0.06639  	-0.2646  	0.14698  	0.16645  	-0.0368  	0.03546  	-0.1514  	-0.0545  	-0.0528  	-0.0370  	-0.0162  	-0.0389  	-0.0172  	-0.0239  	-0.0262  	0.01595  	-0.0003  	-0.0050  	-0.0045  	-0.0004  	-0.0023  	0.03087  	0.01354  	0.08411  	0.01040  	0.00532  	0.01241  	0.03785  	-0.7581  	
-0.8061  	-0.2979  	-1.0296  	-0.6364  	-0.0509  	-0.8028  	-0.0022  	-0.2143  	-0.0066  	0.20195  	-0.1874  	-0.4927  	0.14808  	-0.2072  	-0.2407  	0.62480  	-0.0821  	0.04791  	0.28347  	0.69738  	0.04823  	0.33288  	-0.5173  	0.28965  	0.74175  	-0.1772  	0.05721  	0.20459  	0.22738  	0.21295  	-0.1271  	0.13744  	0.10607  	-0.0424  	0.48128  	0.07817  	0.09144  	-0.2373  	-0.1599  	0.42145  	-0.1781  	0.06440  	-0.2562  	0.15583  	0.16425  	-0.0332  	0.03263  	-0.1535  	-0.0543  	-0.0535  	-0.0335  	-0.0190  	-0.0367  	-0.0185  	-0.0251  	-0.0220  	0.01526  	0.00014  	-0.0056  	-0.0020  	-0.0015  	-0.0029  	0.02700  	0.01580  	0.08411  	0.01040  	0.00532  	0.01241  	0.03785  	-0.7581  	
-0.7936  	-0.2939  	-0.9994  	-0.6809  	-0.0945  	-0.7902  	-0.0213  	-0.2026  	-0.0092  	0.19871  	-0.1897  	-0.5161  	0.13702  	-0.2118  	-0.2658  	0.61803  	-0.0643  	0.04222  	0.30304  	0.68025  	0.06843  	0.32104  	-0.4993  	0.29432  	0.75097  	-0.1815  	0.07122  	0.18607  	0.22362  	0.21225  	-0.1281  	0.14950  	0.09222  	-0.0464  	0.47675  	0.07563  	0.10455  	-0.2347  	-0.1559  	0.41479  	-0.1647  	0.05491  	-0.2520  	0.16354  	0.16453  	-0.0303  	0.03294  	-0.1562  	-0.0542  	-0.0530  	-0.0328  	-0.0220  	-0.0337  	-0.0198  	-0.0253  	-0.0212  	0.01463  	0.00250  	-0.0048  	0.00085  	-0.0020  	-0.0019  	0.02653  	0.01685  	0.08411  	0.01040  	0.00532  	0.01241  	0.03785  	-0.7581  	
-0.7739  	-0.2823  	-0.9663  	-0.7250  	-0.1291  	-0.7662  	-0.0296  	-0.1908  	-0.0113  	0.19598  	-0.2003  	-0.5472  	0.11605  	-0.2142  	-0.2915  	0.61743  	-0.0542  	0.03307  	0.31556  	0.66931  	0.06928  	0.31002  	-0.4883  	0.30385  	0.78189  	-0.1883  	0.07352  	0.18521  	0.25293  	0.20976  	-0.1367  	0.15951  	0.07858  	-0.0529  	0.46148  	0.08395  	0.10915  	-0.2356  	-0.1517  	0.42122  	-0.1677  	0.04835  	-0.2506  	0.17679  	0.16929  	-0.0292  	0.03412  	-0.1573  	-0.0511  	-0.0530  	-0.0307  	-0.0246  	-0.0329  	-0.0202  	-0.0222  	-0.0211  	0.01567  	0.00514  	-0.0026  	0.00315  	-0.0035  	-0.0011  	0.02549  	0.01550  	0.08411  	0.01040  	0.00532  	0.01241  	0.03785  	-0.7581  	
-0.6251  	-0.2175  	-0.8789  	-0.6302  	-0.0984  	-0.6402  	-0.0059  	-0.1209  	0.02381  	0.15751  	-0.2943  	-0.4752  	0.18290  	-0.0977  	-0.1562  	0.63488  	-0.0556  	0.00328  	0.29715  	0.63760  	0.08567  	0.31299  	-0.5369  	0.34376  	0.79029  	-0.1888  	0.15577  	0.13172  	0.20164  	0.21245  	-0.1275  	0.16001  	0.09608  	-0.0470  	0.46311  	0.05403  	0.10963  	-0.2320  	-0.1453  	0.44641  	-0.1714  	0.06019  	-0.2425  	0.17033  	0.15820  	-0.0319  	0.03666  	-0.1457  	-0.0563  	-0.0491  	-0.0347  	-0.0211  	-0.0338  	-0.0168  	-0.0288  	-0.0211  	0.00816  	-0.0056  	-0.0041  	0.00219  	-0.0013  	0.00844  	0.01635  	0.01336  	0.08411  	0.01040  	0.00532  	0.01241  	0.03785  	-0.7581  	
-0.3229  	-0.1155  	-0.7360  	-0.4296  	-0.0544  	-0.4305  	-0.0043  	-0.0944  	0.05675  	0.09711  	-0.4610  	-0.4731  	0.27828  	0.02982  	0.09521  	0.67792  	-0.0780  	-0.0076  	0.30116  	0.55712  	0.10744  	0.37399  	-0.4648  	0.33389  	0.78170  	-0.1958  	0.13488  	0.08062  	0.21413  	0.23584  	-0.1206  	0.17659  	0.10936  	-0.0501  	0.49065  	0.00172  	0.16569  	-0.2384  	-0.1589  	0.48711  	-0.1562  	0.04741  	-0.2180  	0.18244  	0.15890  	-0.0360  	0.02856  	-0.1303  	-0.0397  	-0.0475  	-0.0327  	-0.0198  	-0.0378  	-0.0156  	-0.0166  	-0.0102  	0.00639  	-0.0086  	-0.0027  	0.00598  	0.00015  	0.00965  	0.02187  	0.01370  	0.08411  	0.01040  	0.00532  	0.01241  	0.03785  	-0.7581  	
-0.2422  	-0.0999  	-0.6743  	-0.3088  	-0.0171  	-0.4106  	0.03220  	-0.0590  	0.07203  	0.05632  	-0.5051  	-0.4822  	0.24528  	0.01924  	0.11724  	0.72726  	-0.0827  	-0.0416  	0.31612  	0.54317  	0.14237  	0.42519  	-0.4755  	0.39470  	0.78153  	-0.2288  	0.14562  	0.03934  	0.18317  	0.24120  	-0.1408  	0.21510  	0.08578  	-0.0331  	0.53162  	-0.0039  	0.17265  	-0.2109  	-0.1762  	0.44954  	-0.1720  	0.04459  	-0.2082  	0.19237  	0.14929  	-0.0320  	0.02573  	-0.1267  	-0.0325  	-0.0619  	-0.0396  	-0.0208  	-0.0334  	-0.0184  	-0.0134  	-0.0141  	0.01035  	-0.0069  	-0.0082  	-0.0015  	0.00131  	0.00488  	0.02601  	0.01287  	0.08411  	0.01040  	0.00532  	0.01241  	0.03785  	-0.7581  	
-0.2412  	-0.1248  	-0.6583  	-0.3317  	0.02765  	-0.4220  	-0.0025  	-0.1028  	0.03896  	0.11445  	-0.3415  	-0.4760  	0.20261  	-0.0495  	-0.0325  	0.77386  	-0.0950  	-0.0177  	0.30784  	0.60199  	0.14254  	0.39459  	-0.5366  	0.38519  	0.82097  	-0.2395  	0.16247  	0.10302  	0.19338  	0.24888  	-0.1783  	0.20025  	0.06923  	-0.0446  	0.57920  	0.06448  	0.18295  	-0.2143  	-0.1948  	0.46391  	-0.1866  	0.05518  	-0.2375  	0.18208  	0.15470  	-0.0312  	0.03108  	-0.1312  	-0.0357  	-0.0628  	-0.0227  	-0.0201  	-0.0275  	-0.0193  	-0.0166  	-0.0112  	0.01565  	-0.0053  	-0.0103  	0.01237  	-0.0079  	-0.0092  	0.01815  	0.01366  	0.08411  	0.01040  	0.00532  	0.01241  	0.03785  	-0.7581  	
-0.3270  	-0.1612  	-0.7549  	-0.3552  	0.03911  	-0.4658  	0.01581  	-0.1662  	-0.0007  	0.18118  	-0.3733  	-0.4683  	0.13653  	-0.1547  	-0.1657  	0.81760  	-0.1117  	0.05427  	0.30778  	0.63615  	-0.0107  	0.35801  	-0.5879  	0.33941  	0.85577  	-0.2348  	0.15106  	0.20244  	0.30447  	0.25956  	-0.1798  	0.21762  	0.06442  	-0.0440  	0.50235  	0.14720  	0.08890  	-0.2211  	-0.1537  	0.48587  	-0.1606  	0.05903  	-0.2315  	0.19994  	0.15566  	-0.0369  	0.03079  	-0.1218  	-0.0351  	-0.0560  	-0.0242  	-0.0193  	-0.0254  	-0.0148  	-0.0121  	-0.0224  	0.02039  	-0.0064  	-0.0001  	0.00567  	-0.0051  	-0.0044  	0.02854  	0.01323  	0.08411  	0.01040  	0.00532  	0.01241  	0.03785  	-0.7581  	
-0.3864  	-0.1799  	-0.7888  	-0.3647  	0.05145  	-0.4768  	0.02199  	-0.2083  	-0.0168  	0.20345  	-0.3829  	-0.4889  	0.14257  	-0.1762  	-0.2189  	0.80915  	-0.1193  	0.03431  	0.30196  	0.62374  	-0.0465  	0.36948  	-0.6031  	0.32110  	0.89319  	-0.2347  	0.15968  	0.24605  	0.33189  	0.28517  	-0.1766  	0.21363  	0.04381  	-0.0386  	0.48997  	0.18364  	0.06798  	-0.2319  	-0.1448  	0.47824  	-0.1700  	0.06127  	-0.2334  	0.19749  	0.15994  	-0.0372  	0.02601  	-0.1236  	-0.0340  	-0.0612  	-0.0170  	-0.0207  	-0.0229  	-0.0171  	-0.0126  	-0.0195  	0.02358  	-0.0057  	0.00345  	0.00274  	-0.0066  	-0.0048  	0.02799  	0.01312  	0.08411  	0.01040  	0.00532  	0.01241  	0.03785  	-0.7581  	
-0.3979  	-0.1899  	-0.7940  	-0.4090  	0.02469  	-0.4802  	0.02058  	-0.2179  	-0.0248  	0.17300  	-0.3939  	-0.5148  	0.13442  	-0.2008  	-0.2105  	0.79561  	-0.1121  	0.01927  	0.30401  	0.61729  	-0.0265  	0.35469  	-0.5807  	0.32631  	0.88025  	-0.2358  	0.17401  	0.21528  	0.29985  	0.27160  	-0.1723  	0.22230  	0.04280  	-0.0423  	0.49175  	0.17554  	0.09632  	-0.2275  	-0.1522  	0.47991  	-0.1683  	0.06489  	-0.2327  	0.19621  	0.16467  	-0.0366  	0.02763  	-0.1323  	-0.0379  	-0.0572  	-0.0211  	-0.0198  	-0.0229  	-0.0154  	-0.0135  	-0.0198  	0.02336  	-0.0049  	0.00251  	0.00327  	-0.0083  	-0.0039  	0.02596  	0.01172  	0.08411  	0.01040  	0.00532  	0.01241  	0.03785  	-0.7581  	
-0.3973  	-0.1740  	-0.8182  	-0.3461  	0.04046  	-0.4680  	0.01156  	-0.2117  	-0.0251  	0.14614  	-0.4282  	-0.5209  	0.13483  	-0.1763  	-0.1545  	0.75152  	-0.1048  	0.01701  	0.31002  	0.61211  	-0.0082  	0.36532  	-0.5609  	0.34058  	0.88233  	-0.2289  	0.17871  	0.20466  	0.31149  	0.27477  	-0.1798  	0.21749  	0.03960  	-0.0403  	0.49607  	0.17071  	0.08541  	-0.2307  	-0.1564  	0.47416  	-0.1644  	0.06343  	-0.2287  	0.18986  	0.15535  	-0.0356  	0.02833  	-0.1345  	-0.0384  	-0.0678  	-0.0213  	-0.0204  	-0.0253  	-0.0158  	-0.0135  	-0.0209  	0.02478  	-0.0004  	0.00471  	0.00123  	-0.0085  	-0.0019  	0.02859  	0.01029  	0.08411  	0.01040  	0.00532  	0.01241  	0.03785  	-0.7581  	
-0.3067  	-0.1681  	-0.7546  	-0.2221  	0.07604  	-0.4258  	-0.0072  	-0.1649  	-0.0264  	0.14481  	-0.4069  	-0.4544  	0.15352  	-0.1480  	-0.1372  	0.82421  	-0.1252  	-0.0044  	0.33560  	0.63143  	0.00752  	0.39527  	-0.6011  	0.36867  	0.93002  	-0.2458  	0.23147  	0.16934  	0.26844  	0.28020  	-0.1975  	0.21483  	0.04689  	-0.0537  	0.53550  	0.14714  	0.11587  	-0.2223  	-0.1545  	0.45524  	-0.2021  	0.06849  	-0.2256  	0.17147  	0.16305  	-0.0355  	0.02185  	-0.1150  	-0.0354  	-0.0683  	-0.0192  	-0.0220  	-0.0273  	-0.0224  	-0.0137  	-0.0156  	0.02490  	-0.0021  	-0.0005  	0.00535  	-0.0074  	-0.0026  	0.02770  	0.01272  	0.08411  	0.01040  	0.00532  	0.01241  	0.03785  	-0.7581  	
-0.1363  	-0.1252  	-0.7237  	-0.1865  	0.11886  	-0.4045  	0.03098  	-0.0910  	0.01572  	0.14492  	-0.3782  	-0.3636  	0.18371  	-0.0703  	-0.0684  	0.85709  	-0.1417  	-0.0081  	0.32570  	0.66648  	0.04998  	0.43386  	-0.6152  	0.35695  	0.96898  	-0.2638  	0.22083  	0.19289  	0.25744  	0.28505  	-0.1935  	0.20420  	0.05667  	-0.0466  	0.53800  	0.12138  	0.11972  	-0.2324  	-0.1506  	0.46872  	-0.2015  	0.07160  	-0.2302  	0.18505  	0.15581  	-0.0402  	0.01734  	-0.1123  	-0.0228  	-0.0658  	-0.0124  	-0.0235  	-0.0262  	-0.0161  	-0.0223  	-0.0073  	0.02349  	-0.0050  	0.00408  	0.00255  	-0.0135  	0.00141  	0.02929  	0.00384  	0.08411  	0.01040  	0.00532  	0.01241  	0.03785  	-0.7581  	
-0.2543  	-0.1245  	-0.7863  	-0.0482  	0.17192  	-0.3596  	0.02176  	-0.1372  	0.02555  	0.12235  	-0.5447  	-0.3806  	0.24833  	0.07392  	0.07402  	0.74066  	-0.1170  	-0.0100  	0.32250  	0.60416  	0.01441  	0.42525  	-0.6026  	0.34484  	0.94692  	-0.2398  	0.17919  	0.18197  	0.34894  	0.33045  	-0.2023  	0.18386  	0.05297  	-0.0360  	0.50523  	0.08207  	0.05246  	-0.2507  	-0.1134  	0.47474  	-0.2123  	0.06037  	-0.2298  	0.18366  	0.16903  	-0.0400  	0.02340  	-0.1186  	-0.0236  	-0.0668  	-0.0230  	-0.0221  	-0.0256  	-0.0158  	-0.0168  	-0.0157  	0.01596  	-0.0039  	0.00550  	0.00345  	-0.0101  	-0.0135  	0.01877  	0.01126  	0.08411  	0.01040  	0.00532  	0.01241  	0.03785  	-0.7581  	
-0.4132  	-0.1354  	-0.8890  	-0.2440  	0.15277  	-0.4880  	0.03114  	-0.1660  	-0.0056  	0.10028  	-0.5236  	-0.3775  	0.21297  	0.02210  	0.03019  	0.64337  	-0.0949  	0.05200  	0.31238  	0.60505  	-0.0198  	0.36685  	-0.5817  	0.33123  	0.87843  	-0.2203  	0.15019  	0.26549  	0.38395  	0.29391  	-0.1822  	0.17782  	0.09167  	-0.0377  	0.47258  	0.09289  	0.03762  	-0.2594  	-0.1257  	0.47892  	-0.2094  	0.05425  	-0.2397  	0.18154  	0.17353  	-0.0273  	0.03282  	-0.1296  	-0.0368  	-0.0642  	-0.0322  	-0.0251  	-0.0311  	-0.0244  	-0.0199  	-0.0194  	0.01781  	-0.0062  	0.00185  	4.73092  	-0.0037  	-0.0084  	0.01601  	0.00826  	0.08411  	0.01040  	0.00532  	0.01241  	0.03785  	-0.7581  	
-0.5473  	-0.1835  	-0.8806  	-0.4784  	-0.0139  	-0.5366  	0.00266  	-0.1972  	-0.0173  	0.09767  	-0.4036  	-0.5033  	0.15044  	-0.1545  	-0.1198  	0.64972  	-0.0901  	0.07075  	0.29918  	0.63016  	0.02378  	0.36508  	-0.5223  	0.33526  	0.82863  	-0.2048  	0.13091  	0.22600  	0.34968  	0.25090  	-0.1517  	0.17273  	0.07359  	-0.0400  	0.43657  	0.10753  	0.06932  	-0.2346  	-0.1453  	0.48457  	-0.1567  	0.04985  	-0.2330  	0.18592  	0.16856  	-0.0341  	0.03472  	-0.1476  	-0.0473  	-0.0637  	-0.0273  	-0.0179  	-0.0285  	-0.0169  	-0.0133  	-0.0203  	0.02007  	-0.0050  	0.00640  	0.00769  	-0.0063  	-0.0058  	0.01978  	0.01635  	0.08411  	0.01040  	0.00532  	0.01241  	0.03785  	-0.7581  	
-0.5043  	-0.1853  	-0.8324  	-0.4123  	-0.0238  	-0.5174  	0.01056  	-0.1694  	0.00298  	0.07570  	-0.4585  	-0.4910  	0.18481  	-0.0951  	-0.0282  	0.62967  	-0.0876  	0.02132  	0.28570  	0.58692  	-0.0071  	0.40273  	-0.4898  	0.31906  	0.79579  	-0.1911  	0.11353  	0.19653  	0.34224  	0.25069  	-0.1461  	0.16673  	0.08201  	-0.0342  	0.44100  	0.08075  	0.07157  	-0.2399  	-0.1561  	0.47617  	-0.1363  	0.05578  	-0.2305  	0.18675  	0.15978  	-0.0381  	0.03600  	-0.1368  	-0.0476  	-0.0557  	-0.0394  	-0.0187  	-0.0293  	-0.0197  	-0.0191  	-0.0231  	0.01620  	-0.0013  	0.00256  	-0.0015  	-0.0015  	0.00204  	0.02149  	0.01423  	0.08411  	0.01040  	0.00532  	0.01241  	0.03785  	-0.7581  	
-0.4741  	-0.1632  	-0.8321  	-0.4291  	-0.0344  	-0.5161  	0.00122  	-0.1818  	0.01012  	0.11551  	-0.4163  	-0.4892  	0.19268  	-0.1057  	-0.0974  	0.68625  	-0.0935  	0.04676  	0.31476  	0.62086  	-0.0126  	0.37028  	-0.5399  	0.29800  	0.81840  	-0.2115  	0.08580  	0.22804  	0.33609  	0.24871  	-0.1447  	0.17908  	0.08942  	-0.0363  	0.45078  	0.09729  	0.06770  	-0.2316  	-0.1503  	0.47045  	-0.1439  	0.04374  	-0.2309  	0.18583  	0.15927  	-0.0356  	0.03574  	-0.1371  	-0.0475  	-0.0570  	-0.0353  	-0.0203  	-0.0301  	-0.0182  	-0.0165  	-0.0237  	0.01391  	-0.0035  	0.00128  	0.00019  	-0.0036  	0.00106  	0.02323  	0.01239  	0.08411  	0.01040  	0.00532  	0.01241  	0.03785  	-0.7581  	
-0.3282  	-0.1168  	-0.7315  	-0.3195  	0.00759  	-0.4420  	0.01529  	-0.0960  	0.05065  	0.10364  	-0.4601  	-0.4713  	0.23553  	0.00376  	-0.0020  	0.73942  	-0.1057  	0.01867  	0.31191  	0.60687  	0.07234  	0.37218  	-0.5489  	0.32287  	0.83384  	-0.2317  	0.13228  	0.17311  	0.28483  	0.25909  	-0.1709  	0.18611  	0.09091  	-0.0354  	0.51149  	0.07632  	0.11839  	-0.2193  	-0.1560  	0.46613  	-0.1689  	0.05571  	-0.2213  	0.18517  	0.14985  	-0.0378  	0.03298  	-0.1277  	-0.0422  	-0.0538  	-0.0292  	-0.0181  	-0.0293  	-0.0135  	-0.0168  	-0.0199  	0.01778  	-0.0055  	0.00157  	-0.0002  	-0.0048  	-0.0018  	0.02730  	0.01045  	0.08411  	0.01040  	0.00532  	0.01241  	0.03785  	-0.7581  	
-0.2865  	-0.1185  	-0.7657  	-0.1958  	0.09093  	-0.4399  	0.03214  	-0.0978  	0.04683  	0.11604  	-0.5150  	-0.4396  	0.24546  	0.06263  	0.11085  	0.72239  	-0.1046  	-0.0029  	0.29243  	0.61617  	0.04727  	0.38477  	-0.5766  	0.33600  	0.88229  	-0.2172  	0.16196  	0.16082  	0.31603  	0.27667  	-0.1853  	0.18795  	0.08705  	-0.0485  	0.50519  	0.07341  	0.10066  	-0.2317  	-0.1436  	0.47239  	-0.1811  	0.06213  	-0.2265  	0.18715  	0.15952  	-0.0374  	0.02746  	-0.1156  	-0.0357  	-0.0591  	-0.0287  	-0.0199  	-0.0332  	-0.0163  	-0.0156  	-0.0164  	0.01985  	-0.0081  	0.00425  	0.00128  	-0.0054  	0.00044  	0.02848  	0.00921  	0.08411  	0.01040  	0.00532  	0.01241  	0.03785  	-0.7581  	
-0.3167  	-0.1249  	-0.8276  	-0.0736  	0.13674  	-0.4124  	0.02937  	-0.1115  	0.03068  	0.08724  	-0.6005  	-0.4172  	0.28025  	0.13779  	0.19220  	0.66922  	-0.1076  	0.00758  	0.28660  	0.61589  	0.01351  	0.40880  	-0.5921  	0.29147  	0.90019  	-0.2304  	0.16168  	0.18501  	0.37862  	0.31612  	-0.1884  	0.15804  	0.08088  	-0.0344  	0.49943  	0.07052  	0.04902  	-0.2592  	-0.0994  	0.48513  	-0.1975  	0.06732  	-0.2342  	0.18462  	0.17082  	-0.0343  	0.02669  	-0.1221  	-0.0364  	-0.0634  	-0.0279  	-0.0219  	-0.0301  	-0.0219  	-0.0142  	-0.0116  	0.01909  	-0.0076  	0.00413  	0.00368  	-0.0048  	0.00346  	0.02452  	0.01298  	0.08411  	0.01040  	0.00532  	0.01241  	0.03785  	-0.7581  	
-0.3978  	-0.1514  	-0.8189  	-0.2463  	0.11224  	-0.5087  	0.04689  	-0.1324  	0.01859  	0.08595  	-0.4946  	-0.4427  	0.22297  	0.05254  	0.04633  	0.67487  	-0.0959  	0.02771  	0.28370  	0.60860  	0.02862  	0.38408  	-0.5745  	0.34401  	0.87331  	-0.2078  	0.17454  	0.21767  	0.34040  	0.28159  	-0.1680  	0.17455  	0.08091  	-0.0415  	0.50358  	0.08320  	0.07129  	-0.2512  	-0.1299  	0.48967  	-0.2060  	0.06439  	-0.2283  	0.17819  	0.16523  	-0.0399  	0.03145  	-0.1294  	-0.0376  	-0.0615  	-0.0262  	-0.0205  	-0.0330  	-0.0174  	-0.0138  	-0.0153  	0.01821  	-0.0058  	0.00708  	0.00743  	-0.0065  	0.00293  	0.02004  	0.01483  	0.08411  	0.01040  	0.00532  	0.01241  	0.03785  	-0.7581  	
-0.5230  	-0.1735  	-0.8402  	-0.4755  	-0.0042  	-0.5721  	0.02767  	-0.1681  	0.00919  	0.13254  	-0.3914  	-0.4929  	0.17878  	-0.0961  	-0.1150  	0.66073  	-0.1053  	0.05593  	0.30061  	0.64747  	0.01175  	0.36467  	-0.5570  	0.33807  	0.83832  	-0.2120  	0.14125  	0.20802  	0.30638  	0.25809  	-0.1453  	0.17342  	0.08144  	-0.0399  	0.46376  	0.09701  	0.08257  	-0.2355  	-0.1467  	0.47898  	-0.1749  	0.05340  	-0.2376  	0.18085  	0.16330  	-0.0349  	0.03367  	-0.1299  	-0.0393  	-0.0622  	-0.0319  	-0.0190  	-0.0273  	-0.0127  	-0.0181  	-0.0228  	0.01705  	-0.0061  	0.00528  	0.00686  	-0.0037  	-0.0065  	0.02099  	0.01365  	0.08411  	0.01040  	0.00532  	0.01241  	0.03785  	-0.7581  	
-0.6639  	-0.2292  	-0.8944  	-0.6411  	-0.1140  	-0.6020  	0.01672  	-0.2126  	-0.0204  	0.12259  	-0.3354  	-0.5587  	0.12969  	-0.2182  	-0.2046  	0.64604  	-0.0630  	0.04178  	0.31807  	0.62247  	-0.0350  	0.34867  	-0.4951  	0.29173  	0.83981  	-0.1941  	0.11234  	0.22332  	0.32766  	0.24277  	-0.1298  	0.16794  	0.05379  	-0.0395  	0.41280  	0.12439  	0.08438  	-0.2250  	-0.1549  	0.44756  	-0.1231  	0.04625  	-0.2350  	0.18895  	0.16146  	-0.0389  	0.03841  	-0.1401  	-0.0558  	-0.0593  	-0.0385  	-0.0141  	-0.0284  	-0.0179  	-0.0168  	-0.0253  	0.01736  	-0.0031  	0.00162  	0.00029  	-0.0007  	-0.0009  	0.02474  	0.01537  	0.08411  	0.01040  	0.00532  	0.01241  	0.03785  	-0.7581  	
-0.4721  	-0.1647  	-0.8294  	-0.3560  	0.05766  	-0.5251  	-0.0155  	-0.1225  	0.03395  	0.06837  	-0.4159  	-0.4220  	0.19638  	-0.0254  	0.03632  	0.69926  	-0.0764  	0.00966  	0.28904  	0.63486  	0.04678  	0.35727  	-0.5388  	0.36361  	0.75913  	-0.1904  	0.14705  	0.18389  	0.26414  	0.24031  	-0.1379  	0.17306  	0.09139  	-0.0379  	0.50109  	0.03918  	0.10319  	-0.2484  	-0.1570  	0.48532  	-0.1918  	0.06294  	-0.2486  	0.17364  	0.16126  	-0.0427  	0.03161  	-0.1367  	-0.0488  	-0.0544  	-0.0225  	-0.0157  	-0.0350  	-0.0155  	-0.0216  	-0.0139  	0.01644  	-0.0091  	0.00385  	0.00159  	-0.0021  	0.00799  	0.01775  	0.01138  	0.08411  	0.01040  	0.00532  	0.01241  	0.03785  	-0.7581  	
-0.2050  	-0.0960  	-0.6679  	-0.2209  	0.06243  	-0.3692  	0.04286  	-0.0592  	0.05015  	0.07443  	-0.5597  	-0.4560  	0.27823  	0.17947  	0.19869  	0.67101  	-0.0861  	0.00503  	0.29917  	0.54975  	0.11093  	0.39576  	-0.5185  	0.38740  	0.83503  	-0.2251  	0.18798  	0.09147  	0.25633  	0.27025  	-0.1484  	0.19770  	0.09478  	-0.0471  	0.53544  	0.02756  	0.11569  	-0.2326  	-0.1470  	0.49128  	-0.1858  	0.06767  	-0.2397  	0.18508  	0.15267  	-0.0336  	0.02854  	-0.1066  	-0.0352  	-0.0565  	-0.0336  	-0.0197  	-0.0328  	-0.0162  	-0.0205  	-0.0104  	0.01412  	-0.0098  	0.00204  	0.00425  	-0.0013  	0.00866  	0.01280  	0.00710  	0.08411  	0.01040  	0.00532  	0.01241  	0.03785  	-0.7581  	
-0.1948  	-0.0905  	-0.6865  	-0.3292  	-0.0225  	-0.4239  	0.03362  	-0.0999  	0.04824  	0.08926  	-0.4662  	-0.5215  	0.29643  	0.15802  	0.05452  	0.66667  	-0.0689  	-0.0419  	0.31756  	0.54821  	0.09569  	0.38621  	-0.5100  	0.40171  	0.80014  	-0.2139  	0.16099  	0.04069  	0.18704  	0.25542  	-0.1425  	0.17826  	0.10246  	-0.0461  	0.54168  	0.02942  	0.13450  	-0.2307  	-0.1637  	0.45539  	-0.1665  	0.05800  	-0.2256  	0.18585  	0.15425  	-0.0279  	0.02678  	-0.1138  	-0.0391  	-0.0556  	-0.0396  	-0.0195  	-0.0321  	-0.0098  	-0.0207  	-0.0207  	0.01051  	-0.0042  	-0.0011  	-0.0048  	-0.0072  	0.01372  	0.01559  	-0.0017  	0.08411  	0.01040  	0.00532  	0.01241  	0.03785  	-0.7581  	
-0.4841  	-0.1418  	-0.8306  	-0.4387  	-0.0467  	-0.6076  	0.00524  	-0.1232  	0.03116  	0.15314  	-0.3015  	-0.4512  	0.22450  	0.11042  	-0.0716  	0.65329  	-0.0986  	0.01563  	0.32330  	0.64204  	0.09219  	0.37752  	-0.5770  	0.40320  	0.81251  	-0.2254  	0.09196  	0.12528  	0.23734  	0.22823  	-0.1500  	0.16874  	0.11076  	-0.0547  	0.50672  	0.04615  	0.13036  	-0.2514  	-0.1858  	0.47547  	-0.1655  	0.06764  	-0.2670  	0.16664  	0.16214  	-0.0329  	0.03361  	-0.1344  	-0.0381  	-0.0630  	-0.0404  	-0.0242  	-0.0335  	-0.0087  	-0.0307  	-0.0177  	0.01531  	-0.0080  	0.00185  	0.00971  	0.00533  	0.00101  	0.01384  	0.00612  	0.08411  	0.01040  	0.00532  	0.01241  	0.03785  	-0.7581  	
-0.7514  	-0.2593  	-0.9887  	-0.4598  	0.02784  	-0.7188  	0.03210  	-0.1769  	-0.0028  	0.16505  	-0.2529  	-0.4094  	0.16398  	-0.1515  	-0.1145  	0.67505  	-0.1179  	0.06054  	0.28320  	0.73088  	0.03334  	0.33740  	-0.5765  	0.31763  	0.75406  	-0.1915  	0.06094  	0.21338  	0.27780  	0.20185  	-0.1338  	0.13222  	0.11625  	-0.0251  	0.47166  	0.10260  	0.05105  	-0.2452  	-0.1682  	0.44807  	-0.1823  	0.07289  	-0.2522  	0.16879  	0.16740  	-0.0340  	0.04018  	-0.1459  	-0.0484  	-0.0602  	-0.0378  	-0.0191  	-0.0376  	-0.0143  	-0.0176  	-0.0229  	0.02398  	0.00022  	0.00066  	-0.0094  	-0.0004  	-0.0100  	0.02184  	0.00788  	0.08411  	0.01040  	0.00532  	0.01241  	0.03785  	-0.7581  	
-0.6823  	-0.2594  	-0.9753  	-0.4856  	0.01327  	-0.7084  	0.00772  	-0.1647  	-0.0073  	0.16426  	-0.2256  	-0.4231  	0.16215  	-0.1297  	-0.1474  	0.62385  	-0.1036  	0.04968  	0.29600  	0.70647  	0.03244  	0.33973  	-0.6027  	0.33335  	0.77582  	-0.1899  	0.05607  	0.22701  	0.25317  	0.21907  	-0.1338  	0.15059  	0.11014  	-0.0372  	0.48270  	0.09394  	0.05592  	-0.2492  	-0.1423  	0.44948  	-0.1841  	0.06622  	-0.2560  	0.16948  	0.16697  	-0.0358  	0.04642  	-0.1519  	-0.0481  	-0.0571  	-0.0313  	-0.0217  	-0.0352  	-0.0155  	-0.0231  	-0.0246  	0.01978  	-0.0023  	-0.0011  	0.00521  	-0.0035  	-0.0052  	0.02323  	0.01254  	0.08411  	0.01040  	0.00532  	0.01241  	0.03785  	-0.7581  	
-0.5068  	-0.1599  	-0.8250  	-0.4220  	0.00666  	-0.5505  	0.00771  	-0.1090  	0.04271  	0.10324  	-0.3792  	-0.3747  	0.22883  	0.03028  	0.01779  	0.64810  	-0.0964  	0.01292  	0.30048  	0.66390  	0.09404  	0.33378  	-0.5678  	0.37666  	0.75182  	-0.2061  	0.13828  	0.18100  	0.20031  	0.23072  	-0.1384  	0.16015  	0.12325  	-0.0337  	0.50592  	0.02673  	0.10180  	-0.2415  	-0.1339  	0.47871  	-0.1959  	0.07613  	-0.2528  	0.16692  	0.16305  	-0.0347  	0.03661  	-0.1314  	-0.0575  	-0.0460  	-0.0304  	-0.0177  	-0.0439  	-0.0158  	-0.0281  	-0.0156  	0.01292  	-0.0095  	0.00058  	0.00011  	0.00010  	0.00787  	0.01557  	0.01235  	0.08411  	0.01040  	0.00532  	0.01241  	0.03785  	-0.7581  	
-0.2724  	-0.1152  	-0.7175  	-0.3621  	0.01719  	-0.4171  	0.02805  	-0.1033  	0.03652  	0.11267  	-0.5194  	-0.4750  	0.28182  	0.13127  	0.18410  	0.61834  	-0.0582  	-0.0155  	0.29182  	0.52801  	0.10272  	0.39290  	-0.4828  	0.37424  	0.77747  	-0.2098  	0.16430  	0.07125  	0.20626  	0.25076  	-0.1310  	0.19381  	0.10103  	-0.0615  	0.50527  	-0.0093  	0.13135  	-0.2429  	-0.1792  	0.49591  	-0.1662  	0.05904  	-0.2377  	0.19051  	0.15538  	-0.0400  	0.02968  	-0.1244  	-0.0339  	-0.0533  	-0.0413  	-0.0194  	-0.0360  	-0.0212  	-0.0223  	-0.0133  	0.01157  	-0.0131  	0.00244  	0.00550  	0.00313  	0.01154  	0.01393  	0.00616  	0.08411  	0.01040  	0.00532  	0.01241  	0.03785  	-0.7581  	
-0.1593  	-0.1101  	-0.6557  	-0.2677  	0.03318  	-0.3445  	0.02518  	-0.0568  	0.05006  	0.05579  	-0.5752  	-0.5197  	0.28320  	0.20642  	0.18467  	0.68550  	-0.0569  	-0.0193  	0.29308  	0.53604  	0.10844  	0.41992  	-0.5092  	0.36696  	0.84322  	-0.2217  	0.16726  	0.04834  	0.24353  	0.28507  	-0.1499  	0.19768  	0.09858  	-0.0405  	0.51816  	0.01521  	0.13883  	-0.2282  	-0.1567  	0.47857  	-0.1856  	0.06247  	-0.2317  	0.18538  	0.14728  	-0.0339  	0.02690  	-0.1121  	-0.0347  	-0.0529  	-0.0403  	-0.0205  	-0.0342  	-0.0184  	-0.0201  	-0.0123  	0.01023  	-0.0067  	-0.0039  	0.00432  	-0.0042  	0.01135  	0.01742  	0.00683  	0.08411  	0.01040  	0.00532  	0.01241  	0.03785  	-0.7581  	
-0.1942  	-0.0952  	-0.7411  	-0.1672  	0.07520  	-0.3712  	0.03716  	-0.0450  	0.04996  	0.03832  	-0.5520  	-0.5068  	0.26814  	0.15291  	0.21483  	0.68468  	-0.0870  	-0.0470  	0.30430  	0.55037  	0.12897  	0.42870  	-0.5340  	0.37498  	0.89775  	-0.2490  	0.26643  	0.05719  	0.26486  	0.30427  	-0.1812  	0.20435  	0.07730  	-0.0425  	0.55633  	0.02718  	0.14211  	-0.2273  	-0.1813  	0.46790  	-0.2210  	0.07164  	-0.2485  	0.18339  	0.15906  	-0.0315  	0.02557  	-0.1149  	-0.0308  	-0.0640  	-0.0375  	-0.0172  	-0.0349  	-0.0175  	-0.0190  	-0.0126  	0.00919  	-0.0081  	0.00422  	0.00114  	-0.0021  	-0.0030  	0.01226  	0.00176  	0.08411  	0.01040  	0.00532  	0.01241  	0.03785  	-0.7581  	
-0.2238  	-0.0982  	-0.7702  	-0.0897  	0.14401  	-0.3704  	0.04941  	-0.0708  	0.03344  	0.09094  	-0.6476  	-0.4876  	0.30802  	0.20903  	0.22515  	0.64149  	-0.0890  	-0.0023  	0.28869  	0.58393  	0.01857  	0.42242  	-0.5684  	0.34950  	0.91876  	-0.2382  	0.22617  	0.14681  	0.35178  	0.32440  	-0.1743  	0.17159  	0.08357  	-0.0386  	0.51013  	0.04520  	0.05104  	-0.2705  	-0.1310  	0.49716  	-0.2267  	0.08362  	-0.2345  	0.18634  	0.16509  	-0.0335  	0.02674  	-0.1159  	-0.0330  	-0.0519  	-0.0239  	-0.0180  	-0.0359  	-0.0195  	-0.0174  	-0.0110  	0.01534  	-0.0046  	0.00106  	0.00401  	-0.0069  	-0.0002  	0.01251  	0.00467  	0.08411  	0.01040  	0.00532  	0.01241  	0.03785  	-0.7581  	
-0.3312  	-0.1137  	-0.8262  	-0.1437  	0.11331  	-0.5044  	0.03799  	-0.0680  	0.03695  	0.11135  	-0.5072  	-0.4943  	0.29684  	0.25138  	0.23874  	0.61265  	-0.1235  	0.00072  	0.26849  	0.60828  	0.03842  	0.43672  	-0.6163  	0.39230  	0.89642  	-0.2339  	0.14462  	0.14205  	0.29895  	0.31253  	-0.1430  	0.17605  	0.09617  	-0.0297  	0.54805  	0.01782  	0.06797  	-0.2660  	-0.1541  	0.49667  	-0.2289  	0.07157  	-0.2592  	0.16255  	0.14797  	-0.0283  	0.02670  	-0.1298  	-0.0428  	-0.0600  	-0.0239  	-0.0201  	-0.0351  	-0.0203  	-0.0210  	-0.0174  	0.01386  	-0.0071  	-0.0031  	0.00331  	-0.0019  	0.00699  	0.01490  	0.00585  	0.08411  	0.01040  	0.00532  	0.01241  	0.03785  	-0.7581  	
-0.5811  	-0.1981  	-0.9542  	-0.3731  	0.06416  	-0.6774  	0.01289  	-0.1681  	0.00093  	0.11550  	-0.3367  	-0.3898  	0.21934  	0.00780  	-0.0184  	0.60148  	-0.1403  	0.03717  	0.29664  	0.69313  	0.06898  	0.35340  	-0.5909  	0.39190  	0.77642  	-0.2282  	0.10359  	0.21526  	0.25440  	0.24828  	-0.1304  	0.16637  	0.10191  	-0.0381  	0.56359  	0.05724  	0.09871  	-0.2551  	-0.1728  	0.48443  	-0.1990  	0.07008  	-0.2802  	0.15935  	0.16368  	-0.0402  	0.03729  	-0.1476  	-0.0395  	-0.0502  	-0.0286  	-0.0190  	-0.0326  	-0.0131  	-0.0225  	-0.0198  	0.02216  	-0.0061  	0.00852  	0.00741  	-0.0024  	0.00732  	0.01520  	0.00448  	0.08411  	0.01040  	0.00532  	0.01241  	0.03785  	-0.7581  	
-0.7298  	-0.2461  	-0.9579  	-0.5930  	-0.0022  	-0.7416  	0.03764  	-0.2070  	-0.0107  	0.18302  	-0.2269  	-0.4726  	0.14708  	-0.1458  	-0.2091  	0.62070  	-0.1319  	0.03771  	0.29224  	0.67418  	0.02244  	0.33488  	-0.5443  	0.36656  	0.77021  	-0.2014  	0.11477  	0.18754  	0.24740  	0.21206  	-0.1362  	0.15402  	0.08346  	-0.0303  	0.50882  	0.09298  	0.09366  	-0.2256  	-0.1783  	0.46061  	-0.1681  	0.05861  	-0.2625  	0.17389  	0.16549  	-0.0402  	0.03929  	-0.1537  	-0.0552  	-0.0499  	-0.0319  	-0.0176  	-0.0344  	-0.0140  	-0.0188  	-0.0217  	0.01760  	-2.5753  	-0.0053  	-0.0046  	-0.0016  	-0.0063  	0.02670  	0.00791  	0.08411  	0.01040  	0.00532  	0.01241  	0.03785  	-0.7581  	
-0.6459  	-0.2480  	-0.9206  	-0.5598  	-0.0550  	-0.6445  	0.01664  	-0.1728  	0.00399  	0.15722  	-0.2573  	-0.4711  	0.18670  	-0.1077  	-0.1588  	0.64121  	-0.0698  	0.00457  	0.28482  	0.65841  	0.04322  	0.32905  	-0.5326  	0.34335  	0.77423  	-0.1871  	0.10607  	0.18237  	0.24467  	0.22136  	-0.1431  	0.16535  	0.09564  	-0.0492  	0.45950  	0.08084  	0.07827  	-0.2366  	-0.1519  	0.45123  	-0.1786  	0.06671  	-0.2475  	0.16703  	0.16621  	-0.0350  	0.04114  	-0.1459  	-0.0552  	-0.0510  	-0.0353  	-0.0215  	-0.0347  	-0.0142  	-0.0218  	-0.0293  	0.01740  	-0.0039  	-0.0023  	0.00011  	-0.0021  	0.00301  	0.02122  	0.01544  	0.08411  	0.01040  	0.00532  	0.01241  	0.03785  	-0.7581  	
-0.3189  	-0.1308  	-0.7518  	-0.3537  	0.02975  	-0.4683  	0.03471  	-0.1060  	0.03827  	0.12431  	-0.4939  	-0.4411  	0.26368  	0.10536  	0.15647  	0.63457  	-0.0797  	-0.0170  	0.29515  	0.56638  	0.10296  	0.37632  	-0.5172  	0.37118  	0.76339  	-0.2019  	0.16499  	0.10073  	0.20743  	0.24665  	-0.1260  	0.18872  	0.10569  	-0.0550  	0.53522  	0.00465  	0.12814  	-0.2522  	-0.1758  	0.47418  	-0.1788  	0.05602  	-0.2426  	0.18176  	0.16272  	-0.0372  	0.02938  	-0.1221  	-0.0403  	-0.0492  	-0.0337  	-0.0170  	-0.0349  	-0.0257  	-0.0233  	-0.0132  	0.01508  	-0.0093  	0.00248  	0.00326  	0.00183  	0.00652  	0.01429  	0.00966  	0.08411  	0.01040  	0.00532  	0.01241  	0.03785  	-0.7581  	
-0.2175  	-0.0695  	-0.6437  	-0.3028  	0.00618  	-0.3773  	-0.0018  	-0.0218  	0.05223  	0.02964  	-0.5410  	-0.4854  	0.30649  	0.10133  	0.22033  	0.64642  	-0.0050  	-0.1384  	0.35188  	0.35098  	0.17222  	0.25045  	-0.6514  	0.35900  	0.73735  	-0.1450  	0.14925  	-0.0034  	0.26850  	0.25674  	-0.0598  	0.16016  	0.03265  	-0.1495  	0.46782  	-0.0272  	0.08708  	-0.2308  	-0.2608  	0.39849  	-0.1250  	0.13853  	-0.2978  	0.24332  	0.10495  	-0.0213  	0.01171  	-0.1046  	-0.0446  	-0.0701  	-0.0355  	-0.0172  	-0.0360  	-0.0064  	-0.0151  	-0.0130  	0.00601  	-0.0150  	-0.0036  	0.00422  	0.00412  	0.00339  	0.00714  	0.00248  	0.08411  	0.01040  	0.00532  	0.01241  	0.03785  	-0.7581  	
-0.2013  	-0.0837  	-0.6282  	-0.2152  	0.06030  	-0.4256  	-0.0061  	0.01136  	0.03451  	0.01984  	-0.4445  	-0.4554  	0.33159  	-0.0083  	0.17777  	0.64785  	0.02361  	-0.2488  	0.39780  	0.25055  	0.24697  	0.11349  	-0.8760  	0.37171  	0.72781  	-0.1018  	0.16407  	-0.0301  	0.32469  	0.22157  	-0.0091  	0.14026  	-0.0320  	-0.2542  	0.46724  	0.00826  	0.05384  	-0.2183  	-0.3319  	0.33231  	-0.1018  	0.23480  	-0.3971  	0.27795  	0.07447  	-0.0044  	-0.0055  	-0.1012  	-0.0571  	-0.0695  	-0.0185  	-0.0152  	-0.0250  	0.00990  	-0.0092  	-0.0126  	0.01515  	-0.0214  	0.00132  	0.01932  	0.00348  	-0.0006  	-0.0024  	0.01309  	0.08411  	0.01040  	0.00532  	0.01241  	0.03785  	-0.7581  	
-0.3042  	-0.1247  	-0.7261  	-0.3015  	0.07133  	-0.4675  	-0.0068  	-0.0732  	-0.0105  	0.09686  	-0.4095  	-0.4535  	0.26516  	-0.1440  	0.03992  	0.64224  	0.02351  	-0.1843  	0.41124  	0.27784  	0.11004  	0.01989  	-0.9791  	0.33365  	0.74576  	-0.0828  	0.11226  	0.10065  	0.45886  	0.22586  	-0.0032  	0.11728  	-0.0633  	-0.2704  	0.40234  	0.08183  	-0.0405  	-0.2395  	-0.3162  	0.38008  	-0.0516  	0.23737  	-0.4105  	0.30814  	0.07358  	-0.0059  	0.00060  	-0.1002  	-0.0638  	-0.0775  	-0.0202  	-0.0135  	-0.0266  	0.00892  	-0.0026  	-0.0253  	0.01733  	-0.0209  	0.00019  	0.01519  	-0.0021  	-0.0121  	-0.0010  	0.00905  	0.08411  	0.01040  	0.00532  	0.01241  	0.03785  	-0.7581  	
-0.3566  	-0.1588  	-0.7081  	-0.3493  	0.04027  	-0.4899  	-0.0015  	-0.0970  	-0.0224  	0.10756  	-0.4202  	-0.5145  	0.22276  	-0.2031  	-0.0654  	0.71410  	-0.0058  	-0.1830  	0.41552  	0.28943  	0.08811  	0.07168  	-0.9099  	0.35915  	0.79850  	-0.1014  	0.19173  	0.07617  	0.41361  	0.24879  	-0.0174  	0.15814  	-0.0715  	-0.2547  	0.40759  	0.12388  	-0.0146  	-0.2295  	-0.3135  	0.38154  	-0.0693  	0.23249  	-0.3827  	0.30355  	0.07721  	-0.0110  	0.00089  	-0.1022  	-0.0591  	-0.0808  	-0.0179  	-0.0138  	-0.0241  	0.00349  	-0.0030  	-0.0240  	0.01932  	-0.0188  	0.00188  	0.01324  	4.48364  	-0.0136  	0.00600  	0.01338  	0.08411  	0.01040  	0.00532  	0.01241  	0.03785  	-0.7581  	
-0.3884  	-0.1599  	-0.7519  	-0.3537  	0.01572  	-0.4500  	-0.0023  	-0.1570  	-0.0084  	0.09698  	-0.4404  	-0.5159  	0.19638  	-0.1529  	-0.0069  	0.70662  	-0.0083  	-0.1103  	0.36788  	0.42325  	0.11955  	0.20559  	-0.7372  	0.39973  	0.80671  	-0.1561  	0.23327  	0.05319  	0.28847  	0.24542  	-0.0947  	0.18608  	-0.0083  	-0.1759  	0.50642  	0.10727  	0.07487  	-0.2281  	-0.2875  	0.42709  	-0.1249  	0.16443  	-0.3295  	0.25144  	0.11860  	-0.0215  	0.01640  	-0.1244  	-0.0525  	-0.0668  	-0.0179  	-0.0166  	-0.0341  	-0.0078  	-0.0115  	-0.0221  	0.02091  	-0.0123  	-0.0017  	0.00804  	-0.0072  	-0.0086  	0.01676  	0.01002  	0.08411  	0.01040  	0.00532  	0.01241  	0.03785  	-0.7581  	
-0.2597  	-0.1143  	-0.7487  	-0.2621  	0.06109  	-0.4233  	0.02345  	-0.1216  	0.02117  	0.11730  	-0.5035  	-0.5184  	0.24143  	0.04049  	0.12489  	0.68615  	-0.0782  	-0.0386  	0.30791  	0.53246  	0.09742  	0.40231  	-0.5168  	0.41295  	0.86947  	-0.2418  	0.25730  	0.05130  	0.22116  	0.27807  	-0.1660  	0.22594  	0.04880  	-0.0512  	0.56742  	0.06600  	0.15757  	-0.2193  	-0.2001  	0.49215  	-0.2001  	0.06469  	-0.2398  	0.18070  	0.14945  	-0.0326  	0.02855  	-0.1301  	-0.0352  	-0.0513  	-0.0294  	-0.0185  	-0.0330  	-0.0136  	-0.0141  	-0.0179  	0.01532  	-0.0068  	0.00565  	0.00197  	-0.0031  	0.00100  	0.02206  	0.00374  	0.08411  	0.01040  	0.00532  	0.01241  	0.03785  	-0.7581  	
-0.0881  	-0.0665  	-0.6493  	-0.1705  	0.04122  	-0.3218  	0.05719  	-0.0607  	0.04476  	0.15621  	-0.6134  	-0.5702  	0.32930  	0.20822  	0.22139  	0.67500  	-0.0902  	-0.0533  	0.30438  	0.49494  	0.06008  	0.48855  	-0.5234  	0.34911  	0.93552  	-0.2378  	0.22700  	0.04255  	0.29817  	0.32024  	-0.1610  	0.18336  	0.05260  	-0.0465  	0.50783  	0.07079  	0.10628  	-0.2358  	-0.1313  	0.49554  	-0.1911  	0.05335  	-0.2076  	0.20536  	0.14125  	-0.0366  	0.01969  	-0.0959  	-0.0125  	-0.0712  	-0.0253  	-0.0152  	-0.0267  	-0.0179  	-0.0133  	-0.0134  	0.01205  	-0.0074  	-0.0034  	0.00438  	-0.0093  	0.00775  	0.02428  	0.00638  	0.08411  	0.01040  	0.00532  	0.01241  	0.03785  	-0.7581  	
-0.2093  	-0.0542  	-0.6974  	-0.3848  	0.02348  	-0.3845  	0.07879  	-0.0682  	0.01215  	0.19244  	-0.6508  	-0.6809  	0.36373  	0.28195  	0.19794  	0.53294  	-0.0919  	-0.0404  	0.31942  	0.46315  	0.02582  	0.48061  	-0.5279  	0.39194  	0.99862  	-0.2562  	0.35688  	0.00276  	0.32906  	0.32507  	-0.1374  	0.17641  	0.05149  	-0.0466  	0.50633  	0.07350  	0.09099  	-0.2553  	-0.1311  	0.51520  	-0.2094  	0.05981  	-0.2201  	0.20320  	0.14362  	-0.0351  	0.01895  	-0.0980  	-0.0229  	-0.0675  	-0.0309  	-0.0165  	-0.0334  	-0.0222  	-0.0211  	-0.0135  	0.00549  	-0.0083  	-0.0006  	0.00715  	0.00360  	0.00193  	0.02106  	0.00153  	0.08411  	0.01040  	0.00532  	0.01241  	0.03785  	-0.7581  	
-0.4789  	-0.1609  	-0.9120  	-0.3341  	0.06805  	-0.5969  	0.05780  	-0.0811  	0.00044  	0.11046  	-0.4220  	-0.4970  	0.25271  	0.15593  	0.02534  	0.60593  	-0.0978  	-0.0064  	0.29263  	0.61186  	0.10872  	0.36812  	-0.6203  	0.42572  	0.83753  	-0.2341  	0.25862  	0.11918  	0.26046  	0.28778  	-0.1634  	0.19207  	0.09446  	-0.0427  	0.60293  	0.04311  	0.11780  	-0.2647  	-0.2046  	0.47813  	-0.2295  	0.07491  	-0.2724  	0.18724  	0.16277  	-0.0330  	0.03142  	-0.1357  	-0.0421  	-0.0607  	-0.0228  	-0.0205  	-0.0399  	-0.0185  	-0.0265  	-0.0070  	0.00731  	-0.0131  	0.00497  	-0.0030  	0.00226  	0.00102  	-0.0026  	-0.0045  	0.08411  	0.01040  	0.00532  	0.01241  	0.03785  	-0.7581  	
-0.6841  	-0.2326  	-0.9923  	-0.3289  	0.08644  	-0.6959  	-0.0074  	-0.1387  	-0.0245  	0.14657  	-0.3379  	-0.4075  	0.19345  	-0.0123  	-0.0550  	0.65975  	-0.1340  	0.07030  	0.29356  	0.69341  	0.03608  	0.34223  	-0.5967  	0.33985  	0.73486  	-0.2023  	0.01677  	0.26296  	0.32571  	0.23020  	-0.1589  	0.16449  	0.11776  	-0.0395  	0.51135  	0.06610  	0.03247  	-0.2693  	-0.1562  	0.47937  	-0.2055  	0.07425  	-0.2640  	0.16157  	0.16251  	-0.0288  	0.04683  	-0.1305  	-0.0435  	-0.0563  	-0.0314  	-0.0202  	-0.0362  	-0.0131  	-0.0212  	-0.0270  	0.01523  	-0.0116  	0.00276  	0.00605  	-0.0033  	0.00237  	0.01223  	0.00546  	0.08411  	0.01040  	0.00532  	0.01241  	0.03785  	-0.7581  	
-0.7634  	-0.2736  	-1.0055  	-0.4219  	0.04968  	-0.7957  	0.02972  	-0.1928  	-0.0213  	0.22099  	-0.2274  	-0.4158  	0.17963  	-0.1103  	-0.1578  	0.65074  	-0.1489  	0.06545  	0.26369  	0.76588  	-0.0124  	0.33976  	-0.5981  	0.32931  	0.74063  	-0.1815  	0.00359  	0.29213  	0.31075  	0.22320  	-0.1215  	0.13273  	0.12344  	-0.0188  	0.48272  	0.08866  	0.01590  	-0.2711  	-0.1570  	0.46324  	-0.1991  	0.07855  	-0.2687  	0.14949  	0.17335  	-0.0409  	0.03573  	-0.1410  	-0.0381  	-0.0554  	-0.0404  	-0.0160  	-0.0329  	-0.0158  	-0.0219  	-0.0273  	0.01712  	-0.0059  	0.00540  	-0.0024  	-0.0041  	-0.0001  	0.02174  	0.00990  	0.08411  	0.01040  	0.00532  	0.01241  	0.03785  	-0.7581  	
-0.7567  	-0.2691  	-1.0313  	-0.4543  	0.04174  	-0.7858  	0.04241  	-0.1933  	-0.0085  	0.21166  	-0.2098  	-0.4231  	0.17860  	-0.1431  	-0.1341  	0.63356  	-0.1246  	0.07840  	0.26727  	0.77707  	0.01390  	0.34572  	-0.6006  	0.31305  	0.74615  	-0.1723  	-0.0109  	0.30314  	0.30780  	0.21008  	-0.1243  	0.12314  	0.13010  	-0.0266  	0.47288  	0.09486  	0.02287  	-0.2766  	-0.1503  	0.45869  	-0.1941  	0.07374  	-0.2602  	0.14977  	0.16692  	-0.0343  	0.03231  	-0.1429  	-0.0418  	-0.0516  	-0.0323  	-0.0174  	-0.0371  	-0.0176  	-0.0221  	-0.0209  	0.01804  	-0.0072  	0.00248  	-0.0064  	-0.0049  	-0.0016  	0.01831  	0.00905  	0.08411  	0.01040  	0.00532  	0.01241  	0.03785  	-0.7581  	
-0.6922  	-0.2571  	-1.0196  	-0.4344  	0.05812  	-0.7642  	0.05003  	-0.1651  	-0.0021  	0.18176  	-0.1916  	-0.3892  	0.19287  	-0.1303  	-0.1160  	0.60482  	-0.1292  	0.07942  	0.27398  	0.77093  	0.03816  	0.33148  	-0.6030  	0.33051  	0.76410  	-0.1775  	0.00319  	0.30269  	0.29984  	0.21479  	-0.1305  	0.11748  	0.12649  	-0.0312  	0.49316  	0.08669  	0.03219  	-0.2748  	-0.1376  	0.45526  	-0.1944  	0.06872  	-0.2618  	0.14485  	0.16976  	-0.0312  	0.03525  	-0.1436  	-0.0480  	-0.0537  	-0.0281  	-0.0184  	-0.0380  	-0.0214  	-0.0249  	-0.0190  	0.01835  	-0.0064  	-0.0011  	-0.0037  	-0.0059  	-0.0036  	0.01745  	0.00741  	0.08411  	0.01040  	0.00532  	0.01241  	0.03785  	-0.7581  	
-0.5140  	-0.1840  	-0.9504  	-0.2305  	0.09084  	-0.5502  	0.01027  	-0.1147  	0.02257  	0.11690  	-0.3785  	-0.2775  	0.23400  	0.05845  	0.05911  	0.67743  	-0.1276  	0.06421  	0.31241  	0.70298  	-0.0046  	0.36098  	-0.6603  	0.33042  	0.80046  	-0.2082  	0.02559  	0.31277  	0.33477  	0.27012  	-0.1471  	0.15037  	0.10450  	-0.0195  	0.49104  	0.07025  	0.00229  	-0.2681  	-0.1110  	0.47078  	-0.1945  	0.06886  	-0.2486  	0.15667  	0.16812  	-0.0325  	0.02974  	-0.1210  	-0.0468  	-0.0593  	-0.0309  	-0.0274  	-0.0376  	-0.0238  	-0.0191  	-0.0186  	0.01751  	-0.0002  	-0.0018  	-0.0044  	-0.0098  	-0.0050  	0.01172  	0.01245  	0.08411  	0.01040  	0.00532  	0.01241  	0.03785  	-0.7581  	
-0.4161  	-0.1286  	-0.8616  	-0.2020  	0.12035  	-0.4905  	0.01650  	-0.1122  	0.03142  	0.05665  	-0.6028  	-0.4038  	0.28472  	0.14304  	0.17143  	0.67120  	-0.1014  	0.03565  	0.30972  	0.65280  	-0.0285  	0.41048  	-0.6253  	0.30749  	0.87775  	-0.1958  	0.09795  	0.26659  	0.39809  	0.30855  	-0.1550  	0.14947  	0.09022  	-0.0268  	0.45614  	0.06342  	0.00806  	-0.2605  	-0.1153  	0.49270  	-0.1752  	0.05936  	-0.2385  	0.17131  	0.15982  	-0.0330  	0.02584  	-0.1154  	-0.0404  	-0.0535  	-0.0318  	-0.0176  	-0.0376  	-0.0177  	-0.0222  	-0.0119  	0.01719  	-0.0106  	0.00736  	0.00248  	-0.0009  	0.00224  	0.01754  	0.00286  	0.08411  	0.01040  	0.00532  	0.01241  	0.03785  	-0.7581  	
-0.4465  	-0.1580  	-0.8772  	-0.2514  	0.11338  	-0.5542  	0.03165  	-0.1622  	0.02465  	0.11676  	-0.5557  	-0.4237  	0.23968  	0.05265  	0.07559  	0.68219  	-0.0960  	0.05677  	0.29346  	0.63257  	-0.0403  	0.38040  	-0.5967  	0.28354  	0.83300  	-0.1941  	0.04649  	0.27754  	0.39083  	0.28161  	-0.1739  	0.14646  	0.09766  	-0.0302  	0.44904  	0.06877  	0.01451  	-0.2615  	-0.1041  	0.49378  	-0.1689  	0.06131  	-0.2295  	0.18015  	0.16270  	-0.0351  	0.03407  	-0.1235  	-0.0400  	-0.0639  	-0.0391  	-0.0184  	-0.0336  	-0.0100  	-0.0197  	-0.0237  	0.01676  	-0.0048  	0.00652  	-0.0021  	-0.0027  	-0.0017  	0.01888  	0.00846  	0.08411  	0.01040  	0.00532  	0.01241  	0.03785  	-0.7581  	
-0.5735  	-0.2096  	-0.8873  	-0.4947  	-0.0236  	-0.5438  	0.00198  	-0.2006  	0.00356  	0.11193  	-0.4199  	-0.4858  	0.16146  	-0.1802  	-0.1184  	0.67787  	-0.0791  	0.06597  	0.31067  	0.60965  	-0.0103  	0.34865  	-0.5118  	0.30794  	0.81668  	-0.1929  	0.08333  	0.23213  	0.32876  	0.25791  	-0.1256  	0.17167  	0.07544  	-0.0354  	0.41476  	0.07488  	0.05537  	-0.2443  	-0.1442  	0.47409  	-0.1364  	0.04606  	-0.2315  	0.18394  	0.15912  	-0.0359  	0.03325  	-0.1386  	-0.0511  	-0.0565  	-0.0284  	-0.0189  	-0.0315  	-0.0222  	-0.0197  	-0.0184  	0.02187  	-0.0054  	0.00185  	-8.0164  	-0.0018  	-0.0057  	0.02468  	0.01622  	0.08411  	0.01040  	0.00532  	0.01241  	0.03785  	-0.7581  	
-0.5595  	-0.2184  	-0.8534  	-0.4739  	-0.0570  	-0.4956  	-0.0147  	-0.1916  	0.01299  	0.09434  	-0.4409  	-0.5071  	0.16011  	-0.1711  	-0.0654  	0.66184  	-0.0587  	0.02266  	0.29884  	0.61504  	0.01033  	0.36818  	-0.4862  	0.31433  	0.80778  	-0.1863  	0.10095  	0.19134  	0.30308  	0.24975  	-0.1337  	0.18140  	0.07053  	-0.0379  	0.42064  	0.07583  	0.06753  	-0.2338  	-0.1569  	0.47158  	-0.1387  	0.05223  	-0.2228  	0.18475  	0.16314  	-0.0362  	0.03620  	-0.1425  	-0.0477  	-0.0561  	-0.0371  	-0.0178  	-0.0331  	-0.0171  	-0.0189  	-0.0239  	0.01782  	-0.0076  	-0.0010  	-0.0015  	-0.0024  	-0.0009  	0.02465  	0.01639  	0.08411  	0.01040  	0.00532  	0.01241  	0.03785  	-0.7581  	
-0.3442  	-0.1054  	-0.7341  	-0.3722  	-0.0291  	-0.4464  	0.00157  	-0.1086  	0.03297  	0.07304  	-0.4218  	-0.4791  	0.19948  	-0.0209  	0.01647  	0.69684  	-0.0752  	-0.0101  	0.31361  	0.58302  	0.14008  	0.37799  	-0.4953  	0.34045  	0.78906  	-0.2158  	0.16790  	0.08526  	0.23393  	0.23945  	-0.1419  	0.19059  	0.09097  	-0.0341  	0.51364  	0.04134  	0.16044  	-0.2054  	-0.1827  	0.44707  	-0.1580  	0.04790  	-0.2277  	0.19015  	0.15950  	-0.0341  	0.03720  	-0.1315  	-0.0499  	-0.0593  	-0.0414  	-0.0176  	-0.0304  	-0.0161  	-0.0197  	-0.0156  	0.01254  	-0.0020  	-1.8129  	-0.0032  	0.00085  	0.00616  	0.02058  	0.00850  	0.08411  	0.01040  	0.00532  	0.01241  	0.03785  	-0.7581  	
-0.4412  	-0.1704  	-0.8287  	-0.4634  	-0.0451  	-0.5120  	0.00650  	-0.1845  	0.02152  	0.12982  	-0.4110  	-0.4962  	0.21389  	-0.1174  	-0.1497  	0.69729  	-0.0918  	0.06699  	0.30197  	0.64053  	-0.0574  	0.34511  	-0.5624  	0.26846  	0.82993  	-0.2095  	0.05580  	0.27327  	0.35886  	0.23924  	-0.1350  	0.18075  	0.09726  	-0.0365  	0.42642  	0.11438  	0.03343  	-0.2363  	-0.1281  	0.47650  	-0.1193  	0.03121  	-0.2076  	0.18849  	0.15630  	-0.0351  	0.04234  	-0.1292  	-0.0437  	-0.0513  	-0.0278  	-0.0205  	-0.0288  	-0.0177  	-0.0165  	-0.0251  	0.01437  	-0.0061  	-0.0015  	0.00210  	-0.0046  	0.00412  	0.02559  	0.01449  	0.08411  	0.01040  	0.00532  	0.01241  	0.03785  	-0.7581  	
-0.4955  	-0.1730  	-0.8272  	-0.5308  	-0.0943  	-0.5305  	0.01770  	-0.1976  	-0.0142  	0.17476  	-0.4124  	-0.5029  	0.20235  	-0.1135  	-0.2372  	0.69680  	-0.0996  	0.07591  	0.29933  	0.64266  	-0.0931  	0.37055  	-0.5923  	0.27785  	0.84855  	-0.2166  	0.08166  	0.26920  	0.35005  	0.25173  	-0.1289  	0.16756  	0.07972  	-0.0336  	0.43629  	0.15496  	0.02730  	-0.2469  	-0.1128  	0.47987  	-0.1227  	0.05956  	-0.2221  	0.17950  	0.15168  	-0.0363  	0.03651  	-0.1145  	-0.0421  	-0.0615  	-0.0235  	-0.0170  	-0.0299  	-0.0179  	-0.0188  	-0.0225  	0.01454  	-0.0056  	0.00019  	-0.0016  	0.00073  	0.00192  	0.03530  	0.01398  	0.08411  	0.01040  	0.00532  	0.01241  	0.03785  	-0.7581  	
-0.7131  	-0.2522  	-0.9252  	-0.6164  	-0.1082  	-0.6937  	0.00715  	-0.2307  	-0.0219  	0.21604  	-0.3099  	-0.5008  	0.16282  	-0.1775  	-0.2651  	0.65048  	-0.0751  	0.04409  	0.28939  	0.64348  	-0.0651  	0.35557  	-0.5471  	0.33524  	0.84149  	-0.1948  	0.10561  	0.22353  	0.33489  	0.24567  	-0.1387  	0.15920  	0.05821  	-0.0454  	0.44777  	0.14336  	0.03579  	-0.2509  	-0.1606  	0.46474  	-0.1340  	0.06136  	-0.2338  	0.17045  	0.16289  	-0.0381  	0.03912  	-0.1373  	-0.0390  	-0.0604  	-0.0364  	-0.0184  	-0.0302  	-0.0161  	-0.0166  	-0.0243  	0.01233  	-0.0042  	-0.0001  	-0.0015  	-0.0072  	-0.0003  	0.02956  	0.01284  	0.08411  	0.01040  	0.00532  	0.01241  	0.03785  	-0.7581  	
-0.8373  	-0.2739  	-1.0054  	-0.6322  	-0.0661  	-0.7683  	0.01083  	-0.2033  	-0.0092  	0.14271  	-0.2390  	-0.5261  	0.13322  	-0.2173  	-0.2526  	0.65253  	-0.0748  	0.00279  	0.30855  	0.65701  	-0.0148  	0.37112  	-0.5313  	0.35790  	0.82171  	-0.1872  	0.10666  	0.20051  	0.31707  	0.24016  	-0.1436  	0.16227  	0.06766  	-0.0460  	0.46790  	0.13581  	0.08517  	-0.2357  	-0.1713  	0.44765  	-0.1610  	0.07426  	-0.2605  	0.16006  	0.16861  	-0.0340  	0.04585  	-0.1443  	-0.0500  	-0.0603  	-0.0353  	-0.0142  	-0.0304  	-0.0089  	-0.0169  	-0.0298  	0.02146  	-0.0028  	0.00365  	0.00871  	-0.0025  	0.00330  	0.02039  	0.01298  	0.08411  	0.01040  	0.00532  	0.01241  	0.03785  	-0.7581  	
-0.8290  	-0.2966  	-1.0255  	-0.7225  	-0.0911  	-0.7944  	-0.0134  	-0.2212  	-0.0150  	0.18039  	-0.1464  	-0.4964  	0.14813  	-0.1988  	-0.2011  	0.57807  	-0.0777  	0.00355  	0.28748  	0.68826  	0.08529  	0.34059  	-0.5180  	0.35832  	0.76341  	-0.1808  	0.09203  	0.18783  	0.20543  	0.21746  	-0.1197  	0.15529  	0.09371  	-0.0451  	0.48417  	0.06632  	0.11632  	-0.2472  	-0.1688  	0.41681  	-0.1858  	0.05750  	-0.2602  	0.16145  	0.16961  	-0.0329  	0.03518  	-0.1521  	-0.0456  	-0.0544  	-0.0346  	-0.0175  	-0.0367  	-0.0177  	-0.0233  	-0.0211  	0.01341  	-0.0054  	-0.0052  	-0.0038  	-0.0015  	0.00100  	0.02243  	0.01381  	0.08411  	0.01040  	0.00532  	0.01241  	0.03785  	-0.7581  	
-0.6260  	-0.2131  	-0.9661  	-0.4471  	-0.0040  	-0.6689  	0.00092  	-0.1299  	0.00457  	0.12543  	-0.2360  	-0.3886  	0.19112  	-0.0968  	-0.1101  	0.62168  	-0.0937  	0.04045  	0.28998  	0.72501  	0.07402  	0.32957  	-0.5925  	0.34569  	0.77317  	-0.2003  	0.07133  	0.22558  	0.26840  	0.23331  	-0.1227  	0.14995  	0.09757  	-0.0321  	0.48862  	0.07608  	0.05456  	-0.2549  	-0.1254  	0.44589  	-0.1844  	0.06151  	-0.2666  	0.15478  	0.15996  	-0.0307  	0.04064  	-0.1445  	-0.0446  	-0.0562  	-0.0256  	-0.0193  	-0.0399  	-0.0197  	-0.0271  	-0.0191  	0.01583  	-0.0018  	-0.0034  	-0.0008  	-0.0026  	-0.0062  	0.01902  	0.00732  	0.08411  	0.01040  	0.00532  	0.01241  	0.03785  	-0.7581  	
-0.5158  	-0.1696  	-0.8787  	-0.3047  	0.03629  	-0.5205  	-0.0118  	-0.1094  	0.01189  	0.09141  	-0.3985  	-0.3198  	0.22983  	0.04549  	0.00251  	0.70078  	-0.0816  	0.05631  	0.31458  	0.66753  	0.05224  	0.34264  	-0.6178  	0.33615  	0.77342  	-0.2058  	0.04185  	0.24880  	0.30181  	0.25098  	-0.1294  	0.15188  	0.08724  	-0.0390  	0.46767  	0.06120  	0.02134  	-0.2589  	-0.1098  	0.47029  	-0.1721  	0.05703  	-0.2408  	0.15809  	0.16539  	-0.0307  	0.03537  	-0.1334  	-0.0446  	-0.0547  	-0.0316  	-0.0250  	-0.0425  	-0.0215  	-0.0176  	-0.0174  	0.01410  	-0.0044  	-0.0009  	-0.0043  	-0.0064  	0.00414  	0.01677  	0.00992  	0.08411  	0.01040  	0.00532  	0.01241  	0.03785  	-0.7581  	
-0.4521  	-0.1347  	-0.8108  	-0.2313  	0.06813  	-0.4245  	0.00950  	-0.0819  	0.02617  	0.04301  	-0.5458  	-0.3782  	0.24671  	0.11204  	0.13441  	0.70275  	-0.0866  	0.02946  	0.31387  	0.64177  	0.03614  	0.41960  	-0.5786  	0.30837  	0.85780  	-0.1969  	0.12438  	0.19214  	0.35113  	0.28883  	-0.1533  	0.15303  	0.09081  	-0.0248  	0.45279  	0.05012  	0.03374  	-0.2415  	-0.1308  	0.46138  	-0.1574  	0.05657  	-0.2384  	0.17685  	0.15839  	-0.0361  	0.03057  	-0.1238  	-0.0380  	-0.0564  	-0.0354  	-0.0214  	-0.0358  	-0.0178  	-0.0257  	-0.0166  	0.01947  	-0.0085  	0.00344  	-0.0025  	-0.0003  	0.00259  	0.02557  	0.00717  	0.08411  	0.01040  	0.00532  	0.01241  	0.03785  	-0.7581  	
-0.4968  	-0.1809  	-0.8575  	-0.3646  	0.03236  	-0.5049  	-0.0087  	-0.1715  	0.00215  	0.12981  	-0.5142  	-0.4220  	0.19716  	-0.0521  	-0.0102  	0.66490  	-0.0758  	0.06976  	0.31697  	0.62998  	-0.0226  	0.36802  	-0.5396  	0.26816  	0.82987  	-0.1926  	0.05372  	0.28068  	0.35473  	0.27978  	-0.1410  	0.15990  	0.09823  	-0.0285  	0.40501  	0.06719  	0.03150  	-0.2432  	-0.1289  	0.46869  	-0.1501  	0.04182  	-0.2168  	0.18933  	0.15861  	-0.0344  	0.03690  	-0.1248  	-0.0412  	-0.0685  	-0.0319  	-0.0185  	-0.0374  	-0.0186  	-0.0228  	-0.0206  	0.01818  	-0.0041  	0.00215  	0.00089  	-0.0019  	-0.0066  	0.02592  	0.01005  	0.08411  	0.01040  	0.00532  	0.01241  	0.03785  	-0.7581  	
-0.4908  	-0.1979  	-0.8421  	-0.4392  	-0.0292  	-0.4736  	-0.0210  	-0.1772  	-0.0058  	0.08822  	-0.4938  	-0.4839  	0.18038  	-0.1739  	-0.0802  	0.71062  	-0.0881  	0.05967  	0.31333  	0.65172  	-0.0631  	0.34066  	-0.5447  	0.29396  	0.84678  	-0.2026  	0.12270  	0.26142  	0.31808  	0.25828  	-0.1490  	0.18062  	0.07567  	-0.0315  	0.43338  	0.11595  	0.03531  	-0.2288  	-0.1392  	0.47111  	-0.1599  	0.05657  	-0.2145  	0.19298  	0.15279  	-0.0382  	0.03410  	-0.1323  	-0.0449  	-0.0602  	-0.0264  	-0.0146  	-0.0275  	-0.0186  	-0.0166  	-0.0240  	0.02471  	-0.0011  	0.00192  	-0.0018  	-0.0036  	-0.0053  	0.02559  	0.01139  	0.08411  	0.01040  	0.00532  	0.01241  	0.03785  	-0.7581  	
-0.4326  	-0.1933  	-0.8352  	-0.4300  	-0.0137  	-0.4913  	-0.0067  	-0.1912  	-0.0193  	0.11595  	-0.4470  	-0.4654  	0.13981  	-0.2186  	-0.1066  	0.75248  	-0.0928  	0.05548  	0.30452  	0.64401  	-0.0670  	0.34719  	-0.5388  	0.30845  	0.85141  	-0.2123  	0.11062  	0.25856  	0.33180  	0.25451  	-0.1486  	0.18172  	0.06420  	-0.0411  	0.44878  	0.14167  	0.04901  	-0.2322  	-0.1427  	0.48851  	-0.1491  	0.04802  	-0.2206  	0.19155  	0.15139  	-0.0343  	0.03640  	-0.1315  	-0.0456  	-0.0596  	-0.0300  	-0.0206  	-0.0285  	-0.0198  	-0.0163  	-0.0228  	0.02133  	-0.0014  	0.00264  	0.00309  	-0.0061  	-0.0039  	0.02766  	0.01314  	0.08411  	0.01040  	0.00532  	0.01241  	0.03785  	-0.7581  	
-0.4289  	-0.1678  	-0.7682  	-0.4495  	-0.0068  	-0.5248  	0.01185  	-0.1974  	0.00899  	0.19828  	-0.3646  	-0.4537  	0.14007  	-0.2043  	-0.1790  	0.79510  	-0.1134  	0.06728  	0.30250  	0.65996  	-0.0665  	0.34509  	-0.5762  	0.28372  	0.82429  	-0.2256  	0.07485  	0.27531  	0.33966  	0.25523  	-0.1606  	0.19573  	0.06880  	-0.0341  	0.46398  	0.13563  	0.05536  	-0.2392  	-0.1437  	0.47479  	-0.1380  	0.04896  	-0.2265  	0.18587  	0.15527  	-0.0324  	0.03345  	-0.1285  	-0.0415  	-0.0583  	-0.0249  	-0.0187  	-0.0262  	-0.0188  	-0.0153  	-0.0211  	0.02135  	-0.0035  	-0.0020  	0.00103  	-0.0030  	-0.0086  	0.02580  	0.01432  	0.08411  	0.01040  	0.00532  	0.01241  	0.03785  	-0.7581  	
-0.4114  	-0.1880  	-0.7695  	-0.4819  	-0.0411  	-0.5054  	0.03233  	-0.2060  	0.01216  	0.17688  	-0.3661  	-0.4728  	0.16144  	-0.2230  	-0.2181  	0.81498  	-0.1161  	0.09784  	0.30116  	0.66860  	-0.0946  	0.32697  	-0.6030  	0.26082  	0.81417  	-0.2233  	0.06412  	0.30529  	0.36614  	0.25387  	-0.1570  	0.18765  	0.06941  	-0.0255  	0.45798  	0.16607  	0.03420  	-0.2296  	-0.1374  	0.49230  	-0.1363  	0.04559  	-0.2266  	0.18547  	0.15104  	-0.0352  	0.03097  	-0.1299  	-0.0377  	-0.0601  	-0.0198  	-0.0192  	-0.0268  	-0.0147  	-0.0153  	-0.0177  	0.01706  	-0.0060  	0.00017  	0.00271  	-0.0029  	-0.0005  	0.02726  	0.01470  	0.08411  	0.01040  	0.00532  	0.01241  	0.03785  	-0.7581  	
-0.4846  	-0.1869  	-0.8244  	-0.5381  	-0.0858  	-0.5335  	0.01786  	-0.2208  	-0.0187  	0.14434  	-0.3946  	-0.5501  	0.15516  	-0.2261  	-0.1823  	0.72940  	-0.0923  	0.07318  	0.31292  	0.62884  	-0.0570  	0.34462  	-0.5535  	0.28390  	0.83109  	-0.2069  	0.07096  	0.29021  	0.36187  	0.25228  	-0.1560  	0.19198  	0.05208  	-0.0396  	0.44199  	0.16093  	0.04844  	-0.2373  	-0.1428  	0.48235  	-0.1307  	0.05072  	-0.2267  	0.18985  	0.15295  	-0.0357  	0.03400  	-0.1421  	-0.0469  	-0.0597  	-0.0267  	-0.0177  	-0.0284  	-0.0181  	-0.0162  	-0.0239  	0.01797  	-0.0040  	0.00524  	0.00210  	-0.0039  	-0.0016  	0.02049  	0.01466  	0.08411  	0.01040  	0.00532  	0.01241  	0.03785  	-0.7581  	
-0.5723  	-0.2081  	-0.8567  	-0.5617  	-0.1125  	-0.5265  	0.00279  	-0.2273  	-0.0289  	0.07118  	-0.4060  	-0.5741  	0.12931  	-0.2234  	-0.1389  	0.67930  	-0.0521  	0.02464  	0.31055  	0.59553  	-0.0111  	0.34133  	-0.5117  	0.30990  	0.84970  	-0.2074  	0.15217  	0.19549  	0.30775  	0.23601  	-0.1555  	0.20059  	0.04775  	-0.0401  	0.45366  	0.12709  	0.10640  	-0.2106  	-0.1694  	0.44724  	-0.1264  	0.04899  	-0.2302  	0.18306  	0.16752  	-0.0381  	0.03893  	-0.1510  	-0.0537  	-0.0541  	-0.0281  	-0.0202  	-0.0285  	-0.0117  	-0.0176  	-0.0237  	0.02143  	-0.0018  	0.00398  	-0.0019  	-0.0041  	-0.0085  	0.02758  	0.01312  	0.08411  	0.01040  	0.00532  	0.01241  	0.03785  	-0.7581  	
-0.5844  	-0.2019  	-0.8467  	-0.5497  	-0.1115  	-0.5427  	-0.0267  	-0.1967  	-0.0236  	0.05147  	-0.3922  	-0.5531  	0.12526  	-0.2036  	-0.0829  	0.66019  	-0.0421  	0.00241  	0.31500  	0.56711  	0.02110  	0.38528  	-0.4631  	0.32526  	0.82588  	-0.2023  	0.16523  	0.14765  	0.27814  	0.24142  	-0.1546  	0.20308  	0.05444  	-0.0430  	0.45231  	0.09390  	0.12861  	-0.1938  	-0.1811  	0.44293  	-0.1392  	0.05136  	-0.2361  	0.18009  	0.15604  	-0.0397  	0.03532  	-0.1485  	-0.0499  	-0.0598  	-0.0346  	-0.0160  	-0.0287  	-0.0110  	-0.0153  	-0.0250  	0.01806  	-0.0044  	0.00307  	0.00027  	-0.0023  	-0.0059  	0.02564  	0.01438  	0.08411  	0.01040  	0.00532  	0.01241  	0.03785  	-0.7581  	
-0.5202  	-0.1878  	-0.8366  	-0.5028  	-0.0668  	-0.5373  	0.00733  	-0.1688  	0.01610  	0.07779  	-0.3895  	-0.5154  	0.15899  	-0.1752  	-0.0964  	0.69829  	-0.0876  	0.02268  	0.29805  	0.60645  	-0.0203  	0.35423  	-0.5237  	0.29500  	0.80044  	-0.1977  	0.11524  	0.22867  	0.32074  	0.23669  	-0.1475  	0.19655  	0.08158  	-0.0356  	0.46766  	0.12376  	0.08392  	-0.2244  	-0.1623  	0.46297  	-0.1336  	0.05373  	-0.2298  	0.17912  	0.15246  	-0.0378  	0.03980  	-0.1353  	-0.0479  	-0.0602  	-0.0294  	-0.0202  	-0.0298  	-0.0169  	-0.0138  	-0.0201  	0.01842  	-0.0037  	0.00011  	0.00392  	-0.0060  	-0.0016  	0.02291  	0.01935  	0.08411  	0.01040  	0.00532  	0.01241  	0.03785  	-0.7581  	
-0.4296  	-0.1725  	-0.7705  	-0.4560  	-0.0311  	-0.5157  	0.04650  	-0.1843  	0.01390  	0.14801  	-0.4069  	-0.4973  	0.18529  	-0.1337  	-0.1489  	0.73757  	-0.1116  	0.04468  	0.30537  	0.64892  	-0.0704  	0.34298  	-0.5691  	0.26818  	0.80165  	-0.2095  	0.09443  	0.28254  	0.34459  	0.25379  	-0.1459  	0.19191  	0.07582  	-0.0281  	0.45298  	0.13904  	0.04636  	-0.2360  	-0.1357  	0.46794  	-0.1375  	0.05371  	-0.2307  	0.18130  	0.14697  	-0.0389  	0.03234  	-0.1274  	-0.0420  	-0.0599  	-0.0275  	-0.0158  	-0.0287  	-0.0189  	-0.0135  	-0.0222  	0.01924  	-0.0045  	-0.0011  	0.00128  	-0.0058  	0.00078  	0.02522  	0.01510  	0.08411  	0.01040  	0.00532  	0.01241  	0.03785  	-0.7581  	
-0.3025  	-0.1502  	-0.7504  	-0.3885  	0.01581  	-0.4125  	0.01525  	-0.1506  	0.01976  	0.13053  	-0.3777  	-0.4867  	0.18019  	-0.0796  	-0.0981  	0.75909  	-0.1043  	0.01051  	0.30119  	0.65893  	0.05537  	0.33094  	-0.5641  	0.33509  	0.77722  	-0.2117  	0.13723  	0.18693  	0.27719  	0.23044  	-0.1658  	0.20734  	0.09190  	-0.0343  	0.53785  	0.10852  	0.11339  	-0.2308  	-0.1739  	0.48586  	-0.1621  	0.04937  	-0.2291  	0.19429  	0.16567  	-0.0331  	0.04025  	-0.1315  	-0.0442  	-0.0565  	-0.0248  	-0.0209  	-0.0283  	-0.0180  	-0.0140  	-0.0215  	0.02057  	-0.0044  	-0.0003  	0.00602  	-0.0075  	-0.0029  	0.02351  	0.01412  	0.08411  	0.01040  	0.00532  	0.01241  	0.03785  	-0.7581  	
-0.1215  	-0.0738  	-0.6305  	-0.3603  	-0.0177  	-0.3624  	0.01759  	-0.0388  	0.04950  	0.06106  	-0.3133  	-0.4072  	0.18981  	0.02538  	-0.0444  	0.87854  	-0.0933  	-0.0418  	0.33495  	0.57450  	0.20105  	0.36968  	-0.5393  	0.41408  	0.81291  	-0.2251  	0.22634  	0.00689  	0.11503  	0.23256  	-0.1570  	0.20362  	0.08234  	-0.0407  	0.57483  	0.02968  	0.22202  	-0.1961  	-0.1908  	0.43575  	-0.1978  	0.06380  	-0.2185  	0.18730  	0.15044  	-0.0310  	0.02552  	-0.1157  	-0.0303  	-0.0506  	-0.0257  	-0.0185  	-0.0265  	-0.0153  	-0.0211  	-0.0092  	0.01691  	-0.0057  	-0.0032  	0.00560  	-0.0093  	0.00237  	0.02756  	0.01068  	0.08411  	0.01040  	0.00532  	0.01241  	0.03785  	-0.7581  	
-0.1760  	-0.0959  	-0.5965  	-0.4728  	-0.0749  	-0.4087  	0.06370  	-0.0209  	0.06700  	0.09557  	-0.2914  	-0.4477  	0.18249  	-0.0001  	-0.0803  	0.82711  	-0.0895  	-0.0328  	0.34140  	0.60904  	0.21671  	0.36701  	-0.5435  	0.36506  	0.85703  	-0.2328  	0.20594  	0.04122  	0.19632  	0.21867  	-0.1601  	0.20750  	0.09230  	-0.0531  	0.54103  	0.05697  	0.18386  	-0.2078  	-0.1655  	0.44152  	-0.1888  	0.06020  	-0.2139  	0.19810  	0.15313  	-0.0365  	0.02500  	-0.1062  	-0.0232  	-0.0613  	-0.0234  	-0.0190  	-0.0302  	-0.0149  	-0.0190  	-0.0122  	0.01507  	-0.0032  	-0.0050  	0.00619  	-0.0050  	-0.0070  	0.02817  	0.01037  	0.08411  	0.01040  	0.00532  	0.01241  	0.03785  	-0.7581  	
-0.2602  	-0.1223  	-0.6861  	-0.2241  	-0.0056  	-0.3884  	0.02775  	-0.1051  	0.05561  	0.13869  	-0.3897  	-0.4282  	0.21731  	0.07441  	0.10888  	0.77803  	-0.0479  	-0.0814  	0.33348  	0.61492  	0.12497  	0.39167  	-0.5892  	0.40663  	0.91173  	-0.2410  	0.29888  	0.00552  	0.18218  	0.29403  	-0.1888  	0.21837  	0.07225  	-0.0325  	0.58370  	0.06272  	0.19307  	-0.2229  	-0.1793  	0.49468  	-0.2504  	0.06008  	-0.2538  	0.20011  	0.15486  	-0.0307  	0.01597  	-0.1157  	-0.0310  	-0.0497  	-0.0120  	-0.0192  	-0.0345  	-0.0081  	-0.0200  	-0.0077  	0.01541  	-0.0099  	0.00481  	0.00868  	-2.9572  	0.00012  	0.03137  	0.00705  	0.08411  	0.01040  	0.00532  	0.01241  	0.03785  	-0.7581  	
-0.1961  	-0.1125  	-0.7620  	-0.0727  	0.15806  	-0.3572  	0.01854  	-0.0882  	0.02148  	0.02302  	-0.6551  	-0.4786  	0.31039  	0.18077  	0.33274  	0.63617  	-0.0843  	-0.0948  	0.30808  	0.51196  	0.05644  	0.41742  	-0.5121  	0.36790  	0.85271  	-0.2346  	0.31042  	0.07872  	0.26273  	0.30383  	-0.1818  	0.18323  	0.08488  	-0.0341  	0.58673  	0.05339  	0.10049  	-0.2537  	-0.1806  	0.46906  	-0.2775  	0.07929  	-0.2535  	0.17188  	0.16335  	-0.0358  	0.02023  	-0.1158  	-0.0295  	-0.0590  	-0.0228  	-0.0233  	-0.0326  	-0.0216  	-0.0203  	-0.0035  	0.01557  	-0.0050  	0.00565  	-0.0015  	0.00189  	0.00068  	0.02059  	0.00403  	0.08411  	0.01040  	0.00532  	0.01241  	0.03785  	-0.7581  	
-0.1925  	-0.0797  	-0.7110  	-0.1383  	0.12674  	-0.3359  	0.06688  	-0.0829  	0.02270  	0.10915  	-0.6684  	-0.5503  	0.31155  	0.24948  	0.34585  	0.59203  	-0.1136  	-0.0520  	0.27373  	0.52731  	0.02588  	0.44899  	-0.5490  	0.34512  	0.93931  	-0.2443  	0.24079  	0.08607  	0.35262  	0.32239  	-0.1719  	0.17441  	0.07406  	-0.0345  	0.55594  	0.06187  	0.06094  	-0.2573  	-0.1311  	0.49616  	-0.2327  	0.09522  	-0.2491  	0.17720  	0.16071  	-0.0297  	0.02427  	-0.1142  	-0.0242  	-0.0694  	-0.0232  	-0.0156  	-0.0285  	-0.0184  	-0.0170  	-0.0106  	0.00845  	-0.0044  	0.00120  	-0.0001  	-0.0039  	0.00240  	0.01854  	0.00463  	0.08411  	0.01040  	0.00532  	0.01241  	0.03785  	-0.7581  	
-0.1533  	-0.0714  	-0.7121  	-0.1069  	0.11938  	-0.2889  	0.05287  	-0.0243  	0.04581  	0.04856  	-0.6344  	-0.5133  	0.28922  	0.23536  	0.27034  	0.67025  	-0.0819  	-0.0694  	0.30837  	0.48702  	0.10385  	0.47377  	-0.5090  	0.35669  	0.95446  	-0.2505  	0.28213  	0.07555  	0.30959  	0.32606  	-0.1885  	0.17670  	0.07275  	-0.0276  	0.55609  	0.04085  	0.11191  	-0.2515  	-0.1428  	0.48552  	-0.2574  	0.08008  	-0.2513  	0.18442  	0.15951  	-0.0329  	0.02279  	-0.1090  	-0.0282  	-0.0631  	-0.0209  	-0.0201  	-0.0289  	-0.0188  	-0.0216  	-0.0057  	0.00836  	-0.0029  	0.00153  	-6.3535  	-0.0046  	0.00163  	0.02063  	0.00438  	0.08411  	0.01040  	0.00532  	0.01241  	0.03785  	-0.7581  	
-0.1639  	-0.0436  	-0.7269  	-0.0270  	0.20807  	-0.3108  	0.07449  	-0.0411  	0.06030  	0.08500  	-0.6855  	-0.4550  	0.31361  	0.28344  	0.28267  	0.67535  	-0.0935  	-0.0558  	0.28760  	0.52978  	0.02292  	0.45534  	-0.5702  	0.34285  	0.97351  	-0.2517  	0.25195  	0.16915  	0.38339  	0.35174  	-0.2080  	0.16801  	0.08051  	-0.0269  	0.52327  	0.06304  	0.04906  	-0.2697  	-0.1001  	0.50034  	-0.2472  	0.07969  	-0.2430  	0.17752  	0.16594  	-0.0312  	0.01675  	-0.1064  	-0.0236  	-0.0612  	-0.0201  	-0.0193  	-0.0281  	-0.0212  	-0.0234  	-0.0057  	0.01170  	-0.0040  	0.00535  	0.00276  	-0.0037  	0.00048  	0.02141  	0.00461  	0.08411  	0.01040  	0.00532  	0.01241  	0.03785  	-0.7581  	
-0.2074  	-0.0720  	-0.7971  	0.08200  	0.24103  	-0.3780  	0.04371  	-0.0452  	0.05304  	0.11719  	-0.6458  	-0.3796  	0.31703  	0.29187  	0.30173  	0.70432  	-0.0979  	-0.0146  	0.27744  	0.59003  	-0.0030  	0.44092  	-0.6028  	0.35842  	0.97499  	-0.2500  	0.19597  	0.19252  	0.38567  	0.33875  	-0.1989  	0.16104  	0.08496  	-0.0324  	0.52974  	0.07399  	0.01679  	-0.2849  	-0.0871  	0.49193  	-0.2600  	0.08381  	-0.2572  	0.16716  	0.16638  	-0.0350  	0.02227  	-0.1165  	-0.0229  	-0.0622  	-0.0224  	-0.0187  	-0.0282  	-0.0205  	-0.0216  	-0.0062  	0.01572  	-0.0060  	0.00646  	0.00745  	-0.0060  	0.00131  	0.02209  	0.00587  	0.08411  	0.01040  	0.00532  	0.01241  	0.03785  	-0.7581  	
-0.3676  	-0.1608  	-0.8820  	0.00717  	0.23721  	-0.5034  	0.04449  	-0.0611  	0.05335  	0.18223  	-0.5157  	-0.3662  	0.29119  	0.27409  	0.27451  	0.69483  	-0.1401  	-0.0165  	0.29991  	0.66018  	0.03341  	0.44570  	-0.6391  	0.39838  	0.84879  	-0.2348  	0.12628  	0.16823  	0.27530  	0.30214  	-0.1479  	0.16810  	0.11810  	-0.0254  	0.60884  	0.03001  	0.08843  	-0.2852  	-0.1634  	0.49273  	-0.2483  	0.07173  	-0.2743  	0.18745  	0.15935  	-0.0249  	0.02385  	-0.1299  	-0.0457  	-0.0567  	-0.0292  	-0.0170  	-0.0369  	-0.0229  	-0.0279  	-0.0192  	0.01112  	-0.0113  	0.00297  	0.00397  	-0.0051  	0.00905  	0.00945  	-0.0019  	0.08411  	0.01040  	0.00532  	0.01241  	0.03785  	-0.7581  	
-0.5989  	-0.2063  	-0.9907  	-0.4043  	0.06737  	-0.7855  	0.03041  	-0.2023  	0.00820  	0.12385  	-0.2967  	-0.3170  	0.21305  	-0.0181  	-0.0871  	0.60782  	-0.1584  	0.10825  	0.29204  	0.70485  	0.01398  	0.35027  	-0.5591  	0.40297  	0.72727  	-0.2220  	0.03339  	0.23283  	0.23728  	0.22560  	-0.1297  	0.15955  	0.09798  	-0.0338  	0.56788  	0.05414  	0.08222  	-0.2372  	-0.1634  	0.47320  	-0.2070  	0.05651  	-0.2891  	0.13724  	0.16086  	-0.0330  	0.01135  	-0.1400  	-0.0346  	-0.0531  	-0.0262  	-0.0151  	-0.0311  	-0.0163  	-0.0227  	-0.0190  	0.01315  	-0.0063  	0.00960  	0.00252  	0.00161  	0.01288  	0.01293  	0.00890  	0.08411  	0.01040  	0.00532  	0.01241  	0.03785  	-0.7581  	
-0.7199  	-0.2139  	-0.9224  	-0.6371  	-0.0224  	-0.7143  	0.02816  	-0.2010  	-0.0199  	0.19711  	-0.2458  	-0.5366  	0.12575  	-0.1792  	-0.1798  	0.61610  	-0.1068  	0.05975  	0.32157  	0.65956  	0.00954  	0.33778  	-0.5642  	0.34907  	0.80402  	-0.1890  	0.13446  	0.19528  	0.24445  	0.23568  	-0.1388  	0.16401  	0.08768  	-0.0282  	0.49768  	0.08466  	0.08848  	-0.2327  	-0.1793  	0.45421  	-0.1795  	0.05572  	-0.2719  	0.17028  	0.16706  	-0.0307  	0.03290  	-0.1701  	-0.0527  	-0.0601  	-0.0282  	-0.0192  	-0.0356  	-0.0145  	-0.0188  	-0.0198  	0.01306  	0.00054  	-0.0078  	0.00498  	-0.0008  	-0.0029  	0.02386  	0.00984  	0.08411  	0.01040  	0.00532  	0.01241  	0.03785  	-0.7581  	
-0.5066  	-0.2434  	-0.8392  	-0.4698  	-0.0501  	-0.5306  	0.01699  	-0.1809  	-0.0054  	0.08446  	-0.4376  	-0.5186  	0.14883  	-0.1742  	-0.1435  	0.71703  	-0.0491  	0.07187  	0.32904  	0.60626  	-0.0554  	0.33727  	-0.5589  	0.31423  	0.86769  	-0.2005  	0.13259  	0.23951  	0.31820  	0.26641  	-0.1552  	0.19553  	0.05845  	-0.0399  	0.42561  	0.11407  	0.06933  	-0.2342  	-0.1632  	0.46813  	-0.1566  	0.04832  	-0.2405  	0.18370  	0.16003  	-0.0354  	0.03340  	-0.1351  	-0.0488  	-0.0568  	-0.0366  	-0.0167  	-0.0309  	-0.0157  	-0.0131  	-0.0218  	0.02262  	-0.0051  	-0.0017  	0.00311  	-0.0054  	-0.0022  	0.02274  	0.01348  	0.08411  	0.01040  	0.00532  	0.01241  	0.03785  	-0.7581  	
-0.4257  	-0.2047  	-0.8101  	-0.3380  	0.03644  	-0.5455  	0.01203  	-0.2237  	-0.0057  	0.15574  	-0.4509  	-0.4422  	0.15597  	-0.2241  	-0.1574  	0.79656  	-0.0967  	0.07471  	0.30672  	0.66576  	-0.0995  	0.35585  	-0.5955  	0.31907  	0.84837  	-0.2168  	0.08899  	0.28881  	0.37312  	0.27267  	-0.1525  	0.18586  	0.05364  	-0.0413  	0.43099  	0.15124  	0.02507  	-0.2566  	-0.1353  	0.49678  	-0.1451  	0.03602  	-0.2270  	0.19054  	0.15974  	-0.0353  	0.03426  	-0.1248  	-0.0388  	-0.0659  	-0.0254  	-0.0223  	-0.0275  	-0.0240  	-0.0165  	-0.0223  	0.02502  	-0.0020  	0.00221  	0.00505  	-0.0052  	-0.0065  	0.02686  	0.01390  	0.08411  	0.01040  	0.00532  	0.01241  	0.03785  	-0.7581  	
-0.3944  	-0.2035  	-0.7880  	-0.3074  	0.10163  	-0.5637  	0.03976  	-0.2170  	-0.0110  	0.23941  	-0.4078  	-0.4199  	0.14848  	-0.1904  	-0.2087  	0.85378  	-0.1404  	0.09494  	0.30242  	0.67696  	-0.1570  	0.37779  	-0.6547  	0.31429  	0.91850  	-0.2264  	0.12871  	0.32119  	0.42219  	0.30457  	-0.1764  	0.19760  	0.04904  	-0.0336  	0.45017  	0.20018  	0.01097  	-0.2445  	-0.1300  	0.49319  	-0.1594  	0.05233  	-0.2164  	0.20035  	0.15281  	-0.0369  	0.02355  	-0.1107  	-0.0282  	-0.0698  	-0.0183  	-0.0248  	-0.0269  	-0.0187  	-0.0137  	-0.0167  	0.02314  	-0.0036  	0.00458  	0.00622  	-0.0070  	-0.0090  	0.02706  	0.01612  	0.08411  	0.01040  	0.00532  	0.01241  	0.03785  	-0.7581  	
-0.4102  	-0.2191  	-0.7982  	-0.3164  	0.08835  	-0.5193  	0.04001  	-0.2451  	-0.0069  	0.21799  	-0.4683  	-0.4696  	0.16932  	-0.1991  	-0.2103  	0.84712  	-0.1334  	0.07346  	0.30935  	0.63848  	-0.1515  	0.38334  	-0.6430  	0.32474  	0.95358  	-0.2236  	0.17298  	0.31766  	0.42225  	0.32477  	-0.1777  	0.20674  	0.03107  	-0.0299  	0.44861  	0.21973  	0.00970  	-0.2384  	-0.1301  	0.49805  	-0.1621  	0.06444  	-0.2193  	0.19606  	0.15391  	-0.0376  	0.02048  	-0.1104  	-0.0313  	-0.0703  	-0.0111  	-0.0218  	-0.0260  	-0.0125  	-0.0148  	-0.0167  	0.02279  	-0.0079  	0.00880  	0.00553  	-0.0089  	-0.0111  	0.02743  	0.01625  	0.08411  	0.01040  	0.00532  	0.01241  	0.03785  	-0.7581  	
-0.4786  	-0.2225  	-0.8670  	-0.4713  	-0.0030  	-0.5262  	0.02596  	-0.2445  	-0.0210  	0.14227  	-0.4969  	-0.5477  	0.17262  	-0.2218  	-0.1696  	0.74176  	-0.0987  	0.09189  	0.31414  	0.61173  	-0.0950  	0.37690  	-0.5698  	0.30663  	0.92541  	-0.2219  	0.15269  	0.31053  	0.40421  	0.29758  	-0.1620  	0.19974  	0.02324  	-0.0403  	0.43245  	0.18341  	0.03062  	-0.2416  	-0.1322  	0.48760  	-0.1407  	0.05580  	-0.2278  	0.19854  	0.15128  	-0.0351  	0.03120  	-0.1317  	-0.0428  	-0.0666  	-0.0214  	-0.0196  	-0.0284  	-0.0123  	-0.0144  	-0.0187  	0.02389  	-0.0051  	0.00627  	0.00468  	-0.0082  	-0.0072  	0.02257  	0.01295  	0.08411  	0.01040  	0.00532  	0.01241  	0.03785  	-0.7581  	
-0.5789  	-0.2325  	-0.8883  	-0.4087  	0.01702  	-0.5789  	-0.0242  	-0.1784  	-0.0668  	0.10505  	-0.4886  	-0.5300  	0.20416  	-0.2131  	-0.1104  	0.64803  	-0.0131  	-0.0678  	0.35457  	0.39267  	-0.0332  	0.19494  	-0.7337  	0.38254  	0.87575  	-0.1551  	0.17105  	0.18849  	0.41181  	0.26002  	-0.0927  	0.15929  	-0.0529  	-0.1799  	0.42581  	0.15898  	-0.0273  	-0.2367  	-0.2407  	0.44381  	-0.1260  	0.14868  	-0.3228  	0.24823  	0.11823  	-0.0236  	0.01779  	-0.1322  	-0.0581  	-0.0708  	-0.0163  	-0.0125  	-0.0326  	-0.0081  	-0.0099  	-0.0236  	0.02623  	-0.0090  	0.00582  	0.00711  	-0.0086  	-0.0133  	0.01035  	0.01362  	0.08411  	0.01040  	0.00532  	0.01241  	0.03785  	-0.7581  	
-0.5387  	-0.1928  	-0.8481  	-0.3925  	-0.0248  	-0.5579  	-0.0919  	-0.0571  	-0.0316  	-0.0078  	-0.3776  	-0.4738  	0.21541  	-0.2061  	0.10376  	0.56457  	0.06935  	-0.2294  	0.40948  	0.24914  	0.20015  	0.03956  	-0.8105  	0.38901  	0.72047  	-0.0923  	0.20891  	-0.0076  	0.31518  	0.22413  	-0.0074  	0.14809  	-0.0759  	-0.2701  	0.46693  	0.01952  	0.03697  	-0.2244  	-0.3352  	0.34271  	-0.1005  	0.22040  	-0.4122  	0.28698  	0.09540  	-0.0042  	0.00265  	-0.1284  	-0.0719  	-0.0753  	-0.0233  	-0.0115  	-0.0328  	0.00297  	-0.0118  	-0.0254  	0.01890  	-0.0119  	0.00969  	0.01477  	-0.0024  	-0.0103  	0.00312  	0.01513  	0.08411  	0.01040  	0.00532  	0.01241  	0.03785  	-0.7581  	
-0.2770  	-0.0584  	-0.6085  	-0.2873  	0.05552  	-0.3926  	-0.0432  	0.04536  	0.01930  	0.00283  	-0.4517  	-0.4216  	0.31024  	0.02042  	0.25256  	0.63771  	0.06683  	-0.2931  	0.41698  	0.19191  	0.29739  	0.05589  	-0.8592  	0.44636  	0.68855  	-0.0699  	0.22964  	-0.0978  	0.27264  	0.19168  	0.00329  	0.14191  	-0.0449  	-0.2951  	0.49619  	-0.0141  	0.05837  	-0.2220  	-0.3595  	0.34576  	-0.1021  	0.25766  	-0.4125  	0.30135  	0.06330  	-0.0020  	-0.0063  	-0.0951  	-0.0586  	-0.0814  	-0.0255  	-0.0146  	-0.0294  	0.00571  	-0.0120  	-0.0130  	0.01143  	-0.0271  	0.00151  	0.01726  	0.00849  	0.00023  	-0.0070  	0.01116  	0.08411  	0.01040  	0.00532  	0.01241  	0.03785  	-0.7581  	
-0.1270  	-0.0607  	-0.5450  	-0.3734  	-0.0707  	-0.4140  	-0.0314  	0.07024  	0.03901  	0.00895  	-0.3173  	-0.4185  	0.26209  	0.00013  	0.14811  	0.72227  	0.03439  	-0.2667  	0.41344  	0.22257  	0.33481  	0.08416  	-0.8061  	0.38185  	0.69602  	-0.0898  	0.20906  	-0.1194  	0.25769  	0.21310  	0.00416  	0.15288  	-0.0116  	-0.2566  	0.49656  	-0.0248  	0.12165  	-0.1915  	-0.3457  	0.30205  	-0.1051  	0.22654  	-0.3833  	0.28383  	0.08457  	-0.0062  	-0.0043  	-0.0924  	-0.0540  	-0.0737  	-0.0224  	-0.0121  	-0.0226  	0.00522  	-0.0134  	-0.0095  	-0.0001  	-0.0230  	-0.0027  	0.02048  	0.00255  	-0.0060  	0.00174  	0.00935  	0.08411  	0.01040  	0.00532  	0.01241  	0.03785  	-0.7581  	
-0.1047  	-0.0634  	-0.5929  	-0.2420  	0.02264  	-0.3897  	0.00660  	0.00709  	0.07563  	0.03833  	-0.4689  	-0.4846  	0.28216  	0.06111  	0.18326  	0.72326  	-0.0006  	-0.2048  	0.37450  	0.33261  	0.25186  	0.23356  	-0.6894  	0.39195  	0.78942  	-0.1552  	0.25996  	-0.0689  	0.24760  	0.25780  	-0.0827  	0.17621  	0.02394  	-0.1605  	0.52015  	-0.0055  	0.13605  	-0.2110  	-0.2683  	0.37332  	-0.1599  	0.16101  	-0.3096  	0.23903  	0.11369  	-0.0206  	0.00843  	-0.0940  	-0.0376  	-0.0634  	-0.0208  	-0.0177  	-0.0255  	0.00023  	-0.0126  	-0.0111  	0.01108  	-0.0114  	0.00018  	0.00929  	0.00164  	-0.0101  	0.01309  	0.00981  	0.08411  	0.01040  	0.00532  	0.01241  	0.03785  	-0.7581  	
-0.0993  	-0.0738  	-0.6136  	-0.2119  	0.07236  	-0.3184  	0.08728  	-0.0765  	0.05188  	0.10314  	-0.6513  	-0.5789  	0.31314  	0.24177  	0.28016  	0.59683  	-0.0706  	-0.0534  	0.29824  	0.49242  	0.06952  	0.48265  	-0.5156  	0.36863  	0.90679  	-0.2437  	0.25704  	0.01966  	0.31255  	0.30292  	-0.1749  	0.19652  	0.08346  	-0.0414  	0.51714  	0.04073  	0.11585  	-0.2343  	-0.1446  	0.49037  	-0.2039  	0.07580  	-0.2382  	0.18442  	0.15169  	-0.0334  	0.01658  	-0.0955  	-0.0201  	-0.0604  	-0.0241  	-0.0216  	-0.0287  	-0.0185  	-0.0179  	-0.0070  	0.00998  	-0.0063  	0.00138  	0.00449  	0.00036  	-0.0018  	0.02050  	0.00817  	0.08411  	0.01040  	0.00532  	0.01241  	0.03785  	-0.7581  	
-0.1407  	-0.0839  	-0.6898  	-0.1645  	0.10159  	-0.2764  	0.07465  	-0.0563  	0.05668  	0.05896  	-0.6602  	-0.5147  	0.31802  	0.20404  	0.15343  	0.65580  	-0.0538  	-0.0360  	0.28950  	0.51824  	0.05915  	0.44280  	-0.5166  	0.35611  	0.91918  	-0.2345  	0.23866  	0.07662  	0.30322  	0.31168  	-0.1671  	0.17456  	0.07453  	-0.0392  	0.51062  	0.04651  	0.09435  	-0.2426  	-0.1299  	0.48499  	-0.2034  	0.06818  	-0.2210  	0.19046  	0.15143  	-0.0311  	0.01884  	-0.0973  	-0.0197  	-0.0587  	-0.0323  	-0.0209  	-0.0330  	-0.0213  	-0.0190  	-0.0072  	0.01551  	-0.0052  	-0.0071  	-0.0041  	-0.0041  	0.00739  	0.02231  	0.00361  	0.08411  	0.01040  	0.00532  	0.01241  	0.03785  	-0.7581  	
-0.3711  	-0.1258  	-0.7378  	-0.4659  	-0.0485  	-0.5678  	0.03950  	-0.1365  	0.02505  	0.14364  	-0.3979  	-0.5190  	0.28322  	0.09925  	-0.0472  	0.61635  	-0.1168  	0.02489  	0.29179  	0.61073  	0.06295  	0.37508  	-0.5952  	0.34948  	0.85825  	-0.2246  	0.13087  	0.10475  	0.22259  	0.23090  	-0.1350  	0.15757  	0.11353  	-0.0479  	0.50899  	0.07117  	0.13374  	-0.2255  	-0.1654  	0.48287  	-0.1650  	0.05964  	-0.2274  	0.17077  	0.15467  	-0.0383  	0.02033  	-0.1248  	-0.0308  	-0.0703  	-0.0232  	-0.0216  	-0.0344  	-0.0181  	-0.0200  	-0.0104  	0.01608  	-0.0044  	-0.0042  	0.00414  	-0.0083  	0.00788  	0.01043  	0.01605  	0.08411  	0.01040  	0.00532  	0.01241  	0.03785  	-0.7581  	
-0.7350  	-0.2457  	-0.9724  	-0.5850  	-0.0292  	-0.7580  	0.04835  	-0.2119  	0.01092  	0.13782  	-0.2225  	-0.5235  	0.15987  	-0.1225  	-0.1676  	0.64267  	-0.1129  	0.02319  	0.30037  	0.65669  	0.05456  	0.32709  	-0.5493  	0.38579  	0.82719  	-0.2026  	0.12188  	0.15127  	0.26759  	0.23729  	-0.1222  	0.16675  	0.11674  	-0.0403  	0.49960  	0.07049  	0.12500  	-0.2307  	-0.1826  	0.45464  	-0.1711  	0.06325  	-0.2658  	0.17471  	0.17564  	-0.0347  	0.03996  	-0.1518  	-0.0516  	-0.0557  	-0.0366  	-0.0180  	-0.0294  	-0.0099  	-0.0195  	-0.0202  	0.01974  	-0.0038  	0.00237  	0.00843  	0.00114  	0.00673  	0.01653  	0.01111  	0.08411  	0.01040  	0.00532  	0.01241  	0.03785  	-0.7581  	
-0.7871  	-0.2980  	-1.0146  	-0.6306  	-0.0633  	-0.7804  	-0.0200  	-0.2075  	0.00099  	0.16931  	-0.1896  	-0.4771  	0.15583  	-0.1586  	-0.1718  	0.61773  	-0.0780  	0.01506  	0.28905  	0.67768  	0.07013  	0.31819  	-0.5108  	0.33108  	0.75129  	-0.1877  	0.09470  	0.19977  	0.23835  	0.22329  	-0.1215  	0.15335  	0.09790  	-0.0449  	0.50442  	0.06892  	0.10387  	-0.2253  	-0.1759  	0.43021  	-0.1875  	0.05933  	-0.2627  	0.16178  	0.16461  	-0.0372  	0.04313  	-0.1521  	-0.0515  	-0.0621  	-0.0348  	-0.0197  	-0.0358  	-0.0188  	-0.0222  	-0.0235  	0.01327  	3.10448  	-0.0077  	-0.0015  	-0.0010  	-0.0023  	0.02778  	0.01478  	0.08411  	0.01040  	0.00532  	0.01241  	0.03785  	-0.7581  	
-0.7802  	-0.2785  	-1.0051  	-0.6428  	-0.0850  	-0.7939  	-0.0479  	-0.1895  	-0.0081  	0.19439  	-0.1974  	-0.4661  	0.15931  	-0.1324  	-0.2224  	0.61549  	-0.0683  	0.03246  	0.31081  	0.66381  	0.08591  	0.32444  	-0.5055  	0.31388  	0.74751  	-0.1889  	0.06343  	0.18701  	0.24631  	0.21944  	-0.1184  	0.15497  	0.09610  	-0.0475  	0.47862  	0.07237  	0.08980  	-0.2334  	-0.1528  	0.43167  	-0.1774  	0.05821  	-0.2586  	0.15934  	0.16169  	-0.0289  	0.03803  	-0.1507  	-0.0529  	-0.0581  	-0.0309  	-0.0210  	-0.0356  	-0.0208  	-0.0234  	-0.0199  	0.01435  	0.00196  	-0.0023  	0.00331  	-0.0001  	0.00176  	0.02339  	0.01072  	0.08411  	0.01040  	0.00532  	0.01241  	0.03785  	-0.7581  	
-0.7010  	-0.2550  	-0.9118  	-0.6870  	-0.1202  	-0.7266  	-0.0165  	-0.1489  	0.00328  	0.16830  	-0.2140  	-0.5210  	0.12141  	-0.1653  	-0.2453  	0.59267  	-0.0433  	0.01868  	0.30761  	0.65159  	0.06511  	0.31633  	-0.5244  	0.34641  	0.82914  	-0.1986  	0.09626  	0.15662  	0.24302  	0.20565  	-0.1458  	0.16148  	0.08100  	-0.0586  	0.45026  	0.08735  	0.11280  	-0.2320  	-0.1458  	0.43170  	-0.1699  	0.05277  	-0.2542  	0.17535  	0.16597  	-0.0307  	0.03647  	-0.1488  	-0.0505  	-0.0560  	-0.0366  	-0.0209  	-0.0338  	-0.0198  	-0.0219  	-0.0227  	0.01552  	-0.0005  	-0.0019  	-0.0004  	-0.0030  	-0.0002  	0.02139  	0.01359  	0.08411  	0.01040  	0.00532  	0.01241  	0.03785  	-0.7581  	
-0.5369  	-0.1623  	-0.8208  	-0.4462  	-0.0085  	-0.5385  	-0.0107  	-0.0522  	0.03132  	0.09345  	-0.2979  	-0.3860  	0.25088  	0.05625  	0.04102  	0.66399  	-0.0903  	0.00108  	0.29307  	0.63689  	0.16849  	0.30546  	-0.5480  	0.42755  	0.72356  	-0.1878  	0.17491  	0.16112  	0.15202  	0.20581  	-0.1111  	0.16920  	0.12050  	-0.0375  	0.51065  	0.00867  	0.13204  	-0.2301  	-0.1554  	0.45287  	-0.1916  	0.06445  	-0.2382  	0.15564  	0.16957  	-0.0355  	0.03767  	-0.1424  	-0.0487  	-0.0438  	-0.0405  	-0.0181  	-0.0478  	-0.0231  	-0.0243  	-0.0314  	0.00404  	-0.0042  	-0.0056  	-0.0095  	0.00150  	0.01316  	0.02107  	0.01516  	0.08411  	0.01040  	0.00532  	0.01241  	0.03785  	-0.7581  	
-0.2178  	-0.1283  	-0.6952  	-0.2485  	0.05753  	-0.4002  	0.04074  	-0.1103  	0.05754  	0.12203  	-0.6115  	-0.4328  	0.32101  	0.18402  	0.24255  	0.61183  	-0.0740  	-0.0278  	0.28201  	0.59464  	0.06176  	0.41844  	-0.5321  	0.33950  	0.75976  	-0.2057  	0.12706  	0.10845  	0.27009  	0.28125  	-0.1254  	0.18137  	0.11270  	-0.0311  	0.47099  	0.01649  	0.09254  	-0.2469  	-0.1437  	0.50081  	-0.1694  	0.05283  	-0.2372  	0.19406  	0.15864  	-0.0376  	0.03730  	-0.1123  	-0.0387  	-0.0585  	-0.0367  	-0.0178  	-0.0358  	-0.0184  	-0.0229  	-0.0179  	0.00341  	-0.0116  	-0.0003  	0.00069  	0.00230  	0.00676  	0.00805  	0.00374  	0.08411  	0.01040  	0.00532  	0.01241  	0.03785  	-0.7581  	
-0.0980  	-0.0952  	-0.6646  	-0.0883  	0.07992  	-0.2834  	0.07301  	-0.0704  	0.07001  	0.06513  	-0.7142  	-0.5847  	0.33873  	0.21539  	0.25542  	0.63074  	-0.0564  	-0.0835  	0.28384  	0.48258  	0.06036  	0.48007  	-0.4835  	0.35553  	0.93421  	-0.2280  	0.23764  	0.04297  	0.31847  	0.33249  	-0.1572  	0.17872  	0.06167  	-0.0312  	0.48700  	0.03455  	0.10744  	-0.2413  	-0.1085  	0.47954  	-0.1884  	0.06667  	-0.2140  	0.19553  	0.15237  	-0.0317  	0.01610  	-0.0918  	-0.0192  	-0.0643  	-0.0319  	-0.0163  	-0.0306  	-0.0147  	-0.0132  	-0.0056  	0.00377  	-0.0078  	-0.0025  	0.00518  	-0.0015  	-0.0006  	0.01836  	0.00625  	0.08411  	0.01040  	0.00532  	0.01241  	0.03785  	-0.7581  	
-0.1426  	-0.0524  	-0.6724  	-0.2419  	0.07577  	-0.3409  	0.07742  	-0.0939  	0.03187  	0.16113  	-0.7297  	-0.6766  	0.31778  	0.23460  	0.28453  	0.56645  	-0.0735  	-0.0835  	0.29542  	0.43266  	0.02702  	0.50602  	-0.5089  	0.38735  	0.99555  	-0.2433  	0.34101  	0.00820  	0.33278  	0.34363  	-0.1587  	0.19209  	0.04171  	-0.0405  	0.50372  	0.06304  	0.09741  	-0.2509  	-0.1286  	0.50872  	-0.2232  	0.06103  	-0.2291  	0.19900  	0.14559  	-0.0358  	0.01442  	-0.0933  	-0.0196  	-0.0602  	-0.0287  	-0.0191  	-0.0296  	-0.0182  	-0.0167  	-0.0091  	0.00510  	-0.0105  	-0.0017  	0.01062  	0.00263  	-0.0002  	0.02160  	0.00630  	0.08411  	0.01040  	0.00532  	0.01241  	0.03785  	-0.7581  	
-0.2734  	-0.0649  	-0.8262  	-0.0936  	0.14997  	-0.4972  	0.06316  	-0.0706  	0.02283  	0.09980  	-0.6410  	-0.5549  	0.27138  	0.25097  	0.28975  	0.56185  	-0.0793  	-0.0622  	0.26766  	0.56591  	0.02476  	0.48421  	-0.6078  	0.43740  	1.03228  	-0.2421  	0.32877  	0.11259  	0.35562  	0.34988  	-0.1924  	0.17422  	0.04908  	-0.0395  	0.57567  	0.06256  	0.07693  	-0.2713  	-0.1599  	0.49576  	-0.2874  	0.08250  	-0.2722  	0.18343  	0.15980  	-0.0346  	0.02492  	-0.1038  	-0.0218  	-0.0644  	-0.0264  	-0.0248  	-0.0402  	-0.0242  	-0.0242  	-0.0179  	0.01703  	-0.0055  	0.00692  	0.00196  	-0.0119  	0.00143  	0.01713  	0.00444  	0.08411  	0.01040  	0.00532  	0.01241  	0.03785  	-0.7581  	
-0.3174  	-0.1149  	-0.9103  	0.12357  	0.30119  	-0.4574  	0.05609  	-0.1092  	0.02454  	0.04448  	-0.6203  	-0.4091  	0.29416  	0.27962  	0.32600  	0.63122  	-0.0846  	-0.0753  	0.26134  	0.60003  	-0.0298  	0.42956  	-0.6457  	0.40098  	0.97144  	-0.2339  	0.25297  	0.21291  	0.37218  	0.35746  	-0.2242  	0.18425  	0.07599  	-0.0121  	0.60024  	0.06251  	0.02699  	-0.2779  	-0.1335  	0.50867  	-0.2791  	0.09937  	-0.2743  	0.15772  	0.16752  	-0.0317  	0.03127  	-0.1233  	-0.0385  	-0.0553  	-0.0172  	-0.0212  	-0.0323  	-0.0172  	-0.0243  	-0.0072  	0.02128  	-0.0073  	0.00702  	-9.6049  	-0.0045  	0.00348  	0.01867  	0.00063  	0.08411  	0.01040  	0.00532  	0.01241  	0.03785  	-0.7581  	
-0.2971  	-0.1027  	-0.9027  	0.23417  	0.36040  	-0.3904  	0.02412  	-0.0792  	0.03889  	0.00647  	-0.7218  	-0.3785  	0.34379  	0.33341  	0.39139  	0.61870  	-0.1088  	-0.0475  	0.26522  	0.64435  	-0.0900  	0.41356  	-0.6933  	0.37040  	0.92776  	-0.2273  	0.14961  	0.29962  	0.43302  	0.37248  	-0.2065  	0.16539  	0.08434  	-0.0102  	0.56846  	0.06460  	-0.0286  	-0.2851  	-0.0996  	0.52831  	-0.2580  	0.07859  	-0.2584  	0.17105  	0.16672  	-0.0331  	0.02733  	-0.1345  	-0.0332  	-0.0566  	-0.0242  	-0.0259  	-0.0355  	-0.0244  	-0.0232  	-0.0139  	0.02202  	-0.0050  	0.00478  	0.00597  	-0.0044  	0.00358  	0.01184  	0.00167  	0.08411  	0.01040  	0.00532  	0.01241  	0.03785  	-0.7581  	
-0.3915  	-0.1539  	-0.8771  	-0.0867  	0.24584  	-0.5465  	0.02502  	-0.1320  	0.01610  	0.11313  	-0.5933  	-0.3665  	0.29499  	0.16434  	0.15869  	0.69737  	-0.1256  	-0.0032  	0.27883  	0.64305  	-0.0183  	0.41090  	-0.6480  	0.35372  	0.86300  	-0.2256  	0.14696  	0.24084  	0.36805  	0.31423  	-0.1854  	0.15179  	0.08730  	-0.0090  	0.53119  	0.07551  	0.02526  	-0.2818  	-0.1409  	0.50913  	-0.2353  	0.07510  	-0.2692  	0.17262  	0.15826  	-0.0351  	0.03351  	-0.1170  	-0.0338  	-0.0701  	-0.0397  	-0.0228  	-0.0298  	-0.0137  	-0.0205  	-0.0174  	0.01810  	-0.0112  	0.01097  	0.00111  	-0.0030  	0.00077  	0.01182  	0.00886  	0.08411  	0.01040  	0.00532  	0.01241  	0.03785  	-0.7581  	
-0.5426  	-0.1962  	-0.8672  	-0.5459  	0.00922  	-0.6090  	0.03639  	-0.1957  	0.00100  	0.14991  	-0.3748  	-0.4521  	0.18269  	-0.0912  	-0.1016  	0.64879  	-0.1053  	0.07887  	0.29696  	0.66322  	0.01669  	0.33493  	-0.5299  	0.34955  	0.77977  	-0.2129  	0.09642  	0.24585  	0.27632  	0.22332  	-0.1375  	0.17178  	0.10127  	-0.0330  	0.48453  	0.07734  	0.07401  	-0.2440  	-0.1777  	0.47323  	-0.1705  	0.05119  	-0.2444  	0.18172  	0.15739  	-0.0322  	0.04087  	-0.1316  	-0.0472  	-0.0500  	-0.0310  	-0.0240  	-0.0287  	-0.0199  	-0.0194  	-0.0278  	0.02677  	-0.0025  	-0.0004  	0.00167  	-0.0007  	-0.0008  	0.01778  	0.00948  	0.08411  	0.01040  	0.00532  	0.01241  	0.03785  	-0.7581  	
-0.5674  	-0.2206  	-0.8510  	-0.5871  	-0.1057  	-0.5600  	-0.0020  	-0.2303  	-0.0183  	0.13440  	-0.3568  	-0.5427  	0.15875  	-0.1812  	-0.1057  	0.61638  	-0.0611  	0.05006  	0.31197  	0.63896  	0.02543  	0.36446  	-0.4802  	0.32647  	0.81081  	-0.1908  	0.09991  	0.15897  	0.28887  	0.24718  	-0.1185  	0.17471  	0.07180  	-0.0386  	0.42364  	0.07950  	0.09636  	-0.2234  	-0.1598  	0.47558  	-0.1339  	0.04727  	-0.2383  	0.17787  	0.16629  	-0.0329  	0.03877  	-0.1465  	-0.0575  	-0.0527  	-0.0364  	-0.0178  	-0.0328  	-0.0151  	-0.0168  	-0.0259  	0.01511  	-0.0046  	9.80803  	0.00696  	-0.0028  	-0.0058  	0.02286  	0.01371  	0.08411  	0.01040  	0.00532  	0.01241  	0.03785  	-0.7581  	
-0.4537  	-0.1712  	-0.8058  	-0.4419  	-0.0692  	-0.5290  	-0.0128  	-0.2034  	-0.0152  	0.10865  	-0.3964  	-0.4936  	0.15413  	-0.1591  	-0.1174  	0.67309  	-0.0734  	0.03962  	0.31785  	0.59747  	0.02244  	0.36106  	-0.4948  	0.32460  	0.80949  	-0.2017  	0.12604  	0.16615  	0.29386  	0.24593  	-0.1434  	0.19779  	0.07802  	-0.0396  	0.45230  	0.08952  	0.11353  	-0.2262  	-0.1686  	0.46915  	-0.1458  	0.04057  	-0.2284  	0.20206  	0.16291  	-0.0412  	0.03467  	-0.1382  	-0.0475  	-0.0624  	-0.0385  	-0.0179  	-0.0298  	-0.0163  	-0.0190  	-0.0204  	0.01013  	-0.0053  	0.00225  	0.00209  	-0.0018  	-0.0029  	0.01839  	0.01156  	0.08411  	0.01040  	0.00532  	0.01241  	0.03785  	-0.7581  	
-0.3945  	-0.1351  	-0.7602  	-0.4341  	-0.0351  	-0.5357  	-0.0034  	-0.1845  	0.03018  	0.18618  	-0.3543  	-0.4462  	0.16363  	-0.1196  	-0.1821  	0.78216  	-0.0972  	0.06501  	0.31442  	0.64298  	-0.0411  	0.33962  	-0.5664  	0.27956  	0.79533  	-0.2221  	0.03638  	0.24356  	0.32008  	0.24101  	-0.1580  	0.18721  	0.09379  	-0.0316  	0.47383  	0.10961  	0.07370  	-0.2445  	-0.1330  	0.47283  	-0.1422  	0.03916  	-0.2133  	0.18146  	0.15741  	-0.0347  	0.03643  	-0.1222  	-0.0418  	-0.0548  	-0.0251  	-0.0218  	-0.0328  	-0.0201  	-0.0152  	-0.0186  	0.01809  	-0.0048  	-0.0033  	0.00050  	-0.0055  	-0.0009  	0.02305  	0.01422  	0.08411  	0.01040  	0.00532  	0.01241  	0.03785  	-0.7581  	
-0.2990  	-0.1423  	-0.7166  	-0.3076  	0.03650  	-0.4729  	0.00054  	-0.1021  	0.00336  	0.13404  	-0.3740  	-0.4203  	0.22465  	-0.1273  	-0.0731  	0.75720  	-0.0520  	-0.0825  	0.38762  	0.47280  	0.07018  	0.19074  	-0.8270  	0.33482  	0.81384  	-0.1678  	0.16057  	0.16108  	0.33512  	0.24736  	-0.1011  	0.17389  	0.01928  	-0.1555  	0.46625  	0.09667  	0.04325  	-0.2334  	-0.2520  	0.41694  	-0.1230  	0.14586  	-0.3202  	0.24525  	0.12435  	-0.0241  	0.01380  	-0.1099  	-0.0460  	-0.0727  	-0.0195  	-0.0147  	-0.0306  	-0.0041  	-0.0157  	-0.0210  	0.01569  	-0.0142  	-0.0004  	0.01082  	-0.0060  	-0.0093  	0.01235  	0.00904  	0.08411  	0.01040  	0.00532  	0.01241  	0.03785  	-0.7581  	
-0.2421  	-0.1203  	-0.6644  	-0.1752  	0.08409  	-0.4452  	-0.0189  	-0.0197  	0.02194  	0.07612  	-0.4382  	-0.3880  	0.28748  	-0.0676  	0.04185  	0.72533  	0.01488  	-0.2245  	0.40845  	0.27563  	0.15702  	0.07626  	-0.9208  	0.34503  	0.83590  	-0.1100  	0.20661  	0.05086  	0.40304  	0.26217  	-0.0341  	0.13386  	-0.0559  	-0.2583  	0.43810  	0.05243  	0.00203  	-0.2417  	-0.2883  	0.34478  	-0.1055  	0.24585  	-0.3810  	0.28582  	0.08010  	-0.0154  	-0.0092  	-0.0893  	-0.0521  	-0.0792  	-0.0118  	-0.0147  	-0.0293  	0.00288  	-0.0086  	-0.0172  	0.01566  	-0.0205  	0.00610  	0.01100  	-0.0032  	-0.0134  	0.00891  	0.01319  	0.08411  	0.01040  	0.00532  	0.01241  	0.03785  	-0.7581  	
-0.2263  	-0.0823  	-0.7115  	-0.0018  	0.16250  	-0.3832  	0.00026  	0.00603  	0.01534  	0.03769  	-0.5345  	-0.3604  	0.35980  	0.07013  	0.24647  	0.66433  	0.04166  	-0.2600  	0.41185  	0.23421  	0.16155  	0.07985  	-0.9673  	0.33419  	0.81962  	-0.1017  	0.20504  	0.04040  	0.46695  	0.28336  	-0.0478  	0.10607  	-0.0541  	-0.2761  	0.42849  	0.03256  	-0.0669  	-0.2596  	-0.2849  	0.36157  	-0.1086  	0.26418  	-0.4128  	0.28761  	0.08488  	-0.0081  	-0.0121  	-0.0884  	-0.0546  	-0.0832  	-0.0124  	-0.0141  	-0.0290  	0.00316  	-0.0079  	-0.0122  	0.01172  	-0.0223  	0.00629  	0.01227  	0.00330  	-0.0084  	-0.0020  	0.01001  	0.08411  	0.01040  	0.00532  	0.01241  	0.03785  	-0.7581  	
-0.2356  	-0.1011  	-0.7133  	0.00329  	0.17748  	-0.4004  	-0.0049  	-0.0073  	0.02574  	0.05332  	-0.5148  	-0.3330  	0.34083  	0.06830  	0.25166  	0.68402  	0.01312  	-0.2140  	0.39105  	0.26250  	0.15816  	0.12809  	-0.9253  	0.36372  	0.79120  	-0.1062  	0.16185  	0.04703  	0.41143  	0.26695  	-0.0285  	0.12090  	-0.0348  	-0.2519  	0.45212  	0.01179  	-0.0248  	-0.2468  	-0.2747  	0.37534  	-0.1114  	0.21939  	-0.3941  	0.29171  	0.07840  	-0.0083  	-0.0054  	-0.0930  	-0.0536  	-0.0801  	-0.0217  	-0.0154  	-0.0241  	0.00388  	-0.0071  	-0.0206  	0.00951  	-0.0219  	0.00620  	0.01784  	0.00513  	-0.0120  	-0.0005  	0.01310  	0.08411  	0.01040  	0.00532  	0.01241  	0.03785  	-0.7581  	
-0.4102  	-0.1726  	-0.8398  	-0.2378  	0.13701  	-0.5999  	0.01384  	-0.1185  	0.00597  	0.13155  	-0.4461  	-0.3377  	0.26718  	0.01241  	0.08508  	0.64619  	-0.0626  	-0.0702  	0.34071  	0.46963  	0.07794  	0.22567  	-0.7676  	0.37104  	0.77240  	-0.1372  	0.09790  	0.13671  	0.36363  	0.25217  	-0.0661  	0.12450  	0.01775  	-0.1450  	0.46554  	0.05563  	0.00824  	-0.2474  	-0.2282  	0.41421  	-0.1347  	0.15576  	-0.3322  	0.22973  	0.11109  	-0.0172  	0.02043  	-0.1080  	-0.0551  	-0.0725  	-0.0219  	-0.0206  	-0.0291  	-0.0065  	-0.0180  	-0.0161  	0.02159  	-0.0101  	0.00113  	0.00753  	0.00159  	0.00183  	0.00934  	0.00816  	0.08411  	0.01040  	0.00532  	0.01241  	0.03785  	-0.7581  	
-0.5991  	-0.1740  	-0.8869  	-0.5705  	-0.0213  	-0.6447  	0.01213  	-0.2168  	-0.0300  	0.17692  	-0.3726  	-0.4760  	0.17001  	-0.1180  	-0.1675  	0.64026  	-0.1063  	0.09404  	0.31857  	0.67746  	-0.0172  	0.33630  	-0.5491  	0.33207  	0.82995  	-0.2038  	0.09821  	0.23132  	0.30550  	0.23028  	-0.1244  	0.15816  	0.07350  	-0.0370  	0.43469  	0.12120  	0.05885  	-0.2478  	-0.1286  	0.47827  	-0.1657  	0.05745  	-0.2403  	0.17271  	0.15470  	-0.0316  	0.03482  	-0.1353  	-0.0495  	-0.0571  	-0.0308  	-0.0192  	-0.0333  	-0.0184  	-0.0141  	-0.0265  	0.01711  	-0.0063  	0.00368  	0.00286  	-0.0019  	0.00207  	0.02311  	0.01289  	0.08411  	0.01040  	0.00532  	0.01241  	0.03785  	-0.7581  	
-0.6957  	-0.2304  	-0.9038  	-0.6339  	-0.0932  	-0.6312  	0.02135  	-0.2316  	-0.0442  	0.14614  	-0.3296  	-0.5699  	0.13773  	-0.2179  	-0.2681  	0.61702  	-0.0664  	0.07585  	0.30777  	0.64081  	-0.0298  	0.33417  	-0.5091  	0.29486  	0.83898  	-0.1883  	0.09519  	0.23366  	0.33804  	0.23196  	-0.1215  	0.16633  	0.05132  	-0.0376  	0.41167  	0.13106  	0.07303  	-0.2340  	-0.1382  	0.44851  	-0.1205  	0.03998  	-0.2393  	0.18062  	0.16525  	-0.0427  	0.03628  	-0.1459  	-0.0611  	-0.0606  	-0.0328  	-0.0169  	-0.0312  	-0.0196  	-0.0166  	-0.0243  	0.01978  	-0.0031  	-5.4135  	-4.7386  	0.00180  	-0.0005  	0.03000  	0.01492  	0.08411  	0.01040  	0.00532  	0.01241  	0.03785  	-0.7581  	
-0.7104  	-0.2384  	-0.9065  	-0.6837  	-0.1436  	-0.6493  	-0.0011  	-0.2356  	-0.0361  	0.14170  	-0.3151  	-0.5830  	0.12227  	-0.2532  	-0.2401  	0.63873  	-0.0464  	0.04073  	0.32441  	0.59558  	-0.0151  	0.34919  	-0.4747  	0.29349  	0.83942  	-0.1878  	0.11763  	0.19874  	0.32092  	0.23449  	-0.1206  	0.16846  	0.05619  	-0.0466  	0.40290  	0.11376  	0.08802  	-0.2221  	-0.1555  	0.43667  	-0.1226  	0.04230  	-0.2304  	0.19441  	0.16328  	-0.0420  	0.03813  	-0.1431  	-0.0569  	-0.0620  	-0.0391  	-0.0196  	-0.0326  	-0.0157  	-0.0180  	-0.0227  	0.01443  	-0.0032  	-0.0015  	-0.0026  	0.00190  	0.00166  	0.02725  	0.01544  	0.08411  	0.01040  	0.00532  	0.01241  	0.03785  	-0.7581  	
-0.6787  	-0.2271  	-0.8690  	-0.5948  	-0.1206  	-0.6104  	-0.0048  	-0.2266  	-0.0008  	0.11861  	-0.3714  	-0.5347  	0.13683  	-0.2305  	-0.1956  	0.67176  	-0.0460  	0.03448  	0.30721  	0.59789  	-0.0355  	0.36213  	-0.4783  	0.29215  	0.81336  	-0.1739  	0.11065  	0.24859  	0.33152  	0.23236  	-0.1193  	0.17996  	0.06447  	-0.0392  	0.38268  	0.11616  	0.06568  	-0.2402  	-0.1476  	0.45203  	-0.1246  	0.04209  	-0.2236  	0.18524  	0.16258  	-0.0391  	0.03422  	-0.1402  	-0.0525  	-0.0596  	-0.0363  	-0.0187  	-0.0274  	-0.0162  	-0.0150  	-0.0254  	0.01250  	-0.0027  	0.00199  	0.00366  	-0.0012  	0.00348  	0.02639  	0.01807  	0.08411  	0.01040  	0.00532  	0.01241  	0.03785  	-0.7581  	
-0.4969  	-0.1937  	-0.8336  	-0.4762  	-0.0220  	-0.5570  	0.01204  	-0.1920  	0.00046  	0.15050  	-0.4230  	-0.4764  	0.15519  	-0.2093  	-0.1573  	0.74172  	-0.0870  	0.04499  	0.31211  	0.63661  	-0.0641  	0.33758  	-0.5498  	0.28952  	0.80778  	-0.2034  	0.08400  	0.26574  	0.32953  	0.23309  	-0.1412  	0.18436  	0.06544  	-0.0417  	0.42737  	0.13322  	0.05709  	-0.2446  	-0.1555  	0.47986  	-0.1223  	0.03953  	-0.2239  	0.19017  	0.15545  	-0.0354  	0.03502  	-0.1317  	-0.0440  	-0.0620  	-0.0301  	-0.0226  	-0.0284  	-0.0178  	-0.0174  	-0.0247  	0.02248  	-0.0046  	-0.0003  	0.00084  	-0.0036  	0.00154  	0.02533  	0.01741  	0.08411  	0.01040  	0.00532  	0.01241  	0.03785  	-0.7581  	
-0.4407  	-0.1924  	-0.7703  	-0.4647  	-0.0284  	-0.5409  	0.02559  	-0.1967  	0.00019  	0.18120  	-0.3746  	-0.5064  	0.15503  	-0.2106  	-0.2093  	0.79925  	-0.1278  	0.08164  	0.30915  	0.65669  	-0.0726  	0.35770  	-0.6108  	0.29886  	0.85297  	-0.2122  	0.10952  	0.27073  	0.33326  	0.25256  	-0.1540  	0.19556  	0.07013  	-0.0334  	0.46755  	0.15744  	0.05418  	-0.2442  	-0.1560  	0.48213  	-0.1548  	0.05443  	-0.2244  	0.18918  	0.15583  	-0.0362  	0.03059  	-0.1301  	-0.0430  	-0.0607  	-0.0202  	-0.0224  	-0.0285  	-0.0209  	-0.0144  	-0.0220  	0.02156  	-0.0017  	0.00157  	0.00172  	-0.0061  	-0.0057  	0.02399  	0.01490  	0.08411  	0.01040  	0.00532  	0.01241  	0.03785  	-0.7581  	
-0.5247  	-0.2083  	-0.8353  	-0.4649  	-0.0261  	-0.5576  	0.01331  	-0.2219  	-0.0240  	0.11400  	-0.4053  	-0.5323  	0.10769  	-0.2336  	-0.1698  	0.76083  	-0.0821  	0.03107  	0.32446  	0.60602  	-0.0472  	0.35247  	-0.5698  	0.33418  	0.88500  	-0.2232  	0.17311  	0.25272  	0.31293  	0.27328  	-0.1718  	0.21790  	0.04731  	-0.0497  	0.46980  	0.17777  	0.09708  	-0.2357  	-0.1572  	0.48016  	-0.1635  	0.04646  	-0.2336  	0.20055  	0.15948  	-0.0365  	0.02735  	-0.1364  	-0.0478  	-0.0578  	-0.0256  	-0.0176  	-0.0268  	-0.0218  	-0.0171  	-0.0208  	0.01699  	-0.0007  	-0.0001  	0.00390  	-0.0038  	-0.0068  	0.02765  	0.01661  	0.08411  	0.01040  	0.00532  	0.01241  	0.03785  	-0.7581  	
-0.5041  	-0.2019  	-0.8839  	-0.3458  	0.02217  	-0.4864  	-0.0074  	-0.1801  	-0.0066  	0.03771  	-0.4744  	-0.5047  	0.16097  	-0.1215  	-0.0237  	0.67583  	-0.0613  	-0.0154  	0.32764  	0.59265  	0.02732  	0.37288  	-0.5170  	0.40321  	0.89056  	-0.2166  	0.23590  	0.15657  	0.25012  	0.27332  	-0.1668  	0.20719  	0.04444  	-0.0546  	0.52684  	0.12398  	0.13330  	-0.2216  	-0.1948  	0.45375  	-0.1970  	0.06057  	-0.2564  	0.18745  	0.16134  	-0.0405  	0.03045  	-0.1394  	-0.0457  	-0.0601  	-0.0255  	-0.0203  	-0.0317  	-0.0151  	-0.0190  	-0.0182  	0.02274  	-0.0013  	0.00188  	0.00256  	-0.0051  	-0.0069  	0.02343  	0.01302  	0.08411  	0.01040  	0.00532  	0.01241  	0.03785  	-0.7581  	
-0.3311  	-0.1371  	-0.7702  	-0.3631  	-0.0202  	-0.4326  	0.00358  	-0.1209  	0.01765  	0.05812  	-0.4637  	-0.5018  	0.21232  	0.00114  	0.11469  	0.65724  	-0.0503  	-0.0182  	0.31203  	0.52351  	0.12869  	0.40386  	-0.5067  	0.39599  	0.84013  	-0.2206  	0.22919  	0.04215  	0.20255  	0.24695  	-0.1491  	0.21530  	0.07242  	-0.0468  	0.55386  	0.05175  	0.17971  	-0.2081  	-0.2009  	0.44754  	-0.1921  	0.06277  	-0.2374  	0.17299  	0.15623  	-0.0295  	0.03396  	-0.1413  	-0.0466  	-0.0608  	-0.0388  	-0.0168  	-0.0312  	-0.0177  	-0.0207  	-0.0143  	0.01297  	-0.0032  	0.00504  	0.00047  	-0.0009  	0.00488  	0.01641  	0.00814  	0.08411  	0.01040  	0.00532  	0.01241  	0.03785  	-0.7581  	
-0.4273  	-0.1466  	-0.8150  	-0.4012  	-0.0222  	-0.4950  	0.01383  	-0.1549  	0.02464  	0.09073  	-0.4727  	-0.4819  	0.23865  	-0.0239  	-0.0140  	0.69074  	-0.0694  	0.04774  	0.30346  	0.58933  	-0.0246  	0.39546  	-0.5217  	0.29145  	0.79654  	-0.2007  	0.04889  	0.22739  	0.35271  	0.24360  	-0.1383  	0.16589  	0.10629  	-0.0590  	0.43765  	0.06789  	0.02420  	-0.2482  	-0.1158  	0.48370  	-0.1484  	0.04362  	-0.2197  	0.17489  	0.14935  	-0.0346  	0.03299  	-0.1311  	-0.0429  	-0.0595  	-0.0317  	-0.0191  	-0.0342  	-0.0205  	-0.0155  	-0.0203  	0.01523  	-0.0072  	0.00622  	-0.0013  	-0.0001  	0.00722  	0.01667  	0.00911  	0.08411  	0.01040  	0.00532  	0.01241  	0.03785  	-0.7581  	
-0.6361  	-0.2060  	-0.8743  	-0.6051  	-0.0765  	-0.6419  	0.02623  	-0.2101  	0.00348  	0.19081  	-0.3086  	-0.5267  	0.21099  	-0.0655  	-0.1840  	0.63865  	-0.0767  	0.02417  	0.28985  	0.66186  	-0.0541  	0.33233  	-0.5492  	0.30928  	0.84098  	-0.1986  	0.05940  	0.22844  	0.31990  	0.24797  	-0.1174  	0.16591  	0.09506  	-0.0361  	0.44137  	0.1272  	0.03374  	-0.2504  	-0.1515  	0.46415  	-0.1329  	0.04939  	-0.2328  	0.17419  	0.16234  	-0.0349  	0.03682  	-0.1440  	-0.0399  	-0.0612  	-0.0342  	-0.0220  	-0.0353  	-0.0205  	-0.0176  	-0.0287  	0.01396  	1.55952  	-0.0053  	-0.0019  	-0.0015  	0.00457  	0.03200  	0.01776  	0.08411  	0.01040  	0.00532  	0.01241  	0.03785  	-0.7581  	
-0.7705  	-0.2638  	-0.9973  	-0.5597  	-0.0341  	-0.7571  	-0.0020  	-0.2109  	-0.0037  	0.13777  	-0.2498  	-0.5140  	0.14660  	-0.1623  	-0.1712  	0.63827  	-0.0965  	0.01497  	0.29964  	0.66911  	0.01594  	0.33568  	-0.5480  	0.35670  	0.82472  	-0.1975  	0.11793  	0.20490  	0.31619  	0.24260  	-0.1362  	0.15976  	0.08284  	-0.0424  	0.50059  	0.10558  	0.08280  	-0.2350  	-0.1633  	0.46658  	-0.1700  	0.06445  	-0.2595  	0.16231  	0.16953  	-0.0362  	0.04398  	-0.1548  	-0.0568  	-0.0574  	-0.0376  	-0.0162  	-0.0309  	-0.0138  	-0.0175  	-0.0246  	0.02159  	-0.0016  	2.09185  	0.00627  	-0.0047  	0.00282  	0.02008  	0.01230  	0.08411  	0.01040  	0.00532  	0.01241  	0.03785  	-0.7581  	
-0.7537  	-0.2824  	-1.0042  	-0.6077  	-0.0729  	-0.7613  	-0.0315  	-0.1890  	0.00787  	0.14685  	-0.2318  	-0.4849  	0.15625  	-0.1518  	-0.1658  	0.61251  	-0.0768  	0.01848  	0.30676  	0.67677  	0.06154  	0.32277  	-0.5202  	0.32631  	0.76534  	-0.1872  	0.10344  	0.20691  	0.25353  	0.22622  	-0.1361  	0.15964  	0.08703  	-0.0424  	0.50177  	0.08077  	0.09920  	-0.2239  	-0.1733  	0.44236  	-0.1783  	0.05515  	-0.2583  	0.16251  	0.16175  	-0.0357  	0.04582  	-0.1482  	-0.0531  	-0.0606  	-0.0355  	-0.0204  	-0.0346  	-0.0166  	-0.0226  	-0.0230  	0.01613  	-0.0005  	-0.0066  	0.00304  	-0.0034  	-0.0061  	0.02674  	0.01374  	0.08411  	0.01040  	0.00532  	0.01241  	0.03785  	-0.7581  	
-0.7595  	-0.2678  	-0.9904  	-0.6338  	-0.0824  	-0.7606  	-0.0356  	-0.1842  	-0.0085  	0.17978  	-0.2181  	-0.4775  	0.15940  	-0.1378  	-0.2183  	0.61709  	-0.0633  	0.04184  	0.31444  	0.65693  	0.06848  	0.33790  	-0.5153  	0.31138  	0.76195  	-0.1910  	0.06094  	0.20064  	0.25764  	0.21990  	-0.1298  	0.15745  	0.08871  	-0.0494  	0.46266  	0.08730  	0.08576  	-0.2297  	-0.1485  	0.42909  	-0.1722  	0.05463  	-0.2563  	0.15417  	0.16415  	-0.0295  	0.03614  	-0.1483  	-0.0550  	-0.0587  	-0.0343  	-0.0189  	-0.0350  	-0.0194  	-0.0228  	-0.0223  	0.01527  	0.00057  	-0.0017  	0.00294  	0.00020  	0.00061  	0.02569  	0.01226  	0.08411  	0.01040  	0.00532  	0.01241  	0.03785  	-0.7581  	
-0.7049  	-0.2460  	-0.9101  	-0.7001  	-0.1367  	-0.7060  	0.01080  	-0.1679  	0.00136  	0.17367  	-0.2443  	-0.5483  	0.12625  	-0.1825  	-0.2445  	0.58567  	-0.0411  	0.00623  	0.30736  	0.64035  	0.05339  	0.33895  	-0.5086  	0.33604  	0.83260  	-0.1935  	0.09887  	0.16715  	0.26793  	0.20700  	-0.1481  	0.16602  	0.07533  	-0.0524  	0.43484  	0.09718  	0.10620  	-0.2286  	-0.1409  	0.43081  	-0.1513  	0.05056  	-0.2474  	0.17989  	0.16726  	-0.0322  	0.03614  	-0.1458  	-0.0512  	-0.0561  	-0.0394  	-0.0198  	-0.0303  	-0.0175  	-0.0186  	-0.0249  	0.01601  	0.00062  	-4.7273  	0.00052  	-0.0018  	-0.0003  	0.01990  	0.01383  	0.08411  	0.01040  	0.00532  	0.01241  	0.03785  	-0.7581  	
-0.3891  	-0.1235  	-0.7875  	-0.4191  	-0.0175  	-0.4664  	0.02681  	-0.1072  	0.05577  	0.12033  	-0.4657  	-0.4415  	0.27559  	0.05357  	0.06726  	0.62019  	-0.1034  	0.00444  	0.28785  	0.59519  	0.07324  	0.37235  	-0.5322  	0.36093  	0.77047  	-0.1964  	0.15374  	0.11205  	0.21551  	0.24091  	-0.1053  	0.17316  	0.11427  	-0.0364  	0.48767  	0.00926  	0.10488  	-0.2488  	-0.1276  	0.47029  	-0.1669  	0.05415  	-0.2375  	0.17890  	0.16084  	-0.0306  	0.03119  	-0.1224  	-0.0467  	-0.0469  	-0.0247  	-0.0205  	-0.0395  	-0.0181  	-0.0232  	-0.0137  	0.00971  	-0.0041  	0.00380  	0.00381  	0.00431  	0.00341  	0.01668  	0.00875  	0.08411  	0.01040  	0.00532  	0.01241  	0.03785  	-0.7581  	
-0.1810  	-0.1204  	-0.6890  	-0.2161  	0.05485  	-0.3432  	0.05683  	-0.0812  	0.05764  	0.05135  	-0.6069  	-0.4688  	0.30342  	0.18326  	0.26420  	0.64294  	-0.0609  	-0.0156  	0.28018  	0.56702  	0.07579  	0.43461  	-0.5027  	0.36131  	0.82449  	-0.2066  	0.14412  	0.08236  	0.27198  	0.27934  	-0.1318  	0.18193  	0.10249  	-0.0281  	0.48006  	0.01848  	0.11276  	-0.2353  	-0.1304  	0.49404  	-0.1758  	0.05633  	-0.2203  	0.19341  	0.15305  	-0.0320  	0.03011  	-0.1018  	-0.0336  	-0.0646  	-0.0362  	-0.0187  	-0.0316  	-0.0183  	-0.0225  	-0.0096  	0.00562  	-0.0091  	-0.0024  	-0.0006  	0.00017  	0.01083  	0.01574  	0.00474  	0.08411  	0.01040  	0.00532  	0.01241  	0.03785  	-0.7581  	
-0.0984  	-0.0938  	-0.6369  	-0.1512  	0.06213  	-0.2857  	0.06181  	-0.0625  	0.06561  	0.09826  	-0.6858  	-0.5867  	0.33913  	0.21849  	0.25014  	0.61608  	-0.0719  	-0.0558  	0.30152  	0.48637  	0.05491  	0.46870  	-0.4719  	0.34382  	0.93310  	-0.2289  	0.24472  	0.03590  	0.31612  	0.31569  	-0.1501  	0.17904  	0.07310  	-0.0324  	0.49162  	0.03411  	0.11220  	-0.2357  	-0.1165  	0.48050  	-0.1948  	0.06316  	-0.2109  	0.20047  	0.14727  	-0.0335  	0.01452  	-0.0911  	-0.0188  	-0.0677  	-0.0309  	-0.0182  	-0.0307  	-0.0171  	-0.0149  	-0.0036  	0.00608  	-0.0080  	-0.0023  	0.00511  	0.00134  	0.00147  	0.01655  	0.00463  	0.08411  	0.01040  	0.00532  	0.01241  	0.03785  	-0.7581  	
-0.1248  	-0.0578  	-0.6421  	-0.3021  	0.04912  	-0.3659  	0.09388  	-0.0833  	0.03088  	0.19156  	-0.6635  	-0.6665  	0.30830  	0.21472  	0.24862  	0.57442  	-0.0884  	-0.0512  	0.30336  	0.45511  	0.06670  	0.49860  	-0.5117  	0.40286  	0.99083  	-0.2474  	0.32444  	-0.0061  	0.29856  	0.31962  	-0.1538  	0.19252  	0.03964  	-0.0526  	0.51678  	0.06210  	0.12191  	-0.2440  	-0.1380  	0.50913  	-0.2175  	0.06540  	-0.2297  	0.20194  	0.14533  	-0.0341  	0.01246  	-0.0977  	-0.0226  	-0.0591  	-0.0209  	-0.0168  	-0.0308  	-0.0219  	-0.0176  	-0.0091  	0.00382  	-0.0090  	0.00085  	0.00785  	-0.0033  	-0.0005  	0.01597  	0.00443  	0.08411  	0.01040  	0.00532  	0.01241  	0.03785  	-0.7581  	
-0.2819  	-0.0668  	-0.7924  	-0.1756  	0.10418  	-0.5145  	0.07555  	-0.0838  	0.01503  	0.11481  	-0.6221  	-0.5938  	0.27806  	0.21554  	0.23382  	0.55714  	-0.0842  	-0.0719  	0.27294  	0.55399  	0.03504  	0.47904  	-0.5903  	0.45778  	1.02335  	-0.2447  	0.36471  	0.07567  	0.31535  	0.34259  	-0.1873  	0.18098  	0.04643  	-0.0437  	0.57309  	0.06439  	0.10066  	-0.2621  	-0.1653  	0.49795  	-0.2662  	0.08457  	-0.2664  	0.18919  	0.15922  	-0.0352  	0.02176  	-0.1060  	-0.0256  	-0.0659  	-0.0256  	-0.0243  	-0.0403  	-0.0239  	-0.0248  	-0.0201  	0.01797  	-0.0050  	0.00665  	-0.0009  	-0.0110  	-4.2048  	0.01664  	0.00206  	0.08411  	0.01040  	0.00532  	0.01241  	0.03785  	-0.7581  	
-0.3289  	-0.1258  	-0.8891  	0.23390  	0.36189  	-0.4176  	0.04876  	-0.1012  	0.02341  	0.05551  	-0.6677  	-0.3740  	0.31973  	0.30842  	0.35815  	0.64244  	-0.0926  	-0.0811  	0.27104  	0.59617  	-0.0497  	0.44310  	-0.6417  	0.40025  	0.94333  	-0.2317  	0.23964  	0.21590  	0.36685  	0.35874  	-0.2167  	0.18590  	0.08696  	-0.0183  	0.60400  	0.06164  	0.01440  	-0.2779  	-0.1330  	0.51198  	-0.2825  	0.10426  	-0.2778  	0.15827  	0.16974  	-0.0359  	0.03037  	-0.1354  	-0.0373  	-0.0543  	-0.0248  	-0.0207  	-0.0335  	-0.0175  	-0.0218  	-0.0135  	0.02690  	-0.0071  	0.00503  	0.00141  	-0.0063  	0.00764  	0.02121  	0.00308  	0.08411  	0.01040  	0.00532  	0.01241  	0.03785  	-0.7581  	
-0.3219  	-0.1128  	-0.8904  	0.11576  	0.33800  	-0.3869  	0.01815  	-0.0959  	0.01544  	0.04947  	-0.6955  	-0.3560  	0.34430  	0.25471  	0.29971  	0.68164  	-0.0996  	-0.0472  	0.26322  	0.63321  	-0.0448  	0.45038  	-0.6441  	0.36344  	0.89347  	-0.2205  	0.16233  	0.26350  	0.37512  	0.35147  	-0.1860  	0.16852  	0.09425  	-0.0024  	0.56020  	0.07441  	0.00122  	-0.2782  	-0.1094  	0.48037  	-0.2474  	0.08383  	-0.2527  	0.16002  	0.16087  	-0.0324  	0.03064  	-0.1232  	-0.0351  	-0.0631  	-0.0327  	-0.0215  	-0.0321  	-0.0225  	-0.0218  	-0.0191  	0.02251  	-0.0026  	0.00681  	-0.0016  	-0.0053  	-0.0004  	0.01855  	0.00324  	0.08411  	0.01040  	0.00532  	0.01241  	0.03785  	-0.7581  	
-0.4415  	-0.1508  	-0.8648  	-0.2501  	0.15308  	-0.5828  	0.00042  	-0.1157  	-0.0038  	0.09924  	-0.5130  	-0.3520  	0.27140  	-0.0162  	0.10316  	0.64758  	-0.0410  	-0.0727  	0.35017  	0.45208  	0.04331  	0.22674  	-0.7820  	0.36405  	0.77601  	-0.1328  	0.11242  	0.17471  	0.41101  	0.26456  	-0.0858  	0.12608  	0.01977  	-0.1348  	0.45131  	0.06304  	-0.0267  	-0.2532  	-0.2280  	0.43235  	-0.1584  	0.15894  	-0.3323  	0.23812  	0.11452  	-0.0195  	0.01869  	-0.1051  	-0.0483  	-0.0773  	-0.0276  	-0.0200  	-0.0334  	-0.0035  	-0.0160  	-0.0177  	0.01624  	-0.0114  	0.00828  	0.00711  	0.00058  	-0.0061  	0.00066  	0.00579  	0.08411  	0.01040  	0.00532  	0.01241  	0.03785  	-0.7581  	
-0.5075  	-0.1675  	-0.7693  	-0.5165  	-0.0156  	-0.5709  	-0.0322  	-0.1101  	-0.0126  	0.06088  	-0.3862  	-0.4940  	0.23346  	-0.2163  	-0.0224  	0.59556  	0.04853  	-0.1591  	0.40383  	0.28964  	0.13579  	0.05929  	-0.8355  	0.35384  	0.72976  	-0.0723  	0.10933  	0.07492  	0.38603  	0.21672  	-0.0064  	0.11686  	-0.0418  	-0.2532  	0.38418  	0.03319  	-0.0225  	-0.2347  	-0.3299  	0.36519  	-0.0658  	0.21978  	-0.3902  	0.29448  	0.08570  	-0.0105  	0.00894  	-0.1212  	-0.0598  	-0.0736  	-0.0218  	-0.0147  	-0.0279  	0.00643  	-0.0091  	-0.0257  	0.01568  	-0.0244  	0.00499  	0.01766  	0.00090  	-0.0096  	0.00156  	0.01516  	0.08411  	0.01040  	0.00532  	0.01241  	0.03785  	-0.7581  	
-0.5059  	-0.1765  	-0.7853  	-0.3999  	-0.0495  	-0.5148  	-0.0770  	-0.0919  	-0.0180  	0.01716  	-0.4314  	-0.4712  	0.22431  	-0.2319  	0.05111  	0.56335  	0.07951  	-0.2261  	0.42024  	0.20901  	0.14130  	0.04942  	-0.8359  	0.32452  	0.72173  	-0.0515  	0.12898  	0.02374  	0.37898  	0.22860  	0.02617  	0.11079  	-0.0723  	-0.2791  	0.34512  	0.03128  	-0.0145  	-0.2259  	-0.3289  	0.32917  	-0.0368  	0.23521  	-0.3941  	0.30480  	0.07362  	-0.0063  	0.00404  	-0.1176  	-0.0716  	-0.0736  	-0.0267  	-0.0089  	-0.0303  	0.00557  	-0.0115  	-0.0261  	0.01150  	-0.0172  	0.00102  	0.00840  	0.00354  	-0.0083  	0.00387  	0.01429  	0.08411  	0.01040  	0.00532  	0.01241  	0.03785  	-0.7581  	
-0.4755  	-0.1209  	-0.7737  	-0.4054  	-0.0154  	-0.5804  	-0.0353  	-0.1073  	-0.0135  	0.09379  	-0.4245  	-0.4362  	0.25634  	-0.1239  	-0.0126  	0.61510  	0.02323  	-0.1448  	0.41094  	0.28045  	0.01129  	0.08878  	-0.8670  	0.25095  	0.71664  	-0.0637  	0.00971  	0.18033  	0.51632  	0.22160  	0.01020  	0.10541  	-0.0309  	-0.2512  	0.30340  	0.06370  	-0.0903  	-0.2524  	-0.2660  	0.38047  	-0.0044  	0.20792  	-0.3614  	0.29238  	0.06864  	-0.0048  	0.00480  	-0.0975  	-0.0639  	-0.0688  	-0.0264  	-0.0145  	-0.0336  	0.00554  	-0.0055  	-0.0252  	0.00862  	-0.0248  	0.00114  	0.01275  	0.00274  	0.00020  	-0.0026  	0.01351  	0.08411  	0.01040  	0.00532  	0.01241  	0.03785  	-0.7581  	
-0.6280  	-0.1982  	-0.8366  	-0.5762  	-0.0665  	-0.6439  	-0.0173  	-0.1713  	-0.0116  	0.16064  	-0.3550  	-0.4919  	0.25074  	-0.1173  	-0.1469  	0.59061  	-0.0200  	-0.0764  	0.35162  	0.46861  	-0.0172  	0.17688  	-0.7137  	0.29467  	0.78240  	-0.1217  	0.02765  	0.19402  	0.41463  	0.23233  	-0.0348  	0.12811  	0.02633  	-0.1522  	0.35789  	0.09538  	-0.0393  	-0.2526  	-0.2232  	0.42045  	-0.0600  	0.13665  	-0.3051  	0.24117  	0.11749  	-0.0198  	0.01778  	-0.1267  	-0.0531  	-0.0668  	-0.0265  	-0.0187  	-0.0344  	-0.0090  	-0.0132  	-0.0262  	0.01107  	-0.0109  	-0.0019  	0.00548  	0.00341  	0.00075  	0.01500  	0.01726  	0.08411  	0.01040  	0.00532  	0.01241  	0.03785  	-0.7581  	
-0.7710  	-0.2599  	-0.9853  	-0.5434  	-0.0349  	-0.7355  	0.00148  	-0.1990  	-0.0091  	0.14613  	-0.2564  	-0.4973  	0.14827  	-0.1399  	-0.1771  	0.62409  	-0.0895  	0.01594  	0.29877  	0.65901  	0.00712  	0.34355  	-0.5539  	0.36329  	0.81883  	-0.1945  	0.11778  	0.20475  	0.32096  	0.24045  	-0.1416  	0.15970  	0.07760  	-0.0399  	0.49195  	0.11237  	0.06956  	-0.2404  	-0.1528  	0.46800  	-0.1669  	0.06507  	-0.2508  	0.16300  	0.16817  	-0.0337  	0.04342  	-0.1548  	-0.0540  	-0.0554  	-0.0368  	-0.0171  	-0.0318  	-0.0126  	-0.0187  	-0.0260  	0.01792  	-0.0047  	0.00153  	0.00524  	-0.0052  	0.00322  	0.02035  	0.01214  	0.08411  	0.01040  	0.00532  	0.01241  	0.03785  	-0.7581  	
-0.7523  	-0.2651  	-0.9926  	-0.5706  	-0.0518  	-0.7405  	-0.0229  	-0.1942  	0.00299  	0.14011  	-0.2500  	-0.4639  	0.15396  	-0.1541  	-0.1639  	0.61229  	-0.0856  	0.02421  	0.29876  	0.66809  	0.02101  	0.34369  	-0.5345  	0.33809  	0.77463  	-0.1916  	0.09605  	0.21862  	0.29275  	0.22417  	-0.1427  	0.15975  	0.07591  	-0.0324  	0.48542  	0.10103  	0.07091  	-0.2327  	-0.1600  	0.46253  	-0.1721  	0.05979  	-0.2513  	0.16360  	0.16140  	-0.0368  	0.04746  	-0.1477  	-0.0516  	-0.0587  	-0.0354  	-0.0175  	-0.0328  	-0.0131  	-0.0194  	-0.0248  	0.01842  	-0.0045  	-0.0043  	0.00412  	-0.0053  	-0.0060  	0.02576  	0.01382  	0.08411  	0.01040  	0.00532  	0.01241  	0.03785  	-0.7581  	
-0.7277  	-0.2512  	-0.9851  	-0.5730  	-0.0450  	-0.7347  	-0.0290  	-0.1919  	-0.0056  	0.16488  	-0.2388  	-0.4520  	0.16605  	-0.1317  	-0.1929  	0.62908  	-0.0732  	0.05011  	0.29717  	0.67325  	0.04227  	0.34446  	-0.5519  	0.33074  	0.76921  	-0.1974  	0.06597  	0.22553  	0.28474  	0.22004  	-0.1289  	0.16049  	0.08677  	-0.0453  	0.45907  	0.09984  	0.05914  	-0.2429  	-0.1421  	0.44449  	-0.1791  	0.06239  	-0.2498  	0.15449  	0.16285  	-0.0336  	0.04117  	-0.1466  	-0.0521  	-0.0538  	-0.0311  	-0.0180  	-0.0332  	-0.0162  	-0.0192  	-0.0243  	0.01921  	-0.0024  	1.22657  	0.00193  	-0.0032  	0.00060  	0.02296  	0.01306  	0.08411  	0.01040  	0.00532  	0.01241  	0.03785  	-0.7581  	
-0.6935  	-0.2355  	-0.9427  	-0.5593  	-0.0477  	-0.6799  	-0.0114  	-0.1693  	0.00288  	0.15341  	-0.2798  	-0.4657  	0.15887  	-0.1427  	-0.1676  	0.60759  	-0.0673  	0.03962  	0.30873  	0.66359  	0.03480  	0.33081  	-0.5297  	0.32097  	0.78255  	-0.1969  	0.05335  	0.23285  	0.29912  	0.22018  	-0.1416  	0.16507  	0.09077  	-0.0409  	0.44040  	0.09052  	0.06279  	-0.2388  	-0.1360  	0.44418  	-0.1525  	0.04652  	-0.2446  	0.17020  	0.16265  	-0.0314  	0.03799  	-0.1452  	-0.0523  	-0.0552  	-0.0383  	-0.0191  	-0.0281  	-0.0183  	-0.0192  	-0.0275  	0.01599  	-0.0007  	1.51544  	0.00137  	-0.0011  	0.00111  	0.01846  	0.01301  	0.08411  	0.01040  	0.00532  	0.01241  	0.03785  	-0.7581  	
-0.7122  	-0.2383  	-0.9246  	-0.6168  	-0.0875  	-0.6683  	0.00736  	-0.1847  	-0.0003  	0.17155  	-0.2934  	-0.5057  	0.15176  	-0.1704  	-0.2035  	0.59917  	-0.0593  	0.03328  	0.31138  	0.65516  	0.00972  	0.33880  	-0.5084  	0.30583  	0.80474  	-0.1943  	0.05628  	0.23234  	0.31644  	0.22029  	-0.1398  	0.16585  	0.07906  	-0.0393  	0.42082  	0.10577  	0.06340  	-0.2364  	-0.1290  	0.43807  	-0.1387  	0.04458  	-0.2325  	0.17940  	0.16417  	-0.0329  	0.03621  	-0.1416  	-0.0501  	-0.0561  	-0.0405  	-0.0190  	-0.0281  	-0.0166  	-0.0170  	-0.0283  	0.01574  	-0.0005  	0.00010  	0.00130  	-0.0006  	0.00188  	0.02144  	0.01460  	0.08411  	0.01040  	0.00532  	0.01241  	0.03785  	-0.7581  	
-0.7033  	-0.2224  	-0.8896  	-0.6659  	-0.1122  	-0.6303  	0.02076  	-0.1918  	-0.0018  	0.17441  	-0.3389  	-0.5405  	0.16127  	-0.1743  	-0.2049  	0.61208  	-0.0537  	0.02624  	0.30462  	0.62186  	-0.0173  	0.36449  	-0.4847  	0.29198  	0.82509  	-0.1847  	0.08638  	0.22761  	0.33484  	0.23157  	-0.1267  	0.15970  	0.06855  	-0.0393  	0.39583  	0.10841  	0.06133  	-0.2400  	-0.1265  	0.44345  	-0.1256  	0.04262  	-0.2164  	0.18232  	0.16193  	-0.0361  	0.03667  	-0.1323  	-0.0500  	-0.0572  	-0.0389  	-0.0176  	-0.0309  	-0.0152  	-0.0175  	-0.0268  	0.01657  	-0.0043  	0.00241  	0.00297  	-0.0023  	-0.0012  	0.02566  	0.01287  	0.08411  	0.01040  	0.00532  	0.01241  	0.03785  	-0.7581  	
-0.6662  	-0.1779  	-0.8815  	-0.6442  	-0.1058  	-0.5928  	0.00250  	-0.1787  	-0.0023  	0.14825  	-0.3918  	-0.5185  	0.17847  	-0.1465  	-0.1506  	0.61427  	-0.0661  	0.02817  	0.31109  	0.61190  	-0.0051  	0.39139  	-0.4708  	0.29101  	0.81481  	-0.1749  	0.11833  	0.20636  	0.32424  	0.22637  	-0.1310  	0.14587  	0.07882  	-0.0417  	0.38295  	0.09504  	0.06623  	-0.2450  	-0.1186  	0.46579  	-0.1219  	0.04439  	-0.2138  	0.19369  	0.15635  	-0.0385  	0.03596  	-0.1314  	-0.0480  	-0.0557  	-0.0410  	-0.0190  	-0.0325  	-0.0151  	-0.0212  	-0.0237  	0.01656  	-0.0086  	0.00360  	0.00030  	-0.0012  	0.00322  	0.02479  	0.01374  	0.08411  	0.01040  	0.00532  	0.01241  	0.03785  	-0.7581  	
-0.5227  	-0.1489  	-0.8324  	-0.4487  	-0.0611  	-0.5289  	-0.0137  	-0.1526  	0.02778  	0.08363  	-0.4555  	-0.4515  	0.19096  	-0.0874  	-0.0663  	0.61994  	-0.0706  	0.02014  	0.30540  	0.59577  	0.03019  	0.38811  	-0.4723  	0.31421  	0.77687  	-0.1842  	0.09133  	0.20189  	0.31641  	0.24555  	-0.1334  	0.16521  	0.09280  	-0.0397  	0.41711  	0.05640  	0.08086  	-0.2402  	-0.1383  	0.46259  	-0.1245  	0.03934  	-0.2162  	0.19681  	0.15031  	-0.0365  	0.03443  	-0.1279  	-0.0479  	-0.0606  	-0.0334  	-0.0193  	-0.0327  	-0.0187  	-0.0215  	-0.0191  	0.01603  	-0.0059  	0.00030  	-0.0043  	-0.0001  	0.00097  	0.01846  	0.01386  	0.08411  	0.01040  	0.00532  	0.01241  	0.03785  	-0.7581  	
-0.3853  	-0.0959  	-0.7727  	-0.3502  	-0.0161  	-0.4445  	7.01292  	-0.0981  	0.04773  	0.09474  	-0.4736  	-0.4294  	0.24119  	0.01104  	0.01425  	0.69521  	-0.0772  	0.04037  	0.31379  	0.60160  	0.05306  	0.38392  	-0.5207  	0.26851  	0.76172  	-0.1995  	0.05294  	0.21035  	0.32067  	0.23841  	-0.1311  	0.16470  	0.10739  	-0.0295  	0.43632  	0.03994  	0.06499  	-0.2284  	-0.1361  	0.46666  	-0.1244  	0.02840  	-0.2054  	0.18589  	0.15122  	-0.0364  	0.03350  	-0.1239  	-0.0421  	-0.0575  	-0.0350  	-0.0222  	-0.0288  	-0.0227  	-0.0186  	-0.0197  	0.01276  	-0.0066  	0.00093  	-0.0050  	-0.0012  	0.00818  	0.02155  	0.01376  	0.08411  	0.01040  	0.00532  	0.01241  	0.03785  	-0.7581  	
-0.4520  	-0.1103  	-0.7929  	-0.4186  	-0.0381  	-0.4951  	-0.0178  	-0.0973  	0.05543  	0.07646  	-0.4170  	-0.4447  	0.21619  	-0.0084  	-0.0419  	0.69639  	-0.0905  	0.03684  	0.30658  	0.58813  	0.06171  	0.35616  	-0.5081  	0.28143  	0.73698  	-0.1887  	0.07374  	0.20569  	0.30786  	0.22613  	-0.1292  	0.16668  	0.11038  	-0.0355  	0.46105  	0.04715  	0.07689  	-0.2397  	-0.1539  	0.45844  	-0.1211  	0.04202  	-0.2130  	0.17886  	0.15424  	-0.0365  	0.03876  	-0.1361  	-0.0472  	-0.0507  	-0.0401  	-0.0202  	-0.0275  	-0.0214  	-0.0209  	-0.0210  	0.01311  	-0.0072  	0.00010  	-0.0034  	-0.0029  	0.01434  	0.02012  	0.01652  	0.08411  	0.01040  	0.00532  	0.01241  	0.03785  	-0.7581  	
-0.4287  	-0.1287  	-0.7824  	-0.3702  	-0.0257  	-0.4522  	-0.0223  	-0.0778  	0.03844  	0.04510  	-0.4205  	-0.4722  	0.19505  	-0.0108  	0.00967  	0.72453  	-0.0777  	0.00666  	0.30618  	0.57559  	0.12149  	0.36915  	-0.4960  	0.34163  	0.75568  	-0.2061  	0.12865  	0.11941  	0.24961  	0.23640  	-0.1424  	0.19081  	0.08930  	-0.0385  	0.50242  	0.02816  	0.13179  	-0.2218  	-0.1799  	0.44518  	-0.1478  	0.05359  	-0.2275  	0.17852  	0.15392  	-0.0334  	0.03758  	-0.1406  	-0.0504  	-0.0507  	-0.0405  	-0.0192  	-0.0276  	-0.0193  	-0.0217  	-0.0199  	0.01355  	-0.0054  	0.00085  	0.00055  	-0.0023  	0.00956  	0.01838  	0.01299  	0.08411  	0.01040  	0.00532  	0.01241  	0.03785  	-0.7581  	
-0.3761  	-0.1168  	-0.7601  	-0.3168  	-0.0086  	-0.4353  	-0.0127  	-0.0795  	0.03202  	0.04045  	-0.4102  	-0.4629  	0.17892  	0.00121  	0.09396  	0.70354  	-0.0746  	-0.0247  	0.29616  	0.56229  	0.15485  	0.37247  	-0.4886  	0.36637  	0.78547  	-0.2201  	0.16956  	0.06628  	0.20815  	0.24651  	-0.1557  	0.19833  	0.08535  	-0.0430  	0.54014  	0.00837  	0.18428  	-0.2041  	-0.1943  	0.43669  	-0.1661  	0.05730  	-0.2382  	0.18289  	0.15125  	-0.0329  	0.03697  	-0.1401  	-0.0514  	-0.0533  	-0.0418  	-0.0191  	-0.0258  	-0.0139  	-0.0201  	-0.0187  	0.01165  	-0.0064  	0.00047  	0.00243  	-0.0013  	0.00366  	0.02378  	0.01115  	0.08411  	0.01040  	0.00532  	0.01241  	0.03785  	-0.7581  	
-0.2848  	-0.0840  	-0.7074  	-0.3303  	-0.0249  	-0.4162  	-0.0117  	-0.0596  	0.05305  	0.02645  	-0.3759  	-0.4714  	0.19467  	0.04284  	0.10488  	0.71492  	-0.0743  	-0.0412  	0.30230  	0.52692  	0.22987  	0.37868  	-0.4809  	0.37183  	0.77358  	-0.2306  	0.21026  	0.00249  	0.14141  	0.23518  	-0.1576  	0.20683  	0.08906  	-0.0454  	0.58377  	-0.0013  	0.22966  	-0.1837  	-0.2179  	0.42373  	-0.1845  	0.05263  	-0.2419  	0.17497  	0.15533  	-0.0328  	0.03478  	-0.1372  	-0.0485  	-0.0499  	-0.0371  	-0.0183  	-0.0276  	-0.0125  	-0.0204  	-0.0124  	0.01014  	-0.0042  	0.00130  	0.00121  	-0.0003  	0.00581  	0.01908  	0.00852  	0.08411  	0.01040  	0.00532  	0.01241  	0.03785  	-0.7581  	
-0.2199  	-0.0592  	-0.6496  	-0.3338  	-0.0613  	-0.3660  	-0.0048  	-0.0046  	0.08986  	0.01377  	-0.3320  	-0.4507  	0.19877  	0.08348  	0.10482  	0.76425  	-0.0650  	-0.0689  	0.31781  	0.50152  	0.27272  	0.38617  	-0.4391  	0.40079  	0.75597  	-0.2279  	0.23830  	-0.0544  	0.07801  	0.22348  	-0.1543  	0.21737  	0.10150  	-0.0522  	0.59548  	-0.0276  	0.27047  	-0.1663  	-0.2326  	0.39560  	-0.1971  	0.04682  	-0.2329  	0.17947  	0.15529  	-0.0328  	0.03289  	-0.1311  	-0.0434  	-0.0514  	-0.0431  	-0.0174  	-0.0290  	-0.0115  	-0.0208  	-0.0113  	0.00806  	-0.0040  	-0.0027  	0.00279  	0.00053  	0.00561  	0.01887  	0.01034  	0.08411  	0.01040  	0.00532  	0.01241  	0.03785  	-0.7581  	
-0.1988  	-0.0547  	-0.6321  	-0.3506  	-0.0719  	-0.3518  	0.00082  	0.00869  	0.09687  	0.02047  	-0.3099  	-0.4370  	0.20606  	0.10052  	0.08507  	0.79019  	-0.0584  	-0.0785  	0.31904  	0.48794  	0.28300  	0.38973  	-0.4230  	0.42369  	0.74778  	-0.2256  	0.25297  	-0.0762  	0.05528  	0.23054  	-0.1528  	0.22354  	0.10443  	-0.0514  	0.59873  	-0.0312  	0.28431  	-0.1610  	-0.2308  	0.39528  	-0.2049  	0.05129  	-0.2311  	0.17842  	0.15237  	-0.0327  	0.03153  	-0.1276  	-0.0396  	-0.0535  	-0.0432  	-0.0160  	-0.0272  	-0.0088  	-0.0216  	-0.0102  	0.00403  	-0.0039  	-0.0030  	0.00579  	0.00129  	0.00633  	0.02241  	0.01072  	0.08411  	0.01040  	0.00532  	0.01241  	0.03785  	-0.7581  	
-0.1998  	-0.0559  	-0.6328  	-0.3516  	-0.0705  	-0.3545  	-0.0001  	0.00774  	0.09605  	0.02149  	-0.3081  	-0.4366  	0.20375  	0.09716  	0.08389  	0.78968  	-0.0575  	-0.0779  	0.31811  	0.48838  	0.28027  	0.38644  	-0.4234  	0.42132  	0.74574  	-0.2253  	0.24966  	-0.0738  	0.05519  	0.22980  	-0.1532  	0.22418  	0.10484  	-0.0518  	0.59852  	-0.0317  	0.28419  	-0.1605  	-0.2311  	0.39367  	-0.2030  	0.05079  	-0.2307  	0.17833  	0.15197  	-0.0326  	0.03141  	-0.1279  	-0.0397  	-0.0534  	-0.0432  	-0.0157  	-0.0272  	-0.0088  	-0.0215  	-0.0103  	0.00436  	-0.0041  	-0.0027  	0.00552  	0.00137  	0.00609  	0.02182  	0.01062  	0.08411  	0.01040  	0.00532  	0.01241  	0.03785  	-0.7581  	
-0.2015  	-0.0550  	-0.6371  	-0.3515  	-0.0693  	-0.3558  	-0.0013  	0.00585  	0.09608  	0.01938  	-0.3110  	-0.4347  	0.20452  	0.09912  	0.08727  	0.78735  	-0.0570  	-0.0786  	0.31665  	0.48743  	0.27822  	0.38657  	-0.4230  	0.42097  	0.74465  	-0.2247  	0.24870  	-0.0735  	0.05565  	0.23087  	-0.1521  	0.22308  	0.10477  	-0.0517  	0.59999  	-0.0333  	0.28377  	-0.1611  	-0.2320  	0.39314  	-0.2020  	0.05060  	-0.2310  	0.17792  	0.15171  	-0.0328  	0.03169  	-0.1280  	-0.0397  	-0.0534  	-0.0434  	-0.0156  	-0.0274  	-0.0088  	-0.0217  	-0.0100  	0.00400  	-0.0041  	-0.0028  	0.00545  	0.00150  	0.00649  	0.02150  	0.01075  	0.08411  	0.01040  	0.00532  	0.01241  	0.03785  	-0.7581  	
-0.2204  	-0.0553  	-0.6501  	-0.3588  	-0.0769  	-0.3759  	-0.0029  	-0.0030  	0.09301  	0.02786  	-0.2966  	-0.4291  	0.19596  	0.08852  	0.07856  	0.77764  	-0.0566  	-0.0735  	0.31288  	0.49195  	0.27330  	0.38055  	-0.4226  	0.41118  	0.74046  	-0.2217  	0.23187  	-0.0545  	0.06315  	0.22239  	-0.1482  	0.21675  	0.10855  	-0.0525  	0.59021  	-0.0348  	0.28112  	-0.1634  	-0.2357  	0.38849  	-0.1917  	0.04641  	-0.2301  	0.17723  	0.15176  	-0.0321  	0.03206  	-0.1304  	-0.0439  	-0.0495  	-0.0442  	-0.0149  	-0.0280  	-0.0096  	-0.0223  	-0.0115  	0.00397  	-0.0041  	-0.0016  	0.00413  	0.00156  	0.00740  	0.01922  	0.00969  	0.08411  	0.01040  	0.00532  	0.01241  	0.03785  	-0.7581  	
-0.3212  	-0.0696  	-0.7001  	-0.4140  	-0.0874  	-0.4467  	-0.0171  	-0.0435  	0.05962  	0.04572  	-0.2847  	-0.4365  	0.18493  	0.04906  	0.01069  	0.75217  	-0.0600  	-0.0360  	0.30055  	0.51992  	0.23563  	0.36305  	-0.4510  	0.37663  	0.73595  	-0.2108  	0.18670  	0.01600  	0.11846  	0.22251  	-0.1348  	0.20173  	0.10394  	-0.0486  	0.56046  	-0.0281  	0.24224  	-0.1739  	-0.2293  	0.40498  	-0.1669  	0.04640  	-0.2315  	0.17032  	0.15345  	-0.0307  	0.03472  	-0.1402  	-0.0523  	-0.0460  	-0.0434  	-0.0155  	-0.0277  	-0.0149  	-0.0210  	-0.0174  	0.00521  	-0.0051  	0.00027  	-0.0012  	8.79999  	0.01044  	0.02150  	0.00962  	0.08411  	0.01040  	0.00532  	0.01241  	0.03785  	-0.7581  	
-0.3875  	-0.1002  	-0.7482  	-0.4476  	-0.0847  	-0.4917  	-0.0277  	-0.0793  	0.05009  	0.06918  	-0.2948  	-0.4433  	0.17413  	0.00287  	-0.0165  	0.73480  	-0.0699  	-0.0203  	0.30100  	0.54056  	0.19352  	0.36089  	-0.4666  	0.36484  	0.73892  	-0.1994  	0.16077  	0.06277  	0.15570  	0.22284  	-0.1310  	0.19542  	0.09472  	-0.0435  	0.53745  	-0.0018  	0.20664  	-0.1931  	-0.2208  	0.42009  	-0.1498  	0.05414  	-0.2327  	0.17388  	0.15987  	-0.0332  	0.03658  	-0.1473  	-0.0551  	-0.0447  	-0.0452  	-0.0165  	-0.0265  	-0.0155  	-0.0231  	-0.0197  	0.00942  	-0.0063  	0.00168  	0.00016  	0.00026  	0.01096  	0.01852  	0.01393  	0.08411  	0.01040  	0.00532  	0.01241  	0.03785  	-0.7581  	
-0.3977  	-0.1161  	-0.7562  	-0.4339  	-0.0735  	-0.4995  	-0.0295  	-0.0972  	0.03818  	0.06590  	-0.3037  	-0.4486  	0.16783  	-0.0225  	-0.0043  	0.72417  	-0.0715  	-0.0274  	0.29991  	0.55052  	0.17702  	0.35926  	-0.4800  	0.36298  	0.74446  	-0.2036  	0.15409  	0.06774  	0.16576  	0.22641  	-0.1366  	0.19270  	0.08836  	-0.0431  	0.53744  	0.00599  	0.20203  	-0.1941  	-0.2213  	0.42017  	-0.1480  	0.05531  	-0.2386  	0.17477  	0.16129  	-0.0337  	0.03675  	-0.1491  	-0.0550  	-0.0462  	-0.0435  	-0.0159  	-0.0256  	-0.0154  	-0.0236  	-0.0198  	0.00977  	-0.0076  	0.00166  	0.00063  	-0.0003  	0.00757  	0.01832  	0.01253  	0.08411  	0.01040  	0.00532  	0.01241  	0.03785  	-0.7581  	
-0.3379  	-0.0943  	-0.7280  	-0.4036  	-0.0679  	-0.4685  	-0.0178  	-0.0764  	0.04208  	0.05587  	-0.3022  	-0.4551  	0.17636  	0.01651  	0.02798  	0.73441  	-0.0645  	-0.0371  	0.30105  	0.53027  	0.21318  	0.36149  	-0.4744  	0.36845  	0.74633  	-0.2114  	0.19183  	0.02188  	0.13467  	0.22773  	-0.1457  	0.20282  	0.08592  	-0.0495  	0.56241  	-0.0125  	0.22720  	-0.1777  	-0.2273  	0.41240  	-0.1671  	0.05567  	-0.2380  	0.17267  	0.16011  	-0.0304  	0.03678  	-0.1436  	-0.0542  	-0.0468  	-0.0426  	-0.0144  	-0.0259  	-0.0134  	-0.0203  	-0.0189  	0.00535  	-0.0072  	0.00109  	-0.0012  	0.00128  	0.00617  	0.01858  	0.00871  	0.08411  	0.01040  	0.00532  	0.01241  	0.03785  	-0.7581  	
-0.2591  	-0.0538  	-0.6509  	-0.3536  	-0.0600  	-0.4329  	-0.0353  	0.01401  	0.06597  	0.02098  	-0.2889  	-0.4355  	0.22772  	0.02174  	0.09497  	0.71317  	0.00954  	-0.1791  	0.35937  	0.31980  	0.31619  	0.20339  	-0.6349  	0.39076  	0.68846  	-0.1473  	0.22421  	-0.0985  	0.13852  	0.20616  	-0.0650  	0.18042  	0.02715  	-0.1725  	0.54040  	-0.0502  	0.19967  	-0.1689  	-0.3258  	0.34125  	-0.1353  	0.14030  	-0.3240  	0.23363  	0.11113  	-0.0164  	0.01611  	-0.1250  	-0.0604  	-0.0543  	-0.0362  	-0.0133  	-0.0262  	0.00057  	-0.0165  	-0.0128  	0.00332  	-0.0134  	0.00194  	0.00647  	0.00441  	0.00674  	0.00528  	0.00904  	0.08411  	0.01040  	0.00532  	0.01241  	0.03785  	-0.7581  	
-0.2128  	-0.0325  	-0.5926  	-0.3309  	-0.0657  	-0.4096  	-0.0446  	0.07535  	0.06714  	-0.0129  	-0.2774  	-0.4187  	0.25772  	0.01559  	0.16030  	0.69703  	0.06340  	-0.2917  	0.41142  	0.15127  	0.37446  	0.08415  	-0.7560  	0.41799  	0.65706  	-0.0925  	0.24157  	-0.1850  	0.16510  	0.19472  	0.00186  	0.15715  	-0.0183  	-0.2680  	0.51289  	-0.0712  	0.16953  	-0.1638  	-0.3892  	0.28524  	-0.0983  	0.21871  	-0.3837  	0.28161  	0.07605  	-0.0066  	0.00083  	-0.1045  	-0.0635  	-0.0646  	-0.0352  	-0.0093  	-0.0267  	0.01202  	-0.0136  	-0.0124  	0.00307  	-0.0196  	-0.0014  	0.01552  	0.00710  	0.00243  	-0.0017  	0.01014  	0.08411  	0.01040  	0.00532  	0.01241  	0.03785  	-0.7581  	
-0.2019  	-0.0306  	-0.5781  	-0.3255  	-0.0633  	-0.4051  	-0.0501  	0.08931  	0.06443  	-0.0181  	-0.2793  	-0.4140  	0.27035  	0.01814  	0.16833  	0.69760  	0.07591  	-0.3178  	0.42205  	0.10570  	0.38398  	0.05440  	-0.7911  	0.42409  	0.64618  	-0.0782  	0.24344  	-0.2068  	0.17305  	0.19837  	0.01787  	0.15154  	-0.0319  	-0.2896  	0.50633  	-0.0741  	0.15791  	-0.1639  	-0.4025  	0.27133  	-0.0919  	0.24086  	-0.4012  	0.29186  	0.06628  	-0.0037  	-0.0029  	-0.1009  	-0.0635  	-0.0699  	-0.0347  	-0.0084  	-0.0257  	0.01530  	-0.0126  	-0.0123  	0.00133  	-0.0208  	-0.0019  	0.01757  	0.00830  	0.00152  	-0.0024  	0.01137  	0.08411  	0.01040  	0.00532  	0.01241  	0.03785  	-0.7581  	
-0.1995  	-0.0344  	-0.5826  	-0.3246  	-0.0595  	-0.3958  	-0.0453  	0.08237  	0.06822  	-0.0135  	-0.2867  	-0.4152  	0.26616  	0.02768  	0.15973  	0.70853  	0.06353  	-0.2941  	0.41140  	0.14412  	0.36962  	0.08712  	-0.7563  	0.42297  	0.65551  	-0.0930  	0.24358  	-0.1926  	0.16289  	0.20333  	9.70550  	0.15904  	-0.0182  	-0.2655  	0.51535  	-0.0688  	0.16798  	-0.1640  	-0.3830  	0.28388  	-0.1037  	0.22193  	-0.3845  	0.28050  	0.07446  	-0.0063  	8.43313  	-0.1032  	-0.0604  	-0.0690  	-0.0348  	-0.0091  	-0.0257  	0.01283  	-0.0134  	-0.0120  	0.00147  	-0.0192  	-0.0018  	0.01657  	0.00759  	0.00177  	0.00039  	0.01145  	0.08411  	0.01040  	0.00532  	0.01241  	0.03785  	-0.7581  	
-0.2003  	-0.0442  	-0.6030  	-0.3376  	-0.0647  	-0.3777  	-0.0244  	0.04959  	0.07982  	0.00219  	-0.2954  	-0.4261  	0.23856  	0.06019  	0.12384  	0.74524  	0.00877  	-0.1962  	0.36964  	0.29822  	0.33016  	0.22001  	-0.6086  	0.42336  	0.69609  	-0.1521  	0.24735  	-0.1378  	0.11575  	0.21471  	-0.0686  	0.18778  	0.03702  	-0.1706  	0.55285  	-0.0522  	0.21984  	-0.1631  	-0.3157  	0.33357  	-0.1482  	0.14615  	-0.3168  	0.23514  	0.10896  	-0.0182  	0.01396  	-0.1139  	-0.0511  	-0.0619  	-0.0383  	-0.0121  	-0.0264  	0.00323  	-0.0168  	-0.0111  	0.00276  	-0.0126  	-0.0022  	0.01166  	0.00487  	0.00387  	0.01010  	0.01098  	0.08411  	0.01040  	0.00532  	0.01241  	0.03785  	-0.7581  	
-0.2027  	-0.0570  	-0.6281  	-0.3550  	-0.0701  	-0.3606  	0.00070  	0.00539  	0.09474  	0.02586  	-0.3023  	-0.4391  	0.20141  	0.09483  	0.07107  	0.79030  	-0.0588  	-0.0740  	0.31764  	0.49122  	0.27504  	0.38262  	-0.4270  	0.41860  	0.74570  	-0.2260  	0.24725  	-0.0652  	0.05995  	0.22876  	-0.1550  	0.22373  	0.10587  	-0.0516  	0.59851  	-0.0295  	0.28146  	-0.1620  	-0.2297  	0.39416  	-0.2021  	0.05025  	-0.2311  	0.17770  	0.15158  	-0.0332  	0.03084  	-0.1270  	-0.0397  	-0.0535  	-0.0422  	-0.0153  	-0.0273  	-0.0090  	-0.0213  	-0.0104  	0.00511  	-0.0048  	-0.0022  	0.00523  	0.00144  	0.00528  	0.02172  	0.01040  	0.08411  	0.01040  	0.00532  	0.01241  	0.03785  	-0.7581  	
-0.2138  	-0.0664  	-0.6464  	-0.3289  	-0.0059  	-0.3722  	0.01819  	-0.0252  	0.08316  	0.08463  	-0.4035  	-0.4417  	0.24511  	0.08581  	0.02023  	0.78999  	-0.0832  	-0.0223  	0.30970  	0.55956  	0.14121  	0.36165  	-0.5047  	0.35262  	0.78164  	-0.2178  	0.16633  	0.05994  	0.20129  	0.24329  	-0.1541  	0.19824  	0.11903  	-0.0493  	0.53447  	0.01504  	0.16401  	-0.1978  	-0.1752  	0.43067  	-0.1834  	0.04558  	-0.2112  	0.18044  	0.15028  	-0.0332  	0.03040  	-0.1195  	-0.0361  	-0.0591  	-0.0307  	-0.0188  	-0.0292  	-0.0152  	-0.0183  	-0.0141  	0.00904  	-0.0076  	-0.0016  	0.00237  	0.00061  	0.00280  	0.02772  	0.01123  	0.08411  	0.01040  	0.00532  	0.01241  	0.03785  	-0.7581  	
-0.3781  	-0.1506  	-0.7687  	-0.4608  	-0.0417  	-0.5229  	0.04482  	-0.1791  	0.03534  	0.17508  	-0.3454  	-0.5026  	0.18650  	-0.0504  	-0.1455  	0.77524  	-0.0911  	0.08012  	0.29315  	0.64027  	-0.0385  	0.32798  	-0.5659  	0.29035  	0.80713  	-0.2007  	0.04160  	0.26028  	0.32192  	0.25478  	-0.1525  	0.17680  	0.10268  	-0.0314  	0.46420  	0.10426  	0.06132  	-0.2461  	-0.1573  	0.47154  	-0.1537  	0.05214  	-0.2121  	0.17254  	0.14761  	-0.0333  	0.03737  	-0.1152  	-0.0458  	-0.0691  	-0.0252  	-0.0190  	-0.0337  	-0.0202  	-0.0204  	-0.0203  	0.01442  	-0.0054  	-0.0002  	-0.0026  	0.00043  	-0.0008  	0.03229  	0.01463  	0.08411  	0.01040  	0.00532  	0.01241  	0.03785  	-0.7581  	
-0.5324  	-0.1963  	-0.8393  	-0.4865  	-0.0467  	-0.5760  	0.01523  	-0.1866  	0.01805  	0.15529  	-0.2901  	-0.5071  	0.16838  	-0.0846  	-0.2169  	0.70274  	-0.0977  	0.04618  	0.30997  	0.64894  	-0.0057  	0.34067  	-0.5889  	0.34741  	0.84134  	-0.2073  	0.10907  	0.22361  	0.32414  	0.24499  	-0.1500  	0.18485  	0.07761  	-0.0485  	0.48065  	0.13780  	0.08040  	-0.2382  	-0.1630  	0.47897  	-0.1580  	0.05888  	-0.2341  	0.18030  	0.15901  	-0.0418  	0.03393  	-0.1324  	-0.0458  	-0.0699  	-0.0291  	-0.0166  	-0.0302  	-0.0206  	-0.0169  	-0.0200  	0.01810  	-0.0048  	0.00046  	0.00217  	-0.0015  	-0.0025  	0.02191  	0.01348  	0.08411  	0.01040  	0.00532  	0.01241  	0.03785  	-0.7581  	
-0.5809  	-0.2374  	-0.9380  	-0.4696  	-0.0124  	-0.6060  	0.00349  	-0.1972  	-0.0010  	0.11162  	-0.3378  	-0.4684  	0.14907  	-0.0921  	-0.1144  	0.64981  	-0.0900  	0.03325  	0.30681  	0.62002  	0.02654  	0.37070  	-0.5430  	0.33921  	0.84063  	-0.2070  	0.14406  	0.19766  	0.30954  	0.25779  	-0.1690  	0.17736  	0.05606  	-0.0514  	0.46907  	0.11670  	0.08891  	-0.2447  	-0.1642  	0.46434  	-0.1692  	0.05605  	-0.2483  	0.17861  	0.16862  	-0.0351  	0.03747  	-0.1357  	-0.0456  	-0.0586  	-0.0331  	-0.0187  	-0.0293  	-0.0130  	-0.0183  	-0.0228  	0.01785  	-0.0048  	0.00507  	0.00116  	-0.0065  	-0.0088  	0.02192  	0.01286  	0.08411  	0.01040  	0.00532  	0.01241  	0.03785  	-0.7581  	
-0.5005  	-0.2281  	-0.9163  	-0.3995  	0.05635  	-0.5850  	0.01921  	-0.1671  	0.01672  	0.10498  	-0.3250  	-0.4197  	0.18078  	-0.0343  	-0.0827  	0.66521  	-0.1056  	0.01798  	0.29004  	0.63870  	0.03531  	0.38077  	-0.5712  	0.33812  	0.81315  	-0.2084  	0.10042  	0.20506  	0.31722  	0.25804  	-0.1606  	0.15464  	0.08916  	-0.0404  	0.48169  	0.08712  	0.10227  	-0.2507  	-0.1616  	0.45613  	-0.1738  	0.05872  	-0.2428  	0.17724  	0.16816  	-0.0351  	0.03456  	-0.1403  	-0.0422  	-0.0578  	-0.0312  	-0.0218  	-0.0333  	-0.0149  	-0.0155  	-0.0138  	0.01984  	-0.0091  	-0.0006  	0.00195  	-0.0103  	-0.0022  	0.02032  	0.01377  	0.08411  	0.01040  	0.00532  	0.01241  	0.03785  	-0.7581  	
-0.5847  	-0.2288  	-0.9741  	-0.4033  	0.06569  	-0.6304  	0.01360  	-0.1612  	0.00643  	0.10977  	-0.3039  	-0.4364  	0.19058  	-0.0073  	-0.0928  	0.65235  	-0.1088  	0.02888  	0.29570  	0.67662  	0.02157  	0.36947  	-0.5904  	0.34341  	0.81724  	-0.2098  	0.07415  	0.23082  	0.30792  	0.24330  	-0.1530  	0.16470  	0.10560  	-0.0354  	0.50352  	0.08613  	0.07203  	-0.2586  	-0.1507  	0.46131  	-0.1831  	0.06151  	-0.2662  	0.16878  	0.16986  	-0.0367  	0.03608  	-0.1432  	-0.0391  	-0.0650  	-0.0316  	-0.0192  	-0.0333  	-0.0164  	-0.0183  	-0.0198  	0.01938  	-0.0022  	0.00425  	0.00354  	-0.0036  	0.00039  	0.01717  	0.00640  	0.08411  	0.01040  	0.00532  	0.01241  	0.03785  	-0.7581  	
-0.6984  	-0.2625  	-1.0052  	-0.4076  	0.07347  	-0.6874  	0.01347  	-0.1679  	0.00272  	0.10629  	-0.2576  	-0.4315  	0.19711  	-0.0633  	-0.0453  	0.65061  	-0.1122  	0.04262  	0.28169  	0.72115  	0.05188  	0.33371  	-0.5954  	0.36766  	0.79816  	-0.2037  	0.06462  	0.21988  	0.25955  	0.20619  	-0.1466  	0.14321  	0.11798  	-0.0256  	0.52055  	0.09145  	0.05411  	-0.2659  	-0.1581  	0.45955  	-0.1894  	0.07521  	-0.2831  	0.14749  	0.16585  	-0.0334  	0.03741  	-0.1419  	-0.0392  	-0.0635  	-0.0290  	-0.0176  	-0.0403  	-0.0182  	-0.0214  	-0.0166  	0.02214  	-0.0012  	0.00639  	-0.0066  	-0.0009  	-0.0045  	0.01615  	0.00714  	0.08411  	0.01040  	0.00532  	0.01241  	0.03785  	-0.7581  	
-0.7933  	-0.2869  	-1.0110  	-0.4670  	0.04032  	-0.7709  	0.01623  	-0.2014  	-0.0291  	0.17249  	-0.1886  	-0.4467  	0.15843  	-0.1317  	-0.1079  	0.63718  	-0.1166  	0.04049  	0.25828  	0.73747  	0.06950  	0.32562  	-0.5905  	0.36371  	0.77696  	-0.1899  	0.04334  	0.21167  	0.24932  	0.19931  	-0.1254  	0.13489  	0.11264  	-0.0283  	0.50733  	0.07707  	0.06430  	-0.2706  	-0.1694  	0.44063  	-0.1948  	0.07482  	-0.2803  	0.13802  	0.17210  	-0.0278  	0.03442  	-0.1498  	-0.0527  	-0.0546  	-0.0328  	-0.0148  	-0.0409  	-0.0223  	-0.0216  	-0.0183  	0.01712  	-0.0023  	-0.0027  	-0.0100  	-0.0021  	-0.0034  	0.01591  	0.00719  	0.08411  	0.01040  	0.00532  	0.01241  	0.03785  	-0.7581  	
-0.8285  	-0.2900  	-1.0264  	-0.5644  	0.01657  	-0.8208  	0.03157  	-0.2094  	-0.0223  	0.21766  	-0.1408  	-0.4553  	0.15301  	-0.1654  	-0.1756  	0.59643  	-0.1137  	0.04708  	0.26584  	0.72646  	0.05441  	0.33290  	-0.5664  	0.33197  	0.74237  	-0.1736  	0.03539  	0.22871  	0.25181  	0.19781  	-0.1148  	0.12462  	0.12070  	-0.0347  	0.49609  	0.07161  	0.07532  	-0.2632  	-0.1623  	0.43355  	-0.1832  	0.07110  	-0.2649  	0.14724  	0.17539  	-0.0289  	0.02841  	-0.1533  	-0.0562  	-0.0502  	-0.0396  	-0.0152  	-0.0380  	-0.0248  	-0.0226  	-0.0228  	0.01172  	-0.0038  	-0.0041  	-0.0107  	-0.0047  	-7.2931  	0.02032  	0.01071  	0.08411  	0.01040  	0.00532  	0.01241  	0.03785  	-0.7581  	
-0.7268  	-0.2784  	-0.9814  	-0.5301  	0.00037  	-0.7801  	0.01522  	-0.1558  	0.00830  	0.18172  	-0.2085  	-0.4333  	0.17286  	-0.1049  	-0.1430  	0.60724  	-0.0859  	0.03726  	0.30236  	0.69763  	0.05111  	0.32557  	-0.5372  	0.33802  	0.77805  	-0.1811  	0.05611  	0.18919  	0.22880  	0.21833  	-0.1354  	0.14954  	0.12438  	-0.0363  	0.48296  	0.04560  	0.08106  	-0.2419  	-0.1388  	0.43354  	-0.1826  	0.06568  	-0.2582  	0.16617  	0.16208  	-0.0235  	0.03407  	-0.1471  	-0.0578  	-0.0552  	-0.0349  	-0.0178  	-0.0375  	-0.0209  	-0.0269  	-0.0201  	0.01091  	-0.0019  	-0.0019  	0.00063  	-0.0012  	-0.0012  	0.01989  	0.01087  	0.08411  	0.01040  	0.00532  	0.01241  	0.03785  	-0.7581  	
-0.6350  	-0.1949  	-0.8714  	-0.6132  	-0.1207  	-0.6131  	-0.0048  	-0.1647  	-0.0164  	0.14624  	-0.3491  	-0.5228  	0.17937  	-0.1289  	-0.1376  	0.59374  	-0.0731  	0.05039  	0.30456  	0.63717  	0.01314  	0.38303  	-0.4995  	0.32427  	0.82099  	-0.2063  	0.09345  	0.18555  	0.29743  	0.24352  	-0.1254  	0.15941  	0.07781  	-0.0487  	0.42071  	0.08546  	0.05434  	-0.2433  	-0.1209  	0.47396  	-0.1419  	0.04747  	-0.2341  	0.17808  	0.15776  	-0.0309  	0.03428  	-0.1341  	-0.0502  	-0.0557  	-0.0340  	-0.0181  	-0.0313  	-0.0190  	-0.0241  	-0.0269  	0.02279  	-0.0039  	0.00033  	0.00370  	-0.0013  	-0.0027  	0.02089  	0.01094  	0.08411  	0.01040  	0.00532  	0.01241  	0.03785  	-0.7581  	
-0.5320  	-0.1826  	-0.8544  	-0.4912  	-0.0544  	-0.5190  	-0.0098  	-0.1781  	0.00229  	0.11024  	-0.4625  	-0.4738  	0.18012  	-0.1680  	-0.1211  	0.69361  	-0.0830  	0.07765  	0.31748  	0.64702  	-0.0673  	0.36694  	-0.5271  	0.27297  	0.83234  	-0.1947  	0.07062  	0.28653  	0.35728  	0.25495  	-0.1379  	0.17584  	0.08235  	-0.0315  	0.37329  	0.10157  	0.02729  	-0.2432  	-0.1088  	0.47712  	-0.1362  	0.04452  	-0.2149  	0.18327  	0.15571  	-0.0330  	0.03706  	-0.1212  	-0.0434  	-0.0553  	-0.0310  	-0.0145  	-0.0330  	-0.0201  	-0.0219  	-0.0273  	0.01793  	-0.0069  	0.00479  	-0.0012  	-0.0015  	-0.0030  	0.02553  	0.01035  	0.08411  	0.01040  	0.00532  	0.01241  	0.03785  	-0.7581  	
-0.4573  	-0.1642  	-0.8533  	-0.4622  	-0.0094  	-0.5152  	-0.0189  	-0.1969  	-0.0236  	0.15325  	-0.4230  	-0.4249  	0.15206  	-0.2107  	-0.1682  	0.73057  	-0.0981  	0.06657  	0.30244  	0.65501  	-0.0657  	0.34056  	-0.5494  	0.27593  	0.82046  	-0.2180  	0.06848  	0.29423  	0.36147  	0.25249  	-0.1373  	0.16815  	0.06744  	-0.0359  	0.42354  	0.13960  	0.02802  	-0.2468  	-0.1130  	0.49080  	-0.1301  	0.04867  	-0.2147  	0.18352  	0.15684  	-0.0311  	0.03537  	-0.1236  	-0.0439  	-0.0581  	-0.0314  	-0.0193  	-0.0294  	-0.0188  	-0.0187  	-0.0232  	0.02468  	-0.0018  	0.00531  	0.00107  	-0.0041  	-0.0047  	0.02926  	0.01365  	0.08411  	0.01040  	0.00532  	0.01241  	0.03785  	-0.7581  	
-0.4265  	-0.1692  	-0.7949  	-0.4242  	-0.0101  	-0.5088  	0.01204  	-0.1987  	0.01849  	0.18112  	-0.4078  	-0.4308  	0.16529  	-0.1919  	-0.1710  	0.75678  	-0.1089  	0.08414  	0.30682  	0.65811  	-0.0646  	0.35930  	-0.6050  	0.27703  	0.82437  	-0.2253  	0.08114  	0.29179  	0.36237  	0.25940  	-0.1633  	0.18585  	0.06860  	-0.0337  	0.45105  	0.14372  	0.03897  	-0.2424  	-0.1294  	0.48483  	-0.1342  	0.05441  	-0.2253  	0.18670  	0.15880  	-0.0350  	0.03467  	-0.1244  	-0.0403  	-0.0651  	-0.0241  	-0.0171  	-0.0247  	-0.0182  	-0.0151  	-0.0221  	0.02234  	-0.0037  	0.00149  	0.00227  	-0.0047  	-0.0075  	0.02401  	0.01347  	0.08411  	0.01040  	0.00532  	0.01241  	0.03785  	-0.7581  	
-0.4444  	-0.2148  	-0.8427  	-0.4352  	-0.0250  	-0.5142  	0.02315  	-0.2080  	-0.0081  	0.13793  	-0.4134  	-0.4987  	0.17472  	-0.2118  	-0.1564  	0.73663  	-0.1076  	0.07419  	0.31338  	0.64765  	-0.0671  	0.35889  	-0.5853  	0.29939  	0.85907  	-0.2262  	0.08749  	0.29303  	0.36616  	0.26839  	-0.1666  	0.20175  	0.04811  	-0.0347  	0.46109  	0.16645  	0.04916  	-0.2404  	-0.1443  	0.47829  	-0.1500  	0.04785  	-0.2231  	0.19070  	0.16025  	-0.0386  	0.03352  	-0.1358  	-0.0395  	-0.0617  	-0.0195  	-0.0202  	-0.0279  	-0.0184  	-0.0137  	-0.0190  	0.02183  	-0.0028  	0.00066  	0.00175  	-0.0042  	-0.0058  	0.02298  	0.01483  	0.08411  	0.01040  	0.00532  	0.01241  	0.03785  	-0.7581  	
-0.4963  	-0.2032  	-0.8559  	-0.4571  	-0.0395  	-0.5154  	0.01191  	-0.2301  	-0.0315  	0.08655  	-0.4517  	-0.5348  	0.13199  	-0.1988  	-0.1044  	0.69956  	-0.0751  	0.02001  	0.31434  	0.61043  	-0.0165  	0.36764  	-0.5384  	0.32577  	0.87771  	-0.2187  	0.16761  	0.20378  	0.30935  	0.27585  	-0.1672  	0.21418  	0.04069  	-0.0350  	0.48214  	0.15238  	0.09623  	-0.2244  	-0.1730  	0.46273  	-0.1607  	0.04943  	-0.2476  	0.18590  	0.15466  	-0.0376  	0.03210  	-0.1443  	-0.0486  	-0.0613  	-0.0245  	-0.0178  	-0.0304  	-0.0169  	-0.0145  	-0.0209  	0.02237  	-2.9487  	0.00365  	-0.0012  	-0.0065  	-0.0097  	0.02473  	0.01021  	0.08411  	0.01040  	0.00532  	0.01241  	0.03785  	-0.7581  	
-0.4388  	-0.1895  	-0.7825  	-0.3859  	0.01741  	-0.5271  	0.02013  	-0.2034  	-0.0198  	0.16918  	-0.3733  	-0.4688  	0.13459  	-0.1968  	-0.1904  	0.81847  	-0.1048  	0.03191  	0.32047  	0.63146  	-0.0552  	0.36811  	-0.5984  	0.33373  	0.86342  	-0.2328  	0.16769  	0.20838  	0.28803  	0.26812  	-0.1769  	0.21929  	0.04856  	-0.0465  	0.49123  	0.16574  	0.08946  	-0.2267  	-0.1690  	0.47572  	-0.1563  	0.06147  	-0.2438  	0.18183  	0.16077  	-0.0377  	0.02949  	-0.1337  	-0.0348  	-0.0637  	-0.0211  	-0.0215  	-0.0227  	-0.0165  	-0.0130  	-0.0206  	0.02251  	-0.0037  	0.00224  	0.00741  	-0.0076  	-0.0043  	0.02496  	0.01242  	0.08411  	0.01040  	0.00532  	0.01241  	0.03785  	-0.7581  	
-0.4604  	-0.1820  	-0.8060  	-0.4472  	0.00353  	-0.5393  	0.02609  	-0.2139  	-0.0007  	0.16125  	-0.3779  	-0.4815  	0.15234  	-0.2005  	-0.1824  	0.78864  	-0.1105  	0.05793  	0.32817  	0.63905  	-0.0689  	0.37657  	-0.5961  	0.30812  	0.88948  	-0.2242  	0.13739  	0.25505  	0.32923  	0.27222  	-0.1621  	0.20051  	0.04696  	-0.0421  	0.45628  	0.17543  	0.07085  	-0.2341  	-0.1582  	0.46479  	-0.1638  	0.06073  	-0.2369  	0.18284  	0.15754  	-0.0387  	0.03223  	-0.1302  	-0.0399  	-0.0630  	-0.0208  	-0.0179  	-0.0219  	-0.0169  	-0.0151  	-0.0234  	0.02041  	-0.0035  	0.00593  	0.00221  	-0.0051  	-0.0106  	0.02581  	0.01213  	0.08411  	0.01040  	0.00532  	0.01241  	0.03785  	-0.7581  	
-0.5353  	-0.1909  	-0.8817  	-0.3748  	0.00990  	-0.5195  	0.01061  	-0.2265  	-0.0347  	0.10941  	-0.4769  	-0.5170  	0.14359  	-0.1403  	-0.1433  	0.68229  	-0.0709  	0.02102  	0.31746  	0.60599  	-0.0514  	0.36306  	-0.5717  	0.38029  	0.92871  	-0.2221  	0.20173  	0.23322  	0.33995  	0.29930  	-0.1855  	0.20950  	0.03471  	-0.0513  	0.46753  	0.17993  	0.06353  	-0.2353  	-0.1511  	0.47802  	-0.1844  	0.05850  	-0.2457  	0.19051  	0.15699  	-0.0401  	0.02922  	-0.1369  	-0.0437  	-0.0667  	-0.0217  	-0.0185  	-0.0267  	-0.0205  	-0.0159  	-0.0224  	0.02510  	0.00093  	0.00764  	0.00024  	-0.0110  	-0.0121  	0.02421  	0.01198  	0.08411  	0.01040  	0.00532  	0.01241  	0.03785  	-0.7581  	
-0.5267  	-0.1870  	-0.8631  	-0.4079  	-0.0029  	-0.5080  	-0.0029  	-0.1999  	0.00323  	0.05865  	-0.4927  	-0.5133  	0.15985  	-0.1474  	-0.0965  	0.65636  	-0.0627  	0.03569  	0.31126  	0.62117  	-0.0357  	0.37232  	-0.5274  	0.32397  	0.89291  	-0.2042  	0.15806  	0.25589  	0.34927  	0.27791  	-0.1633  	0.17795  	0.04287  	-0.0338  	0.44401  	0.14188  	0.06422  	-0.2308  	-0.1462  	0.45825  	-0.1591  	0.05119  	-0.2311  	0.18175  	0.15959  	-0.0440  	0.03193  	-0.1375  	-0.0466  	-0.0602  	-0.0238  	-0.0193  	-0.0289  	-0.0184  	-0.0155  	-0.0181  	0.02514  	-0.0006  	0.00480  	-0.0010  	-0.0086  	-0.0045  	0.02410  	0.01553  	0.08411  	0.01040  	0.00532  	0.01241  	0.03785  	-0.7581  	
-0.5340  	-0.1993  	-0.8739  	-0.3533  	0.03971  	-0.5103  	-0.0260  	-0.1418  	0.00052  	0.08374  	-0.3794  	-0.3927  	0.16993  	-0.0914  	-0.0097  	0.71595  	-0.0976  	0.03724  	0.31327  	0.64286  	0.03321  	0.35575  	-0.5616  	0.38225  	0.79611  	-0.2098  	0.12853  	0.20323  	0.27402  	0.25048  	-0.1698  	0.18063  	0.07994  	-0.0519  	0.52472  	0.09918  	0.08406  	-0.2529  	-0.1681  	0.46600  	-0.2038  	0.06469  	-0.2574  	0.17410  	0.16202  	-0.0375  	0.03413  	-0.1419  	-0.0447  	-0.0620  	-0.0293  	-0.0230  	-0.0351  	-0.0159  	-0.0190  	-0.0188  	0.02394  	-0.0060  	0.00098  	-0.0001  	-0.0082  	-0.0027  	0.02222  	0.01421  	0.08411  	0.01040  	0.00532  	0.01241  	0.03785  	-0.7581  	
-0.2981  	-0.1099  	-0.7483  	-0.1978  	0.14294  	-0.4620  	0.01116  	-0.1199  	0.00464  	0.09167  	-0.4926  	-0.3921  	0.26882  	0.16304  	0.24065  	0.68727  	-0.1119  	0.00980  	0.29552  	0.62761  	0.05713  	0.37034  	-0.5804  	0.42719  	0.72436  	-0.1827  	0.14695  	0.16599  	0.22632  	0.24737  	-0.1466  	0.17675  	0.12178  	-0.0427  	0.52529  	0.02788  	0.10354  	-0.2440  	-0.1772  	0.49560  	-0.2065  	0.06605  	-0.2424  	0.17172  	0.15270  	-0.0322  	0.03117  	-0.1186  	-0.0384  	-0.0525  	-0.0370  	-0.0265  	-0.0361  	-0.0240  	-0.0245  	-0.0179  	0.01691  	-0.0189  	0.00911  	0.00546  	-0.0028  	-0.0019  	0.00076  	0.00095  	0.08411  	0.01040  	0.00532  	0.01241  	0.03785  	-0.7581  	
-0.1433  	-0.0750  	-0.6207  	-0.2174  	0.03827  	-0.3329  	0.05329  	-0.0892  	0.04734  	0.10910  	-0.6508  	-0.5228  	0.31946  	0.24565  	0.29562  	0.61767  	-0.1072  	-0.0491  	0.28243  	0.52704  	0.06409  	0.43998  	-0.4940  	0.36281  	0.81202  	-0.2085  	0.16527  	0.04557  	0.23009  	0.27803  	-0.1466  	0.18427  	0.10167  	-0.0300  	0.51630  	0.03727  	0.11965  	-0.2323  	-0.1442  	0.46482  	-0.2012  	0.06506  	-0.2330  	0.18481  	0.14876  	-0.0285  	0.01945  	-0.1114  	-0.0290  	-0.0540  	-0.0308  	-0.0181  	-0.0349  	-0.0180  	-0.0189  	-0.0074  	0.00685  	-0.0101  	-0.0004  	0.00406  	-0.0008  	0.00650  	0.01696  	0.00752  	0.08411  	0.01040  	0.00532  	0.01241  	0.03785  	-0.7581  	
-0.0611  	-0.0703  	-0.6397  	-0.1477  	0.09233  	-0.2822  	0.09844  	-0.0552  	0.07622  	0.06714  	-0.7655  	-0.6471  	0.36269  	0.27106  	0.26295  	0.60632  	-0.0579  	-0.0877  	0.30388  	0.39742  	0.03608  	0.50574  	-0.4370  	0.32771  	0.94721  	-0.2349  	0.26960  	0.02969  	0.36576  	0.33852  	-0.1560  	0.17936  	0.06819  	-0.0215  	0.46428  	0.04641  	0.07793  	-0.2487  	-0.0727  	0.47994  	-0.1744  	0.07510  	-0.2063  	0.20123  	0.14900  	-0.0398  	0.00826  	-0.0895  	-0.0139  	-0.0651  	-0.0326  	-0.0155  	-0.0228  	-0.0108  	-0.0122  	-0.0057  	0.00780  	-0.0101  	-0.0045  	0.00402  	-0.0031  	0.00561  	0.02033  	0.00628  	0.08411  	0.01040  	0.00532  	0.01241  	0.03785  	-0.7581  	
-0.1586  	-0.0043  	-0.6097  	-0.4099  	0.01481  	-0.3705  	0.10968  	-0.0477  	0.04366  	0.20136  	-0.6684  	-0.7088  	0.33718  	0.25625  	0.23989  	0.55081  	-0.0675  	-0.0727  	0.31112  	0.35795  	0.02067  	0.54115  	-0.4547  	0.41619  	0.98693  	-0.2318  	0.34812  	-0.0413  	0.31645  	0.33772  	-0.1287  	0.20034  	0.06575  	-0.0530  	0.49897  	0.04141  	0.11339  	-0.2345  	-0.1352  	0.48269  	-0.2133  	0.07627  	-0.2123  	0.18061  	0.12648  	-0.0306  	0.01452  	-0.0942  	-0.0164  	-0.0633  	-0.0356  	-0.0140  	-0.0301  	-0.0165  	-0.0203  	-0.0160  	-0.0013  	-0.0175  	-0.0092  	0.01592  	-0.0005  	0.01195  	0.02116  	0.00811  	0.08411  	0.01040  	0.00532  	0.01241  	0.03785  	-0.7581  	
-0.5263  	-0.1568  	-0.8676  	-0.2744  	0.08316  	-0.5565  	0.07425  	-0.1377  	-0.0069  	0.12722  	-0.4492  	-0.4996  	0.23962  	0.18178  	0.13950  	0.60427  	-0.0978  	-0.0389  	0.28212  	0.59420  	0.09628  	0.42419  	-0.5592  	0.45528  	0.84501  	-0.2392  	0.24060  	0.07358  	0.22957  	0.28190  	-0.1840  	0.20003  	0.10991  	-0.0487  	0.59135  	0.04035  	0.11985  	-0.2580  	-0.2039  	0.55976  	-0.2487  	0.09962  	-0.2894  	0.17570  	0.15087  	-0.0376  	0.04197  	-0.1307  	-0.0492  	-0.0569  	-0.0238  	-0.0175  	-0.0501  	-0.0152  	-0.0272  	-0.0192  	0.00515  	-0.0145  	-0.0019  	0.00665  	0.00022  	0.00153  	0.01412  	0.00141  	0.08411  	0.01040  	0.00532  	0.01241  	0.03785  	-0.7581  	
-0.6605  	-0.2235  	-0.9648  	-0.3043  	0.09107  	-0.6312  	0.02058  	-0.1697  	0.00394  	0.12864  	-0.3191  	-0.3411  	0.21996  	-0.0255  	0.01124  	0.65981  	-0.1348  	0.05883  	0.27287  	0.68721  	0.03198  	0.37370  	-0.5952  	0.38544  	0.72807  	-0.2077  	0.05081  	0.22866  	0.23255  	0.23887  	-0.1506  	0.17735  	0.10824  	-0.0252  	0.53790  	0.03785  	0.06095  	-0.2311  	-0.1728  	0.47684  	-0.2135  	0.07102  	-0.2751  	0.15054  	0.16333  	-0.0346  	0.03729  	-0.1407  	-0.0566  	-0.0420  	-0.0356  	-0.0210  	-0.0252  	-0.0130  	-0.0185  	-0.0280  	0.01566  	-0.0091  	0.00262  	0.00122  	-0.0027  	0.00478  	0.01519  	0.00766  	0.08411  	0.01040  	0.00532  	0.01241  	0.03785  	-0.7581  	
-0.5027  	-0.1897  	-0.8319  	-0.4860  	-0.0037  	-0.5028  	-0.0148  	-0.1591  	-0.0071  	0.07780  	-0.4249  	-0.4926  	0.17831  	-0.0752  	-0.0334  	0.63997  	-0.0683  	0.03184  	0.30079  	0.62789  	0.06634  	0.36175  	-0.5016  	0.34629  	0.82528  	-0.2109  	0.13711  	0.16246  	0.25109  	0.24840  	-0.1430  	0.16734  	0.07110  	-0.0529  	0.48343  	0.06283  	0.11152  	-0.2343  	-0.1706  	0.45753  	-0.1947  	0.05552  	-0.2488  	0.18379  	0.16131  	-0.0326  	0.04381  	-0.1479  	-0.0451  	-0.0561  	-0.0292  	-0.0163  	-0.0374  	-0.0194  	-0.0219  	-0.0175  	0.01525  	-0.0085  	0.00387  	0.00640  	-0.0019  	-0.0062  	0.01919  	0.01128  	0.08411  	0.01040  	0.00532  	0.01241  	0.03785  	-0.7581  	
-0.4255  	-0.1798  	-0.7880  	-0.3840  	-0.0287  	-0.5255  	0.00569  	-0.1657  	0.01265  	0.10750  	-0.4980  	-0.5191  	0.18176  	-0.0967  	-0.0058  	0.67337  	-0.0705  	0.05612  	0.31498  	0.62494  	-0.0032  	0.37749  	-0.5216  	0.29296  	0.83782  	-0.2096  	0.07778  	0.20241  	0.32759  	0.23952  	-0.1601  	0.17627  	0.07964  	-0.0352  	0.43387  	0.07083  	0.08177  	-0.2347  	-0.1328  	0.48995  	-0.1373  	0.03484  	-0.2140  	0.19518  	0.16165  	-0.0354  	0.02972  	-0.1272  	-0.0401  	-0.0557  	-0.0273  	-0.0187  	-0.0327  	-0.0194  	-0.0165  	-0.0172  	0.01261  	-0.0028  	0.00225  	0.00567  	-0.0026  	-0.0005  	0.02184  	0.01550  	0.08411  	0.01040  	0.00532  	0.01241  	0.03785  	-0.7581  	
-0.5153  	-0.1570  	-0.8340  	-0.4615  	-0.0284  	-0.5118  	0.03212  	-0.1950  	0.02018  	0.12566  	-0.4864  	-0.5204  	0.17451  	-0.1138  	-0.1011  	0.65106  	-0.0814  	0.07691  	0.31050  	0.64027  	-0.0571  	0.37265  	-0.5518  	0.26667  	0.82730  	-0.1955  	0.05357  	0.29406  	0.39333  	0.24731  	-0.1472  	0.16221  	0.07631  	-0.0307  	0.39344  	0.10770  	0.02679  	-0.2479  	-0.1249  	0.48977  	-0.1123  	0.04044  	-0.2142  	0.19355  	0.15147  	-0.0350  	0.02613  	-0.1327  	-0.0482  	-0.0577  	-0.0311  	-0.0175  	-0.0298  	-0.0126  	-0.0156  	-0.0222  	0.01783  	-0.0062  	0.00173  	0.00102  	0.00033  	0.00308  	0.02113  	0.01446  	0.08411  	0.01040  	0.00532  	0.01241  	0.03785  	-0.7581  	
-0.5951  	-0.2181  	-0.8953  	-0.4560  	-0.0493  	-0.5447  	0.00348  	-0.1795  	-0.0025  	0.12051  	-0.4004  	-0.5450  	0.14953  	-0.1859  	-0.1336  	0.69073  	-0.0779  	0.03549  	0.30790  	0.61085  	0.01124  	0.37060  	-0.5377  	0.33018  	0.85231  	-0.1979  	0.14555  	0.18783  	0.31813  	0.25161  	-0.1515  	0.18179  	0.06050  	-0.0473  	0.45808  	0.10449  	0.07378  	-0.2403  	-0.1501  	0.47695  	-0.1644  	0.05677  	-0.2386  	0.18594  	0.16629  	-0.0354  	0.03105  	-0.1424  	-0.0527  	-0.0584  	-0.0276  	-0.0185  	-0.0302  	-0.0155  	-0.0174  	-0.0207  	0.02218  	-0.0043  	0.00275  	0.00279  	-0.0045  	-0.0024  	0.01879  	0.01547  	0.08411  	0.01040  	0.00532  	0.01241  	0.03785  	-0.7581  	
-0.5239  	-0.2015  	-0.8402  	-0.4216  	-0.0531  	-0.4860  	-0.0248  	-0.1551  	0.00794  	0.04943  	-0.4343  	-0.5143  	0.16942  	-0.1234  	-0.0244  	0.65548  	-0.0526  	-0.0032  	0.28384  	0.58690  	0.03872  	0.38443  	-0.4837  	0.32854  	0.81558  	-0.1918  	0.14830  	0.17307  	0.29738  	0.25660  	-0.1435  	0.17843  	0.07235  	-0.0474  	0.46016  	0.07838  	0.10083  	-0.2260  	-0.1634  	0.44750  	-0.1636  	0.05463  	-0.2338  	0.17759  	0.16236  	-0.0364  	0.03508  	-0.1419  	-0.0506  	-0.0543  	-0.0336  	-0.0182  	-0.0310  	-0.0216  	-0.0189  	-0.0199  	0.01715  	-0.0043  	0.00236  	-0.0035  	-0.0019  	-0.0043  	0.02182  	0.01601  	0.08411  	0.01040  	0.00532  	0.01241  	0.03785  	-0.7581  	
-0.4136  	-0.1730  	-0.8097  	-0.3629  	-0.0077  	-0.4854  	0.01791  	-0.1879  	0.00848  	0.09474  	-0.4413  	-0.4742  	0.18349  	-0.1030  	-0.0056  	0.69648  	-0.0895  	0.05117  	0.30247  	0.61047  	0.01065  	0.36976  	-0.5391  	0.31568  	0.82089  	-0.2054  	0.09527  	0.20612  	0.32076  	0.24839  	-0.1435  	0.18599  	0.08625  	-0.0253  	0.47890  	0.09197  	0.08231  	-0.2321  	-0.1612  	0.47952  	-0.1642  	0.05570  	-0.2271  	0.18380  	0.15750  	-0.0396  	0.03620  	-0.1377  	-0.0453  	-0.0606  	-0.0309  	-0.0213  	-0.0319  	-0.0172  	-0.0183  	-0.0200  	0.01524  	-0.0045  	0.00356  	0.00280  	-0.0065  	-0.0002  	0.02136  	0.01362  	0.08411  	0.01040  	0.00532  	0.01241  	0.03785  	-0.7581  	
-0.3650  	-0.1525  	-0.7899  	-0.3808  	0.05081  	-0.4832  	0.03291  	-0.1719  	0.02347  	0.14505  	-0.4190  	-0.4651  	0.18780  	-0.0709  	-0.0701  	0.74661  	-0.1091  	0.05530  	0.30189  	0.65702  	-0.0218  	0.35593  	-0.5963  	0.31623  	0.82564  	-0.2240  	0.08737  	0.23004  	0.33821  	0.24537  	-0.1618  	0.18268  	0.08674  	-0.0324  	0.49217  	0.11652  	0.07074  	-0.2451  	-0.1459  	0.49570  	-0.1518  	0.04597  	-0.2339  	0.19123  	0.15892  	-0.0379  	0.03678  	-0.1321  	-0.0411  	-0.0575  	-0.0302  	-0.0225  	-0.0294  	-0.0150  	-0.0128  	-0.0192  	0.01738  	-0.0059  	-0.0014  	0.00352  	-0.0066  	-0.0031  	0.01939  	0.01095  	0.08411  	0.01040  	0.00532  	0.01241  	0.03785  	-0.7581  	
-0.3521  	-0.1669  	-0.7605  	-0.4058  	0.00606  	-0.4867  	0.03830  	-0.1882  	0.00915  	0.18026  	-0.3711  	-0.4796  	0.16127  	-0.1565  	-0.1690  	0.79081  	-0.1274  	0.07267  	0.31144  	0.65825  	-0.0506  	0.34913  	-0.6238  	0.30409  	0.84059  	-0.2263  	0.12243  	0.25797  	0.33761  	0.25781  	-0.1565  	0.19286  	0.06916  	-0.0345  	0.47925  	0.15805  	0.05922  	-0.2357  	-0.1498  	0.48382  	-0.1502  	0.05428  	-0.2310  	0.19214  	0.15478  	-0.0382  	0.03097  	-0.1241  	-0.0387  	-0.0579  	-0.0241  	-0.0183  	-0.0246  	-0.0168  	-0.0108  	-0.0221  	0.02111  	-0.0056  	0.00226  	0.00239  	-0.0057  	-0.0042  	0.02940  	0.01279  	0.08411  	0.01040  	0.00532  	0.01241  	0.03785  	-0.7581  	
-0.4342  	-0.2041  	-0.8171  	-0.4925  	-0.0460  	-0.5074  	0.03392  	-0.2159  	-0.0079  	0.13992  	-0.4072  	-0.5336  	0.17602  	-0.1932  	-0.1696  	0.75882  	-0.1091  	0.06613  	0.31164  	0.63659  	-0.0747  	0.35668  	-0.5824  	0.29580  	0.85449  	-0.2147  	0.09998  	0.28728  	0.36974  	0.26857  	-0.1528  	0.19266  	0.05818  	-0.0311  	0.45555  	0.17298  	0.04159  	-0.2382  	-0.1399  	0.48643  	-0.1459  	0.05331  	-0.2267  	0.18791  	0.15428  	-0.0350  	0.03625  	-0.1362  	-0.0455  	-0.0580  	-0.0228  	-0.0185  	-0.0280  	-0.0175  	-0.0139  	-0.0243  	0.01904  	-0.0054  	0.00111  	0.00266  	-0.0042  	-0.0045  	0.02609  	0.01492  	0.08411  	0.01040  	0.00532  	0.01241  	0.03785  	-0.7581  	
-0.5124  	-0.1933  	-0.8695  	-0.4518  	-0.0239  	-0.5138  	0.03454  	-0.2346  	-0.0306  	0.07198  	-0.4704  	-0.5453  	0.14116  	-0.1675  	-0.0869  	0.67455  	-0.0819  	0.01671  	0.30428  	0.59720  	-0.0510  	0.36857  	-0.5484  	0.31982  	0.88733  	-0.2110  	0.16291  	0.25364  	0.34501  	0.28107  	-0.1593  	0.20330  	0.04524  	-0.0345  	0.47043  	0.16486  	0.06503  	-0.2289  	-0.1577  	0.46712  	-0.1466  	0.05050  	-0.2348  	0.18590  	0.15433  	-0.0382  	0.02655  	-0.1475  	-0.0547  	-0.0604  	-0.0216  	-0.0155  	-0.0266  	-0.0207  	-0.0141  	-0.0235  	0.02385  	-0.0015  	0.00654  	-0.0015  	-0.0088  	-0.0044  	0.02013  	0.01305  	0.08411  	0.01040  	0.00532  	0.01241  	0.03785  	-0.7581  	
-0.5126  	-0.1922  	-0.8674  	-0.4373  	-0.0391  	-0.4996  	-0.0064  	-0.2216  	-0.0178  	0.04515  	-0.4608  	-0.5499  	0.13867  	-0.1342  	-0.0177  	0.62882  	-0.0697  	0.00886  	0.30700  	0.58948  	0.03189  	0.37804  	-0.5224  	0.33409  	0.87199  	-0.2141  	0.18229  	0.17089  	0.28961  	0.27356  	-0.1591  	0.21606  	0.05255  	-0.0332  	0.49811  	0.12115  	0.11263  	-0.2122  	-0.1742  	0.45210  	-0.1612  	0.05409  	-0.2370  	0.18040  	0.15898  	-0.0440  	0.03545  	-0.1488  	-0.0459  	-0.0645  	-0.0274  	-0.0185  	-0.0282  	-0.0163  	-0.0113  	-0.0209  	0.02029  	-0.0023  	0.00363  	0.00404  	-0.0067  	-0.0079  	0.02421  	0.01297  	0.08411  	0.01040  	0.00532  	0.01241  	0.03785  	-0.7581  	
-0.4512  	-0.1845  	-0.8378  	-0.4133  	-0.0271  	-0.5160  	0.01937  	-0.1961  	-0.0094  	0.08442  	-0.4239  	-0.5155  	0.14927  	-0.1281  	-0.0480  	0.68227  	-0.1040  	0.03994  	0.31090  	0.61814  	0.01044  	0.36880  	-0.5511  	0.30719  	0.84731  	-0.2204  	0.14522  	0.20642  	0.29723  	0.26492  	-0.1621  	0.20429  	0.06235  	-0.0311  	0.49679  	0.13020  	0.09570  	-0.2155  	-0.1729  	0.45248  	-0.1679  	0.05252  	-0.2435  	0.18260  	0.15460  	-0.0425  	0.03145  	-0.1454  	-0.0462  	-0.0631  	-0.0246  	-0.0187  	-0.0304  	-0.0171  	-0.0123  	-0.0197  	0.01895  	-0.0020  	0.00342  	0.00309  	-0.0094  	-0.0033  	0.02351  	0.00952  	0.08411  	0.01040  	0.00532  	0.01241  	0.03785  	-0.7581  	
-0.3948  	-0.1810  	-0.8126  	-0.4265  	-0.0092  	-0.4797  	0.04861  	-0.1871  	0.00735  	0.12068  	-0.4047  	-0.5031  	0.16870  	-0.1290  	-0.1259  	0.72718  	-0.1015  	0.05801  	0.29896  	0.63688  	-0.0262  	0.34601  	-0.5853  	0.30265  	0.84544  	-0.2224  	0.12888  	0.25896  	0.34736  	0.26216  	-0.1551  	0.19165  	0.05949  	-0.0368  	0.47965  	0.14966  	0.06937  	-0.2341  	-0.1528  	0.47274  	-0.1625  	0.05085  	-0.2369  	0.18831  	0.15777  	-0.0374  	0.03303  	-0.1379  	-0.0405  	-0.0583  	-0.0196  	-0.0178  	-0.0270  	-0.0189  	-0.0121  	-0.0188  	0.02091  	-0.0032  	0.00177  	0.00093  	-0.0085  	-0.0038  	0.02506  	0.01021  	0.08411  	0.01040  	0.00532  	0.01241  	0.03785  	-0.7581  	
-0.3939  	-0.1915  	-0.7880  	-0.4601  	-0.0044  	-0.4852  	0.05742  	-0.2038  	0.01584  	0.15132  	-0.4084  	-0.5096  	0.18654  	-0.1594  	-0.1723  	0.77037  	-0.1219  	0.07152  	0.31192  	0.65647  	-0.0812  	0.34795  	-0.6129  	0.27078  	0.86158  	-0.2180  	0.10753  	0.29466  	0.37968  	0.26505  	-0.1471  	0.18013  	0.06202  	-0.0256  	0.45597  	0.17004  	0.04129  	-0.2325  	-0.1389  	0.48782  	-0.1545  	0.05285  	-0.2312  	0.19460  	0.15161  	-0.0353  	0.03690  	-0.1270  	-0.0438  	-0.0585  	-0.0187  	-0.0163  	-0.0291  	-0.0171  	-0.0136  	-0.0235  	0.02053  	-0.0035  	0.00033  	-0.0007  	-0.0076  	-0.0043  	0.02735  	0.00920  	0.08411  	0.01040  	0.00532  	0.01241  	0.03785  	-0.7581  	
-0.4289  	-0.2002  	-0.7997  	-0.4870  	-0.0070  	-0.4986  	0.03816  	-0.2258  	-0.0082  	0.13428  	-0.3700  	-0.5101  	0.15994  	-0.1947  	-0.1651  	0.78294  	-0.1130  	0.04493  	0.31564  	0.62939  	-0.0601  	0.35027  	-0.5799  	0.30659  	0.85003  	-0.2165  	0.11722  	0.26083  	0.34766  	0.25320  	-0.1486  	0.19229  	0.05793  	-0.0367  	0.46349  	0.17363  	0.06854  	-0.2294  	-0.1594  	0.48639  	-0.1471  	0.05882  	-0.2389  	0.18795  	0.15294  	-0.0348  	0.03644  	-0.1333  	-0.0464  	-0.0555  	-0.0230  	-0.0178  	-0.0244  	-0.0149  	-0.0129  	-0.0248  	0.02037  	-0.0048  	0.00224  	0.00190  	-0.0055  	-0.0044  	0.02683  	0.01352  	0.08411  	0.01040  	0.00532  	0.01241  	0.03785  	-0.7581  	
-0.4377  	-0.1874  	-0.8196  	-0.4606  	-0.0049  	-0.4904  	0.01995  	-0.2411  	0.00024  	0.07585  	-0.3925  	-0.5097  	0.13269  	-0.2332  	-0.1289  	0.75970  	-0.0737  	0.03192  	0.32495  	0.62412  	-0.0310  	0.34133  	-0.5903  	0.34855  	0.85037  	-0.2059  	0.15621  	0.24768  	0.27915  	0.25769  	-0.1604  	0.22449  	0.06086  	-0.0450  	0.49200  	0.15676  	0.09486  	-0.2278  	-0.1856  	0.46726  	-0.1525  	0.05558  	-0.2391  	0.18451  	0.15532  	-0.0368  	0.02928  	-0.1392  	-0.0463  	-0.0620  	-0.0268  	-0.0179  	-0.0286  	-0.0149  	-0.0161  	-0.0225  	0.02236  	-0.0044  	0.00366  	-0.0004  	-0.0057  	-0.0082  	0.02872  	0.01279  	0.08411  	0.01040  	0.00532  	0.01241  	0.03785  	-0.7581  	
-0.4224  	-0.1843  	-0.8285  	-0.2904  	0.00216  	-0.4728  	-0.0078  	-0.1977  	-0.0083  	0.07918  	-0.4616  	-0.4975  	0.13946  	-0.1093  	-0.0588  	0.74472  	-0.0579  	-0.0026  	0.32285  	0.59198  	-0.0034  	0.37175  	-0.5867  	0.39436  	0.89355  	-0.2187  	0.25705  	0.17534  	0.29803  	0.30000  	-0.1980  	0.23597  	0.04537  	-0.0585  	0.51353  	0.15108  	0.08563  	-0.2417  	-0.1650  	0.46399  	-0.2094  	0.07354  	-0.2401  	0.17655  	0.15847  	-0.0330  	0.02410  	-0.1268  	-0.0418  	-0.0630  	-0.0185  	-0.0187  	-0.0229  	-0.0168  	-0.0213  	-0.0155  	0.02498  	-0.0074  	0.00954  	0.01045  	-0.0062  	-0.0106  	0.01882  	0.01401  	0.08411  	0.01040  	0.00532  	0.01241  	0.03785  	-0.7581  	
-0.3219  	-0.1374  	-0.8347  	-0.1296  	0.12402  	-0.4556  	0.01708  	-0.1500  	3.92401  	0.07370  	-0.6030  	-0.4565  	0.21107  	0.03806  	0.11649  	0.72188  	-0.0799  	0.01155  	0.31716  	0.60438  	-0.0084  	0.38062  	-0.6044  	0.38480  	0.92905  	-0.2220  	0.19895  	0.21455  	0.38409  	0.31355  	-0.1960  	0.20036  	0.04781  	-0.0458  	0.52554  	0.09816  	0.04286  	-0.2618  	-0.1343  	0.50296  	-0.1961  	0.08069  	-0.2403  	0.18896  	0.15488  	-0.0264  	0.01990  	-0.1289  	-0.0418  	-0.0629  	-0.0194  	-0.0191  	-0.0263  	-0.0161  	-0.0197  	-0.0136  	0.01913  	-0.0055  	0.01314  	0.00442  	-0.0089  	-0.0039  	0.00642  	0.00476  	0.08411  	0.01040  	0.00532  	0.01241  	0.03785  	-0.7581  	
-0.2623  	-0.1190  	-0.7864  	-0.1089  	0.14918  	-0.3778  	0.02963  	-0.0613  	0.02433  	0.05091  	-0.6532  	-0.4767  	0.22056  	0.09236  	0.24930  	0.66200  	-0.0979  	-0.0268  	0.31010  	0.56788  	0.03399  	0.42528  	-0.5470  	0.36542  	0.92559  	-0.2388  	0.23177  	0.13939  	0.35014  	0.32325  	-0.1959  	0.20895  	0.06499  	-0.0380  	0.55138  	0.03827  	0.08128  	-0.2540  	-0.1227  	0.47146  	-0.2143  	0.05961  	-0.2268  	0.20636  	0.15294  	-0.0377  	0.02714  	-0.1172  	-0.0370  	-0.0637  	-0.0241  	-0.0187  	-0.0226  	-0.0120  	-0.0127  	-0.0125  	0.01089  	-0.0066  	0.00255  	0.00640  	-0.0079  	-0.0067  	0.00873  	0.00250  	0.08411  	0.01040  	0.00532  	0.01241  	0.03785  	-0.7581  	
-0.2886  	-0.1144  	-0.7585  	-0.1931  	0.12480  	-0.4033  	0.02784  	-0.0413  	0.04283  	0.06975  	-0.6058  	-0.4982  	0.20061  	0.05346  	0.14483  	0.71271  	-0.1134  	0.00545  	0.30268  	0.57230  	0.03764  	0.44917  	-0.5370  	0.38048  	0.89422  	-0.2520  	0.19320  	0.15519  	0.35198  	0.29271  	-0.1852  	0.18905  	0.07247  	-0.0348  	0.52338  	0.05477  	0.09656  	-0.2603  	-0.1134  	0.50300  	-0.1994  	0.06242  	-0.2415  	0.19821  	0.15249  	-0.0342  	0.01923  	-0.1257  	-0.0469  	-0.0669  	-0.0231  	-0.0174  	-0.0254  	-0.0178  	-0.0170  	-0.0131  	0.02223  	-0.0061  	-0.0002  	0.00744  	-0.0031  	0.00054  	0.01555  	0.00483  	0.08411  	0.01040  	0.00532  	0.01241  	0.03785  	-0.7581  	
-0.2704  	-0.1503  	-0.7274  	-0.3020  	0.08096  	-0.4250  	0.03587  	-0.1147  	0.00488  	0.09696  	-0.5095  	-0.4889  	0.18337  	-0.0050  	-0.0115  	0.74143  	-0.0792  	0.00787  	0.30524  	0.56915  	0.03969  	0.41491  	-0.5619  	0.38958  	0.87910  	-0.2371  	0.20580  	0.12904  	0.29390  	0.28682  	-0.2000  	0.18314  	0.05466  	-0.0520  	0.52602  	0.08441  	0.13137  	-0.2602  	-0.1712  	0.49632  	-0.2063  	0.07802  	-0.2333  	0.19913  	0.15604  	-0.0290  	0.03154  	-0.1265  	-0.0297  	-0.0562  	-0.0251  	-0.0203  	-0.0333  	-0.0168  	-0.0173  	-0.0210  	0.01387  	-0.0053  	-0.0065  	0.00096  	-0.0178  	-0.0076  	0.01265  	0.00603  	0.08411  	0.01040  	0.00532  	0.01241  	0.03785  	-0.7581  	
-0.2349  	-0.1183  	-0.6654  	-0.2795  	0.05174  	-0.4463  	0.02049  	-0.1332  	0.02597  	0.10566  	-0.5035  	-0.5338  	0.19476  	0.03482  	0.04191  	0.69124  	-0.1126  	-0.0143  	0.28346  	0.56477  	0.08917  	0.40028  	-0.5309  	0.41282  	0.85089  	-0.2395  	0.28334  	0.05807  	0.22304  	0.27899  	-0.2012  	0.23295  	0.05223  	-0.0549  	0.57171  	0.07550  	0.16374  	-0.2369  	-0.1888  	0.51104  	-0.2249  	0.08240  	-0.2517  	0.19619  	0.14670  	-0.0389  	0.03042  	-0.1268  	-0.0302  	-0.0590  	-0.0282  	-0.0239  	-0.0299  	-0.0077  	-0.0190  	-0.0083  	0.01308  	-0.0065  	0.00060  	0.00908  	-0.0016  	0.00099  	0.01025  	0.01064  	0.08411  	0.01040  	0.00532  	0.01241  	0.03785  	-0.7581  	
-0.3316  	-0.1767  	-0.7344  	-0.2947  	0.08327  	-0.4627  	0.03663  	-0.1937  	-0.0186  	0.17442  	-0.4451  	-0.4663  	0.17066  	-0.1374  	-0.1389  	0.79729  	-0.1305  	0.03908  	0.32388  	0.65375  	-0.0482  	0.38998  	-0.6187  	0.37770  	0.90064  	-0.2389  	0.19054  	0.21701  	0.33202  	0.27189  	-0.1855  	0.21221  	0.05374  	-0.0384  	0.47900  	0.16582  	0.08370  	-0.2307  	-0.1492  	0.51284  	-0.1678  	0.05387  	-0.2390  	0.19059  	0.15946  	-0.0401  	0.02789  	-0.1181  	-0.0306  	-0.0650  	-0.0291  	-0.0213  	-0.0278  	-0.0157  	-0.0129  	-0.0248  	0.02136  	-0.0057  	-0.0027  	0.00393  	-0.0106  	-0.0045  	0.02277  	0.01487  	0.08411  	0.01040  	0.00532  	0.01241  	0.03785  	-0.7581  	
-0.3987  	-0.1788  	-0.8296  	-0.4295  	0.00255  	-0.5228  	0.02950  	-0.2153  	-0.0118  	0.17617  	-0.4249  	-0.4939  	0.16638  	-0.1821  	-0.1955  	0.76907  	-0.1061  	0.04369  	0.32543  	0.66008  	-0.0504  	0.37897  	-0.6127  	0.34239  	0.93898  	-0.2302  	0.19857  	0.24726  	0.32050  	0.28944  	-0.1657  	0.21124  	0.04049  	-0.0453  	0.47950  	0.18398  	0.08490  	-0.2399  	-0.1560  	0.47573  	-0.1775  	0.05907  	-0.2410  	0.19110  	0.15883  	-0.0423  	0.03110  	-0.1197  	-0.0333  	-0.0676  	-0.0191  	-0.0201  	-0.0320  	-0.0201  	-0.0144  	-0.0221  	0.02098  	-0.0052  	0.00301  	0.00300  	-0.0093  	-0.0098  	0.03052  	0.00989  	0.08411  	0.01040  	0.00532  	0.01241  	0.03785  	-0.7581  	
-0.3405  	-0.1864  	-0.8435  	-0.1860  	0.08386  	-0.4833  	0.01756  	-0.1716  	-0.0145  	0.11273  	-0.5172  	-0.4614  	0.18813  	-0.0250  	-0.0053  	0.72705  	-0.0797  	-0.0225  	0.30416  	0.63781  	-0.0084  	0.40579  	-0.6410  	0.39610  	0.94480  	-0.2271  	0.20773  	0.17167  	0.33845  	0.30952  	-0.1985  	0.19735  	0.04315  	-0.0374  	0.53453  	0.14375  	0.08083  	-0.2548  	-0.1508  	0.48868  	-0.2133  	0.08088  	-0.2414  	0.19905  	0.16795  	-0.0374  	0.02246  	-0.1290  	-0.0308  	-0.0637  	-0.0195  	-0.0210  	-0.0286  	-0.0160  	-0.0205  	-0.0140  	0.02165  	5.78454  	0.00730  	0.00428  	-0.0094  	-0.0072  	0.01554  	0.00780  	0.08411  	0.01040  	0.00532  	0.01241  	0.03785  	-0.7581  	
-0.2759  	-0.1319  	-0.8067  	-0.1048  	0.17069  	-0.4430  	0.02376  	-0.1510  	0.00596  	0.10529  	-0.6090  	-0.4493  	0.24498  	0.07397  	0.15728  	0.66330  	-0.1095  	-0.0229  	0.30217  	0.59386  	-0.0154  	0.42066  	-0.6323  	0.36766  	0.92436  	-0.2302  	0.20032  	0.20052  	0.33501  	0.31756  	-0.1859  	0.20390  	0.07214  	-0.0362  	0.56442  	0.08921  	0.06054  	-0.2685  	-0.1369  	0.51432  	-0.2261  	0.08022  	-0.2540  	0.18780  	0.16373  	-0.0381  	0.02459  	-0.1248  	-0.0303  	-0.0608  	-0.0184  	-0.0184  	-0.0295  	-0.0178  	-0.0204  	-0.0175  	0.01415  	-0.0072  	0.00432  	0.00232  	-0.0066  	-0.0011  	0.01828  	0.00995  	0.08411  	0.01040  	0.00532  	0.01241  	0.03785  	-0.7581  	
-0.2365  	-0.1033  	-0.8274  	-2.9981  	0.20535  	-0.3691  	0.03884  	-0.1037  	0.03220  	0.08086  	-0.6654  	-0.4492  	0.28478  	0.16402  	0.28709  	0.62422  	-0.0997  	-0.0284  	0.30607  	0.60152  	-0.0277  	0.41936  	-0.6377  	0.32962  	0.93814  	-0.2397  	0.19261  	0.24839  	0.39862  	0.33193  	-0.2168  	0.18238  	0.08651  	-0.0091  	0.55414  	0.09033  	0.01530  	-0.2832  	-0.0981  	0.51036  	-0.2487  	0.07248  	-0.2493  	0.18122  	0.17226  	-0.0328  	0.02677  	-0.1236  	-0.0275  	-0.0659  	-0.0272  	-0.0250  	-0.0334  	-0.0216  	-0.0160  	-0.0138  	0.01435  	-0.0026  	0.00302  	0.00252  	-0.0064  	-0.0049  	0.02363  	0.00648  	0.08411  	0.01040  	0.00532  	0.01241  	0.03785  	-0.7581  	
-0.1579  	-0.0519  	-0.7609  	0.09491  	0.21953  	-0.2930  	0.06038  	-0.0545  	0.05744  	0.05435  	-0.7317  	-0.4667  	0.33901  	0.29083  	0.34907  	0.65948  	-0.0932  	-0.0277  	0.27675  	0.55311  	-0.0047  	0.45065  	-0.6026  	0.34397  	0.93623  	-0.2501  	0.18965  	0.22749  	0.42667  	0.36189  	-0.2120  	0.17342  	0.07823  	-0.0261  	0.52085  	0.05947  	-0.0060  	-0.2776  	-0.0885  	0.49972  	-0.2522  	0.08263  	-0.2470  	0.16571  	0.16189  	-0.0311  	0.02337  	-0.1151  	-0.0233  	-0.0656  	-0.0242  	-0.0201  	-0.0295  	-0.0218  	-0.0200  	-0.0108  	0.02008  	-0.0012  	0.00525  	0.00093  	-0.0051  	-0.0022  	0.01956  	0.00418  	0.08411  	0.01040  	0.00532  	0.01241  	0.03785  	-0.7581  	
-0.3096  	-0.1073  	-0.8114  	0.00799  	0.19645  	-0.4530  	0.01879  	-0.0629  	0.05666  	0.13616  	-0.5381  	-0.4211  	0.28655  	0.24884  	0.27308  	0.69251  	-0.1200  	-0.0177  	0.29766  	0.60222  	0.02126  	0.42960  	-0.6194  	0.37556  	0.88297  	-0.2358  	0.16172  	0.16535  	0.29546  	0.31953  	-0.1363  	0.18213  	0.09289  	-0.0305  	0.57541  	0.04178  	0.08433  	-0.2796  	-0.1568  	0.47876  	-0.2377  	0.05094  	-0.2568  	0.18190  	0.15039  	-0.0309  	0.02918  	-0.1218  	-0.0357  	-0.0620  	-0.0306  	-0.0211  	-0.0375  	-0.0235  	-0.0230  	-0.0203  	0.02573  	-0.0055  	-0.0024  	0.00068  	-0.0002  	-0.0019  	0.02203  	0.00450  	0.08411  	0.01040  	0.00532  	0.01241  	0.03785  	-0.7581  	
-0.5090  	-0.1744  	-0.9441  	-0.3121  	0.06208  	-0.6887  	0.04196  	-0.1696  	0.01252  	0.13030  	-0.3460  	-0.2808  	0.25253  	0.06230  	-0.0062  	0.59285  	-0.1507  	0.07916  	0.29993  	0.75152  	0.03326  	0.39842  	-0.5952  	0.40411  	0.79063  	-0.2299  	0.05157  	0.25233  	0.29102  	0.25743  	-0.1423  	0.13997  	0.12016  	-0.0354  	0.54451  	0.05373  	0.06412  	-0.2530  	-0.1332  	0.49858  	-0.2206  	0.06865  	-0.2916  	0.15152  	0.15608  	-0.0443  	0.02870  	-0.1300  	-0.0492  	-0.0548  	-0.0309  	-0.0201  	-0.0324  	-0.0186  	-0.0199  	-0.0200  	0.01979  	-0.0031  	-0.0036  	0.00397  	0.00213  	0.00912  	0.01466  	0.00710  	0.08411  	0.01040  	0.00532  	0.01241  	0.03785  	-0.7581  	
-0.7293  	-0.2225  	-0.9961  	-0.5573  	0.06429  	-0.8277  	0.05153  	-0.2768  	-0.0216  	0.18379  	-0.2712  	-0.4290  	0.17857  	-0.0702  	-0.1566  	0.56183  	-0.1337  	0.10128  	0.29873  	0.69821  	-0.0085  	0.31389  	-0.5764  	0.37171  	0.77994  	-0.1999  	0.07354  	0.22589  	0.21854  	0.19829  	-0.1348  	0.14496  	0.10197  	-0.0383  	0.55753  	0.09243  	0.09675  	-0.2271  	-0.1665  	0.46971  	-0.1975  	0.07456  	-0.2650  	0.16154  	0.16966  	-0.0326  	0.02408  	-0.1470  	-0.0529  	-0.0591  	-0.0296  	-0.0212  	-0.0371  	-0.0131  	-0.0170  	-0.0171  	0.01865  	-0.0061  	-0.0060  	-0.0002  	-0.0020  	0.01075  	0.02271  	0.02067  	0.08411  	0.01040  	0.00532  	0.01241  	0.03785  	-0.7581  	
-0.7299  	-0.2610  	-0.9145  	-0.7187  	-0.1203  	-0.7040  	0.00521  	-0.1906  	-0.0281  	0.18252  	-0.1826  	-0.5770  	0.11881  	-0.1653  	-0.2165  	0.59602  	-0.0582  	0.03273  	0.30610  	0.64684  	0.01861  	0.33683  	-0.5115  	0.36468  	0.80875  	-0.1783  	0.09898  	0.19126  	0.24700  	0.20679  	-0.1539  	0.18101  	0.07881  	-0.0490  	0.45020  	0.08049  	0.09074  	-0.2288  	-0.1676  	0.43801  	-0.1681  	0.05651  	-0.2578  	0.16963  	0.15991  	-0.0278  	0.04439  	-0.1684  	-0.0460  	-0.0620  	-0.0340  	-0.0189  	-0.0317  	-0.0134  	-0.0216  	-0.0292  	0.01201  	-0.0022  	-0.0047  	0.00544  	-0.0014  	-1.9845  	0.01542  	0.01266  	0.08411  	0.01040  	0.00532  	0.01241  	0.03785  	-0.7581  	
-0.6974  	-0.2360  	-0.8961  	-0.6838  	-0.1397  	-0.5916  	0.00043  	-0.2196  	-0.0228  	0.15811  	-0.3322  	-0.5378  	0.15769  	-0.1977  	-0.2341  	0.63221  	-0.0542  	0.04889  	0.31513  	0.61179  	-0.0471  	0.35584  	-0.4767  	0.29933  	0.82108  	-0.1771  	0.08693  	0.22503  	0.35494  	0.22821  	-0.1064  	0.15372  	0.06518  	-0.0493  	0.36882  	0.10556  	0.04046  	-0.2478  	-0.1244  	0.45010  	-0.1309  	0.04699  	-0.2143  	0.18412  	0.16337  	-0.0418  	0.03423  	-0.1335  	-0.0531  	-0.0541  	-0.0368  	-0.0177  	-0.0360  	-0.0209  	-0.0172  	-0.0223  	0.01810  	-0.0069  	-0.0012  	-0.0004  	0.00110  	-0.0012  	0.02458  	0.01227  	0.08411  	0.01040  	0.00532  	0.01241  	0.03785  	-0.7581  	
-0.5080  	-0.1896  	-0.8374  	-0.4880  	-0.0405  	-0.5476  	-0.0186  	-0.1828  	-0.0091  	0.15679  	-0.3942  	-0.4516  	0.14893  	-0.2262  	-0.1988  	0.72957  	-0.0779  	0.05106  	0.32090  	0.64169  	-0.0374  	0.33734  	-0.5297  	0.28204  	0.81263  	-0.2024  	0.07268  	0.23561  	0.31601  	0.24076  	-0.1364  	0.17228  	0.06856  	-0.0480  	0.42077  	0.11521  	0.07469  	-0.2366  	-0.1436  	0.47160  	-0.1317  	0.03979  	-0.2165  	0.19087  	0.15570  	-0.0383  	0.03297  	-0.1327  	-0.0454  	-0.0629  	-0.0360  	-0.0184  	-0.0322  	-0.0156  	-0.0156  	-0.0245  	0.02293  	-0.0037  	-0.0005  	-0.0021  	-0.0064  	-0.0023  	0.02329  	0.01417  	0.08411  	0.01040  	0.00532  	0.01241  	0.03785  	-0.7581  	
-0.4375  	-0.1761  	-0.8120  	-0.4517  	-0.0062  	-0.5061  	0.00024  	-0.1817  	0.01398  	0.18232  	-0.3806  	-0.4419  	0.17785  	-0.1744  	-0.1946  	0.76875  	-0.1078  	0.05223  	0.31105  	0.63998  	-0.0408  	0.35197  	-0.5792  	0.28451  	0.82358  	-0.2152  	0.09596  	0.26691  	0.33042  	0.25912  	-0.1487  	0.18186  	0.07034  	-0.0410  	0.46104  	0.14037  	0.06043  	-0.2473  	-0.1423  	0.47071  	-0.1534  	0.04987  	-0.2252  	0.18920  	0.16185  	-0.0353  	0.03832  	-0.1284  	-0.0432  	-0.0615  	-0.0227  	-0.0205  	-0.0260  	-0.0232  	-0.0160  	-0.0235  	0.02247  	-0.0019  	0.00360  	0.00065  	-0.0074  	-0.0082  	0.02674  	0.01702  	0.08411  	0.01040  	0.00532  	0.01241  	0.03785  	-0.7581  	
-0.4426  	-0.1877  	-0.7960  	-0.4088  	-0.0139  	-0.5003  	0.00095  	-0.2035  	-0.0061  	0.14292  	-0.4011  	-0.4867  	0.14872  	-0.1510  	-0.1615  	0.76960  	-0.1087  	0.02734  	0.32783  	0.61689  	-0.0040  	0.36345  	-0.5750  	0.33705  	0.85919  	-0.2271  	0.16523  	0.21080  	0.28163  	0.26464  	-0.1689  	0.20039  	0.05597  	-0.0443  	0.50580  	0.15342  	0.10967  	-0.2337  	-0.1761  	0.46098  	-0.1780  	0.05684  	-0.2346  	0.18999  	0.16161  	-0.0369  	0.03103  	-0.1260  	-0.0398  	-0.0584  	-0.0195  	-0.0199  	-0.0287  	-0.0204  	-0.0170  	-0.0197  	0.02050  	-0.0007  	0.00190  	0.00148  	-0.0091  	-0.0119  	0.03013  	0.01157  	0.08411  	0.01040  	0.00532  	0.01241  	0.03785  	-0.7581  	
-0.4955  	-0.1740  	-0.8404  	-0.4354  	-0.0203  	-0.5459  	0.01117  	-0.2228  	-0.0142  	0.11961  	-0.4453  	-0.5103  	0.15810  	-0.1641  	-0.1967  	0.72489  	-0.0822  	0.04895  	0.31691  	0.64270  	-0.0539  	0.35457  	-0.5868  	0.30515  	0.87261  	-0.2138  	0.11520  	0.26475  	0.35412  	0.27850  	-0.1783  	0.19401  	0.05062  	-0.0361  	0.45609  	0.17714  	0.06255  	-0.2435  	-0.1412  	0.47099  	-0.1598  	0.05452  	-0.2381  	0.17714  	0.16231  	-0.0354  	0.03101  	-0.1300  	-0.0432  	-0.0593  	-0.0220  	-0.0206  	-0.0297  	-0.0213  	-0.0149  	-0.0213  	0.02098  	0.00216  	0.00564  	-0.0021  	-0.0061  	-0.0109  	0.02680  	0.01193  	0.08411  	0.01040  	0.00532  	0.01241  	0.03785  	-0.7581  	
-0.5467  	-0.2301  	-0.9314  	-0.3775  	0.04494  	-0.5730  	-0.0037  	-0.2070  	-0.0176  	0.08486  	-0.4093  	-0.4424  	0.15789  	-0.1371  	-0.0849  	0.67424  	-0.0960  	0.04560  	0.30975  	0.63497  	-0.0131  	0.34884  	-0.5827  	0.33636  	0.86924  	-0.2099  	0.13564  	0.24789  	0.31687  	0.26189  	-0.1683  	0.19013  	0.05501  	-0.0480  	0.48412  	0.14358  	0.08003  	-0.2471  	-0.1566  	0.46541  	-0.1880  	0.06535  	-0.2543  	0.17656  	0.17256  	-0.0386  	0.03469  	-0.1398  	-0.0461  	-0.0658  	-0.0251  	-0.0207  	-0.0297  	-0.0178  	-0.0197  	-0.0198  	0.02306  	-0.0016  	0.00297  	-0.0001  	-0.0038  	-0.0075  	0.02361  	0.01171  	0.08411  	0.01040  	0.00532  	0.01241  	0.03785  	-0.7581  	
-0.3729  	-0.1444  	-0.8377  	-0.2143  	0.13319  	-0.4718  	-0.0113  	-0.1275  	0.02557  	0.07590  	-0.5333  	-0.3881  	0.23795  	0.03634  	0.12856  	0.68031  	-0.0775  	-0.0166  	0.28836  	0.61079  	0.01304  	0.36724  	-0.5380  	0.35478  	0.80464  	-0.2067  	0.13939  	0.20643  	0.28558  	0.27592  	-0.1564  	0.17645  	0.08358  	-0.0279  	0.51597  	0.05614  	0.07190  	-0.2479  	-0.1547  	0.47900  	-0.1995  	0.05931  	-0.2326  	0.18567  	0.16283  	-0.0373  	0.02963  	-0.1263  	-0.0453  	-0.0568  	-0.0353  	-0.0217  	-0.0314  	-0.0132  	-0.0215  	-0.0163  	0.01912  	-0.0064  	0.00515  	-0.0020  	-0.0052  	0.00192  	0.01585  	0.00923  	0.08411  	0.01040  	0.00532  	0.01241  	0.03785  	-0.7581  	
-0.3027  	-0.0958  	-0.7348  	-0.2849  	0.04638  	-0.3962  	0.00016  	-0.0605  	0.04071  	0.07690  	-0.5528  	-0.4578  	0.26828  	0.13692  	0.12830  	0.69481  	-0.0704  	0.00010  	0.31596  	0.58766  	0.08291  	0.39151  	-0.5207  	0.33757  	0.83670  	-0.2024  	0.13600  	0.14701  	0.31930  	0.26962  	-0.1467  	0.17116  	0.10306  	-0.0392  	0.50571  	0.04062  	0.07868  	-0.2421  	-0.1167  	0.47758  	-0.1798  	0.05499  	-0.2143  	0.18623  	0.16045  	-0.0318  	0.03431  	-0.1193  	-0.0430  	-0.0574  	-0.0304  	-0.0205  	-0.0323  	-0.0202  	-0.0205  	-0.0154  	0.01266  	-0.0077  	-0.0033  	0.00143  	-0.0047  	0.00571  	0.01729  	0.01362  	0.08411  	0.01040  	0.00532  	0.01241  	0.03785  	-0.7581  	
-0.3797  	-0.1179  	-0.8015  	-0.2908  	0.05523  	-0.4900  	0.04413  	-0.1193  	0.02338  	0.10796  	-0.5129  	-0.4657  	0.25513  	0.09940  	0.10697  	0.65930  	-0.1154  	0.01661  	0.29859  	0.65216  	0.01324  	0.39784  	-0.5936  	0.32966  	0.85157  	-0.2107  	0.09831  	0.17570  	0.34894  	0.26840  	-0.1539  	0.14475  	0.10518  	-0.0384  	0.47950  	0.04655  	0.06250  	-0.2429  	-0.1411  	0.49558  	-0.1611  	0.05738  	-0.2326  	0.17670  	0.15650  	-0.0322  	0.02965  	-0.1243  	-0.0449  	-0.0633  	-0.0318  	-0.0198  	-0.0347  	-0.0202  	-0.0222  	-0.0152  	0.01550  	-0.0089  	-0.0022  	0.00308  	-0.0002  	0.00582  	0.01497  	0.00815  	0.08411  	0.01040  	0.00532  	0.01241  	0.03785  	-0.7581  	
-0.5892  	-0.1898  	-0.8948  	-0.4358  	0.01104  	-0.6744  	0.00398  	-0.1295  	-0.0029  	0.12754  	-0.3019  	-0.4213  	0.24832  	0.00346  	-0.0812  	0.58401  	-0.0424  	-0.0760  	0.35281  	0.45518  	0.06127  	0.21646  	-0.7812  	0.36649  	0.78077  	-0.1397  	0.08273  	0.12395  	0.33951  	0.23233  	-0.0379  	0.11702  	0.03891  	-0.1598  	0.45946  	0.07552  	0.03994  	-0.2564  	-0.2354  	0.41030  	-0.1376  	0.16899  	-0.3312  	0.23026  	0.12472  	-0.0221  	0.01410  	-0.1285  	-0.0538  	-0.0629  	-0.0326  	-0.0173  	-0.0370  	0.00081  	-0.0155  	-0.0200  	0.01518  	-0.0187  	0.00574  	0.01351  	-0.0014  	0.00301  	0.00574  	0.01727  	0.08411  	0.01040  	0.00532  	0.01241  	0.03785  	-0.7581  	
-0.7334  	-0.2380  	-0.9239  	-0.5763  	-0.0154  	-0.7865  	-0.0283  	-0.1485  	-0.0351  	0.12121  	-0.2055  	-0.4287  	0.23757  	-0.1905  	-0.1139  	0.50382  	0.01067  	-0.1563  	0.40459  	0.31490  	0.11708  	0.03838  	-0.8488  	0.34481  	0.67864  	-0.0607  	0.09973  	0.07603  	0.35180  	0.18863  	0.03049  	0.09164  	-0.0358  	-0.2492  	0.41705  	0.05171  	-0.0308  	-0.2231  	-0.3207  	0.35064  	-0.0664  	0.23154  	-0.4145  	0.26975  	0.08545  	-0.0147  	0.00253  	-0.1342  	-0.0777  	-0.0718  	-0.0273  	-0.0135  	-0.0333  	0.00552  	-0.0130  	-0.0181  	0.01286  	-0.0157  	-0.0018  	0.01332  	0.00583  	-0.0039  	-0.0002  	0.01344  	0.08411  	0.01040  	0.00532  	0.01241  	0.03785  	-0.7581  	
-0.6652  	-0.2102  	-0.8291  	-0.6655  	-0.1458  	-0.6423  	-0.0616  	-0.1017  	-0.0439  	0.11464  	-0.2598  	-0.5163  	0.23022  	-0.2510  	-0.1233  	0.53989  	0.08415  	-0.2139  	0.42000  	0.21922  	0.10568  	0.02819  	-0.8341  	0.34101  	0.72042  	-0.0367  	0.10630  	0.04074  	0.41983  	0.19451  	0.04906  	0.08986  	-0.0733  	-0.2937  	0.32397  	0.05162  	-0.0523  	-0.2340  	-0.3187  	0.32723  	-0.0274  	0.23880  	-0.3928  	0.29263  	0.07984  	-0.0089  	0.00345  	-0.1102  	-0.0769  	-0.0709  	-0.0316  	-0.0103  	-0.0318  	0.00696  	-0.0095  	-0.0265  	0.01640  	-0.0227  	0.00231  	0.01262  	0.00479  	-0.0077  	-0.0012  	0.01117  	0.08411  	0.01040  	0.00532  	0.01241  	0.03785  	-0.7581  	
-0.5352  	-0.1894  	-0.8219  	-0.4334  	-0.0531  	-0.5482  	-0.0510  	-0.1067  	-0.0317  	0.06750  	-0.4304  	-0.4444  	0.24910  	-0.2517  	-0.0613  	0.59828  	0.04088  	-0.1589  	0.40615  	0.28347  	0.01470  	0.07981  	-0.8558  	0.28348  	0.73622  	-0.0584  	0.07944  	0.14801  	0.45307  	0.22307  	0.02383  	0.11707  	-0.0479  	-0.2505  	0.28903  	0.06353  	-0.0909  	-0.2472  	-0.2677  	0.37068  	-0.0399  	0.21588  	-0.3644  	0.28962  	0.07593  	-0.0136  	0.00365  	-0.1027  	-0.0644  	-0.0738  	-0.0244  	-0.0094  	-0.0326  	0.00090  	-0.0106  	-0.0289  	0.01369  	-0.0201  	0.00317  	0.01012  	0.00449  	-0.0020  	0.00170  	0.01244  	0.08411  	0.01040  	0.00532  	0.01241  	0.03785  	-0.7581  	
-0.3474  	-0.1826  	-0.7862  	-0.2511  	0.05741  	-0.4897  	-0.0244  	-0.1346  	-0.0249  	0.13623  	-0.4278  	-0.4142  	0.23290  	-0.2159  	-0.1311  	0.74850  	-0.0605  	-0.0872  	0.35876  	0.47898  	-0.0298  	0.21581  	-0.8051  	0.34618  	0.86087  	-0.1625  	0.15902  	0.20501  	0.39458  	0.28287  	-0.0927  	0.16958  	-0.0086  	-0.1686  	0.42965  	0.12977  	-0.0210  	-0.2385  	-0.2118  	0.41239  	-0.1324  	0.15753  	-0.3015  	0.23602  	0.12676  	-0.0227  	0.01396  	-0.1099  	-0.0471  	-0.0768  	-0.0178  	-0.0182  	-0.0327  	-0.0127  	-0.0132  	-0.0204  	0.03020  	-0.0033  	0.00625  	0.00512  	-0.0088  	-0.0092  	0.01397  	0.01483  	0.08411  	0.01040  	0.00532  	0.01241  	0.03785  	-0.7581  	
-0.2795  	-0.1822  	-0.7837  	-0.1821  	0.10675  	-0.4558  	0.02780  	-0.1515  	-0.0074  	0.16452  	-0.4225  	-0.3734  	0.19963  	-0.1204  	-0.1477  	0.81688  	-0.1322  	0.03551  	0.33296  	0.67276  	-0.0785  	0.41635  	-0.6634  	0.35365  	0.95392  	-0.2630  	0.20688  	0.27979  	0.35102  	0.29833  	-0.2025  	0.19636  	0.05914  	-0.0390  	0.50519  	0.17237  	0.06325  	-0.2320  	-0.1395  	0.47519  	-0.1819  	0.05446  	-0.2207  	0.18257  	0.16573  	-0.0441  	0.02537  	-0.1080  	-0.0279  	-0.0702  	-0.0140  	-0.0266  	-0.0277  	-0.0187  	-0.0169  	-0.0107  	0.03132  	-0.0004  	0.00633  	0.00857  	-0.0130  	-0.0008  	0.02687  	0.00986  	0.08411  	0.01040  	0.00532  	0.01241  	0.03785  	-0.7581  	
-0.2289  	-0.1480  	-0.7598  	-0.2123  	0.13774  	-0.4475  	0.01671  	-0.1326  	0.02705  	0.16873  	-0.4293  	-0.3669  	0.19408  	-0.0968  	-0.1577  	0.83894  	-0.1156  	0.02960  	0.32722  	0.65526  	-0.0480  	0.40150  	-0.6359  	0.34055  	0.95118  	-0.2576  	0.16097  	0.26009  	0.33763  	0.30559  	-0.1958  	0.19007  	0.04994  	-0.0531  	0.49369  	0.13979  	0.07884  	-0.2568  	-0.1211  	0.46096  	-0.1728  	0.06654  	-0.1992  	0.18641  	0.16813  	-0.0452  	0.02282  	-0.1162  	-0.0206  	-0.0770  	-0.0136  	-0.0259  	-0.0232  	-0.0175  	-0.0170  	-0.0060  	0.02492  	-0.0085  	0.00164  	0.00858  	-0.0150  	0.00286  	0.02415  	0.01057  	0.08411  	0.01040  	0.00532  	0.01241  	0.03785  	-0.7581  	
-0.3404  	-0.1517  	-0.8116  	-0.2238  	0.09484  	-0.4785  	0.01473  	-0.1594  	-0.0122  	0.15017  	-0.4051  	-0.3401  	0.19819  	0.08052  	-0.1060  	0.73284  	-0.1263  	0.04853  	0.30982  	0.63834  	0.02431  	0.39506  	-0.6212  	0.38666  	0.91829  	-0.2387  	0.16555  	0.19896  	0.31202  	0.28499  	-0.1692  	0.18004  	0.06957  	-0.0483  	0.51342  	0.11240  	0.09756  	-0.2702  	-0.1236  	0.45737  	-0.1717  	0.07182  	-0.2455  	0.16078  	0.16617  	-0.0236  	0.01414  	-0.1176  	-0.0384  	-0.0634  	-0.0159  	-0.0237  	-0.0244  	-0.0254  	-0.0263  	0.00374  	0.02344  	-0.0065  	0.00557  	0.00377  	-0.0027  	-0.0024  	0.00838  	0.00698  	0.08411  	0.01040  	0.00532  	0.01241  	0.03785  	-0.7581  	
-0.5898  	-0.1779  	-1.0119  	-0.2753  	0.12637  	-0.6679  	0.02634  	-0.2126  	-0.0206  	0.10748  	-0.3656  	-0.3438  	0.19413  	0.02041  	-0.0022  	0.60370  	-0.1257  	0.08909  	0.29786  	0.68007  	0.01193  	0.37564  	-0.6131  	0.37112  	0.84130  	-0.2147  	0.09052  	0.23843  	0.32407  	0.24154  	-0.1525  	0.14641  	0.10229  	-0.0330  	0.51980  	0.09774  	0.03397  	-0.2728  	-0.1306  	0.48424  	-0.2246  	0.06494  	-0.2726  	0.15884  	0.17291  	-0.0295  	0.02679  	-0.1341  	-0.0558  	-0.0498  	-0.0096  	-0.0246  	-0.0242  	-0.0204  	-0.0159  	-0.0092  	0.02271  	-0.0088  	0.00036  	0.00593  	-0.0054  	-0.0019  	0.01046  	0.00602  	0.08411  	0.01040  	0.00532  	0.01241  	0.03785  	-0.7581  	
-0.6261  	-0.1966  	-0.9773  	-0.3614  	0.08333  	-0.6327  	0.01370  	-0.1397  	0.00293  	0.08260  	-0.3446  	-0.3898  	0.18885  	-0.0548  	-0.0212  	0.61424  	-0.1103  	0.04193  	0.30283  	0.70043  	0.06981  	0.35555  	-0.5687  	0.37229  	0.81015  	-0.2109  	0.14435  	0.21368  	0.28435  	0.24031  	-0.1566  	0.16115  	0.09795  	-0.0403  	0.52107  	0.07092  	0.04855  	-0.2662  	-0.1552  	0.46033  	-0.2077  	0.06795  	-0.2717  	0.15989  	0.17122  	-0.0367  	0.03839  	-0.1507  	-0.0479  	-0.0651  	-0.0255  	-0.0210  	-0.0301  	-0.0250  	-0.0202  	-0.0172  	0.02179  	-0.0011  	0.00238  	0.00297  	-0.0009  	-0.0020  	0.01300  	0.00640  	0.08411  	0.01040  	0.00532  	0.01241  	0.03785  	-0.7581  	
-0.4106  	-0.1379  	-0.8470  	-0.3656  	0.00935  	-0.4799  	0.00533  	-0.1396  	0.02905  	0.06929  	-0.4817  	-0.4571  	0.24481  	0.04596  	0.08966  	0.61569  	-0.0736  	0.00937  	0.29102  	0.59358  	0.04285  	0.38344  	-0.5641  	0.34364  	0.80049  	-0.1997  	0.09681  	0.18313  	0.29416  	0.26264  	-0.1564  	0.16601  	0.07577  	-0.0383  	0.50249  	0.04829  	0.07160  	-0.2538  	-0.1374  	0.48177  	-0.1866  	0.05436  	-0.2366  	0.17392  	0.15196  	-0.0336  	0.03542  	-0.1270  	-0.0437  	-0.0571  	-0.0283  	-0.0217  	-0.0322  	-0.0160  	-0.0197  	-0.0145  	0.01761  	-0.0096  	0.00241  	0.00902  	-0.0079  	0.00200  	0.01484  	0.01890  	0.08411  	0.01040  	0.00532  	0.01241  	0.03785  	-0.7581  	
-0.3153  	-0.1202  	-0.7292  	-0.2836  	0.01444  	-0.3855  	0.00380  	-0.1111  	0.05351  	0.07245  	-0.4844  	-0.4527  	0.23728  	-0.0496  	0.08389  	0.74715  	-0.0659  	0.00449  	0.32299  	0.61702  	0.10738  	0.38182  	-0.5384  	0.35621  	0.84224  	-0.2385  	0.14943  	0.14787  	0.24729  	0.24905  	-0.1487  	0.20020  	0.08029  	-0.0309  	0.50631  	0.05721  	0.12914  	-0.2276  	-0.1598  	0.45595  	-0.1810  	0.04292  	-0.2340  	0.17762  	0.15984  	-0.0327  	0.02273  	-0.1286  	-0.0392  	-0.0703  	-0.0341  	-0.0251  	-0.0330  	-0.0216  	-0.0220  	-0.0104  	0.02003  	-0.0021  	0.00338  	-0.0003  	-0.0001  	-0.0003  	0.02364  	0.01185  	0.08411  	0.01040  	0.00532  	0.01241  	0.03785  	-0.7581  	
-0.3289  	-0.1383  	-0.7463  	-0.3849  	0.05069  	-0.4590  	0.00831  	-0.1697  	0.01417  	0.18964  	-0.4239  	-0.4691  	0.17631  	-0.1540  	-0.1465  	0.81052  	-0.1164  	0.05785  	0.31713  	0.68240  	-0.0546  	0.36585  	-0.6145  	0.32563  	0.86098  	-0.2298  	0.11926  	0.24914  	0.34969  	0.26927  	-0.1572  	0.18797  	0.07661  	-0.0342  	0.47454  	0.13594  	0.03982  	-0.2429  	-0.1221  	0.48754  	-0.1618  	0.04792  	-0.2230  	0.20028  	0.15504  	-0.0355  	0.03149  	-0.1182  	-0.0416  	-0.0629  	-0.0221  	-0.0234  	-0.0272  	-0.0250  	-0.0133  	-0.0233  	0.02227  	-0.0061  	0.00199  	0.00161  	-0.0038  	-0.0057  	0.02581  	0.01708  	0.08411  	0.01040  	0.00532  	0.01241  	0.03785  	-0.7581  	
-0.3928  	-0.1779  	-0.7504  	-0.4656  	-0.0503  	-0.5233  	0.02169  	-0.1960  	-0.0074  	0.16005  	-0.4124  	-0.5414  	0.15118  	-0.2042  	-0.1730  	0.80605  	-0.1191  	0.06489  	0.32560  	0.62666  	-0.0457  	0.37284  	-0.5833  	0.29521  	0.86640  	-0.2247  	0.13286  	0.23245  	0.33032  	0.27427  	-0.1589  	0.19674  	0.05490  	-0.0366  	0.47496  	0.17074  	0.07015  	-0.2353  	-0.1505  	0.47475  	-0.1525  	0.05594  	-0.2232  	0.19303  	0.15263  	-0.0354  	0.03152  	-0.1247  	-0.0440  	-0.0622  	-0.0252  	-0.0175  	-0.0290  	-0.0203  	-0.0130  	-0.0226  	0.01747  	-0.0048  	-0.0017  	0.00195  	-0.0038  	-0.0110  	0.02990  	0.01423  	0.08411  	0.01040  	0.00532  	0.01241  	0.03785  	-0.7581  	
-0.5984  	-0.2257  	-0.9018  	-0.5453  	-0.0703  	-0.6182  	0.02887  	-0.2206  	-0.0391  	0.14103  	-0.3669  	-0.5707  	0.14542  	-0.2297  	-0.1903  	0.72842  	-0.0913  	0.04253  	0.31155  	0.60776  	-0.0737  	0.36042  	-0.5663  	0.34066  	0.88911  	-0.2182  	0.15164  	0.25783  	0.34470  	0.26977  	-0.1516  	0.19672  	0.03551  	-0.0515  	0.47542  	0.19872  	0.07007  	-0.2411  	-0.1661  	0.48906  	-0.1475  	0.05694  	-0.2349  	0.19276  	0.16843  	-0.0410  	0.03334  	-0.1504  	-0.0454  	-0.0592  	-0.0265  	-0.0161  	-0.0312  	-0.0199  	-0.0156  	-0.0195  	0.01452  	-0.0024  	0.00252  	0.00394  	-0.0056  	-0.0009  	0.02147  	0.01265  	0.08411  	0.01040  	0.00532  	0.01241  	0.03785  	-0.7581  	
-0.6603  	-0.2475  	-0.9626  	-0.5103  	-0.0579  	-0.6557  	-0.0151  	-0.1707  	-0.0362  	0.09797  	-0.3555  	-0.5049  	0.12053  	-0.1516  	-0.1117  	0.66021  	-0.0759  	0.01766  	0.32432  	0.59311  	0.03581  	0.35198  	-0.5659  	0.36664  	0.85598  	-0.2243  	0.20552  	0.13083  	0.25372  	0.24784  	-0.1737  	0.20664  	0.03751  	-0.0567  	0.49713  	0.13969  	0.13449  	-0.2258  	-0.1779  	0.44095  	-0.1822  	0.06251  	-0.2731  	0.18785  	0.17485  	-0.0315  	0.03133  	-0.1451  	-0.0517  	-0.0579  	-0.0397  	-0.0163  	-0.0312  	-0.0154  	-0.0166  	-0.0242  	0.02155  	-0.0009  	0.00519  	0.00013  	-0.0066  	-0.0173  	0.02212  	0.01135  	0.08411  	0.01040  	0.00532  	0.01241  	0.03785  	-0.7581  	
-0.3745  	-0.1435  	-0.8339  	-0.3251  	0.13369  	-0.5336  	-0.0133  	-0.1248  	0.00697  	0.09136  	-0.4385  	-0.4014  	0.24316  	0.09975  	0.19492  	0.68273  	-0.1083  	0.00104  	0.29665  	0.58541  	0.09619  	0.35576  	-0.5868  	0.42982  	0.76353  	-0.2049  	0.18361  	0.14317  	0.20006  	0.24562  	-0.1420  	0.20460  	0.10582  	-0.0439  	0.56745  	0.01849  	0.14231  	-0.2471  	-0.1953  	0.48020  	-0.2010  	0.06885  	-0.2515  	0.15763  	0.16414  	-0.0254  	0.03531  	-0.1332  	-0.0411  	-0.0536  	-0.0294  	-0.0196  	-0.0411  	-0.0257  	-0.0270  	-0.0151  	0.01213  	-0.0098  	7.59065  	-0.0032  	0.00256  	-0.0024  	0.01611  	0.00686  	0.08411  	0.01040  	0.00532  	0.01241  	0.03785  	-0.7581  	
-0.1286  	-0.1116  	-0.6796  	-0.1088  	0.10588  	-0.2993  	0.06600  	-0.0734  	0.05720  	0.07459  	-0.7126  	-0.5402  	0.32997  	0.24537  	0.30878  	0.60209  	-0.0755  	-0.0883  	0.27733  	0.50161  	0.05198  	0.45818  	-0.4888  	0.35048  	0.88383  	-0.2278  	0.24864  	0.03231  	0.29745  	0.32119  	-0.1547  	0.16992  	0.08233  	-0.0258  	0.54687  	0.04705  	0.08556  	-0.2472  	-0.1258  	0.48796  	-0.2104  	0.07466  	-0.2309  	0.19567  	0.15534  	-0.0336  	0.02401  	-0.1019  	-0.0217  	-0.0620  	-0.0275  	-0.0169  	-0.0339  	-0.0143  	-0.0138  	-0.0085  	0.00450  	-0.0025  	-0.0054  	0.00054  	-0.0043  	0.00412  	0.02002  	0.00476  	0.08411  	0.01040  	0.00532  	0.01241  	0.03785  	-0.7581  	
-0.0865  	-0.0448  	-0.6172  	-0.1990  	0.06406  	-0.3177  	0.09688  	-0.0617  	0.06390  	0.10937  	-0.7322  	-0.6400  	0.34429  	0.23471  	0.26507  	0.60079  	-0.0585  	-0.0692  	0.30693  	0.43396  	0.03638  	0.51170  	-0.4562  	0.34069  	0.96252  	-0.2306  	0.27747  	0.04140  	0.34993  	0.33531  	-0.1534  	0.18262  	0.06349  	-0.0224  	0.45535  	0.04147  	0.10256  	-0.2409  	-0.0974  	0.47783  	-0.1871  	0.06430  	-0.2090  	0.20007  	0.14481  	-0.0365  	0.01388  	-0.0926  	-0.0145  	-0.0659  	-0.0353  	-0.0166  	-0.0272  	-0.0119  	-0.0140  	-0.0078  	0.00265  	-0.0096  	-0.0030  	0.00715  	-0.0005  	0.00318  	0.01797  	0.00272  	0.08411  	0.01040  	0.00532  	0.01241  	0.03785  	-0.7581  	
-0.1791  	-0.0600  	-0.6921  	-0.2515  	0.09745  	-0.4874  	0.07933  	-0.0999  	0.02787  	0.19019  	-0.6671  	-0.6191  	0.29655  	0.17481  	0.24553  	0.54324  	-0.0510  	-0.0760  	0.30619  	0.51654  	0.00570  	0.48761  	-0.5084  	0.37136  	1.03035  	-0.2439  	0.34494  	0.05466  	0.35401  	0.34970  	-0.1792  	0.18866  	0.03887  	-0.0455  	0.50471  	0.07523  	0.08434  	-0.2525  	-0.1096  	0.51249  	-0.2337  	0.06788  	-0.2312  	0.20117  	0.15633  	-0.0379  	0.01413  	-0.1016  	-0.0176  	-0.0582  	-0.0268  	-0.0181  	-0.0347  	-0.0155  	-0.0162  	-0.0136  	0.00636  	-0.0085  	-0.0013  	0.00804  	-0.0041  	0.00064  	0.02285  	0.00404  	0.08411  	0.01040  	0.00532  	0.01241  	0.03785  	-0.7581  	
-0.3388  	-0.1269  	-0.7925  	-0.0951  	0.16063  	-0.4070  	0.05880  	-0.1037  	0.02889  	0.12403  	-0.6043  	-0.4960  	0.27525  	0.15435  	0.28262  	0.64698  	-0.0665  	-0.0604  	0.30891  	0.59443  	0.06425  	0.45289  	-0.5402  	0.39748  	0.93870  	-0.2320  	0.28564  	0.12045  	0.27841  	0.31264  	-0.1719  	0.19588  	0.06816  	-0.0369  	0.55252  	0.04654  	0.11180  	-0.2425  	-0.1512  	0.51080  	-0.2439  	0.06715  	-0.2698  	0.20326  	0.15772  	-0.0363  	0.01891  	-0.1265  	-0.0349  	-0.0598  	-0.0281  	-0.0237  	-0.0337  	-0.0190  	-0.0178  	-0.0159  	0.01714  	-0.0076  	0.00596  	0.00246  	-0.0007  	0.00253  	0.01419  	0.00426  	0.08411  	0.01040  	0.00532  	0.01241  	0.03785  	-0.7581  	
-0.3915  	-0.1579  	-0.7979  	-0.2473  	0.10662  	-0.4222  	0.02011  	-0.1151  	0.00400  	0.06762  	-0.5141  	-0.4218  	0.19424  	-0.0432  	0.04186  	0.76462  	-0.0824  	0.00145  	0.33499  	0.61137  	0.07313  	0.38567  	-0.5529  	0.37283  	0.82931  	-0.2236  	0.15872  	0.16614  	0.27023  	0.27187  	-0.1689  	0.21567  	0.06950  	-0.0471  	0.47788  	0.05125  	0.14548  	-0.2290  	-0.1779  	0.46253  	-0.1948  	0.05554  	-0.2489  	0.19812  	0.15111  	-0.0348  	0.02609  	-0.1256  	-0.0351  	-0.0652  	-0.0335  	-0.0293  	-0.0353  	-0.0265  	-0.0207  	-0.0104  	0.02317  	-0.0018  	0.00160  	-0.0022  	-0.0056  	-0.0037  	0.02375  	0.00439  	0.08411  	0.01040  	0.00532  	0.01241  	0.03785  	-0.7581  	
-0.3863  	-0.1990  	-0.7968  	-0.2553  	0.07933  	-0.5064  	-0.0031  	-0.2173  	-0.0113  	0.12469  	-0.4607  	-0.4515  	0.15465  	-0.1988  	-0.1776  	0.80875  	-0.1057  	0.03334  	0.32011  	0.59779  	-0.0867  	0.37248  	-0.6048  	0.37896  	0.89073  	-0.2370  	0.18478  	0.21569  	0.31583  	0.28571  	-0.1805  	0.20811  	0.02720  	-0.0606  	0.48725  	0.16323  	0.05483  	-0.2428  	-0.1525  	0.48134  	-0.1716  	0.05919  	-0.2415  	0.18564  	0.15611  	-0.0401  	0.02865  	-0.1250  	-0.0335  	-0.0640  	-0.0231  	-0.0188  	-0.0325  	-0.0236  	-0.0121  	-0.0200  	0.03171  	0.00025  	0.00921  	0.00475  	-0.0082  	-0.0098  	0.03129  	0.00864  	0.08411  	0.01040  	0.00532  	0.01241  	0.03785  	-0.7581  	
-0.3737  	-0.2013  	-0.8204  	-0.2915  	0.07800  	-0.4982  	0.03674  	-0.2058  	-0.0004  	0.17742  	-0.4282  	-0.4055  	0.17234  	-0.1660  	-0.2021  	0.81301  	-0.1069  	0.05437  	0.32996  	0.64991  	-0.1112  	0.37659  	-0.6556  	0.33768  	0.94846  	-0.2359  	0.17364  	0.29335  	0.39098  	0.30141  	-0.1871  	0.20242  	0.03958  	-0.0434  	0.45294  	0.20500  	0.02989  	-0.2392  	-0.1248  	0.47637  	-0.1729  	0.06586  	-0.2225  	0.18453  	0.16151  	-0.0414  	0.02502  	-0.1098  	-0.0288  	-0.0653  	-0.0165  	-0.0208  	-0.0273  	-0.0150  	-0.0150  	-0.0152  	0.02478  	-0.0025  	0.00807  	0.00679  	-0.0076  	-0.0121  	0.03015  	0.01218  	0.08411  	0.01040  	0.00532  	0.01241  	0.03785  	-0.7581  	
-0.4021  	-0.1717  	-0.8652  	-0.3425  	0.05494  	-0.4782  	0.01948  	-0.2269  	-0.0139  	0.12767  	-0.5162  	-0.4741  	0.15663  	-0.1447  	-0.1935  	0.72393  	-0.0786  	0.05631  	0.32195  	0.63924  	-0.0832  	0.37667  	-0.6139  	0.34422  	0.94425  	-0.2273  	0.16128  	0.29094  	0.40733  	0.30395  	-0.1875  	0.19287  	0.03459  	-0.0460  	0.44449  	0.19696  	0.02613  	-0.2547  	-0.1200  	0.49067  	-0.1755  	0.05446  	-0.2230  	0.19332  	0.16140  	-0.0391  	0.02225  	-0.1212  	-0.0377  	-0.0704  	-0.0163  	-0.0208  	-0.0293  	-0.0231  	-0.0128  	-0.0130  	0.02690  	-0.0008  	0.00517  	0.00251  	-0.0082  	-0.0141  	0.02324  	0.01206  	0.08411  	0.01040  	0.00532  	0.01241  	0.03785  	-0.7581  	
-0.3275  	-0.1805  	-0.8486  	-0.1844  	0.10516  	-0.4564  	0.00787  	-0.1616  	-0.0205  	0.09285  	-0.4936  	-0.4054  	0.20369  	0.02599  	0.07188  	0.70694  	-0.0815  	-0.0183  	0.31377  	0.60939  	0.03444  	0.40313  	-0.6117  	0.41203  	0.90919  	-0.2267  	0.20213  	0.16257  	0.29247  	0.29627  	-0.1728  	0.20543  	0.05740  	-0.0457  	0.54423  	0.10391  	0.10392  	-0.2580  	-0.1624  	0.47458  	-0.2101  	0.07338  	-0.2503  	0.19376  	0.15979  	-0.0310  	0.02679  	-0.1321  	-0.0357  	-0.0571  	-0.0156  	-0.0206  	-0.0299  	-0.0211  	-0.0204  	-0.0117  	0.01946  	-0.0039  	0.00319  	0.00118  	-0.0094  	-0.0040  	0.00921  	0.00802  	0.08411  	0.01040  	0.00532  	0.01241  	0.03785  	-0.7581  	
-0.2565  	-0.1119  	-0.7397  	-0.1767  	0.13983  	-0.3678  	0.00589  	-0.1064  	0.02443  	0.04646  	-0.6049  	-0.4552  	0.27786  	0.13137  	0.25034  	0.66274  	-0.0790  	-0.0610  	0.30748  	0.55955  	0.09067  	0.41509  	-0.5397  	0.40543  	0.85107  	-0.2377  	0.26418  	0.10228  	0.23054  	0.28721  	-0.1784  	0.20490  	0.08322  	-0.0351  	0.59718  	0.04082  	0.12359  	-0.2446  	-0.1921  	0.49201  	-0.2526  	0.07711  	-0.2608  	0.18030  	0.16082  	-0.0358  	0.02715  	-0.1220  	-0.0302  	-0.0650  	-0.0284  	-0.0241  	-0.0347  	-0.0153  	-0.0178  	-0.0132  	0.01794  	-0.0072  	0.00495  	-0.0010  	-0.0065  	0.00469  	0.01589  	0.00852  	0.08411  	0.01040  	0.00532  	0.01241  	0.03785  	-0.7581  	
-0.1608  	-0.0704  	-0.6525  	-0.1690  	0.08915  	-0.2737  	0.05980  	-0.0396  	0.06823  	0.06501  	-0.6770  	-0.5358  	0.31116  	0.23050  	0.26146  	0.67798  	-0.0686  	-0.0465  	0.28645  	0.52396  	0.07916  	0.43921  	-0.5285  	0.34835  	0.91956  	-0.2386  	0.23452  	0.08308  	0.32878  	0.31568  	-0.1754  	0.17750  	0.08097  	-0.0368  	0.52649  	0.03587  	0.07968  	-0.2493  	-0.1329  	0.49615  	-0.2159  	0.07618  	-0.2371  	0.18330  	0.15601  	-0.0322  	0.02158  	-0.1105  	-0.0225  	-0.0607  	-0.0265  	-0.0181  	-0.0303  	-0.0190  	-0.0170  	-0.0083  	0.01279  	-0.0024  	0.00060  	-0.0022  	-0.0054  	0.00174  	0.01953  	0.00420  	0.08411  	0.01040  	0.00532  	0.01241  	0.03785  	-0.7581  	
-0.1275  	-0.0427  	-0.6101  	-0.1752  	0.10164  	-0.2668  	0.07537  	-0.0074  	0.08215  	0.07554  	-0.6712  	-0.5277  	0.32134  	0.23086  	0.20395  	0.69708  	-0.0604  	-0.0394  	0.29070  	0.48507  	0.08306  	0.46708  	-0.5111  	0.34467  	0.96507  	-0.2463  	0.25602  	0.02979  	0.30872  	0.32745  	-0.1588  	0.17547  	0.06149  	-0.0371  	0.48910  	0.03807  	0.10918  	-0.2289  	-0.1308  	0.48407  	-0.2170  	0.06624  	-0.2117  	0.18866  	0.14846  	-0.0328  	0.01840  	-0.0932  	-0.0147  	-0.0581  	-0.0367  	-0.0185  	-0.0320  	-0.0163  	-0.0165  	-0.0044  	0.01107  	-0.0036  	-0.0061  	-3.2611  	-0.0056  	0.00613  	0.02274  	0.00423  	0.08411  	0.01040  	0.00532  	0.01241  	0.03785  	-0.7581  	
-0.3058  	-0.1078  	-0.7333  	-0.3117  	0.04041  	-0.5482  	0.06520  	-0.0445  	0.04751  	0.16245  	-0.4917  	-0.5658  	0.30434  	0.31397  	0.19397  	0.57207  	-0.1178  	-0.0232  	0.27443  	0.56627  	0.11054  	0.45211  	-0.6044  	0.43768  	0.88113  	-0.2357  	0.23925  	0.01839  	0.24301  	0.28744  	-0.1401  	0.18777  	0.10695  	-0.0440  	0.58985  	0.01475  	0.12433  	-0.2621  	-0.1830  	0.50397  	-0.2192  	0.08368  	-0.2636  	0.17529  	0.15755  	-0.0281  	0.03080  	-0.1224  	-0.0350  	-0.0514  	-0.0197  	-0.0123  	-0.0332  	-0.0162  	-0.0255  	-0.0168  	0.01055  	-0.0101  	0.00043  	0.00668  	-0.0046  	0.01389  	0.01593  	0.00621  	0.08411  	0.01040  	0.00532  	0.01241  	0.03785  	-0.7581  	
-0.7500  	-0.2219  	-1.0048  	-0.4933  	0.03340  	-0.7210  	0.03478  	-0.1893  	-0.0155  	0.11989  	-0.2537  	-0.4176  	0.16960  	-0.0440  	-0.0388  	0.55526  	-0.1230  	0.04239  	0.29890  	0.66258  	0.10101  	0.32726  	-0.5254  	0.42333  	0.75540  	-0.2117  	0.13433  	0.16278  	0.21283  	0.20838  	-0.1290  	0.17051  	0.08605  	-0.0521  	0.56128  	0.03718  	0.13740  	-0.2294  	-0.1950  	0.48363  	-0.1995  	0.04605  	-0.3013  	0.15423  	0.17568  	-0.0314  	0.02574  	-0.1597  	-0.0472  	-0.0627  	-0.0353  	-0.0190  	-0.0367  	-0.0205  	-0.0190  	-0.0227  	0.01093  	-0.0076  	8.92290  	0.00331  	0.00359  	0.00426  	0.01673  	0.01331  	0.08411  	0.01040  	0.00532  	0.01241  	0.03785  	-0.7581  	
-0.7392  	-0.2556  	-0.8818  	-0.6928  	-0.0704  	-0.6954  	0.02434  	-0.1872  	-0.0170  	0.15071  	-0.2443  	-0.5558  	0.09857  	-0.2407  	-0.1532  	0.63988  	-0.0773  	0.00897  	0.32071  	0.62596  	0.01260  	0.35063  	-0.5468  	0.33309  	0.82895  	-0.1921  	0.14439  	0.15694  	0.26241  	0.23187  	-0.1144  	0.16883  	0.09029  	-0.0488  	0.46340  	0.09026  	0.11522  	-0.2261  	-0.1899  	0.42525  	-0.1677  	0.05400  	-0.2643  	0.17187  	0.17645  	-0.0378  	0.04092  	-0.1711  	-0.0583  	-0.0569  	-0.0343  	-0.0186  	-0.0331  	-0.0167  	-0.0174  	-0.0264  	0.01761  	0.00022  	-0.0045  	0.01394  	-0.0057  	0.00597  	0.02215  	0.01383  	0.08411  	0.01040  	0.00532  	0.01241  	0.03785  	-0.7581  	
-0.4672  	-0.2241  	-0.7948  	-0.4230  	-0.0396  	-0.4816  	0.01102  	-0.1842  	0.00382  	0.11597  	-0.4532  	-0.4572  	0.16426  	-0.2059  	-0.1831  	0.78380  	-0.0568  	0.05189  	0.32149  	0.62175  	-0.0902  	0.34269  	-0.5706  	0.31612  	0.83486  	-0.2046  	0.09498  	0.27940  	0.32856  	0.25741  	-0.1399  	0.18581  	0.07233  	-0.0443  	0.42216  	0.13781  	0.02530  	-0.2438  	-0.1256  	0.50360  	-0.1317  	0.03640  	-0.2213  	0.19484  	0.15903  	-0.0382  	0.03537  	-0.1294  	-0.0431  	-0.0611  	-0.0234  	-0.0181  	-0.0309  	-0.0231  	-0.0145  	-0.0250  	0.02188  	-0.0065  	-0.0017  	0.00334  	-0.0024  	-0.0008  	0.02367  	0.01860  	0.08411  	0.01040  	0.00532  	0.01241  	0.03785  	-0.7581  	
-0.3940  	-0.1920  	-0.8093  	-0.3809  	0.02062  	-0.5036  	0.02769  	-0.2030  	0.00904  	0.14777  	-0.4112  	-0.4264  	0.17171  	-0.1894  	-0.1781  	0.78710  	-0.1006  	0.08356  	0.31106  	0.65672  	-0.0815  	0.34433  	-0.6287  	0.30800  	0.86033  	-0.2148  	0.09553  	0.30102  	0.37304  	0.26642  	-0.1624  	0.20039  	0.06196  	-0.0385  	0.44285  	0.16547  	0.03368  	-0.2495  	-0.1378  	0.48691  	-0.1540  	0.05097  	-0.2221  	0.18686  	0.15853  	-0.0362  	0.03232  	-0.1243  	-0.0377  	-0.0588  	-0.0220  	-0.0206  	-0.0276  	-0.0195  	-0.0125  	-0.0209  	0.02357  	-0.0034  	0.00463  	0.00632  	-0.0080  	-0.0083  	0.02631  	0.01245  	0.08411  	0.01040  	0.00532  	0.01241  	0.03785  	-0.7581  	
-0.3632  	-0.1659  	-0.7986  	-0.2781  	0.04619  	-0.4702  	0.00876  	-0.1876  	0.00295  	0.08930  	-0.4777  	-0.4585  	0.18463  	-0.0864  	-0.0591  	0.75172  	-0.0759  	0.00512  	0.30630  	0.63718  	0.02314  	0.36647  	-0.6078  	0.38362  	0.85596  	-0.2191  	0.16547  	0.20117  	0.30296  	0.27876  	-0.1903  	0.20662  	0.07453  	-0.0451  	0.50383  	0.12560  	0.08254  	-0.2455  	-0.1482  	0.47605  	-0.1967  	0.06801  	-0.2379  	0.17346  	0.16187  	-0.0349  	0.02759  	-0.1235  	-0.0342  	-0.0609  	-0.0207  	-0.0215  	-0.0311  	-0.0206  	-0.0185  	-0.0192  	0.02202  	-0.0042  	0.00652  	0.00507  	-0.0095  	-0.0110  	0.01671  	0.01015  	0.08411  	0.01040  	0.00532  	0.01241  	0.03785  	-0.7581  	
-0.2757  	-0.1243  	-0.7342  	-0.1909  	0.11012  	-0.4060  	-0.0057  	-0.1168  	0.02366  	0.06179  	-0.5719  	-0.4368  	0.27071  	0.10181  	0.19386  	0.68405  	-0.0787  	-0.0497  	0.31282  	0.55824  	0.09539  	0.41011  	-0.5316  	0.40497  	0.83296  	-0.2359  	0.23934  	0.09183  	0.21508  	0.28072  	-0.1640  	0.20859  	0.08292  	-0.0403  	0.58070  	0.04457  	0.14310  	-0.2449  	-0.1857  	0.49209  	-0.2358  	0.07388  	-0.2573  	0.18379  	0.16000  	-0.0375  	0.02566  	-0.1234  	-0.0326  	-0.0621  	-0.0295  	-0.0228  	-0.0348  	-0.0163  	-0.0187  	-0.0121  	0.01778  	-0.0055  	0.00173  	0.00151  	-0.0050  	0.00412  	0.01762  	0.01056  	0.08411  	0.01040  	0.00532  	0.01241  	0.03785  	-0.7581  	
-0.1745  	-0.0748  	-0.6757  	-0.1311  	0.10391  	-0.2753  	0.05083  	-0.0505  	0.07727  	0.07649  	-0.6702  	-0.5039  	0.31992  	0.21773  	0.26049  	0.67948  	-0.0788  	-0.0330  	0.28264  	0.55211  	0.04567  	0.42645  	-0.5461  	0.31900  	0.90392  	-0.2286  	0.18400  	0.11347  	0.33877  	0.31414  	-0.1715  	0.16422  	0.08348  	-0.0332  	0.51783  	0.04224  	0.07069  	-0.2573  	-0.1136  	0.49086  	-0.2131  	0.07474  	-0.2354  	0.18704  	0.15518  	-0.0311  	0.02393  	-0.1088  	-0.0241  	-0.0612  	-0.0281  	-0.0189  	-0.0298  	-0.0161  	-0.0154  	-0.0076  	0.01056  	-0.0044  	0.00032  	-0.0011  	-0.0052  	0.00580  	0.01727  	0.00510  	0.08411  	0.01040  	0.00532  	0.01241  	0.03785  	-0.7581  	
-0.1929  	-0.0949  	-0.6721  	-0.1782  	0.08672  	-0.3810  	0.08484  	-0.0608  	0.04283  	0.11441  	-0.6161  	-0.5634  	0.30538  	0.26457  	0.28126  	0.59960  	-0.0516  	-0.0565  	0.29930  	0.53775  	0.11857  	0.45357  	-0.5208  	0.38351  	0.93117  	-0.2523  	0.30001  	0.04777  	0.28559  	0.29820  	-0.1721  	0.18696  	0.06700  	-0.0378  	0.54414  	0.04782  	0.12930  	-0.2438  	-0.1461  	0.49367  	-0.2278  	0.07032  	-0.2421  	0.19481  	0.16409  	-0.0330  	0.02458  	-0.1157  	-0.0217  	-0.0570  	-0.0284  	-0.0184  	-0.0317  	-0.0194  	-0.0194  	-0.0141  	0.01229  	-0.0067  	0.00490  	0.00668  	-0.0022  	0.00399  	0.02472  	0.00388  	0.08411  	0.01040  	0.00532  	0.01241  	0.03785  	-0.7581  	
-0.4593  	-0.1643  	-0.8427  	-0.3472  	0.07582  	-0.5502  	0.00640  	-0.1828  	0.01293  	0.07525  	-0.4170  	-0.4514  	0.21116  	-0.0153  	0.04539  	0.65795  	-0.0934  	-0.0027  	0.30374  	0.59943  	0.10197  	0.37720  	-0.5251  	0.40234  	0.77760  	-0.2049  	0.17963  	0.12687  	0.22103  	0.25025  	-0.1364  	0.19036  	0.08068  	-0.0503  	0.54909  	0.04590  	0.12207  	-0.2360  	-0.1752  	0.45723  	-0.1645  	0.06073  	-0.2600  	0.17035  	0.15659  	-0.0353  	0.03765  	-0.1382  	-0.0434  	-0.0588  	-0.0250  	-0.0192  	-0.0337  	-0.0177  	-0.0227  	-0.0189  	0.01610  	-0.0078  	0.00830  	0.00356  	0.00261  	0.00034  	0.01838  	0.00159  	0.08411  	0.01040  	0.00532  	0.01241  	0.03785  	-0.7581  	
-0.4139  	-0.1442  	-0.7652  	-0.4311  	-0.0069  	-0.4648  	0.02104  	-0.1669  	0.01642  	0.03529  	-0.4217  	-0.5029  	0.17196  	-0.0446  	0.03534  	0.66600  	-0.0634  	0.00030  	0.30567  	0.57067  	0.11345  	0.39189  	-0.4945  	0.39998  	0.83025  	-0.2129  	0.18535  	0.07908  	0.21605  	0.25325  	-0.1569  	0.19958  	0.08173  	-0.0466  	0.51577  	0.04895  	0.17602  	-0.2105  	-0.1932  	0.45830  	-0.1683  	0.04987  	-0.2486  	0.18840  	0.14950  	-0.0354  	0.03644  	-0.1428  	-0.0434  	-0.0580  	-0.0354  	-0.0175  	-0.0320  	-0.0199  	-0.0199  	-0.0213  	0.01151  	-0.0054  	0.00114  	-0.0020  	-0.0052  	-0.0057  	0.01978  	0.01018  	0.08411  	0.01040  	0.00532  	0.01241  	0.03785  	-0.7581  	
-0.3872  	-0.1823  	-0.8062  	-0.3958  	-0.0073  	-0.4641  	0.02335  	-0.1801  	0.00354  	0.10202  	-0.4464  	-0.5071  	0.16866  	-0.1285  	-0.0654  	0.73267  	-0.1021  	0.06057  	0.31046  	0.63566  	-0.0050  	0.35482  	-0.5454  	0.32387  	0.84280  	-0.2119  	0.11782  	0.21574  	0.31663  	0.25805  	-0.1557  	0.18774  	0.07599  	-0.0314  	0.47656  	0.11243  	0.09666  	-0.2313  	-0.1681  	0.47821  	-0.1670  	0.04720  	-0.2265  	0.19663  	0.16124  	-0.0413  	0.03381  	-0.1437  	-0.0391  	-0.0558  	-0.0264  	-0.0217  	-0.0305  	-0.0180  	-0.0181  	-0.0199  	0.01642  	-0.0049  	-0.0010  	0.00086  	-0.0095  	-0.0011  	0.02439  	0.01056  	0.08411  	0.01040  	0.00532  	0.01241  	0.03785  	-0.7581  	
-0.3909  	-0.1636  	-0.7716  	-0.4199  	0.00761  	-0.4916  	0.02692  	-0.1811  	0.01413  	0.17308  	-0.3644  	-0.4789  	0.16688  	-0.1331  	-0.1475  	0.76957  	-0.1214  	0.05828  	0.29883  	0.66562  	-0.0174  	0.33544  	-0.5727  	0.30194  	0.82089  	-0.2202  	0.08871  	0.26470  	0.32638  	0.25513  	-0.1583  	0.19162  	0.07615  	-0.0320  	0.49627  	0.12557  	0.07719  	-0.2383  	-0.1547  	0.46795  	-0.1653  	0.05074  	-0.2312  	0.18458  	0.16144  	-0.0377  	0.03435  	-0.1360  	-0.0415  	-0.0627  	-0.0219  	-0.0213  	-0.0266  	-0.0231  	-0.0145  	-0.0224  	0.02254  	-0.0031  	0.00272  	0.00022  	-0.0053  	-0.0079  	0.02764  	0.01586  	0.08411  	0.01040  	0.00532  	0.01241  	0.03785  	-0.7581  	
-0.3897  	-0.1827  	-0.7836  	-0.4266  	-0.0127  	-0.4844  	0.02930  	-0.1899  	0.01052  	0.17997  	-0.3600  	-0.4935  	0.16115  	-0.1675  	-0.1517  	0.77927  	-0.1240  	0.06497  	0.30746  	0.65090  	-0.0405  	0.35292  	-0.6039  	0.28356  	0.85001  	-0.2317  	0.09519  	0.26708  	0.35124  	0.26889  	-0.1569  	0.19966  	0.06157  	-0.0327  	0.48579  	0.15680  	0.05995  	-0.2324  	-0.1569  	0.48203  	-0.1540  	0.05043  	-0.2259  	0.19116  	0.15550  	-0.0361  	0.03404  	-0.1324  	-0.0428  	-0.0634  	-0.0226  	-0.0172  	-0.0273  	-0.0193  	-0.0122  	-0.0220  	0.02254  	-0.0036  	-0.0005  	0.00127  	-0.0046  	-0.0055  	0.02898  	0.01360  	0.08411  	0.01040  	0.00532  	0.01241  	0.03785  	-0.7581  	
-0.3952  	-0.1789  	-0.7859  	-0.4574  	-0.0174  	-0.4860  	0.02966  	-0.2124  	-0.0050  	0.18470  	-0.3593  	-0.5026  	0.15065  	-0.1692  	-0.1971  	0.78348  	-0.1255  	0.04816  	0.30720  	0.63467  	-0.0284  	0.35902  	-0.5919  	0.28643  	0.85668  	-0.2311  	0.11650  	0.24679  	0.33007  	0.26700  	-0.1578  	0.19885  	0.05719  	-0.0342  	0.48222  	0.16516  	0.07966  	-0.2301  	-0.1555  	0.47870  	-0.1578  	0.05350  	-0.2296  	0.18734  	0.15823  	-0.0348  	0.03395  	-0.1317  	-0.0424  	-0.0598  	-0.0221  	-0.0182  	-0.0272  	-0.0186  	-0.0139  	-0.0224  	0.02255  	-0.0041  	0.00144  	0.00154  	-0.0072  	-0.0030  	0.02823  	0.01234  	0.08411  	0.01040  	0.00532  	0.01241  	0.03785  	-0.7581  	
-0.4182  	-0.1807  	-0.7900  	-0.4828  	-0.0469  	-0.4788  	0.02479  	-0.2029  	-0.0118  	0.13512  	-0.3534  	-0.5071  	0.14952  	-0.1586  	-0.1843  	0.76393  	-0.1089  	0.02531  	0.30690  	0.61053  	-0.0045  	0.35987  	-0.5521  	0.29617  	0.84436  	-0.2298  	0.13404  	0.21443  	0.30297  	0.25771  	-0.1580  	0.20025  	0.05697  	-0.0414  	0.48214  	0.15649  	0.10406  	-0.2204  	-0.1652  	0.47047  	-0.1522  	0.05888  	-0.2298  	0.18424  	0.15919  	-0.0367  	0.03714  	-0.1360  	-0.0422  	-0.0592  	-0.0240  	-0.0186  	-0.0252  	-0.0158  	-0.0148  	-0.0225  	0.01957  	-0.0050  	0.00213  	0.00273  	-0.0085  	-0.0004  	0.02784  	0.01237  	0.08411  	0.01040  	0.00532  	0.01241  	0.03785  	-0.7581  	
-0.4372  	-0.1729  	-0.7966  	-0.5153  	-0.0632  	-0.5036  	0.01992  	-0.2051  	-0.0160  	0.09877  	-0.3801  	-0.5346  	0.14437  	-0.1468  	-0.1410  	0.71647  	-0.0947  	0.01328  	0.30284  	0.59247  	0.01375  	0.35404  	-0.5226  	0.30397  	0.82456  	-0.2236  	0.13017  	0.19614  	0.29896  	0.25508  	-0.1571  	0.20140  	0.05059  	-0.0444  	0.48489  	0.14348  	0.12094  	-0.2145  	-0.1800  	0.46799  	-0.1445  	0.06329  	-0.2316  	0.17812  	0.15280  	-0.0334  	0.03401  	-0.1399  	-0.0487  	-0.0603  	-0.0281  	-0.0161  	-0.0268  	-0.0156  	-0.0164  	-0.0238  	0.01841  	-0.0042  	0.00231  	-0.0002  	-0.0087  	0.00049  	0.02845  	0.01321  	0.08411  	0.01040  	0.00532  	0.01241  	0.03785  	-0.7581  	
-0.4704  	-0.1776  	-0.8289  	-0.4675  	-0.0193  	-0.5300  	0.00843  	-0.1952  	-0.0059  	0.07732  	-0.4238  	-0.5307  	0.15569  	-0.1442  	-0.0912  	0.68367  	-0.0983  	0.02531  	0.31452  	0.60013  	0.00948  	0.36193  	-0.5245  	0.28795  	0.82625  	-0.2082  	0.12291  	0.20412  	0.30314  	0.26096  	-0.1603  	0.19018  	0.05596  	-0.0367  	0.48628  	0.13260  	0.10604  	-0.2190  	-0.1751  	0.45806  	-0.1428  	0.06318  	-0.2334  	0.18049  	0.16103  	-0.0339  	0.03159  	-0.1406  	-0.0492  	-0.0604  	-0.0295  	-0.0187  	-0.0265  	-0.0186  	-0.0124  	-0.0222  	0.02375  	-8.0202  	0.00321  	-0.0021  	-0.0043  	-0.0038  	0.02748  	0.01681  	0.08411  	0.01040  	0.00532  	0.01241  	0.03785  	-0.7581  	
-0.5334  	-0.1871  	-0.8530  	-0.4702  	-0.0351  	-0.5557  	-0.0211  	-0.1910  	-0.0032  	0.08441  	-0.4188  	-0.5145  	0.16468  	-0.1279  	-0.0686  	0.67430  	-0.0748  	0.02942  	0.31809  	0.60587  	-0.0035  	0.36847  	-0.5074  	0.28751  	0.83908  	-0.1968  	0.09144  	0.22764  	0.32249  	0.24965  	-0.1527  	0.17244  	0.06004  	-0.0349  	0.45798  	0.11234  	0.08450  	-0.2312  	-0.1615  	0.45424  	-0.1388  	0.05960  	-0.2399  	0.17406  	0.16318  	-0.0306  	0.03627  	-0.1466  	-0.0477  	-0.0538  	-0.0295  	-0.0219  	-0.0307  	-0.0209  	-0.0179  	-0.0173  	0.01706  	-0.0007  	0.00502  	-0.0033  	-0.0038  	0.00310  	0.02538  	0.01225  	0.08411  	0.01040  	0.00532  	0.01241  	0.03785  	-0.7581  	
-0.5468  	-0.1772  	-0.8496  	-0.4716  	-0.0489  	-0.5761  	-0.0420  	-0.1687  	0.00077  	0.08917  	-0.3771  	-0.4685  	0.14908  	-0.1264  	-0.0755  	0.68104  	-0.0722  	0.01130  	0.30537  	0.56908  	0.03117  	0.35803  	-0.4962  	0.28173  	0.79819  	-0.1966  	0.09554  	0.19438  	0.29155  	0.25115  	-0.1466  	0.17374  	0.07084  	-0.0354  	0.46003  	0.07660  	0.11430  	-0.2143  	-0.1699  	0.43559  	-0.1404  	0.05651  	-0.2302  	0.17225  	0.16423  	-0.0322  	0.03858  	-0.1502  	-0.0521  	-0.0534  	-0.0372  	-0.0195  	-0.0317  	-0.0171  	-0.0229  	-0.0217  	0.01536  	-0.0058  	0.00170  	-0.0056  	-0.0023  	0.00533  	0.02303  	0.01191  	0.08411  	0.01040  	0.00532  	0.01241  	0.03785  	-0.7581  	
-0.5663  	-0.1871  	-0.8554  	-0.5153  	-0.0791  	-0.5905  	-0.0379  	-0.1858  	-0.0001  	0.11381  	-0.3446  	-0.4712  	0.14295  	-0.1621  	-0.1247  	0.68148  	-0.0620  	0.02634  	0.29469  	0.57548  	0.02485  	0.34984  	-0.4920  	0.27947  	0.77518  	-0.1841  	0.07968  	0.19950  	0.30165  	0.23996  	-0.1459  	0.17704  	0.07605  	-0.0452  	0.43880  	0.08167  	0.11033  	-0.2074  	-0.1740  	0.44400  	-0.1275  	0.05109  	-0.2249  	0.17994  	0.16396  	-0.0349  	0.04173  	-0.1471  	-0.0499  	-0.0538  	-0.0386  	-0.0178  	-0.0311  	-0.0151  	-0.0212  	-0.0243  	0.01481  	-0.0066  	0.00252  	-0.0007  	-0.0023  	0.00187  	0.02401  	0.01305  	0.08411  	0.01040  	0.00532  	0.01241  	0.03785  	-0.7581  	
-0.5743  	-0.1964  	-0.8623  	-0.5275  	-0.0890  	-0.6071  	-0.0329  	-0.1898  	-0.0045  	0.12462  	-0.3501  	-0.4781  	0.14527  	-0.1792  	-0.1347  	0.68419  	-0.0596  	0.03418  	0.29590  	0.57793  	0.01138  	0.35500  	-0.4841  	0.28508  	0.77953  	-0.1844  	0.07183  	0.20258  	0.30819  	0.23566  	-0.1495  	0.17717  	0.07059  	-0.0459  	0.42710  	0.08290  	0.10676  	-0.2072  	-0.1649  	0.45067  	-0.1245  	0.04986  	-0.2249  	0.18330  	0.16072  	-0.0332  	0.04147  	-0.1457  	-0.0477  	-0.0565  	-0.0387  	-0.0177  	-0.0302  	-0.0146  	-0.0196  	-0.0257  	0.01556  	-0.0057  	0.00503  	0.00171  	-0.0018  	0.00177  	0.02282  	0.01274  	0.08411  	0.01040  	0.00532  	0.01241  	0.03785  	-0.7581  	
-0.5970  	-0.2058  	-0.8874  	-0.5250  	-0.0730  	-0.6141  	-0.0317  	-0.1999  	-0.0112  	0.13068  	-0.3638  	-0.4705  	0.13874  	-0.1966  	-0.1434  	0.67425  	-0.0637  	0.03763  	0.29680  	0.58483  	-0.0041  	0.35005  	-0.4914  	0.27971  	0.78249  	-0.1849  	0.06643  	0.21892  	0.31687  	0.23984  	-0.1424  	0.17511  	0.06184  	-0.0409  	0.42727  	0.09141  	0.09002  	-0.2127  	-0.1583  	0.45047  	-0.1229  	0.04747  	-0.2259  	0.18828  	0.16180  	-0.0355  	0.04179  	-0.1460  	-0.0470  	-0.0569  	-0.0374  	-0.0172  	-0.0280  	-0.0148  	-0.0196  	-0.0270  	0.01622  	-0.0021  	0.00342  	0.00018  	-0.0021  	0.00138  	0.02434  	0.01167  	0.08411  	0.01040  	0.00532  	0.01241  	0.03785  	-0.7581  	
-0.5996  	-0.1934  	-0.8879  	-0.5222  	-0.0513  	-0.6095  	-0.0353  	-0.2034  	-0.0104  	0.13101  	-0.3665  	-0.4532  	0.14118  	-0.1711  	-0.1390  	0.66397  	-0.0652  	0.03805  	0.29694  	0.58069  	0.00553  	0.34187  	-0.5054  	0.27532  	0.76989  	-0.1860  	0.06512  	0.23696  	0.32023  	0.23999  	-0.1367  	0.17111  	0.06818  	-0.0412  	0.43408  	0.08702  	0.08154  	-0.2223  	-0.1591  	0.45112  	-0.1273  	0.05106  	-0.2255  	0.18322  	0.16608  	-0.0371  	0.04102  	-0.1483  	-0.0494  	-0.0528  	-0.0350  	-0.0185  	-0.0295  	-0.0168  	-0.0191  	-0.0242  	0.01709  	-0.0031  	0.00183  	-0.0004  	-0.0033  	0.00213  	0.02577  	0.01306  	0.08411  	0.01040  	0.00532  	0.01241  	0.03785  	-0.7581  	
-0.5736  	-0.1730  	-0.8748  	-0.4994  	-0.0367  	-0.5966  	-0.0390  	-0.1818  	0.00066  	0.11839  	-0.3611  	-0.4431  	0.14017  	-0.1263  	-0.1080  	0.65444  	-0.0726  	0.02293  	0.29628  	0.57964  	0.03329  	0.34302  	-0.5176  	0.28891  	0.75524  	-0.1872  	0.07809  	0.22399  	0.30087  	0.23916  	-0.1399  	0.17316  	0.08068  	-0.0382  	0.45327  	0.07522  	0.09460  	-0.2260  	-0.1641  	0.44403  	-0.1357  	0.05232  	-0.2258  	0.17715  	0.16680  	-0.0342  	0.03912  	-0.1478  	-0.0495  	-0.0505  	-0.0375  	-0.0190  	-0.0285  	-0.0166  	-0.0206  	-0.0239  	0.01589  	-0.0038  	-4.8808  	-0.0010  	-0.0036  	0.00207  	0.02380  	0.01348  	0.08411  	0.01040  	0.00532  	0.01241  	0.03785  	-0.7581  	
-0.4859  	-0.1467  	-0.8270  	-0.4395  	-0.0177  	-0.5472  	-0.0370  	-0.1408  	0.02248  	0.08176  	-0.3587  	-0.4276  	0.15572  	-0.0580  	-0.0272  	0.67557  	-0.0756  	-0.0044  	0.29819  	0.58803  	0.09943  	0.34946  	-0.5202  	0.31934  	0.75162  	-0.1997  	0.10180  	0.16120  	0.25723  	0.23212  	-0.1449  	0.18042  	0.09948  	-0.0399  	0.49704  	0.03584  	0.13419  	-0.2180  	-0.1855  	0.43781  	-0.1452  	0.04821  	-0.2415  	0.17638  	0.15855  	-0.0312  	0.03973  	-0.1434  	-0.0531  	-0.0524  	-0.0360  	-0.0195  	-0.0331  	-0.0182  	-0.0210  	-0.0188  	0.01200  	-0.0085  	-0.0030  	0.00084  	0.00024  	0.00219  	0.01893  	0.01181  	0.08411  	0.01040  	0.00532  	0.01241  	0.03785  	-0.7581  	
-0.3411  	-0.0850  	-0.7115  	-0.3646  	-0.0283  	-0.4883  	-0.0382  	-0.0370  	0.02168  	0.04897  	-0.3326  	-0.4503  	0.22762  	-0.0013  	0.08336  	0.68680  	-0.0137  	-0.1479  	0.36977  	0.36061  	0.23774  	0.20646  	-0.6945  	0.37091  	0.71309  	-0.1467  	0.17189  	-0.0216  	0.23088  	0.21498  	-0.0704  	0.16201  	0.02115  	-0.1673  	0.52052  	-0.0086  	0.12725  	-0.1949  	-0.2959  	0.37090  	-0.1214  	0.15305  	-0.3284  	0.22672  	0.11617  	-0.0161  	0.02070  	-0.1249  	-0.0602  	-0.0597  	-0.0292  	-0.0117  	-0.0297  	-0.0024  	-0.0150  	-0.0175  	0.00472  	-0.0138  	0.00241  	0.00268  	0.00275  	0.00347  	0.00446  	0.00684  	0.08411  	0.01040  	0.00532  	0.01241  	0.03785  	-0.7581  	
-0.1620  	-0.0485  	-0.5559  	-0.2173  	0.04738  	-0.3539  	-0.0063  	0.02353  	0.03697  	0.03028  	-0.5049  	-0.4869  	0.35439  	0.12013  	0.21482  	0.63258  	0.06209  	-0.2630  	0.40707  	0.20668  	0.20133  	0.12519  	-0.8857  	0.38941  	0.79220  	-0.1132  	0.20623  	-0.0410  	0.35136  	0.26203  	-0.0189  	0.12248  	-0.0387  	-0.2545  	0.44273  	0.00813  	0.02460  	-0.2367  	-0.3087  	0.36240  	-0.0911  	0.23831  	-0.3797  	0.27732  	0.07720  	-0.0049  	-0.0079  	-0.0846  	-0.0461  	-0.0721  	-0.0201  	-0.0122  	-0.0302  	0.00459  	-0.0153  	-0.0097  	0.00693  	-0.0214  	0.00214  	0.01467  	0.00123  	-0.0006  	-0.0001  	0.00566  	0.08411  	0.01040  	0.00532  	0.01241  	0.03785  	-0.7581  	
-0.2100  	-0.0827  	-0.7658  	0.15602  	0.26094  	-0.4435  	0.00261  	-0.0134  	-0.0049  	0.05042  	-0.7284  	-0.4298  	0.41754  	0.21576  	0.44131  	0.47951  	0.05091  	-0.2933  	0.37830  	0.17317  	0.03978  	0.13170  	-0.9345  	0.32511  	0.84819  	-0.0963  	0.23150  	0.02293  	0.52428  	0.32894  	-0.0187  	0.08560  	-0.0552  	-0.2590  	0.43376  	0.01749  	-0.1076  	-0.2878  	-0.2617  	0.37457  	-0.1507  	0.28226  	-0.4192  	0.29804  	0.08751  	-0.0052  	-0.0105  	-0.0923  	-0.0495  	-0.0743  	-0.0160  	-0.0143  	-0.0275  	0.00543  	-0.0141  	-0.0077  	0.01309  	-0.0213  	0.00581  	0.01755  	0.00558  	-0.0024  	-0.0012  	0.00717  	0.08411  	0.01040  	0.00532  	0.01241  	0.03785  	-0.7581  	
-0.2933  	-0.1339  	-0.7932  	0.00939  	0.26340  	-0.4445  	-0.0350  	-0.0148  	-0.0009  	0.05789  	-0.5658  	-0.3956  	0.34451  	-0.0360  	0.35402  	0.63905  	0.03956  	-0.2799  	0.40910  	0.27003  	0.13773  	0.12989  	-0.8730  	0.34015  	0.74163  	-0.0848  	0.19788  	0.01667  	0.38699  	0.27304  	-0.0308  	0.12868  	-0.0430  	-0.2415  	0.44808  	0.01364  	-0.0142  	-0.2550  	-0.3068  	0.35263  	-0.1298  	0.24467  	-0.4079  	0.30440  	0.07239  	-0.0108  	-0.0006  	-0.0940  	-0.0527  	-0.0681  	-0.0222  	-0.0096  	-0.0254  	0.00878  	-0.0071  	-0.0135  	0.01070  	-0.0249  	-0.0016  	0.01475  	0.00671  	-0.0078  	-0.0075  	0.00841  	0.08411  	0.01040  	0.00532  	0.01241  	0.03785  	-0.7581  	
-0.3608  	-0.1578  	-0.7791  	-0.2878  	0.08848  	-0.4640  	0.00643  	-0.0750  	-0.0064  	0.06056  	-0.4913  	-0.4768  	0.23801  	-0.1280  	0.07795  	0.79012  	-0.0445  	-0.1063  	0.38387  	0.41624  	0.04743  	0.24228  	-0.7827  	0.33599  	0.79554  	-0.1565  	0.16223  	0.09599  	0.36007  	0.24972  	-0.1085  	0.16417  	0.00449  	-0.1629  	0.44791  	0.07951  	0.03077  	-0.2379  	-0.2619  	0.40312  	-0.1042  	0.13595  	-0.3227  	0.25937  	0.10108  	-0.0247  	0.01922  	-0.1214  	-0.0427  	-0.0795  	-0.0243  	-0.0289  	-0.0322  	-0.0100  	-0.0141  	-0.0193  	0.02158  	-0.0112  	-0.0061  	0.00661  	-0.0010  	-0.0068  	0.01602  	0.00972  	0.08411  	0.01040  	0.00532  	0.01241  	0.03785  	-0.7581  	
-0.3540  	-0.2107  	-0.7185  	-0.3072  	0.08144  	-0.4940  	0.03363  	-0.2058  	0.02578  	0.16246  	-0.4386  	-0.4408  	0.15814  	-0.1790  	-0.1555  	0.84301  	-0.1049  	0.03914  	0.30789  	0.61105  	-0.0817  	0.38980  	-0.6253  	0.37820  	0.90090  	-0.2214  	0.18626  	0.19384  	0.31882  	0.28710  	-0.1661  	0.20693  	0.02829  	-0.0451  	0.47660  	0.17315  	0.06913  	-0.2400  	-0.1657  	0.49802  	-0.1607  	0.05979  	-0.2332  	0.19279  	0.14978  	-0.0391  	0.03064  	-0.1275  	-0.0330  	-0.0620  	-0.0233  	-0.0207  	-0.0314  	-0.0151  	-0.0145  	-0.0192  	0.02156  	-0.0079  	0.00756  	0.00943  	-0.0027  	-0.0099  	0.03233  	0.01168  	0.08411  	0.01040  	0.00532  	0.01241  	0.03785  	-0.7581  	
-0.4444  	-0.2341  	-0.7918  	-0.4373  	-0.0008  	-0.4893  	0.02107  	-0.2330  	-0.0091  	0.11906  	-0.4607  	-0.5361  	0.14131  	-0.2208  	-0.1630  	0.78237  	-0.0757  	0.06120  	0.33179  	0.60916  	-0.0523  	0.35500  	-0.5856  	0.37864  	0.93980  	-0.2402  	0.22268  	0.21796  	0.31370  	0.29500  	-0.1665  	0.23584  	0.03440  	-0.0524  	0.47090  	0.18556  	0.09181  	-0.2265  	-0.1650  	0.48410  	-0.1643  	0.05596  	-0.2369  	0.19735  	0.15803  	-0.0354  	0.02817  	-0.1382  	-0.0438  	-0.0605  	-0.0273  	-0.0165  	-0.0284  	-0.0123  	-0.0148  	-0.0211  	0.02419  	-0.0045  	0.00368  	0.00690  	-0.0056  	-0.0111  	0.02894  	0.01015  	0.08411  	0.01040  	0.00532  	0.01241  	0.03785  	-0.7581  	
-0.4250  	-0.1816  	-0.8384  	-0.3467  	0.00060  	-0.4615  	0.00761  	-0.1434  	-0.0019  	0.05371  	-0.5017  	-0.4982  	0.17845  	-0.0735  	0.06618  	0.67393  	-0.0766  	-0.0220  	0.31233  	0.58515  	0.07078  	0.38709  	-0.5147  	0.40868  	0.87035  	-0.2247  	0.24431  	0.11406  	0.24129  	0.26350  	-0.1855  	0.20014  	0.05493  	-0.0473  	0.54989  	0.10512  	0.13780  	-0.2203  	-0.1864  	0.46613  	-0.2006  	0.05573  	-0.2515  	0.18562  	0.16835  	-0.0352  	0.03709  	-0.1399  	-0.0416  	-0.0564  	-0.0244  	-0.0219  	-0.0319  	-0.0182  	-0.0166  	-0.0213  	0.02053  	0.00221  	0.00646  	-0.0033  	-0.0117  	-0.0034  	0.02116  	0.01094  	0.08411  	0.01040  	0.00532  	0.01241  	0.03785  	-0.7581  	
-0.2512  	-0.1014  	-0.7466  	-0.2449  	0.08115  	-0.3611  	0.03516  	-0.0831  	0.02743  	0.04882  	-0.5314  	-0.4708  	0.26675  	0.07288  	0.16396  	0.71003  	-0.0891  	-0.0172  	0.30431  	0.58470  	0.10976  	0.40629  	-0.5547  	0.35534  	0.87423  	-0.2318  	0.23096  	0.11153  	0.25569  	0.27739  	-0.1708  	0.19401  	0.09062  	-0.0321  	0.56063  	0.05578  	0.12713  	-0.2301  	-0.1677  	0.47900  	-0.2142  	0.06552  	-0.2429  	0.19283  	0.15787  	-0.0345  	0.02862  	-0.1279  	-0.0369  	-0.0604  	-0.0212  	-0.0181  	-0.0301  	-0.0196  	-0.0160  	-0.0120  	0.01562  	-0.0044  	-0.0009  	0.00118  	-0.0040  	-0.0016  	0.02095  	0.00978  	0.08411  	0.01040  	0.00532  	0.01241  	0.03785  	-0.7581  	
-0.1493  	-0.0773  	-0.6424  	-0.2332  	0.03762  	-0.3098  	0.03512  	-0.0205  	0.06946  	0.02325  	-0.4678  	-0.4724  	0.22507  	0.11965  	0.15829  	0.79172  	-0.0932  	-0.0561  	0.30409  	0.55964  	0.22044  	0.43016  	-0.5180  	0.39906  	0.82342  	-0.2371  	0.24510  	0.01591  	0.16783  	0.26617  	-0.1743  	0.21786  	0.09622  	-0.0434  	0.58383  	0.00947  	0.20180  	-0.2080  	-0.1842  	0.44141  	-0.2139  	0.06526  	-0.2399  	0.18854  	0.15930  	-0.0364  	0.02256  	-0.1150  	-0.0282  	-0.0554  	-0.0321  	-0.0187  	-0.0256  	-0.0153  	-0.0203  	-0.0058  	0.01444  	-0.0084  	-0.0007  	0.00567  	-0.0056  	0.00205  	0.02383  	0.00383  	0.08411  	0.01040  	0.00532  	0.01241  	0.03785  	-0.7581  	
-0.1338  	-0.0651  	-0.5850  	-0.2885  	-0.0298  	-0.3506  	0.01066  	-0.0275  	0.08230  	0.06329  	-0.3661  	-0.4700  	0.20098  	0.05806  	0.08997  	0.80931  	-0.0689  	-0.0657  	0.32810  	0.53498  	0.26260  	0.40150  	-0.4888  	0.42554  	0.80087  	-0.2322  	0.24575  	-0.0480  	0.11293  	0.25068  	-0.1677  	0.22911  	0.09370  	-0.0413  	0.59737  	-0.0089  	0.24746  	-0.1814  	-0.2094  	0.41348  	-0.2190  	0.05595  	-0.2317  	0.18287  	0.16324  	-0.0303  	0.01982  	-0.1196  	-0.0334  	-0.0520  	-0.0318  	-0.0219  	-0.0242  	-0.0172  	-0.0185  	-0.0034  	0.00794  	-0.0066  	0.00139  	0.01076  	-0.0060  	0.00231  	0.02123  	0.00825  	0.08411  	0.01040  	0.00532  	0.01241  	0.03785  	-0.7581  	
-0.1197  	-0.0860  	-0.5759  	-0.3628  	-0.0595  	-0.4005  	0.02694  	-0.0193  	0.08956  	0.11047  	-0.2733  	-0.4144  	0.18121  	0.03645  	-0.0493  	0.87963  	-0.0790  	-0.0304  	0.33300  	0.56911  	0.26723  	0.36109  	-0.4964  	0.38564  	0.80051  	-0.2356  	0.21237  	-0.0336  	0.09357  	0.23552  	-0.1647  	0.22302  	0.10991  	-0.0392  	0.58107  	-0.0080  	0.25822  	-0.1765  	-0.2023  	0.40845  	-0.2016  	0.04685  	-0.2189  	0.18915  	0.16270  	-0.0302  	0.02223  	-0.1161  	-0.0336  	-0.0518  	-0.0330  	-0.0211  	-0.0259  	-0.0141  	-0.0182  	-0.0051  	0.00828  	-0.0041  	-0.0063  	0.00739  	-0.0051  	-0.0017  	0.02345  	0.00803  	0.08411  	0.01040  	0.00532  	0.01241  	0.03785  	-0.7581  	
-0.2140  	-0.0888  	-0.5801  	-0.5101  	-0.0785  	-0.4626  	0.06855  	-0.0182  	0.08894  	0.14519  	-0.3144  	-0.4582  	0.20868  	0.04401  	-0.1016  	0.85072  	-0.1115  	0.01070  	0.35326  	0.63148  	0.24653  	0.35986  	-0.5712  	0.32629  	0.90078  	-0.2550  	0.21772  	0.03142  	0.20120  	0.23176  	-0.1641  	0.21625  	0.10613  	-0.0505  	0.53482  	0.04740  	0.18935  	-0.1966  	-0.1544  	0.46575  	-0.1885  	0.05273  	-0.2187  	0.20275  	0.16112  	-0.0382  	0.02425  	-0.1089  	-0.0288  	-0.0614  	-0.0242  	-0.0206  	-0.0302  	-0.0136  	-0.0148  	-0.0131  	0.01416  	-0.0028  	-0.0046  	0.00737  	-0.0063  	-0.0087  	0.01876  	0.00898  	0.08411  	0.01040  	0.00532  	0.01241  	0.03785  	-0.7581  	
-0.2990  	-0.1087  	-0.6664  	-0.2439  	0.01952  	-0.4334  	0.03869  	-0.0716  	0.06017  	0.15087  	-0.4153  	-0.425  	0.20932  	0.11994  	0.02105  	0.81346  	-0.0765  	-0.0022  	0.32915  	0.62090  	0.14054  	0.40704  	-0.6110  	0.38518  	0.93392  	-0.2459  	0.24903  	0.08777  	0.22594  	0.28072  	-0.2010  	0.20369  	0.08466  	-0.0473  	0.54298  	0.04999  	0.16612  	-0.2216  	-0.1682  	0.49838  	-0.2251  	0.05180  	-0.2430  	0.19406  	0.15741  	-0.0368  	0.02257  	-0.1174  	-0.0294  	-0.0662  	-0.0225  	-0.0190  	-0.0306  	-0.0100  	-0.0214  	-0.0152  	0.01277  	-0.0097  	0.00471  	0.01347  	-0.0041  	-0.0074  	0.03051  	0.00935  	0.08411  	0.01040  	0.00532  	0.01241  	0.03785  	-0.7581  	
-0.3618  	-0.1774  	-0.8026  	-0.0933  	0.15248  	-0.4387  	0.01159  	-0.1384  	0.01945  	0.13064  	-0.5017  	-0.3404  	0.23208  	0.10258  	0.10800  	0.76050  	-0.0834  	0.00371  	0.32135  	0.61445  	0.03808  	0.36645  	-0.5826  	0.37767  	0.86841  	-0.2388  	0.19582  	0.17144  	0.27756  	0.30305  	-0.1829  	0.19661  	0.06796  	-0.0408  	0.53535  	0.04867  	0.10366  	-0.2354  	-0.1562  	0.46674  	-0.2057  	0.04913  	-0.2518  	0.17611  	0.16460  	-0.0306  	0.02227  	-0.1289  	-0.0442  	-0.0613  	-0.0310  	-0.0264  	-0.0289  	-0.0202  	-0.0242  	-0.0095  	0.01881  	-0.0060  	0.00302  	8.74323  	-0.0063  	0.00073  	0.02362  	0.00921  	0.08411  	0.01040  	0.00532  	0.01241  	0.03785  	-0.7581  	
-0.3771  	-0.1493  	-0.8854  	-0.1738  	0.17821  	-0.4700  	0.01665  	-0.1392  	0.02423  	0.11312  	-0.5602  	-0.3460  	0.23317  	0.05069  	0.11451  	0.69665  	-0.0928  	0.03786  	0.31546  	0.61789  	-0.0101  	0.36538  	-0.6080  	0.34453  	0.88802  	-0.2193  	0.15901  	0.24883  	0.36668  	0.31329  	-0.1809  	0.17824  	0.06807  	-0.0334  	0.50663  	0.07623  	0.02868  	-0.2625  	-0.1258  	0.48115  	-0.2211  	0.06368  	-0.2609  	0.17649  	0.16010  	-0.0322  	0.02906  	-0.1320  	-0.0366  	-0.0675  	-0.0273  	-0.0274  	-0.0262  	-0.0225  	-0.0211  	-0.0152  	0.02124  	-0.0029  	0.00588  	0.00026  	-0.0047  	-0.0019  	0.01720  	0.00822  	0.08411  	0.01040  	0.00532  	0.01241  	0.03785  	-0.7581  	
-0.3736  	-0.1323  	-0.8666  	-0.1736  	0.16150  	-0.4225  	0.00498  	-0.1366  	0.02589  	0.08981  	-0.6122  	-0.3743  	0.25648  	0.06766  	0.12222  	0.70036  	-0.0963  	0.04685  	0.31299  	0.62712  	-0.0142  	0.38155  	-0.6000  	0.32318  	0.90144  	-0.2032  	0.13202  	0.27909  	0.41386  	0.32187  	-0.1788  	0.16091  	0.07012  	-0.0248  	0.46391  	0.06978  	0.00864  	-0.2729  	-0.1041  	0.48451  	-0.2115  	0.07067  	-0.2395  	0.17680  	0.16161  	-0.0347  	0.03011  	-0.1227  	-0.0414  	-0.0628  	-0.0341  	-0.0231  	-0.0276  	-0.0201  	-0.0218  	-0.0180  	0.02192  	-0.0016  	0.00610  	-0.0016  	-0.0028  	-0.0074  	0.01425  	0.00816  	0.08411  	0.01040  	0.00532  	0.01241  	0.03785  	-0.7581  	
-0.4299  	-0.1406  	-0.8807  	-0.2807  	0.08081  	-0.4574  	0.00314  	-0.1725  	0.00186  	0.08878  	-0.5800  	-0.4234  	0.20657  	-0.0448  	0.05985  	0.65807  	-0.0637  	0.08410  	0.32789  	0.60754  	-0.0075  	0.35884  	-0.5398  	0.31298  	0.86735  	-0.2071  	0.10527  	0.26754  	0.37941  	0.28476  	-0.1703  	0.17644  	0.07918  	-0.0345  	0.42556  	0.06875  	0.03889  	-0.2581  	-0.1240  	0.49027  	-0.1841  	0.04153  	-0.2286  	0.18415  	0.16270  	-0.0289  	0.03008  	-0.1309  	-0.0406  	-0.0591  	-0.0318  	-0.0198  	-0.0294  	-0.0223  	-0.0202  	-0.0183  	0.01449  	-0.0066  	0.00566  	0.00450  	-0.0050  	-0.0073  	0.01599  	0.00691  	0.08411  	0.01040  	0.00532  	0.01241  	0.03785  	-0.7581  	
-0.4814  	-0.1577  	-0.8481  	-0.3802  	0.01541  	-0.4855  	-0.0106  	-0.1853  	-0.0044  	0.09535  	-0.4992  	-0.4702  	0.17625  	-0.1189  	-0.0193  	0.66387  	-0.0800  	0.07126  	0.30711  	0.63478  	-0.0195  	0.35526  	-0.5391  	0.30870  	0.82394  	-0.2049  	0.08209  	0.24425  	0.35616  	0.26069  	-0.1565  	0.17890  	0.08106  	-0.0301  	0.42532  	0.07290  	0.04669  	-0.2406  	-0.1439  	0.49205  	-0.1420  	0.03802  	-0.2231  	0.19112  	0.16038  	-0.0364  	0.03728  	-0.1395  	-0.0449  	-0.0608  	-0.0277  	-0.0182  	-0.0328  	-0.0205  	-0.0181  	-0.0224  	0.01792  	-0.0055  	-0.0001  	0.00257  	-0.0060  	-0.0037  	0.02402  	0.01265  	0.08411  	0.01040  	0.00532  	0.01241  	0.03785  	-0.7581  	
-0.5138  	-0.1939  	-0.8522  	-0.4545  	-0.0489  	-0.5044  	0.00366  	-0.2184  	-0.0222  	0.09864  	-0.4327  	-0.4997  	0.16713  	-0.1790  	-0.1633  	0.67896  	-0.1025  	0.06742  	0.29497  	0.64603  	-0.0683  	0.36197  	-0.5638  	0.30334  	0.83966  	-0.2050  	0.08827  	0.26298  	0.38513  	0.24839  	-0.1544  	0.17900  	0.06575  	-0.0359  	0.41559  	0.12789  	0.03416  	-0.2434  	-0.1309  	0.47737  	-0.1257  	0.05303  	-0.2175  	0.19264  	0.16079  	-0.0343  	0.03021  	-0.1343  	-0.0481  	-0.0588  	-0.0276  	-0.0172  	-0.0262  	-0.0186  	-0.0181  	-0.0232  	0.02207  	-0.0030  	0.00426  	-0.0019  	-0.0036  	-0.0004  	0.02561  	0.01482  	0.08411  	0.01040  	0.00532  	0.01241  	0.03785  	-0.7581  	
-0.5767  	-0.2112  	-0.8704  	-0.5791  	-0.1384  	-0.5867  	0.01033  	-0.2257  	-0.0219  	0.16020  	-0.3766  	-0.5312  	0.17615  	-0.1913  	-0.2785  	0.68466  	-0.0940  	0.06919  	0.29385  	0.66780  	-0.0907  	0.34850  	-0.5620  	0.30086  	0.85097  	-0.2037  	0.06872  	0.27237  	0.34740  	0.23894  	-0.1360  	0.16338  	0.06894  	-0.0450  	0.41788  	0.15385  	0.04180  	-0.2475  	-0.1299  	0.47162  	-0.1215  	0.05738  	-0.2156  	0.18896  	0.16387  	-0.0330  	0.03642  	-0.1250  	-0.0438  	-0.0588  	-0.0248  	-0.0160  	-0.0267  	-0.0127  	-0.0224  	-0.0236  	0.01620  	-0.0037  	0.00312  	0.00162  	-0.0035  	-0.0032  	0.02731  	0.01502  	0.08411  	0.01040  	0.00532  	0.01241  	0.03785  	-0.7581  	
-0.6542  	-0.2419  	-0.9298  	-0.6119  	-0.1114  	-0.6887  	0.02450  	-0.2470  	-0.0188  	0.19038  	-0.2779  	-0.5334  	0.16050  	-0.2030  	-0.2689  	0.66225  	-0.0768  	0.05054  	0.30806  	0.65029  	-0.0364  	0.33926  	-0.5484  	0.33240  	0.86840  	-0.2103  	0.12029  	0.22342  	0.31516  	0.25633  	-0.1371  	0.16284  	0.05644  	-0.0395  	0.46738  	0.15201  	0.07058  	-0.2398  	-0.1809  	0.45087  	-0.1493  	0.05815  	-0.2428  	0.18091  	0.17289  	-0.0414  	0.03744  	-0.1422  	-0.0422  	-0.0553  	-0.0303  	-0.0204  	-0.0331  	-0.0155  	-0.0175  	-0.0219  	0.01792  	0.00070  	0.00044  	0.00129  	-0.0099  	0.00262  	0.03016  	0.01139  	0.08411  	0.01040  	0.00532  	0.01241  	0.03785  	-0.7581  	
-0.8282  	-0.2956  	-0.9986  	-0.7500  	-0.1369  	-0.7992  	-0.0235  	-0.2151  	-0.0218  	0.14853  	-0.1527  	-0.5703  	0.11945  	-0.2218  	-0.2430  	0.60082  	-0.0751  	-0.0257  	0.29513  	0.66018  	0.08275  	0.33871  	-0.4636  	0.37855  	0.78339  	-0.1845  	0.10588  	0.17015  	0.25765  	0.21612  	-0.1241  	0.16544  	0.06814  	-0.0500  	0.47361  	0.08537  	0.11944  	-0.2240  	-0.2013  	0.42986  	-0.1728  	0.05083  	-0.2651  	0.17088  	0.16957  	-0.0369  	0.04166  	-0.1534  	-0.0451  	-0.0615  	-0.0362  	-0.0215  	-0.0317  	-0.0165  	-0.0208  	-0.0291  	0.01340  	-0.0019  	-0.0014  	0.00104  	-0.0027  	0.00043  	0.02270  	0.01372  	0.08411  	0.01040  	0.00532  	0.01241  	0.03785  	-0.7581  	
-0.8475  	-0.3057  	-1.0149  	-0.7448  	-0.1341  	-0.7991  	-0.0218  	-0.2309  	-0.0144  	0.18799  	-0.1536  	-0.5129  	0.13521  	-0.2345  	-0.2405  	0.62002  	-0.0638  	0.00443  	0.29362  	0.68855  	0.06970  	0.34657  	-0.4799  	0.33180  	0.75382  	-0.1789  	0.07065  	0.18943  	0.23243  	0.21654  	-0.1102  	0.16306  	0.08661  	-0.0451  	0.45807  	0.08406  	0.09577  	-0.2381  	-0.1748  	0.41984  	-0.1785  	0.05406  	-0.2494  	0.16677  	0.16676  	-0.0332  	0.03903  	-0.1517  	-0.0435  	-0.0590  	-0.0326  	-0.0205  	-0.0364  	-0.0175  	-0.0207  	-0.0255  	0.01515  	-0.0005  	-0.0051  	-0.0015  	-0.0012  	0.00053  	0.02453  	0.01326  	0.08411  	0.01040  	0.00532  	0.01241  	0.03785  	-0.7581  	
-0.7953  	-0.2567  	-0.9679  	-0.7192  	-0.1227  	-0.8088  	-0.0380  	-0.1901  	-0.0116  	0.18852  	-0.1730  	-0.5186  	0.13051  	-0.1891  	-0.2227  	0.60872  	-0.0477  	-0.0008  	0.30867  	0.65761  	0.08581  	0.33584  	-0.5087  	0.34735  	0.77239  	-0.1900  	0.09648  	0.14926  	0.22662  	0.21081  	-0.1248  	0.16308  	0.08796  	-0.0530  	0.45176  	0.08057  	0.10547  	-0.2418  	-0.1627  	0.42457  	-0.1586  	0.05432  	-0.2594  	0.16328  	0.16641  	-0.0289  	0.03715  	-0.1512  	-0.0471  	-0.0594  	-0.0363  	-0.0179  	-0.0359  	-0.0204  	-0.0230  	-0.0249  	0.01100  	-0.0006  	0.00033  	0.00160  	0.00013  	0.00057  	0.02128  	0.01044  	0.08411  	0.01040  	0.00532  	0.01241  	0.03785  	-0.7581  	
-0.7007  	-0.2119  	-0.8523  	-0.7362  	-0.1610  	-0.6894  	-0.0014  	-0.2101  	-0.0225  	0.13019  	-0.2608  	-0.5657  	0.14269  	-0.1830  	-0.2120  	0.63570  	-0.0306  	-0.0092  	0.32288  	0.58011  	0.08273  	0.36140  	-0.4740  	0.35801  	0.83575  	-0.1751  	0.18030  	0.08182  	0.22073  	0.22763  	-0.1102  	0.15528  	0.08000  	-0.0487  	0.44125  	0.08707  	0.13496  	-0.2289  	-0.1778  	0.43763  	-0.1339  	0.05941  	-0.2403  	0.17353  	0.16985  	-0.0388  	0.03873  	-0.1534  	-0.0650  	-0.0550  	-0.0426  	-0.0162  	-0.0278  	-0.0136  	-0.0237  	-0.0188  	0.00732  	-0.0057  	0.00267  	0.01141  	-0.0026  	0.00578  	0.01784  	0.01041  	0.08411  	0.01040  	0.00532  	0.01241  	0.03785  	-0.7581  	
-0.5355  	-0.2070  	-0.8024  	-0.5775  	-0.0828  	-0.5267  	-0.0118  	-0.1675  	0.03096  	0.10591  	-0.4061  	-0.5365  	0.15052  	-0.2056  	-0.1666  	0.74255  	-0.0419  	0.03513  	0.33542  	0.59644  	-0.0126  	0.34682  	-0.5036  	0.30895  	0.82359  	-0.1976  	0.10815  	0.20308  	0.28517  	0.23344  	-0.1465  	0.18105  	0.08666  	-0.0460  	0.44219  	0.09630  	0.10944  	-0.2287  	-0.1749  	0.45638  	-0.1229  	0.03882  	-0.2235  	0.19202  	0.16839  	-0.0270  	0.03324  	-0.1347  	-0.0452  	-0.0516  	-0.0278  	-0.0195  	-0.0301  	-0.0175  	-0.0157  	-0.0222  	0.01254  	-0.0033  	-0.0017  	0.00611  	-0.0026  	0.00342  	0.02649  	0.01630  	0.08411  	0.01040  	0.00532  	0.01241  	0.03785  	-0.7581  	
-0.4211  	-0.1845  	-0.7340  	-0.4300  	-0.0146  	-0.5383  	0.02013  	-0.1712  	0.01337  	0.18131  	-0.3816  	-0.4718  	0.16665  	-0.1933  	-0.1846  	0.78825  	-0.1158  	0.04563  	0.31517  	0.65469  	-0.0724  	0.34587  	-0.5729  	0.26797  	0.84594  	-0.2114  	0.06949  	0.27724  	0.33056  	0.25704  	-0.1632  	0.19476  	0.06499  	-0.0306  	0.44658  	0.14270  	0.05558  	-0.2177  	-0.1392  	0.46797  	-0.1322  	0.05247  	-0.2185  	0.18386  	0.14986  	-0.0383  	0.03497  	-0.1254  	-0.0413  	-0.0548  	-0.0273  	-0.0180  	-0.0287  	-0.0146  	-0.0140  	-0.0217  	0.02117  	-0.0062  	0.00016  	7.01171  	-0.0049  	-0.0043  	0.02572  	0.01270  	0.08411  	0.01040  	0.00532  	0.01241  	0.03785  	-0.7581  	
-0.4041  	-0.1745  	-0.7766  	-0.4698  	-0.0214  	-0.5080  	0.01097  	-0.1962  	0.00682  	0.17693  	-0.3422  	-0.4770  	0.15695  	-0.1907  	-0.2121  	0.79083  	-0.1178  	0.06261  	0.31112  	0.64704  	-0.0454  	0.32781  	-0.5951  	0.27158  	0.82940  	-0.2304  	0.09055  	0.26875  	0.33704  	0.26186  	-0.1622  	0.19841  	0.06410  	-0.0313  	0.48845  	0.16747  	0.06957  	-0.2304  	-0.1559  	0.47035  	-0.1600  	0.05365  	-0.2304  	0.18320  	0.15665  	-0.0350  	0.02980  	-0.1355  	-0.0441  	-0.0595  	-0.0231  	-0.0189  	-0.0263  	-0.0157  	-0.0171  	-0.0186  	0.02121  	-0.0030  	0.00166  	-0.0005  	-0.0058  	0.00032  	0.02708  	0.01291  	0.08411  	0.01040  	0.00532  	0.01241  	0.03785  	-0.7581  	
-0.4049  	-0.1934  	-0.7882  	-0.4707  	-0.0051  	-0.4919  	0.01277  	-0.2228  	-0.0167  	0.19621  	-0.3233  	-0.4829  	0.12703  	-0.2332  	-0.2220  	0.83247  	-0.1274  	0.06211  	0.30836  	0.62653  	-0.0262  	0.34310  	-0.5925  	0.30857  	0.84205  	-0.2324  	0.12929  	0.23204  	0.30958  	0.25658  	-0.1681  	0.20658  	0.05357  	-0.0362  	0.50494  	0.16534  	0.08786  	-0.2265  	-0.1650  	0.48231  	-0.1567  	0.05531  	-0.2322  	0.18979  	0.15993  	-0.0382  	0.02882  	-0.1396  	-0.0425  	-0.0592  	-0.0207  	-0.0215  	-0.0243  	-0.0167  	-0.0164  	-0.0200  	0.02320  	-0.0059  	0.00118  	0.00068  	-0.0066  	-0.0034  	0.02889  	0.01497  	0.08411  	0.01040  	0.00532  	0.01241  	0.03785  	-0.7581  	
-0.4134  	-0.1838  	-0.7730  	-0.5067  	-0.0379  	-0.5298  	0.00589  	-0.2213  	-0.0164  	0.18684  	-0.3415  	-0.5121  	0.12306  	-0.2460  	-0.2526  	0.82588  	-0.1106  	0.07595  	0.31615  	0.62861  	-0.0451  	0.35662  	-0.5700  	0.30485  	0.84496  	-0.2177  	0.09598  	0.23955  	0.31507  	0.25391  	-0.1592  	0.20030  	0.05267  	-0.0374  	0.47988  	0.17102  	0.08591  	-0.2344  	-0.1633  	0.49037  	-0.1517  	0.05408  	-0.2341  	0.18694  	0.15939  	-0.0364  	0.02769  	-0.1371  	-0.0438  	-0.0546  	-0.0239  	-0.0229  	-0.0251  	-0.0197  	-0.0173  	-0.0223  	0.02143  	-0.0049  	0.00064  	0.00068  	-0.0062  	-0.0025  	0.02356  	0.01553  	0.08411  	0.01040  	0.00532  	0.01241  	0.03785  	-0.7581  	
-0.5958  	-0.2311  	-0.8804  	-0.5170  	-0.0636  	-0.6183  	-0.0057  	-0.2166  	-0.0392  	0.16667  	-0.3307  	-0.5206  	0.13080  	-0.2384  	-0.2424  	0.75137  	-0.0971  	0.03686  	0.33066  	0.60652  	-0.0375  	0.35659  	-0.5555  	0.33514  	0.85501  	-0.2238  	0.12866  	0.24677  	0.31620  	0.25541  	-0.1574  	0.20707  	0.04593  	-0.0603  	0.47280  	0.19427  	0.07992  	-0.2476  	-0.1642  	0.48796  	-0.1601  	0.05164  	-0.2409  	0.19481  	0.16559  	-0.0396  	0.03242  	-0.1429  	-0.0442  	-0.0590  	-0.0269  	-0.0165  	-0.0282  	-0.0219  	-0.0194  	-0.0220  	0.01518  	-0.0042  	0.00420  	0.00671  	-0.0044  	-0.0019  	0.02039  	0.01249  	0.08411  	0.01040  	0.00532  	0.01241  	0.03785  	-0.7581  	
-0.5918  	-0.1994  	-0.9080  	-0.4710  	-0.0408  	-0.5880  	-0.0627  	-0.1141  	-0.0329  	0.09845  	-0.2936  	-0.4356  	0.13733  	-0.0499  	-0.0039  	0.62259  	-0.0933  	-0.0823  	0.31271  	0.61803  	0.11765  	0.35535  	-0.5515  	0.41395  	0.77472  	-0.2118  	0.19736  	0.05879  	0.16553  	0.23241  	-0.1472  	0.19356  	0.07416  	-0.0465  	0.59480  	0.06191  	0.19828  	-0.2246  	-0.1681  	0.43641  	-0.2101  	0.06144  	-0.2741  	0.18309  	0.16676  	-0.0349  	0.04075  	-0.1456  	-0.0656  	-0.0351  	-0.0378  	-0.0207  	-0.0322  	-0.0215  	-0.0229  	-0.0304  	0.02096  	0.00146  	-0.0008  	0.00753  	-0.0056  	-0.0151  	0.02618  	0.01411  	0.08411  	0.01040  	0.00532  	0.01241  	0.03785  	-0.7581  	
-0.2487  	-0.1222  	-0.7322  	-0.2634  	0.07940  	-0.3884  	0.01134  	-0.1174  	0.02629  	0.08797  	-0.5282  	-0.4218  	0.29103  	0.15415  	0.26033  	0.63931  	-0.0834  	-0.0836  	0.30170  	0.54675  	0.12955  	0.41205  	-0.5396  	0.39106  	0.74992  	-0.2128  	0.20583  	0.05760  	0.21315  	0.24938  	-0.1445  	0.20906  	0.10414  	-0.0543  	0.58303  	0.02485  	0.13091  	-0.2487  	-0.1783  	0.48910  	-0.2108  	0.05928  	-0.2621  	0.17975  	0.17068  	-0.0308  	0.02857  	-0.1277  	-0.0411  	-0.0489  	-0.0312  	-0.0198  	-0.0353  	-0.0247  	-0.0275  	-0.0184  	0.00361  	-0.0086  	-0.0096  	0.00050  	0.00035  	-0.0001  	0.01040  	0.01210  	0.08411  	0.01040  	0.00532  	0.01241  	0.03785  	-0.7581  	
-0.1072  	-0.1167  	-0.6335  	-0.1865  	0.06843  	-0.2989  	0.08804  	-0.0624  	0.07196  	0.05819  	-0.7356  	-0.5740  	0.33541  	0.25956  	0.30981  	0.58626  	-0.0500  	-0.0856  	0.28205  	0.46537  	0.06484  	0.46888  	-0.4360  	0.33858  	0.87551  	-0.2201  	0.23782  	0.03431  	0.31147  	0.30287  	-0.1433  	0.17333  	0.08647  	-0.0238  	0.51060  	0.03828  	0.08672  	-0.2425  	-0.1098  	0.47493  	-0.1830  	0.06550  	-0.2213  	0.19651  	0.15619  	-0.0369  	0.02194  	-0.0917  	-0.0170  	-0.0645  	-0.0276  	-0.0157  	-0.0269  	-0.0141  	-0.0168  	-0.0047  	0.00770  	-0.0059  	-0.0033  	0.00201  	-0.0004  	0.00372  	0.02557  	0.00536  	0.08411  	0.01040  	0.00532  	0.01241  	0.03785  	-0.7581  	
-0.1165  	-0.0540  	-0.5998  	-0.2541  	0.02812  	-0.3300  	0.09208  	-0.0528  	0.04681  	0.11884  	-0.6578  	-0.6218  	0.30403  	0.16406  	0.21360  	0.64612  	-0.0428  	-0.0583  	0.31472  	0.44471  	0.07223  	0.48799  	-0.4568  	0.36105  	0.94778  	-0.2253  	0.29193  	-0.0012  	0.28578  	0.31992  	-0.1495  	0.19296  	0.05638  	-0.0311  	0.48026  	0.03933  	0.13204  	-0.2231  	-0.1357  	0.47131  	-0.1996  	0.05222  	-0.2131  	0.20020  	0.14232  	-0.0363  	0.01980  	-0.0953  	-0.0176  	-0.0605  	-0.0351  	-0.0197  	-0.0304  	-0.0131  	-0.0151  	-0.0101  	0.00413  	-0.0082  	-0.0072  	0.00637  	-0.0021  	0.00039  	0.01815  	0.00255  	0.08411  	0.01040  	0.00532  	0.01241  	0.03785  	-0.7581  	
-0.2100  	-0.0946  	-0.7091  	-0.2373  	0.08389  	-0.4792  	0.08269  	-0.1081  	0.02320  	0.18489  	-0.6062  	-0.5905  	0.26754  	0.12522  	0.19205  	0.58119  	-0.0588  	-0.0554  	0.31508  	0.55744  	0.04487  	0.46341  	-0.5234  	0.37330  	0.99139  	-0.2468  	0.31198  	0.05359  	0.30860  	0.32731  	-0.1822  	0.19320  	0.05092  	-0.0454  	0.52341  	0.07677  	0.11223  	-0.2441  	-0.1297  	0.50603  	-0.2174  	0.07178  	-0.2329  	0.19523  	0.16032  	-0.0367  	0.02165  	-0.1060  	-0.0218  	-0.0585  	-0.0272  	-0.0183  	-0.0319  	-0.0153  	-0.0184  	-0.0154  	0.00959  	-0.0083  	-0.0012  	0.00718  	-0.0051  	-0.0010  	0.02039  	0.00521  	0.08411  	0.01040  	0.00532  	0.01241  	0.03785  	-0.7581  	
-0.3964  	-0.1593  	-0.7881  	-0.2798  	0.04285  	-0.4097  	0.02133  	-0.1223  	0.01262  	0.02991  	-0.4972  	-0.4587  	0.19531  	-0.0208  	0.04049  	0.69567  	-0.0549  	-0.0005  	0.32875  	0.59704  	0.09516  	0.38337  	-0.5085  	0.37595  	0.82464  	-0.2148  	0.17965  	0.15613  	0.25295  	0.25230  	-0.1596  	0.19801  	0.06310  	-0.0427  	0.48123  	0.04985  	0.15017  	-0.2280  	-0.1708  	0.46776  	-0.1912  	0.04780  	-0.2415  	0.19497  	0.15464  	-0.0365  	0.02927  	-0.1300  	-0.0415  	-0.0502  	-0.0342  	-0.0217  	-0.0345  	-0.0197  	-0.0200  	-0.0198  	0.01870  	-0.0040  	-0.0002  	-0.0037  	-0.0055  	0.00109  	0.02292  	0.00850  	0.08411  	0.01040  	0.00532  	0.01241  	0.03785  	-0.7581  	
-0.3515  	-0.1706  	-0.7507  	-0.2842  	0.05131  	-0.4625  	0.01041  	-0.2018  	0.00159  	0.08198  	-0.4594  	-0.4788  	0.15653  	-0.1307  	-0.0762  	0.77433  	-0.0935  	0.00185  	0.31031  	0.60935  	0.00971  	0.39575  	-0.5628  	0.38715  	0.87254  	-0.2228  	0.19004  	0.15324  	0.29380  	0.28913  	-0.1882  	0.21514  	0.04925  	-0.0414  	0.50321  	0.11923  	0.12302  	-0.2266  	-0.1794  	0.47068  	-0.1963  	0.05926  	-0.2333  	0.18924  	0.16146  	-0.0386  	0.03083  	-0.1276  	-0.0370  	-0.0608  	-0.0235  	-0.0187  	-0.0317  	-0.0164  	-0.0177  	-0.0188  	0.02302  	-0.0048  	0.00612  	0.00113  	-0.0115  	-0.0116  	0.02130  	0.01228  	0.08411  	0.01040  	0.00532  	0.01241  	0.03785  	-0.7581  	
-0.3523  	-0.1829  	-0.7415  	-0.2455  	0.09972  	-0.5032  	0.00844  	-0.1602  	-0.0281  	0.16994  	-0.4457  	-0.4216  	0.20751  	-0.1966  	-0.1199  	0.76952  	-0.0492  	-0.0743  	0.37734  	0.44753  	-0.0426  	0.21486  	-0.8208  	0.36708  	0.88229  	-0.1694  	0.19736  	0.18155  	0.41299  	0.28540  	-0.1018  	0.18352  	-0.0266  	-0.1654  	0.42548  	0.16561  	-0.0163  	-0.2447  	-0.2151  	0.43037  	-0.1123  	0.15673  	-0.3184  	0.24469  	0.11740  	-0.0222  	0.00750  	-0.1045  	-0.0389  	-0.0724  	-0.0177  	-0.0174  	-0.0260  	-0.0073  	-0.0088  	-0.0206  	0.02417  	-0.0097  	0.00665  	0.01304  	-0.0036  	-0.0110  	0.01805  	0.01298  	0.08411  	0.01040  	0.00532  	0.01241  	0.03785  	-0.7581  	
-0.4104  	-0.1760  	-0.7926  	-0.3461  	0.05214  	-0.5404  	-0.0155  	-0.1529  	-0.0215  	0.14862  	-0.4484  	-0.4325  	0.23884  	-0.2652  	-0.1336  	0.71557  	0.01741  	-0.1519  	0.42570  	0.29021  	-0.0144  	0.07190  	-0.9614  	0.31960  	0.85709  	-0.0992  	0.15819  	0.18014  	0.49831  	0.27261  	-0.0275  	0.14350  	-0.0893  	-0.2581  	0.34421  	0.17244  	-0.0937  	-0.2502  	-0.2719  	0.37218  	-0.0623  	0.23214  	-0.3756  	0.29524  	0.07958  	-0.0138  	-0.0053  	-0.0912  	-0.0556  	-0.0840  	-0.0133  	-0.0124  	-0.0255  	0.00645  	-0.0060  	-0.0195  	0.01952  	-0.0190  	0.00911  	0.01655  	0.00145  	-0.0194  	0.00670  	0.01200  	0.08411  	0.01040  	0.00532  	0.01241  	0.03785  	-0.7581  	
-0.4536  	-0.1426  	-0.8387  	-0.3018  	0.05292  	-0.5160  	-0.0337  	-0.1362  	-0.0541  	0.06736  	-0.4975  	-0.4545  	0.22893  	-0.1634  	-0.0843  	0.59874  	0.05743  	-0.2061  	0.41559  	0.22459  	0.05362  	0.05521  	-0.9451  	0.36933  	0.82748  	-0.0804  	0.18991  	0.13075  	0.50999  	0.27068  	-0.0268  	0.12709  	-0.1042  	-0.2917  	0.34456  	0.14439  	-0.0921  	-0.2507  	-0.2901  	0.36379  	-0.0685  	0.25566  	-0.3942  	0.30377  	0.07027  	-0.0091  	-0.0063  	-0.0943  	-0.0622  	-0.0928  	-0.0092  	-0.0101  	-0.0240  	0.00558  	-0.0060  	-0.0179  	0.02329  	-0.0172  	0.01251  	0.01555  	-0.0018  	-0.0185  	-0.0050  	0.01315  	0.08411  	0.01040  	0.00532  	0.01241  	0.03785  	-0.7581  	
-0.4251  	-0.1468  	-0.8081  	-0.1817  	0.08476  	-0.4539  	-0.0475  	-0.0632  	-0.0396  	-0.0102  	-0.4986  	-0.4314  	0.22859  	-0.0797  	0.15610  	0.56820  	0.06019  	-0.2423  	0.40743  	0.23146  	0.13745  	0.11462  	-0.8619  	0.40675  	0.79738  	-0.0999  	0.19913  	0.06180  	0.40812  	0.26606  	-0.0365  	0.13422  	-0.0632  	-0.2592  	0.42714  	0.04648  	-0.0146  	-0.2406  	-0.3157  	0.35686  	-0.1083  	0.22699  	-0.3988  	0.29503  	0.08332  	-0.0044  	0.00055  	-0.1100  	-0.0594  	-0.0823  	-0.0241  	-0.0165  	-0.0289  	0.00411  	-0.0109  	-0.0196  	0.01805  	-0.0200  	0.00404  	0.01393  	-0.0010  	-0.0086  	-0.0075  	0.00950  	0.08411  	0.01040  	0.00532  	0.01241  	0.03785  	-0.7581  	
-0.3105  	-0.1190  	-0.7437  	-0.1974  	0.06818  	-0.4030  	-0.0306  	-0.0394  	0.01521  	0.00299  	-0.5345  	-0.4158  	0.27060  	0.04490  	0.23165  	0.65219  	-0.0021  	-0.1659  	0.35080  	0.39784  	0.17681  	0.22133  	-0.6971  	0.41772  	0.77639  	-0.1481  	0.22605  	0.02921  	0.29246  	0.24837  	-0.0991  	0.16444  	0.00990  	-0.1621  	0.51945  	0.00764  	0.08510  	-0.2359  	-0.2580  	0.40795  	-0.1632  	0.16196  	-0.3334  	0.25003  	0.11676  	-0.0184  	0.01389  	-0.1165  	-0.0516  	-0.0681  	-0.0263  	-0.0176  	-0.0314  	-0.0041  	-0.0157  	-0.0178  	0.01026  	-0.0104  	0.00079  	0.00523  	-0.0018  	0.00353  	0.00975  	0.01423  	0.08411  	0.01040  	0.00532  	0.01241  	0.03785  	-0.7581  	
-0.1998  	-0.0794  	-0.6401  	-0.2972  	0.01040  	-0.3437  	0.03377  	-0.0469  	0.05689  	0.05362  	-0.4177  	-0.4590  	0.22411  	0.09663  	0.11151  	0.75416  	-0.0851  	-0.0391  	0.31162  	0.55892  	0.19466  	0.38918  	-0.5182  	0.40653  	0.82198  	-0.2411  	0.22502  	0.03110  	0.16783  	0.24828  	-0.1779  	0.22004  	0.09224  	-0.0513  	0.58390  	0.01625  	0.19503  	-0.2099  	-0.1878  	0.44180  	-0.2012  	0.05658  	-0.2468  	0.18502  	0.15646  	-0.0314  	0.02330  	-0.1261  	-0.0346  	-0.0555  	-0.0317  	-0.0177  	-0.0273  	-0.0156  	-0.0179  	-0.0091  	0.01224  	-0.0060  	0.00058  	0.00595  	0.00035  	0.00466  	0.02582  	0.00928  	0.08411  	0.01040  	0.00532  	0.01241  	0.03785  	-0.7581  	
-0.1234  	-0.0901  	-0.5773  	-0.3808  	-0.0615  	-0.3945  	0.03911  	-0.0219  	0.07678  	0.09199  	-0.3226  	-0.3945  	0.18666  	0.03267  	-0.0506  	0.86202  	-0.0933  	-0.0181  	0.32763  	0.59115  	0.21039  	0.37838  	-0.5188  	0.34794  	0.81238  	-0.2372  	0.16697  	0.02062  	0.14415  	0.23758  	-0.1623  	0.21666  	0.10106  	-0.0355  	0.55021  	0.00701  	0.22765  	-0.1883  	-0.1821  	0.42187  	-0.1911  	0.05462  	-0.2115  	0.19095  	0.15461  	-0.0322  	0.02354  	-0.1166  	-0.0317  	-0.0569  	-0.0379  	-0.0206  	-0.0294  	-0.0149  	-0.0194  	-0.0118  	0.01098  	-0.0053  	-0.0054  	0.00246  	-0.0061  	0.00019  	0.02547  	0.00719  	0.08411  	0.01040  	0.00532  	0.01241  	0.03785  	-0.7581  	
-0.1971  	-0.0991  	-0.6215  	-0.4342  	-0.0406  	-0.4073  	0.05047  	-0.0361  	0.08573  	0.10515  	-0.3553  	-0.4523  	0.20764  	0.03107  	-0.0796  	0.84438  	-0.0912  	-0.0098  	0.33151  	0.63248  	0.20370  	0.36501  	-0.5769  	0.35692  	0.89902  	-0.2533  	0.21939  	0.07567  	0.19667  	0.25786  	-0.1742  	0.20941  	0.07798  	-0.0515  	0.56079  	0.06227  	0.17565  	-0.2148  	-0.1666  	0.44741  	-0.1970  	0.06860  	-0.2186  	0.18297  	0.14797  	-0.0378  	0.02443  	-0.1135  	-0.0254  	-0.0627  	-0.0236  	-0.0209  	-0.0297  	-0.0148  	-0.0184  	-0.0104  	0.01727  	-0.0042  	-0.0010  	0.00754  	-0.0081  	-0.0075  	0.02420  	0.00714  	0.08411  	0.01040  	0.00532  	0.01241  	0.03785  	-0.7581  	
-0.2498  	-0.1520  	-0.7535  	-0.1180  	0.07608  	-0.3836  	0.01908  	-0.1160  	0.04079  	0.07166  	-0.4724  	-0.3736  	0.23409  	0.09218  	0.20001  	0.72303  	-0.0527  	-0.0658  	0.33198  	0.59209  	0.08457  	0.44421  	-0.5385  	0.38298  	0.86044  	-0.2262  	0.28615  	0.02430  	0.21069  	0.28532  	-0.1853  	0.21054  	0.07994  	-0.0238  	0.56678  	0.03202  	0.16140  	-0.2128  	-0.1858  	0.48056  	-0.2475  	0.05735  	-0.2529  	0.21852  	0.16129  	-0.0333  	0.01928  	-0.1173  	-0.0366  	-0.0527  	-0.0241  	-0.0208  	-0.0332  	-0.0110  	-0.0156  	-0.0095  	0.01201  	-0.0028  	0.00430  	0.00759  	0.00318  	0.00070  	0.01793  	0.00538  	0.08411  	0.01040  	0.00532  	0.01241  	0.03785  	-0.7581  	
-0.1717  	-0.0791  	-0.6950  	-0.1262  	0.12643  	-0.3230  	0.08663  	-0.0602  	0.02541  	0.07161  	-0.6980  	-0.5153  	0.34972  	0.24652  	0.35363  	0.58990  	-0.1064  	-0.0647  	0.28245  	0.52085  	0.03096  	0.46463  	-0.5432  	0.33613  	0.89969  	-0.2333  	0.24446  	0.06604  	0.32827  	0.30511  	-0.1594  	0.16485  	0.10034  	-0.0399  	0.54024  	0.03972  	0.06643  	-0.2373  	-0.1406  	0.48831  	-0.2350  	0.08664  	-0.2406  	0.17708  	0.15399  	-0.0278  	0.02228  	-0.1117  	-0.0266  	-0.0653  	-0.0261  	-0.0159  	-0.0291  	-0.0187  	-0.0195  	-0.0133  	0.01018  	-0.0104  	0.00181  	-0.0027  	0.00391  	0.00340  	0.01904  	0.00452  	0.08411  	0.01040  	0.00532  	0.01241  	0.03785  	-0.7581  	
-0.1733  	-0.1155  	-0.7013  	-0.1258  	0.11037  	-0.3400  	0.07857  	-0.0740  	0.02350  	0.08482  	-0.6816  	-0.5939  	0.33045  	0.28067  	0.34506  	0.56643  	-0.0599  	-0.0768  	0.28129  	0.51096  	0.06381  	0.48614  	-0.4971  	0.38198  	0.93542  	-0.2454  	0.28668  	0.05267  	0.32950  	0.32101  	-0.1713  	0.17314  	0.07387  	-0.0410  	0.54424  	0.04107  	0.09010  	-0.2583  	-0.1495  	0.50175  	-0.2390  	0.08130  	-0.2544  	0.18922  	0.16081  	-0.0313  	0.02203  	-0.1193  	-0.0275  	-0.0546  	-0.0231  	-0.0192  	-0.0319  	-0.0228  	-0.0215  	-0.0138  	0.01259  	-0.0033  	-0.0001  	0.00382  	-0.0027  	0.00132  	0.02236  	0.00398  	0.08411  	0.01040  	0.00532  	0.01241  	0.03785  	-0.7581  	
-0.3300  	-0.1293  	-0.7773  	-0.2062  	0.09353  	-0.4208  	0.00982  	-0.1207  	0.01912  	0.04446  	-0.5442  	-0.4765  	0.24183  	0.04579  	0.10511  	0.69083  	-0.0580  	-0.0157  	0.31119  	0.60087  	0.10677  	0.39589  	-0.5247  	0.37391  	0.85504  	-0.2244  	0.22897  	0.14536  	0.24930  	0.28378  	-0.1526  	0.18760  	0.07840  	-0.0353  	0.52462  	0.03651  	0.14084  	-0.2421  	-0.1646  	0.45968  	-0.1941  	0.05281  	-0.2468  	0.17725  	0.15821  	-0.0320  	0.02871  	-0.1123  	-0.0387  	-0.0567  	-0.0346  	-0.0196  	-0.0311  	-0.0217  	-0.0215  	-0.0141  	0.01451  	-0.0112  	-0.0020  	-0.0011  	0.00185  	-0.0006  	0.01810  	0.00490  	0.08411  	0.01040  	0.00532  	0.01241  	0.03785  	-0.7581  	
-0.4881  	-0.1820  	-0.8206  	-0.3714  	0.04656  	-0.4797  	0.03380  	-0.1538  	0.02034  	0.07409  	-0.4055  	-0.4700  	0.17839  	-0.0939  	-0.0521  	0.71255  	-0.1035  	0.04299  	0.29522  	0.61995  	0.02638  	0.37291  	-0.5503  	0.35889  	0.83007  	-0.2075  	0.13211  	0.20228  	0.29078  	0.26650  	-0.1389  	0.17448  	0.07832  	-0.0403  	0.49380  	0.10224  	0.07577  	-0.2501  	-0.1439  	0.46876  	-0.1717  	0.05801  	-0.2422  	0.19519  	0.15572  	-0.0340  	0.02833  	-0.1420  	-0.0446  	-0.0591  	-0.0268  	-0.0224  	-0.0310  	-0.0160  	-0.0188  	-0.0230  	0.02202  	-0.0027  	0.00261  	0.00073  	-0.0077  	-0.0046  	0.02217  	0.01483  	0.08411  	0.01040  	0.00532  	0.01241  	0.03785  	-0.7581  	
-0.3858  	-0.1590  	-0.8587  	-0.1234  	0.17826  	-0.4506  	-0.0033  	-0.1244  	0.01095  	0.07482  	-0.5459  	-0.3794  	0.23429  	0.04611  	0.11303  	0.74024  	-0.1055  	0.01022  	0.29582  	0.65324  	-0.0135  	0.38433  	-0.6114  	0.36316  	0.87641  	-0.2138  	0.15242  	0.25284  	0.34827  	0.29178  	-0.1798  	0.16298  	0.07319  	-0.0336  	0.51854  	0.09275  	0.03530  	-0.2621  	-0.1375  	0.49566  	-0.2236  	0.07792  	-0.2558  	0.17557  	0.16647  	-0.0347  	0.02807  	-0.1236  	-0.0433  	-0.0552  	-0.0280  	-0.0207  	-0.0310  	-0.0205  	-0.0196  	-0.0163  	0.02377  	-0.0081  	0.00725  	0.00194  	-0.0082  	-0.0067  	0.01243  	0.00929  	0.08411  	0.01040  	0.00532  	0.01241  	0.03785  	-0.7581  	
-0.3270  	-0.1358  	-0.8194  	-0.0712  	0.19131  	-0.4229  	-0.0094  	-0.1141  	0.01304  	0.04461  	-0.6107  	-0.3920  	0.26437  	0.11929  	0.21824  	0.68389  	-0.1084  	-0.0302  	0.28938  	0.62727  	0.00173  	0.39675  	-0.6214  	0.36294  	0.87034  	-0.2203  	0.17551  	0.25562  	0.34176  	0.32248  	-0.1710  	0.18574  	0.08465  	-0.0264  	0.52679  	0.05751  	0.04339  	-0.2624  	-0.1394  	0.48411  	-0.2337  	0.06361  	-0.2473  	0.17972  	0.16420  	-0.0389  	0.02833  	-0.1335  	-0.0343  	-0.0616  	-0.0283  	-0.0221  	-0.0328  	-0.0212  	-0.0219  	-0.0215  	0.01599  	-0.0036  	0.00321  	-0.0006  	-0.0040  	0.00012  	0.02124  	0.00788  	0.08411  	0.01040  	0.00532  	0.01241  	0.03785  	-0.7581  	
-0.2406  	-0.1068  	-0.7796  	-0.0327  	0.19117  	-0.3778  	0.04887  	-0.0909  	0.02908  	0.05337  	-0.6729  	-0.4548  	0.28920  	0.22312  	0.35219  	0.61360  	-0.1007  	-0.0218  	0.26423  	0.60143  	-0.0156  	0.42358  	-0.6246  	0.34921  	0.92309  	-0.2417  	0.20433  	0.22674  	0.38099  	0.32775  	-0.1966  	0.18000  	0.09393  	-0.0120  	0.54435  	0.08055  	0.02295  	-0.2754  	-0.1018  	0.51322  	-0.2445  	0.07958  	-0.2543  	0.17100  	0.16942  	-0.0352  	0.02826  	-0.1222  	-0.0291  	-0.0648  	-0.0253  	-0.0249  	-0.0353  	-0.0221  	-0.0193  	-0.0129  	0.01857  	-0.0008  	0.00572  	-0.0007  	-0.0066  	0.00552  	0.02197  	0.00718  	0.08411  	0.01040  	0.00532  	0.01241  	0.03785  	-0.7581  	
-0.1924  	-0.0721  	-0.7658  	0.03595  	0.21349  	-0.3304  	0.07171  	-0.0687  	0.03439  	0.04478  	-0.7391  	-0.4873  	0.31803  	0.28584  	0.35416  	0.61695  	-0.0904  	-0.0420  	0.27234  	0.54896  	0.00302  	0.44650  	-0.5880  	0.34511  	0.96263  	-0.2561  	0.24724  	0.20653  	0.41523  	0.35471  	-0.2123  	0.18198  	0.08359  	-0.0267  	0.53848  	0.05814  	0.03273  	-0.2710  	-0.1045  	0.51231  	-0.2552  	0.08364  	-0.2525  	0.17074  	0.16676  	-0.0328  	0.02249  	-0.1158  	-0.0296  	-0.0599  	-0.0227  	-0.0245  	-0.0330  	-0.0230  	-0.0197  	-0.0067  	0.01929  	-0.0011  	0.00457  	0.00182  	-0.0044  	-0.0005  	0.02173  	0.00541  	0.08411  	0.01040  	0.00532  	0.01241  	0.03785  	-0.7581  	
-0.2033  	-0.0621  	-0.7698  	0.05115  	0.23391  	-0.3704  	0.02391  	-0.0183  	0.02414  	0.06909  	-0.6958  	-0.4295  	0.34479  	0.22848  	0.38388  	0.60351  	-0.0201  	-0.1890  	0.33504  	0.36122  	0.09700  	0.30351  	-0.7628  	0.37670  	0.94084  	-0.1808  	0.25879  	0.09589  	0.42057  	0.32278  	-0.1379  	0.13968  	0.00464  	-0.1515  	0.49681  	0.03868  	-0.0018  	-0.2700  	-0.1914  	0.45271  	-0.2224  	0.18573  	-0.3438  	0.22929  	0.11892  	-0.0161  	0.00788  	-0.0971  	-0.0395  	-0.0727  	-0.0244  	-0.0192  	-0.0330  	-0.0076  	-0.0157  	-0.0110  	0.01731  	-0.0159  	0.01074  	0.01015  	-0.0035  	-0.0023  	0.01074  	0.00600  	0.08411  	0.01040  	0.00532  	0.01241  	0.03785  	-0.7581  	
-0.2861  	-0.0869  	-0.8179  	0.11519  	0.29245  	-0.4507  	-0.0144  	-0.0331  	-0.0048  	0.03579  	-0.5909  	-0.3641  	0.33999  	0.15659  	0.36579  	0.59731  	0.02230  	-0.2474  	0.36840  	0.26621  	0.08262  	0.13929  	-0.9731  	0.38027  	0.85511  	-0.1067  	0.21490  	0.11457  	0.48151  	0.32864  	-0.0497  	0.12521  	-0.0513  	-0.2411  	0.50237  	0.02956  	-0.0746  	-0.2810  	-0.2747  	0.38048  	-0.1583  	0.25395  	-0.4306  	0.26352  	0.09421  	-0.0062  	-0.0067  	-0.1002  	-0.0615  	-0.0787  	-0.0165  	-0.0101  	-0.0237  	0.00063  	-0.0156  	-0.0129  	0.01768  	-0.0186  	0.00586  	0.01177  	0.00307  	-0.0032  	-0.0043  	0.00649  	0.08411  	0.01040  	0.00532  	0.01241  	0.03785  	-0.7581  	
-0.3179  	-0.0817  	-0.8441  	0.09213  	0.30315  	-0.4999  	-0.0281  	-0.0235  	-0.0051  	0.00913  	-0.6304  	-0.3575  	0.36509  	0.14754  	0.35578  	0.58306  	0.02828  	-0.2432  	0.37025  	0.26947  	0.05269  	0.07988  	-1.0422  	0.36022  	0.85987  	-0.0907  	0.18901  	0.15851  	0.55357  	0.34096  	-0.0385  	0.09899  	-0.0615  	-0.2509  	0.47076  	0.03727  	-0.1319  	-0.2896  	-0.2773  	0.37645  	-0.1677  	0.26808  	-0.4455  	0.26888  	0.08731  	-0.0016  	-0.0046  	-0.0944  	-0.0565  	-0.0836  	-0.0132  	-0.0145  	-0.0235  	0.00470  	-0.0123  	-0.0137  	0.01047  	-0.0226  	0.00774  	0.01438  	0.00320  	-0.0072  	-0.0056  	0.00462  	0.08411  	0.01040  	0.00532  	0.01241  	0.03785  	-0.7581  	
-0.3399  	-0.0949  	-0.8575  	0.04289  	0.28540  	-0.4706  	-0.0258  	-0.0318  	-0.0077  	0.00228  	-0.6469  	-0.3613  	0.36864  	0.16020  	0.34896  	0.59779  	0.01991  	-0.2069  	0.36844  	0.31411  	0.05764  	0.09719  	-1.0127  	0.34448  	0.87127  	-0.1000  	0.17064  	0.18618  	0.56240  	0.34455  	-0.0494  	0.09997  	-0.0535  	-0.2268  	0.46172  	0.03035  	-0.1208  	-0.2901  	-0.2576  	0.38300  	-0.1609  	0.24789  	-0.4163  	0.26156  	0.09492  	-0.0029  	-0.0002  	-0.1037  	-0.0534  	-0.0817  	-0.0171  	-0.0181  	-0.0277  	0.00227  	-0.0125  	-0.0115  	0.01014  	-0.0188  	0.00802  	0.01355  	0.00198  	-0.0049  	-0.0061  	0.00152  	0.08411  	0.01040  	0.00532  	0.01241  	0.03785  	-0.7581  	
-0.3288  	-0.0986  	-0.8517  	0.03096  	0.24086  	-0.4220  	-0.0113  	-0.0411  	0.02206  	0.01180  	-0.6522  	-0.3629  	0.34060  	0.20542  	0.32780  	0.63913  	-0.0334  	-0.1080  	0.33412  	0.46631  	0.03608  	0.24364  	-0.8435  	0.33939  	0.87854  	-0.1586  	0.14484  	0.25135  	0.51017  	0.33906  	-0.1186  	0.13444  	0.00341  	-0.1370  	0.47900  	0.03765  	-0.0691  	-0.2926  	-0.1881  	0.42174  	-0.1806  	0.17130  	-0.3435  	0.21450  	0.12250  	-0.0169  	0.01390  	-0.1142  	-0.0418  	-0.0751  	-0.0214  	-0.0164  	-0.0286  	-0.0061  	-0.0162  	-0.0124  	0.01353  	-0.0094  	0.00948  	0.00539  	-0.0012  	-1.9553  	0.00191  	0.00185  	0.08411  	0.01040  	0.00532  	0.01241  	0.03785  	-0.7581  	
-0.3336  	-0.1226  	-0.8675  	0.00260  	0.21421  	-0.3950  	0.01557  	-0.0884  	0.03629  	0.04392  	-0.6586  	-0.3809  	0.29274  	0.20206  	0.28119  	0.70272  	-0.0953  	0.00938  	0.29384  	0.63358  	0.00083  	0.40668  	-0.6203  	0.33401  	0.91577  	-0.2256  	0.15335  	0.28282  	0.42520  	0.34380  	-0.1976  	0.17502  	0.07267  	-0.0248  	0.52318  	0.04320  	0.01855  	-0.2800  	-0.1097  	0.47166  	-0.2239  	0.07351  	-0.2559  	0.16384  	0.16228  	-0.0296  	0.02673  	-0.1293  	-0.0333  	-0.0694  	-0.0284  	-0.0177  	-0.0272  	-0.0169  	-0.0184  	-0.0106  	0.01524  	-0.0013  	0.00964  	-0.0008  	-0.0028  	0.00450  	0.01258  	0.00013  	0.08411  	0.01040  	0.00532  	0.01241  	0.03785  	-0.7581  	
-0.3389  	-0.1179  	-0.8980  	-0.0372  	0.21986  	-0.4396  	0.01397  	-0.1055  	0.03702  	0.05111  	-0.6456  	-0.3645  	0.28971  	0.16215  	0.21700  	0.70361  	-0.1008  	0.02362  	0.29454  	0.65517  	-0.0298  	0.40157  	-0.6410  	0.32865  	0.92534  	-0.2268  	0.16053  	0.30182  	0.43338  	0.35009  	-0.1947  	0.16343  	0.08103  	-0.0120  	0.51897  	0.06227  	0.00301  	-0.2845  	-0.1017  	0.47996  	-0.2363  	0.07612  	-0.2714  	0.15930  	0.15889  	-0.0295  	0.02712  	-0.1211  	-0.0349  	-0.0686  	-0.0272  	-0.0191  	-0.0257  	-0.0168  	-0.0222  	-0.0082  	0.01260  	-0.0056  	0.01100  	-0.0031  	0.00030  	0.00057  	0.00964  	0.00019  	0.08411  	0.01040  	0.00532  	0.01241  	0.03785  	-0.7581  	
-0.3598  	-0.1277  	-0.9435  	-0.0400  	0.24228  	-0.4507  	0.02813  	-0.1222  	0.03271  	0.03335  	-0.6226  	-0.3795  	0.30913  	0.12543  	0.17115  	0.68121  	-0.1160  	0.03446  	0.26888  	0.69740  	-0.0663  	0.37600  	-0.6962  	0.32696  	0.97026  	-0.2270  	0.14897  	0.34573  	0.45846  	0.35885  	-0.1951  	0.14723  	0.09050  	-0.0044  	0.53003  	0.09175  	-0.0248  	-0.2962  	-0.0985  	0.50022  	-0.2645  	0.08425  	-0.2802  	0.15276  	0.16473  	-0.0321  	0.02771  	-0.1246  	-0.0319  	-0.0641  	-0.0246  	-0.0243  	-0.0295  	-0.0179  	-0.0196  	-0.0096  	0.01812  	-0.0066  	0.00959  	-0.0034  	-0.0016  	-0.0064  	0.01182  	0.00535  	0.08411  	0.01040  	0.00532  	0.01241  	0.03785  	-0.7581  	
-0.3621  	-0.1339  	-0.9215  	-0.0021  	0.27749  	-0.4531  	0.02997  	-0.1093  	0.02117  	0.01500  	-0.6567  	-0.3801  	0.32935  	0.20015  	0.23417  	0.68143  	-0.1330  	0.02384  	0.26577  	0.69890  	-0.0942  	0.39260  	-0.7094  	0.32554  	0.97526  	-0.2314  	0.13074  	0.38307  	0.49427  	0.37188  	-0.2058  	0.14329  	0.09561  	-0.0058  	0.53533  	0.09057  	-0.0346  	-0.2989  	-0.0967  	0.51060  	-0.2622  	0.08352  	-0.2757  	0.15841  	0.16813  	-0.0312  	0.03414  	-0.1302  	-0.0318  	-0.0682  	-0.0206  	-0.0277  	-0.0318  	-0.0205  	-0.0185  	-0.0105  	0.01901  	-0.0043  	0.01044  	0.00157  	-0.0022  	-0.0078  	0.01469  	0.00253  	0.08411  	0.01040  	0.00532  	0.01241  	0.03785  	-0.7581  	
-0.3496  	-0.1177  	-0.8745  	0.00966  	0.25396  	-0.4155  	0.02479  	-0.1039  	0.01997  	0.03047  	-0.6594  	-0.3967  	0.31776  	0.24003  	0.28731  	0.66854  	-0.1199  	0.03445  	0.27300  	0.68704  	-0.0908  	0.41852  	-0.6991  	0.33456  	0.95565  	-0.2260  	0.07287  	0.38377  	0.49737  	0.34985  	-0.1999  	0.15014  	0.09450  	-0.0193  	0.49636  	0.07950  	-0.0343  	-0.2973  	-0.0724  	0.53655  	-0.2227  	0.07733  	-0.2637  	0.15943  	0.16695  	-0.0327  	0.03216  	-0.1302  	-0.0393  	-0.0660  	-0.0200  	-0.0205  	-0.0345  	-0.0214  	-0.0166  	-0.0126  	0.01712  	-0.0035  	0.00951  	0.00616  	-0.0012  	-0.0032  	0.01693  	0.00562  	0.08411  	0.01040  	0.00532  	0.01241  	0.03785  	-0.7581  	
-0.3174  	-0.0846  	-0.8119  	-0.0574  	0.16967  	-0.3678  	0.03468  	-0.1169  	0.05471  	0.05623  	-0.6724  	-0.4275  	0.32055  	0.16813  	0.26101  	0.64794  	-0.1048  	0.00640  	0.28114  	0.65896  	-0.0461  	0.39991  	-0.6288  	0.31750  	0.92109  	-0.2274  	0.11097  	0.29763  	0.44544  	0.33339  	-0.1860  	0.14850  	0.09336  	-0.0167  	0.47401  	0.06814  	-0.0036  	-0.2772  	-0.0772  	0.50106  	-0.2037  	0.06944  	-0.2510  	0.17398  	0.16184  	-0.0327  	0.02663  	-0.1249  	-0.0366  	-0.0646  	-0.0222  	-0.0209  	-0.0348  	-0.0223  	-0.0199  	-0.0124  	0.01777  	-0.0043  	0.00172  	0.00120  	-0.0024  	0.00338  	0.01881  	0.01250  	0.08411  	0.01040  	0.00532  	0.01241  	0.03785  	-0.7581  	
-0.4329  	-0.1548  	-0.8609  	-0.2291  	0.11260  	-0.5496  	0.04328  	-0.1055  	0.05898  	0.11496  	-0.4837  	-0.4302  	0.29128  	0.18071  	0.11123  	0.68829  	-0.1312  	0.04304  	0.30964  	0.69177  	0.00249  	0.38167  	-0.6642  	0.34379  	0.89271  	-0.2169  	0.06807  	0.23085  	0.38335  	0.28255  	-0.1578  	0.13075  	0.10011  	-0.0315  	0.51653  	0.06823  	0.04631  	-0.2728  	-0.1334  	0.50112  	-0.1865  	0.07163  	-0.2430  	0.16662  	0.16155  	-0.0340  	0.03465  	-0.1283  	-0.0458  	-0.0614  	-0.0296  	-0.0237  	-0.0384  	-0.0208  	-0.0219  	-0.0165  	0.01719  	-0.0121  	0.00087  	0.00640  	-0.0074  	0.00771  	0.01643  	0.00944  	0.08411  	0.01040  	0.00532  	0.01241  	0.03785  	-0.7581  	
-0.6340  	-0.2068  	-1.0025  	-0.3132  	0.11588  	-0.7340  	0.01719  	-0.1777  	-0.0169  	0.12377  	-0.3183  	-0.3569  	0.21963  	0.03521  	-0.0623  	0.61879  	-0.1386  	0.05987  	0.29140  	0.70495  	0.02833  	0.35540  	-0.5969  	0.39324  	0.77624  	-0.2022  	0.06020  	0.25730  	0.30162  	0.24631  	-0.1350  	0.14806  	0.11805  	-0.0319  	0.53277  	0.07489  	0.04552  	-0.2617  	-0.1440  	0.48709  	-0.2048  	0.07523  	-0.2798  	0.15496  	0.16866  	-0.0433  	0.03766  	-0.1359  	-0.0391  	-0.0574  	-0.0335  	-0.0220  	-0.0313  	-0.0187  	-0.0244  	-0.0205  	0.01982  	-0.0009  	0.00479  	0.00155  	-0.0054  	-0.0001  	0.01247  	0.00801  	0.08411  	0.01040  	0.00532  	0.01241  	0.03785  	-0.7581  	
-0.7427  	-0.2760  	-1.0049  	-0.4014  	0.09019  	-0.7608  	0.04089  	-0.2094  	-0.0058  	0.16174  	-0.2616  	-0.3720  	0.19740  	-0.0923  	-0.0903  	0.63938  	-0.1237  	0.06390  	0.29134  	0.72813  	0.00730  	0.32153  	-0.5564  	0.34621  	0.75877  	-0.2002  	0.03591  	0.24465  	0.27718  	0.21493  	-0.1196  	0.13805  	0.11228  	-0.0314  	0.50124  	0.08026  	0.04786  	-0.2509  	-0.1500  	0.46218  	-0.1808  	0.07260  	-0.2656  	0.15997  	0.17086  	-0.0395  	0.03444  	-0.1401  	-0.0523  	-0.0556  	-0.0349  	-0.0151  	-0.0389  	-0.0162  	-0.0197  	-0.0238  	0.02428  	-0.0040  	-0.0049  	-0.0052  	-0.0009  	-0.0035  	0.02183  	0.01152  	0.08411  	0.01040  	0.00532  	0.01241  	0.03785  	-0.7581  	
-0.7566  	-0.2808  	-1.0151  	-0.4974  	0.01278  	-0.7575  	0.01743  	-0.1853  	0.00701  	0.18313  	-0.2365  	-0.4191  	0.18558  	-0.1138  	-0.1681  	0.63350  	-0.1042  	0.04955  	0.28569  	0.70029  	0.00834  	0.35331  	-0.5330  	0.30577  	0.74564  	-0.1817  	0.02844  	0.24391  	0.30043  	0.22853  	-0.1285  	0.14309  	0.10691  	-0.0288  	0.47552  	0.08479  	0.04682  	-0.2451  	-0.1485  	0.44335  	-0.1826  	0.06469  	-0.2537  	0.15596  	0.16055  	-0.0374  	0.03781  	-0.1475  	-0.0491  	-0.0581  	-0.0314  	-0.0199  	-0.0357  	-0.0158  	-0.0217  	-0.0202  	0.01721  	-0.0038  	-0.0021  	-0.0001  	5.43080  	6.34342  	0.02659  	0.01200  	0.08411  	0.01040  	0.00532  	0.01241  	0.03785  	-0.7581  	
-0.7219  	-0.2659  	-0.9992  	-0.5162  	-0.0221  	-0.7207  	0.01019  	-0.1827  	0.00323  	0.16521  	-0.2679  	-0.4601  	0.15546  	-0.1483  	-0.1860  	0.62277  	-0.0725  	0.06089  	0.29451  	0.69986  	0.01606  	0.33687  	-0.5358  	0.30049  	0.76378  	-0.1830  	0.02516  	0.25841  	0.31213  	0.22142  	-0.1403  	0.15588  	0.10555  	-0.0368  	0.44044  	0.09223  	0.04930  	-0.2492  	-0.1346  	0.44405  	-0.1656  	0.05960  	-0.2500  	0.16403  	0.16136  	-0.0319  	0.03559  	-0.1513  	-0.0476  	-0.0571  	-0.0340  	-0.0205  	-0.0318  	-0.0156  	-0.0211  	-0.0216  	0.01475  	-0.0016  	0.00152  	0.00283  	0.00022  	0.00202  	0.01968  	0.01165  	0.08411  	0.01040  	0.00532  	0.01241  	0.03785  	-0.7581  	
-0.7311  	-0.2536  	-0.9555  	-0.6059  	-0.0836  	-0.6817  	0.00757  	-0.1917  	-0.0182  	0.17783  	-0.2697  	-0.5166  	0.13763  	-0.1764  	-0.2160  	0.60357  	-0.0626  	0.05395  	0.30406  	0.67791  	0.01036  	0.33635  	-0.5182  	0.30497  	0.79462  	-0.1915  	0.04146  	0.24298  	0.30489  	0.21271  	-0.1396  	0.16814  	0.08243  	-0.0428  	0.42713  	0.10724  	0.06582  	-0.2364  	-0.1293  	0.42997  	-0.1430  	0.05004  	-0.2403  	0.17239  	0.16593  	-0.0322  	0.03548  	-0.1495  	-0.0542  	-0.0508  	-0.0413  	-0.0198  	-0.0285  	-0.0180  	-0.0167  	-0.0269  	0.01635  	0.00144  	0.00068  	0.00037  	0.00048  	0.00400  	0.02180  	0.01479  	0.08411  	0.01040  	0.00532  	0.01241  	0.03785  	-0.7581  	
-0.7197  	-0.2456  	-0.9110  	-0.6580  	-0.1224  	-0.6817  	0.01636  	-0.1921  	-0.0079  	0.17296  	-0.2860  	-0.5420  	0.14311  	-0.1942  	-0.2073  	0.59581  	-0.0485  	0.03238  	0.30467  	0.62898  	0.00575  	0.35387  	-0.4958  	0.30608  	0.82049  	-0.1869  	0.07265  	0.20834  	0.29702  	0.22158  	-0.1379  	0.16361  	0.07168  	-0.0447  	0.41688  	0.10760  	0.08449  	-0.2286  	-0.1367  	0.43740  	-0.1310  	0.04511  	-0.2311  	0.17877  	0.16406  	-0.0338  	0.03605  	-0.1468  	-0.0513  	-0.0575  	-0.0444  	-0.0199  	-0.0303  	-0.0167  	-0.0165  	-0.0275  	0.01572  	-0.0009  	0.00257  	0.00181  	-0.0006  	0.00076  	0.02433  	0.01315  	0.08411  	0.01040  	0.00532  	0.01241  	0.03785  	-0.7581  	
-0.6836  	-0.2035  	-0.8653  	-0.6878  	-0.1291  	-0.6463  	0.01141  	-0.2073  	-0.0069  	0.17815  	-0.3611  	-0.5527  	0.16719  	-0.1602  	-0.1808  	0.60278  	-0.0544  	0.01580  	0.29452  	0.60487  	0.01527  	0.38337  	-0.4801  	0.29766  	0.83154  	-0.1687  	0.13713  	0.18240  	0.29437  	0.22565  	-0.1266  	0.14788  	0.07214  	-0.0440  	0.39625  	0.09771  	0.07646  	-0.2373  	-0.1381  	0.45676  	-0.1270  	0.04839  	-0.2176  	0.18869  	0.16036  	-0.0391  	0.03795  	-0.1344  	-0.0515  	-0.0533  	-0.0442  	-0.0187  	-0.0322  	-0.0122  	-0.0218  	-0.0253  	0.01630  	-0.0086  	0.00244  	0.00334  	-0.0030  	0.00228  	0.02325  	0.01400  	0.08411  	0.01040  	0.00532  	0.01241  	0.03785  	-0.7581  	
-0.5618  	-0.1655  	-0.8465  	-0.5290  	-0.1002  	-0.5490  	-0.0035  	-0.1783  	0.02521  	0.12873  	-0.4630  	-0.5072  	0.19907  	-0.1081  	-0.1095  	0.61693  	-0.0650  	0.04064  	0.30551  	0.61021  	-0.0001  	0.39618  	-0.4842  	0.27107  	0.78390  	-0.1760  	0.08271  	0.20279  	0.32845  	0.24162  	-0.1195  	0.16936  	0.08502  	-0.0349  	0.37681  	0.06965  	0.07122  	-0.2388  	-0.1346  	0.45948  	-0.1136  	0.03142  	-0.2082  	0.19246  	0.15603  	-0.0369  	0.03305  	-0.1297  	-0.0484  	-0.0549  	-0.0363  	-0.0211  	-0.0315  	-0.0191  	-0.0213  	-0.0219  	0.01175  	-0.0046  	0.00169  	-2.3726  	-0.0008  	0.00228  	0.02252  	0.01342  	0.08411  	0.01040  	0.00532  	0.01241  	0.03785  	-0.7581  	
-0.4817  	-0.1450  	-0.8234  	-0.4109  	-0.0508  	-0.5036  	-0.0176  	-0.1480  	0.03169  	0.12440  	-0.5027  	-0.4670  	0.23542  	-0.0556  	-0.0253  	0.65791  	-0.0738  	0.04977  	0.31716  	0.60746  	-0.0380  	0.40905  	-0.5135  	0.25052  	0.78243  	-0.1786  	0.02042  	0.24434  	0.34495  	0.24010  	-0.1201  	0.16211  	0.09189  	-0.0320  	0.37830  	0.06258  	0.03613  	-0.2442  	-0.1199  	0.48698  	-0.1014  	0.02483  	-0.2025  	0.19458  	0.14028  	-0.0371  	0.02980  	-0.1248  	-0.0484  	-0.0551  	-0.0378  	-0.0199  	-0.0284  	-0.0156  	-0.0181  	-0.0223  	0.00983  	-0.0057  	0.00442  	0.00046  	-0.0035  	0.00636  	0.01657  	0.01433  	0.08411  	0.01040  	0.00532  	0.01241  	0.03785  	-0.7581  	
-0.4141  	-0.0964  	-0.7746  	-0.3452  	-0.0119  	-0.4435  	0.00193  	-0.0811  	0.04252  	0.07792  	-0.4753  	-0.4384  	0.22409  	0.00925  	0.00740  	0.68283  	-0.0759  	0.01927  	0.30968  	0.58351  	0.06627  	0.37819  	-0.5210  	0.28603  	0.76193  	-0.1980  	0.09935  	0.16934  	0.29934  	0.23123  	-0.1455  	0.17753  	0.11137  	-0.0346  	0.45702  	0.04031  	0.08758  	-0.2208  	-0.1493  	0.45563  	-0.1221  	0.03776  	-0.2106  	0.18742  	0.15692  	-0.0353  	0.03418  	-0.1289  	-0.0407  	-0.0511  	-0.0359  	-0.0198  	-0.0275  	-0.0201  	-0.0199  	-0.0190  	0.01159  	-0.0075  	0.00226  	-0.0051  	0.00121  	0.00980  	0.01762  	0.01210  	0.08411  	0.01040  	0.00532  	0.01241  	0.03785  	-0.7581  	
-0.3849  	-0.0972  	-0.7617  	-0.3307  	-0.0078  	-0.4097  	-0.0143  	-0.0657  	0.04792  	0.03388  	-0.4537  	-0.4546  	0.21027  	0.00763  	0.04938  	0.70686  	-0.0748  	0.00729  	0.30054  	0.57111  	0.13779  	0.37665  	-0.5031  	0.33264  	0.76307  	-0.2112  	0.13591  	0.11503  	0.23922  	0.23668  	-0.1500  	0.18646  	0.09960  	-0.0356  	0.51163  	0.01889  	0.13356  	-0.2169  	-0.1772  	0.44590  	-0.1588  	0.05042  	-0.2303  	0.17823  	0.15399  	-0.0360  	0.03654  	-0.1384  	-0.0465  	-0.0465  	-0.0344  	-0.0190  	-0.0265  	-0.0190  	-0.0213  	-0.0160  	0.01283  	-0.0051  	-0.0003  	-0.0014  	0.00023  	0.00719  	0.02017  	0.01256  	0.08411  	0.01040  	0.00532  	0.01241  	0.03785  	-0.7581  	
-0.3501  	-0.0955  	-0.7281  	-0.3409  	-0.0172  	-0.4127  	-0.0172  	-0.0693  	0.03412  	0.04713  	-0.4074  	-0.4691  	0.18248  	-0.0107  	0.07595  	0.72120  	-0.0769  	-0.0164  	0.30355  	0.55045  	0.17043  	0.38603  	-0.4815  	0.36294  	0.78096  	-0.2230  	0.17441  	0.04702  	0.19299  	0.24000  	-0.1433  	0.19422  	0.08591  	-0.0369  	0.53389  	0.01427  	0.19685  	-0.1956  	-0.1974  	0.43364  	-0.1689  	0.04730  	-0.2350  	0.18483  	0.15309  	-0.0341  	0.03259  	-0.1362  	-0.0496  	-0.0523  	-0.0384  	-0.0179  	-0.0253  	-0.0159  	-0.0199  	-0.0153  	0.01124  	-0.0040  	-0.0007  	0.00090  	-0.0007  	0.00394  	0.02237  	0.01165  	0.08411  	0.01040  	0.00532  	0.01241  	0.03785  	-0.7581  	
-0.3230  	-0.0945  	-0.7084  	-0.3616  	-0.0414  	-0.4250  	-0.0195  	-0.0671  	0.04072  	0.03656  	-0.3644  	-0.4808  	0.17938  	0.00692  	0.07132  	0.71869  	-0.0801  	-0.0334  	0.30822  	0.52272  	0.21651  	0.37986  	-0.4715  	0.37134  	0.77929  	-0.2336  	0.20296  	0.00666  	0.14857  	0.23164  	-0.1489  	0.20921  	0.08442  	-0.0425  	0.57004  	0.01038  	0.23450  	-0.1826  	-0.2152  	0.42063  	-0.1672  	0.04705  	-0.2364  	0.18329  	0.15356  	-0.0347  	0.03400  	-0.1364  	-0.0519  	-0.0502  	-0.0396  	-0.0164  	-0.0255  	-0.0122  	-0.0194  	-0.0131  	0.01006  	-0.0051  	0.00061  	0.00226  	0.00071  	0.00477  	0.01993  	0.00900  	0.08411  	0.01040  	0.00532  	0.01241  	0.03785  	-0.7581  	
-0.2486  	-0.0709  	-0.6667  	-0.3465  	-0.0504  	-0.3984  	-0.0196  	-0.0373  	0.06954  	0.02442  	-0.3449  	-0.4649  	0.19845  	0.04588  	0.06972  	0.74443  	-0.0755  	-0.0471  	0.30758  	0.51568  	0.25230  	0.37066  	-0.4691  	0.37070  	0.75786  	-0.2330  	0.21576  	-0.0193  	0.10551  	0.22659  	-0.1547  	0.21486  	0.09622  	-0.0484  	0.58764  	-0.0104  	0.25376  	-0.1723  	-0.2248  	0.40566  	-0.1809  	0.04686  	-0.2313  	0.17867  	0.15282  	-0.0339  	0.03324  	-0.1352  	-0.0445  	-0.0484  	-0.0389  	-0.0179  	-0.0274  	-0.0103  	-0.0194  	-0.0091  	0.00998  	-0.0061  	-0.0015  	0.00265  	-0.0007  	0.00592  	0.01749  	0.00916  	0.08411  	0.01040  	0.00532  	0.01241  	0.03785  	-0.7581  	
-0.1969  	-0.0517  	-0.6288  	-0.3485  	-0.0758  	-0.3497  	0.00092  	0.01415  	0.09947  	0.01630  	-0.3102  	-0.4358  	0.20806  	0.10597  	0.08985  	0.79287  	-0.0618  	-0.0776  	0.32179  	0.48662  	0.29068  	0.39210  	-0.4242  	0.42126  	0.74767  	-0.2260  	0.25124  	-0.0814  	0.05464  	0.22968  	-0.1520  	0.22420  	0.10562  	-0.0503  	0.59724  	-0.0317  	0.28860  	-0.1603  	-0.2319  	0.39532  	-0.2019  	0.05074  	-0.2297  	0.17910  	0.15347  	-0.0332  	0.03197  	-0.1273  	-0.0397  	-0.0526  	-0.0444  	-0.0169  	-0.0266  	-0.0082  	-0.0217  	-0.0099  	0.00295  	-0.0032  	-0.0031  	0.00672  	0.00163  	0.00674  	0.02213  	0.01076  	0.08411  	0.01040  	0.00532  	0.01241  	0.03785  	-0.7581  	
-0.1987  	-0.0548  	-0.6350  	-0.3498  	-0.0710  	-0.3548  	0.00072  	0.00752  	0.09667  	0.02006  	-0.3102  	-0.4360  	0.20547  	0.09975  	0.08961  	0.78868  	-0.0578  	-0.0777  	0.31796  	0.48912  	0.28208  	0.38803  	-0.4215  	0.42329  	0.74732  	-0.2250  	0.25264  	-0.0745  	0.05662  	0.23139  	-0.1521  	0.22311  	0.10448  	-0.0517  	0.59899  	-0.0326  	0.28466  	-0.1610  	-0.2322  	0.39433  	-0.2051  	0.05123  	-0.2309  	0.17819  	0.15240  	-0.0327  	0.03182  	-0.1278  	-0.0400  	-0.0534  	-0.0438  	-0.0159  	-0.0275  	-0.0091  	-0.0215  	-0.0102  	0.00414  	-0.0037  	-0.0034  	0.00528  	0.00131  	0.00661  	0.02203  	0.01099  	0.08411  	0.01040  	0.00532  	0.01241  	0.03785  	-0.7581  	
-0.2021  	-0.0552  	-0.6371  	-0.3513  	-0.0726  	-0.3574  	-0.0003  	0.00656  	0.09731  	0.01936  	-0.3080  	-0.4346  	0.20457  	0.09839  	0.08854  	0.78730  	-0.0573  	-0.0784  	0.31685  	0.48894  	0.28124  	0.38692  	-0.4214  	0.42103  	0.74514  	-0.2246  	0.24887  	-0.0716  	0.05599  	0.23054  	-0.1517  	0.22258  	0.10511  	-0.0515  	0.59881  	-0.0342  	0.28526  	-0.1609  	-0.2329  	0.39306  	-0.2025  	0.05050  	-0.2309  	0.17789  	0.15216  	-0.0329  	0.03180  	-0.1284  	-0.0403  	-0.0531  	-0.0439  	-0.0156  	-0.0276  	-0.0089  	-0.0217  	-0.0102  	0.00400  	-0.0038  	-0.0031  	0.00543  	0.00151  	0.00670  	0.02152  	0.01104  	0.08411  	0.01040  	0.00532  	0.01241  	0.03785  	-0.7581  	
-0.3679  	-0.0761  	-0.7275  	-0.4467  	-0.0900  	-0.4763  	-0.0156  	-0.0592  	0.05593  	0.05888  	-0.2983  	-0.4404  	0.18451  	0.03671  	-0.0179  	0.73159  	-0.0736  	-0.0144  	0.30354  	0.54107  	0.19292  	0.35739  	-0.4667  	0.34940  	0.74112  	-0.2011  	0.16157  	0.07867  	0.16506  	0.21885  	-0.1305  	0.18741  	0.10817  	-0.0477  	0.53641  	-0.0037  	0.20639  	-0.1911  	-0.2095  	0.42157  	-0.1494  	0.04497  	-0.2277  	0.17443  	0.15387  	-0.0319  	0.03554  	-0.1424  	-0.0545  	-0.0476  	-0.0418  	-0.0155  	-0.0291  	-0.0168  	-0.0223  	-0.0207  	0.00864  	-0.0042  	0.00109  	-0.0018  	-0.0008  	0.01256  	0.02223  	0.01213  	0.08411  	0.01040  	0.00532  	0.01241  	0.03785  	-0.7581  	
-0.4570  	-0.1415  	-0.7923  	-0.4732  	-0.0617  	-0.5463  	-0.0305  	-0.1223  	0.03985  	0.08591  	-0.3239  	-0.4375  	0.17094  	-0.0422  	-0.0653  	0.70284  	-0.0837  	0.00884  	0.30227  	0.58721  	0.10081  	0.35640  	-0.4979  	0.31435  	0.76278  	-0.2009  	0.11001  	0.13874  	0.24020  	0.22825  	-0.1393  	0.17765  	0.09876  	-0.0483  	0.49314  	0.04734  	0.15077  	-0.2171  	-0.1924  	0.43546  	-0.1328  	0.04851  	-0.2324  	0.17512  	0.16171  	-0.0331  	0.04163  	-0.1397  	-0.0521  	-0.0532  	-0.0426  	-0.0187  	-0.0292  	-0.0177  	-0.0222  	-0.0189  	0.01321  	-0.0070  	-0.0035  	-0.0023  	-0.0023  	0.00528  	0.01917  	0.01720  	0.08411  	0.01040  	0.00532  	0.01241  	0.03785  	-0.7581  	
-0.5260  	-0.1825  	-0.8488  	-0.4837  	-0.0625  	-0.5705  	-0.0383  	-0.1743  	0.00631  	0.10076  	-0.3591  	-0.4621  	0.14914  	-0.1415  	-0.1024  	0.68270  	-0.0682  	0.02803  	0.29891  	0.57890  	0.03129  	0.35284  	-0.5064  	0.28414  	0.78002  	-0.1859  	0.08749  	0.20518  	0.29853  	0.23799  	-0.1530  	0.17446  	0.07467  	-0.0434  	0.44142  	0.07916  	0.10786  	-0.2126  	-0.1678  	0.44849  	-0.1337  	0.05289  	-0.2269  	0.17496  	0.16420  	-0.0332  	0.03994  	-0.1448  	-0.0505  	-0.0510  	-0.0392  	-0.0197  	-0.0314  	-0.0171  	-0.0223  	-0.0240  	0.01660  	-0.0050  	0.00276  	-0.0018  	-0.0030  	0.00281  	0.02312  	0.01315  	0.08411  	0.01040  	0.00532  	0.01241  	0.03785  	-0.7581  	
-0.5502  	-0.1962  	-0.8746  	-0.4674  	-0.0470  	-0.5724  	-0.0372  	-0.1871  	-0.0027  	0.10349  	-0.3742  	-0.4605  	0.14960  	-0.1564  	-0.1037  	0.66725  	-0.0681  	0.03486  	0.29611  	0.58276  	0.01528  	0.34928  	-0.5130  	0.28010  	0.78598  	-0.1839  	0.08439  	0.22899  	0.31413  	0.24568  	-0.1503  	0.17400  	0.06968  	-0.0426  	0.43786  	0.08846  	0.09311  	-0.2202  	-0.1638  	0.45307  	-0.1365  	0.05235  	-0.2269  	0.17702  	0.16504  	-0.0350  	0.03902  	-0.1466  	-0.0525  	-0.0518  	-0.0374  	-0.0189  	-0.0306  	-0.0158  	-0.0211  	-0.0233  	0.01768  	-0.0054  	0.00347  	-0.0007  	-0.0037  	0.00233  	0.02245  	0.01332  	0.08411  	0.01040  	0.00532  	0.01241  	0.03785  	-0.7581  	
-0.5507  	-0.1931  	-0.8759  	-0.4590  	-0.0424  	-0.5673  	-0.0352  	-0.1849  	0.00044  	0.10310  	-0.3760  	-0.4573  	0.15243  	-0.1442  	-0.0910  	0.66297  	-0.0674  	0.03024  	0.29326  	0.58375  	0.01796  	0.35292  	-0.5122  	0.28338  	0.77858  	-0.1829  	0.08085  	0.22717  	0.31192  	0.24729  	-0.1494  	0.17173  	0.07231  	-0.0405  	0.44201  	0.08446  	0.09278  	-0.2212  	-0.1659  	0.44951  	-0.1372  	0.05092  	-0.2255  	0.17464  	0.16576  	-0.0348  	0.03836  	-0.1479  	-0.0526  	-0.0511  	-0.0379  	-0.0187  	-0.0296  	-0.0158  	-0.0211  	-0.0233  	0.01741  	-0.0057  	0.00234  	-0.0006  	-0.0037  	0.00222  	0.02227  	0.01417  	0.08411  	0.01040  	0.00532  	0.01241  	0.03785  	-0.7581  	
-0.5553  	-0.1947  	-0.8852  	-0.4591  	-0.0320  	-0.5688  	-0.0332  	-0.1870  	5.28013  	0.10358  	-0.3835  	-0.4578  	0.15667  	-0.1424  	-0.0860  	0.65899  	-0.0681  	0.03301  	0.29198  	0.58880  	0.01149  	0.35117  	-0.5139  	0.28873  	0.77737  	-0.1850  	0.07880  	0.23650  	0.31581  	0.24766  	-0.1485  	0.16899  	0.07233  	-0.0395  	0.44160  	0.08543  	0.08489  	-0.2261  	-0.1635  	0.45188  	-0.1374  	0.05153  	-0.2272  	0.17524  	0.16498  	-0.0352  	0.03809  	-0.1502  	-0.0513  	-0.0515  	-0.0369  	-0.0189  	-0.0284  	-0.0155  	-0.0204  	-0.0220  	0.01892  	-0.0052  	0.00302  	0.00086  	-0.0034  	0.00227  	0.02127  	0.01367  	0.08411  	0.01040  	0.00532  	0.01241  	0.03785  	-0.7581  	
-0.5050  	-0.1750  	-0.8664  	-0.4045  	0.00750  	-0.5411  	-0.0240  	-0.1721  	0.01292  	0.07844  	-0.3924  	-0.4368  	0.15794  	-0.1056  	-0.0412  	0.65942  	-0.0754  	0.02634  	0.29213  	0.59441  	0.04012  	0.35675  	-0.5231  	0.30761  	0.77376  	-0.1917  	0.09647  	0.22603  	0.30672  	0.24841  	-0.1521  	0.17209  	0.07971  	-0.0357  	0.46760  	0.06855  	0.09357  	-0.2270  	-0.1675  	0.45066  	-0.1418  	0.05798  	-0.2345  	0.17756  	0.16185  	-0.0342  	0.03557  	-0.1455  	-0.0529  	-0.0521  	-0.0364  	-0.0190  	-0.0300  	-0.0167  	-0.0200  	-0.0200  	0.02145  	-0.0036  	0.00199  	-0.0009  	-0.0030  	0.00203  	0.01811  	0.01288  	0.08411  	0.01040  	0.00532  	0.01241  	0.03785  	-0.7581  	
-0.4256  	-0.1523  	-0.8395  	-0.2657  	0.06721  	-0.4962  	-0.0130  	-0.1333  	0.02685  	0.05451  	-0.4469  	-0.3889  	0.17870  	-0.0019  	0.07698  	0.66554  	-0.0637  	0.01352  	0.29971  	0.61419  	0.05455  	0.35981  	-0.5160  	0.34912  	0.76060  	-0.2046  	0.10121  	0.20010  	0.29835  	0.24505  	-0.1724  	0.18603  	0.08479  	-0.0334  	0.50498  	0.02577  	0.09124  	-0.2270  	-0.1687  	0.46727  	-0.1735  	0.04867  	-0.2418  	0.18023  	0.15353  	-0.0336  	0.03873  	-0.1323  	-0.0482  	-0.0553  	-0.0308  	-0.0178  	-0.0339  	-0.0200  	-0.0208  	-0.0168  	0.01286  	-0.0062  	-0.0007  	0.00122  	0.00210  	-0.0002  	0.01350  	0.00400  	0.08411  	0.01040  	0.00532  	0.01241  	0.03785  	-0.7581  	
-0.3557  	-0.1454  	-0.8174  	-0.2386  	0.05799  	-0.4523  	-0.0098  	-0.1017  	0.04761  	0.04828  	-0.4690  	-0.4031  	0.22407  	0.04125  	0.13813  	0.67801  	-0.0693  	-0.0297  	0.28419  	0.61002  	0.09150  	0.36877  	-0.5290  	0.34973  	0.77969  	-0.2014  	0.14358  	0.16083  	0.24750  	0.25005  	-0.1668  	0.18887  	0.09095  	-0.0359  	0.54009  	0.01707  	0.12577  	-0.2211  	-0.1799  	0.45754  	-0.1943  	0.05751  	-0.2408  	0.18136  	0.15965  	-0.0370  	0.03832  	-0.1407  	-0.0421  	-0.0579  	-0.0340  	-0.0217  	-0.0334  	-0.0179  	-0.0212  	-0.0163  	0.01246  	-0.0054  	0.00143  	0.00099  	0.00137  	0.00653  	0.01591  	0.00972  	0.08411  	0.01040  	0.00532  	0.01241  	0.03785  	-0.7581  	
-0.2681  	-0.0962  	-0.7522  	-0.2627  	0.02196  	-0.3906  	-0.0094  	-0.0577  	0.04925  	0.04282  	-0.4532  	-0.4179  	0.23991  	0.09094  	0.17182  	0.71053  	-0.0651  	-0.0625  	0.29590  	0.56634  	0.15851  	0.39479  	-0.4841  	0.39063  	0.81089  	-0.2116  	0.21518  	0.06303  	0.19881  	0.26512  	-0.1638  	0.19286  	0.08472  	-0.0410  	0.54929  	0.01006  	0.18792  	-0.2029  	-0.1815  	0.44875  	-0.2130  	0.06051  	-0.2367  	0.19096  	0.16308  	-0.0334  	0.03258  	-0.1315  	-0.0451  	-0.0566  	-0.0350  	-0.0195  	-0.0328  	-0.0148  	-0.0196  	-0.0121  	0.01498  	-0.0049  	-0.0030  	-0.0031  	-0.0009  	0.00399  	0.01994  	0.01196  	0.08411  	0.01040  	0.00532  	0.01241  	0.03785  	-0.7581  	
-0.2138  	-0.0596  	-0.6348  	-0.2824  	0.00773  	-0.3301  	0.01465  	-0.0323  	0.07369  	0.05556  	-0.4856  	-0.4757  	0.27127  	0.14527  	0.12741  	0.73938  	-0.0634  	-0.0439  	0.31599  	0.52907  	0.15347  	0.39686  	-0.4933  	0.38771  	0.83115  	-0.2336  	0.22397  	0.04642  	0.18375  	0.27042  	-0.1668  	0.19942  	0.10074  	-0.0517  	0.55776  	0.00997  	0.16538  	-0.2157  	-0.1812  	0.44168  	-0.2162  	0.05963  	-0.2285  	0.18354  	0.15168  	-0.0329  	0.02600  	-0.1202  	-0.0350  	-0.0528  	-0.0329  	-0.0193  	-0.0318  	-0.0153  	-0.0213  	-0.0097  	0.01223  	-0.0063  	-0.0056  	-0.0005  	0.00077  	0.00308  	0.02101  	0.00900  	0.08411  	0.01040  	0.00532  	0.01241  	0.03785  	-0.7581  	
-0.1862  	-0.0890  	-0.6834  	-0.3193  	0.02285  	-0.4247  	0.06495  	-0.1045  	0.05439  	0.12621  	-0.4986  	-0.5204  	0.30409  	0.16363  	0.07076  	0.65790  	-0.0871  	-0.0261  	0.31793  	0.55809  	0.07383  	0.39957  	-0.5250  	0.36195  	0.89141  	-0.2489  	0.22312  	0.06371  	0.23653  	0.29355  	-0.1545  	0.18547  	0.09236  	-0.0480  	0.52839  	0.05582  	0.13908  	-0.2305  	-0.1680  	0.47456  	-0.1912  	0.05600  	-0.2287  	0.19147  	0.14927  	-0.0332  	0.02392  	-0.1099  	-0.0290  	-0.0592  	-0.0336  	-0.0193  	-0.0327  	-0.0164  	-0.0218  	-0.0126  	0.00962  	-0.0100  	-0.0041  	0.00345  	0.00040  	0.00288  	0.02046  	0.00611  	0.08411  	0.01040  	0.00532  	0.01241  	0.03785  	-0.7581  	
-0.4965  	-0.1596  	-0.8624  	-0.3466  	0.06003  	-0.5585  	0.01095  	-0.1303  	0.01372  	0.09312  	-0.4112  	-0.4217  	0.21376  	0.03662  	0.04890  	0.64053  	-0.0907  	0.00229  	0.29239  	0.61172  	0.11401  	0.38687  	-0.5512  	0.41205  	0.79417  	-0.2166  	0.17195  	0.13902  	0.24007  	0.24871  	-0.1437  	0.17464  	0.08491  	-0.0466  	0.55083  	0.04868  	0.12471  	-0.2404  	-0.1883  	0.46123  	-0.1945  	0.06400  	-0.2634  	0.16985  	0.15919  	-0.0329  	0.03415  	-0.1384  	-0.0428  	-0.0553  	-0.0244  	-0.0154  	-0.0332  	-0.0188  	-0.0249  	-0.0175  	0.01668  	-0.0111  	0.00421  	0.00449  	0.00045  	0.00528  	0.02228  	0.00736  	0.08411  	0.01040  	0.00532  	0.01241  	0.03785  	-0.7581  	
-0.5194  	-0.1784  	-0.8239  	-0.4580  	-0.0168  	-0.4735  	0.00021  	-0.1617  	0.01118  	0.08395  	-0.4043  	-0.4822  	0.17377  	-0.0984  	-0.0240  	0.67820  	-0.0631  	0.02105  	0.32232  	0.59958  	0.07775  	0.37998  	-0.4985  	0.37148  	0.80794  	-0.1993  	0.14504  	0.14711  	0.24149  	0.24610  	-0.1407  	0.18769  	0.08031  	-0.0504  	0.48829  	0.05773  	0.12871  	-0.2292  	-0.1720  	0.46083  	-0.1738  	0.05197  	-0.2302  	0.19255  	0.16604  	-0.0343  	0.03814  	-0.1493  	-0.0487  	-0.0525  	-0.0280  	-0.0201  	-0.0331  	-0.0167  	-0.0170  	-0.0168  	0.01543  	-0.0072  	0.00143  	0.00616  	-0.0051  	0.00043  	0.01820  	0.01122  	0.08411  	0.01040  	0.00532  	0.01241  	0.03785  	-0.7581  	
-0.4079  	-0.1748  	-0.7989  	-0.3563  	-0.0266  	-0.4207  	-0.0201  	-0.1360  	0.00347  	0.05381  	-0.4339  	-0.4767  	0.16162  	-0.0911  	0.03265  	0.68987  	-0.0739  	0.02103  	0.31886  	0.61150  	0.07176  	0.35331  	-0.4950  	0.34165  	0.82331  	-0.2057  	0.14341  	0.15204  	0.25939  	0.25245  	-0.1611  	0.19482  	0.08287  	-0.0426  	0.48194  	0.06441  	0.12544  	-0.2121  	-0.1719  	0.44978  	-0.1538  	0.04495  	-0.2272  	0.19499  	0.15286  	-0.0376  	0.03421  	-0.1385  	-0.0459  	-0.0562  	-0.0317  	-0.0176  	-0.0307  	-0.0135  	-0.0168  	-0.0201  	0.01703  	-0.0029  	0.00373  	-0.0005  	-0.0068  	-0.0029  	0.02233  	0.01032  	0.08411  	0.01040  	0.00532  	0.01241  	0.03785  	-0.7581  	
-0.3844  	-0.1670  	-0.8033  	-0.4028  	0.00869  	-0.4799  	0.01721  	-0.1846  	0.01535  	0.11376  	-0.4399  	-0.4981  	0.17522  	-0.1316  	-0.0835  	0.73262  	-0.1034  	0.04997  	0.31782  	0.62682  	0.01703  	0.35468  	-0.5485  	0.30597  	0.83581  	-0.2175  	0.09981  	0.21742  	0.29568  	0.25445  	-0.1647  	0.19646  	0.07757  	-0.0422  	0.48207  	0.11293  	0.10062  	-0.2295  	-0.1650  	0.47488  	-0.1530  	0.04764  	-0.2285  	0.19201  	0.15835  	-0.0379  	0.03144  	-0.1410  	-0.0440  	-0.0547  	-0.0266  	-0.0222  	-0.0306  	-0.0167  	-0.0192  	-0.0178  	0.02032  	-0.0020  	0.00041  	0.00308  	-0.0043  	-0.0022  	0.01979  	0.01013  	0.08411  	0.01040  	0.00532  	0.01241  	0.03785  	-0.7581  	
-0.4077  	-0.1685  	-0.7893  	-0.3986  	0.03927  	-0.5064  	0.03496  	-0.1833  	0.00556  	0.20351  	-0.3738  	-0.4638  	0.17198  	-0.1675  	-0.2082  	0.80885  	-0.1268  	0.05898  	0.30750  	0.65841  	-0.0734  	0.36128  	-0.6223  	0.30120  	0.85481  	-0.2254  	0.11005  	0.27397  	0.34417  	0.25888  	-0.1698  	0.19302  	0.07048  	-0.0461  	0.47298  	0.15728  	0.04729  	-0.2539  	-0.1366  	0.47281  	-0.1554  	0.05615  	-0.2308  	0.18456  	0.16340  	-0.0373  	0.02955  	-0.1286  	-0.0381  	-0.0626  	-0.0161  	-0.0210  	-0.0267  	-0.0248  	-0.0135  	-0.0223  	0.02461  	-0.0021  	0.00301  	-0.0008  	-0.0056  	-0.0064  	0.02394  	0.01586  	0.08411  	0.01040  	0.00532  	0.01241  	0.03785  	-0.7581  	
-0.5058  	-0.1788  	-0.8085  	-0.5472  	-0.1111  	-0.6160  	0.02332  	-0.2130  	-0.0156  	0.19767  	-0.3991  	-0.5536  	0.16592  	-0.1840  	-0.2342  	0.75914  	-0.1130  	0.07290  	0.31611  	0.63766  	-0.0901  	0.35917  	-0.5802  	0.27243  	0.85132  	-0.1933  	0.08467  	0.27617  	0.37901  	0.26101  	-0.1503  	0.18158  	0.06682  	-0.0330  	0.44611  	0.18048  	0.01157  	-0.2458  	-0.1365  	0.48220  	-0.1269  	0.05525  	-0.2190  	0.18583  	0.15135  	-0.0414  	0.03514  	-0.1278  	-0.0436  	-0.0654  	-0.0244  	-0.0162  	-0.0338  	-0.0195  	-0.0139  	-0.0250  	0.01572  	-0.0029  	-0.0031  	-0.0007  	-7.8575  	-0.0081  	0.02964  	0.01811  	0.08411  	0.01040  	0.00532  	0.01241  	0.03785  	-0.7581  	
-0.6659  	-0.2177  	-0.9142  	-0.5531  	-0.0622  	-0.6926  	-0.0055  	-0.2115  	-0.0494  	0.17284  	-0.3176  	-0.5338  	0.20116  	-0.2314  	-0.2072  	0.65408  	-0.0089  	-0.0814  	0.34729  	0.42714  	-0.0201  	0.19819  	-0.7456  	0.34971  	0.86301  	-0.1319  	0.13011  	0.14299  	0.37854  	0.25573  	-0.0540  	0.14233  	-0.0358  	-0.1678  	0.43839  	0.16655  	-0.0204  	-0.2438  	-0.2550  	0.41022  	-0.1033  	0.16457  	-0.3307  	0.22831  	0.12113  	-0.0260  	0.01786  	-0.1410  	-0.0513  	-0.0652  	-0.0181  	-0.0172  	-0.0346  	-0.0050  	-0.0060  	-0.0170  	0.01955  	-0.0115  	0.00314  	0.01194  	-0.0045  	-0.0055  	0.01914  	0.01277  	0.08411  	0.01040  	0.00532  	0.01241  	0.03785  	-0.7581  	
-0.8116  	-0.2565  	-0.9549  	-0.6689  	-0.1220  	-0.7695  	-0.0799  	-0.1378  	-0.0504  	0.12031  	-0.2101  	-0.5244  	0.19214  	-0.2506  	-0.1025  	0.50393  	0.05993  	-0.2331  	0.40067  	0.27671  	0.15183  	0.02839  	-0.8186  	0.37610  	0.77007  	-0.0682  	0.13883  	0.03279  	0.38223  	0.22492  	0.02798  	0.11228  	-0.0450  	-0.2745  	0.40666  	0.08122  	0.02555  	-0.2376  	-0.3374  	0.32207  	-0.0686  	0.23207  	-0.4251  	0.27959  	0.09215  	-0.0059  	0.01226  	-0.1392  	-0.0675  	-0.0774  	-0.0261  	-0.0127  	-0.0289  	0.00539  	-0.0105  	-0.0265  	0.01284  	-0.0132  	0.00181  	0.01868  	0.00573  	-0.0023  	-0.0026  	0.01158  	0.08411  	0.01040  	0.00532  	0.01241  	0.03785  	-0.7581  	
-0.7285  	-0.2510  	-0.9102  	-0.6410  	-0.1320  	-0.7625  	-0.0901  	-0.0831  	-0.0371  	0.12367  	-0.1673  	-0.4647  	0.21545  	-0.2192  	-0.0910  	0.50910  	0.08098  	-0.2592  	0.41301  	0.26537  	0.20563  	-0.0044  	-0.8566  	0.34697  	0.68818  	-0.0367  	0.12227  	0.02200  	0.35747  	0.19091  	0.03740  	0.09727  	-0.0574  	-0.2897  	0.36791  	0.03310  	-0.0102  	-0.2302  	-0.3393  	0.30479  	-0.0718  	0.24344  	-0.4217  	0.28196  	0.07374  	0.00089  	0.00894  	-0.1270  	-0.0694  	-0.0734  	-0.0243  	-0.0148  	-0.0310  	0.00533  	-0.0130  	-0.0232  	0.00591  	-0.0180  	-0.0028  	0.01640  	0.00594  	-0.0040  	-0.0077  	0.01235  	0.08411  	0.01040  	0.00532  	0.01241  	0.03785  	-0.7581  	
-0.6978  	-0.2055  	-0.8488  	-0.6656  	-0.1129  	-0.7123  	-0.0450  	-0.0770  	-0.0265  	0.15716  	-0.2140  	-0.4919  	0.22689  	-0.2112  	-0.1659  	0.55135  	0.06552  	-0.2096  	0.38684  	0.30129  	0.11526  	0.05867  	-0.8412  	0.33196  	0.71704  	-0.0515  	0.09860  	0.05200  	0.38122  	0.17707  	0.02178  	0.09372  	-0.0394  	-0.2638  	0.34192  	0.06776  	-0.0451  	-0.2509  	-0.2770  	0.33193  	-0.0617  	0.22925  	-0.4049  	0.27302  	0.08712  	-0.0077  	0.00876  	-0.1139  	-0.0644  	-0.0714  	-0.0208  	-0.0096  	-0.0297  	0.00307  	-0.0102  	-0.0264  	0.01056  	-0.0175  	0.00140  	0.01350  	0.00537  	-0.0017  	-0.0016  	0.01307  	0.08411  	0.01040  	0.00532  	0.01241  	0.03785  	-0.7581  	
-0.6225  	-0.2028  	-0.8652  	-0.5469  	-0.0782  	-0.5757  	-0.0266  	-0.1493  	-0.0237  	0.10925  	-0.3790  	-0.4644  	0.20364  	-0.2244  	-0.1278  	0.63258  	-0.0006  	-0.0564  	0.37435  	0.42881  	-0.0049  	0.21476  	-0.6820  	0.28407  	0.76977  	-0.1137  	0.05796  	0.19644  	0.42345  	0.23035  	-0.0300  	0.12671  	0.00844  	-0.1638  	0.29916  	0.07505  	-0.0443  	-0.2572  	-0.2030  	0.40819  	-0.0605  	0.13634  	-0.3003  	0.24214  	0.11551  	-0.0205  	0.01804  	-0.1099  	-0.0567  	-0.0683  	-0.0304  	-0.0140  	-0.0335  	-0.0091  	-0.0134  	-0.0265  	0.01939  	-0.0162  	0.00400  	0.00593  	0.00322  	-0.0050  	0.00884  	0.01418  	0.08411  	0.01040  	0.00532  	0.01241  	0.03785  	-0.7581  	
-0.5304  	-0.1933  	-0.8709  	-0.4944  	-0.0427  	-0.5260  	-0.0348  	-0.1810  	-0.0061  	0.10170  	-0.4347  	-0.4287  	0.17334  	-0.1787  	-0.1463  	0.67495  	-0.0733  	0.05491  	0.32070  	0.63054  	-0.0555  	0.36162  	-0.5109  	0.29242  	0.81122  	-0.1881  	0.07330  	0.26148  	0.35021  	0.24209  	-0.1321  	0.16559  	0.07555  	-0.0388  	0.38335  	0.10223  	0.04162  	-0.2413  	-0.1222  	0.48172  	-0.1274  	0.04949  	-0.2068  	0.19115  	0.15562  	-0.0372  	0.03941  	-0.1277  	-0.0447  	-0.0552  	-0.0350  	-0.0166  	-0.0350  	-0.0175  	-0.0193  	-0.0278  	0.02192  	-0.0043  	0.00102  	-0.0015  	-0.0016  	-0.0030  	0.02502  	0.01047  	0.08411  	0.01040  	0.00532  	0.01241  	0.03785  	-0.7581  	
-0.4636  	-0.1763  	-0.8503  	-0.4814  	-0.0264  	-0.5201  	-0.0156  	-0.1799  	-0.0073  	0.15124  	-0.4090  	-0.4510  	0.16677  	-0.1817  	-0.1710  	0.72458  	-0.1022  	0.04427  	0.30760  	0.62693  	-0.0500  	0.34454  	-0.5332  	0.28159  	0.80893  	-0.2140  	0.07848  	0.25498  	0.34271  	0.24993  	-0.1410  	0.17661  	0.06894  	-0.0379  	0.43766  	0.13304  	0.05045  	-0.2377  	-0.1343  	0.47698  	-0.1339  	0.05196  	-0.2143  	0.18529  	0.15602  	-0.0344  	0.03866  	-0.1287  	-0.0454  	-0.0588  	-0.0333  	-0.0198  	-0.0326  	-0.0191  	-0.0176  	-0.0250  	0.02227  	-0.0019  	0.00255  	-0.0024  	-0.0062  	-0.0050  	0.02797  	0.01310  	0.08411  	0.01040  	0.00532  	0.01241  	0.03785  	-0.7581  	
-0.4231  	-0.1630  	-0.7847  	-0.4645  	-0.0360  	-0.5083  	-0.0005  	-0.1928  	0.01094  	0.18313  	-0.3532  	-0.4586  	0.13804  	-0.1907  	-0.2106  	0.78429  	-0.1074  	0.05637  	0.31326  	0.63140  	-0.0212  	0.34500  	-0.5393  	0.29631  	0.79698  	-0.2154  	0.09722  	0.22700  	0.30970  	0.25034  	-0.1619  	0.19855  	0.07095  	-0.0350  	0.47158  	0.13512  	0.08495  	-0.2288  	-0.1570  	0.46264  	-0.1432  	0.05054  	-0.2270  	0.18900  	0.16136  	-0.0362  	0.03592  	-0.1306  	-0.0399  	-0.0604  	-0.0257  	-0.0190  	-0.0269  	-0.0165  	-0.0170  	-0.0235  	0.01817  	-0.0024  	0.00085  	-9.5196  	-0.0069  	-0.0071  	0.02683  	0.01344  	0.08411  	0.01040  	0.00532  	0.01241  	0.03785  	-0.7581  	
-0.4322  	-0.1798  	-0.7935  	-0.4566  	-0.0369  	-0.5312  	-0.0043  	-0.1986  	-0.0128  	0.18626  	-0.2984  	-0.4807  	0.12609  	-0.2037  	-0.2272  	0.80693  	-0.1180  	0.05884  	0.30893  	0.63061  	-0.0039  	0.33952  	-0.5576  	0.30355  	0.81788  	-0.2269  	0.10060  	0.22140  	0.29701  	0.25345  	-0.1696  	0.20561  	0.06180  	-0.0387  	0.50418  	0.16061  	0.10174  	-0.2244  	-0.1712  	0.46078  	-0.1624  	0.05247  	-0.2325  	0.18105  	0.16432  	-0.0361  	0.03282  	-0.1374  	-0.0417  	-0.0609  	-0.0251  	-0.0222  	-0.0264  	-0.0167  	-0.0161  	-0.0214  	0.02097  	-0.0023  	0.00147  	-0.0004  	-0.0067  	-0.0054  	0.02888  	0.01641  	0.08411  	0.01040  	0.00532  	0.01241  	0.03785  	-0.7581  	
-0.4332  	-0.1846  	-0.7859  	-0.4956  	-0.0474  	-0.4940  	0.00875  	-0.2197  	-0.0077  	0.19190  	-0.3122  	-0.4860  	0.13000  	-0.2174  	-0.2380  	0.80639  	-0.1137  	0.06531  	0.31855  	0.61467  	-0.0326  	0.33823  	-0.5648  	0.29439  	0.82978  	-0.2310  	0.10064  	0.24355  	0.31681  	0.25955  	-0.1585  	0.19933  	0.05435  	-0.0385  	0.48754  	0.16231  	0.08310  	-0.2249  	-0.1593  	0.47686  	-0.1492  	0.05251  	-0.2284  	0.18201  	0.15803  	-0.0352  	0.03101  	-0.1367  	-0.0409  	-0.0587  	-0.0228  	-0.0202  	-0.0271  	-0.0160  	-0.0148  	-0.0206  	0.01948  	-0.0057  	0.00165  	0.00346  	-0.0069  	0.00064  	0.02839  	0.01304  	0.08411  	0.01040  	0.00532  	0.01241  	0.03785  	-0.7581  	
-0.4418  	-0.1830  	-0.8072  	-0.5076  	-0.0768  	-0.5162  	0.01018  	-0.2108  	-0.0213  	0.14611  	-0.3624  	-0.5191  	0.14528  	-0.1935  	-0.1696  	0.75131  	-0.1023  	0.04898  	0.30651  	0.60390  	-0.0095  	0.34619  	-0.5393  	0.29554  	0.82964  	-0.2259  	0.09891  	0.24100  	0.32803  	0.25614  	-0.1578  	0.19716  	0.04821  	-0.0425  	0.47060  	0.15690  	0.08737  	-0.2311  	-0.1571  	0.47213  	-0.1493  	0.05604  	-0.2328  	0.17959  	0.15704  	-0.0357  	0.03250  	-0.1391  	-0.0450  	-0.0588  	-0.0279  	-0.0192  	-0.0270  	-0.0170  	-0.0158  	-0.0236  	0.01880  	-0.0049  	0.00263  	-2.4214  	-0.0074  	-0.0020  	0.02818  	0.01670  	0.08411  	0.01040  	0.00532  	0.01241  	0.03785  	-0.7581  	
-0.4842  	-0.1765  	-0.8353  	-0.5025  	-0.0481  	-0.5255  	0.01707  	-0.1994  	-0.0173  	0.07205  	-0.4147  	-0.5446  	0.14056  	-0.1557  	-0.1055  	0.68854  	-0.0916  	0.01877  	0.31331  	0.58548  	0.02122  	0.37332  	-0.5193  	0.32205  	0.83185  	-0.2106  	0.15422  	0.16985  	0.28507  	0.25214  	-0.1560  	0.20116  	0.05471  	-0.0376  	0.50643  	0.13580  	0.12790  	-0.2125  	-0.1863  	0.45161  	-0.1509  	0.06112  	-0.2427  	0.18002  	0.15523  	-0.0343  	0.03172  	-0.1423  	-0.0510  	-0.0593  	-0.0292  	-0.0185  	-0.0266  	-0.0190  	-0.0155  	-0.0252  	0.02265  	0.00080  	0.00145  	-0.0030  	-0.0080  	-0.0027  	0.02599  	0.01591  	0.08411  	0.01040  	0.00532  	0.01241  	0.03785  	-0.7581  	
-0.5216  	-0.1713  	-0.8196  	-0.5294  	-0.1010  	-0.5486  	0.01611  	-0.1900  	0.00061  	0.10775  	-0.3935  	-0.5367  	0.16767  	-0.1376  	-0.1616  	0.69197  	-0.0720  	0.03383  	0.31992  	0.63151  	-0.0034  	0.37014  	-0.5207  	0.28921  	0.84397  	-0.2026  	0.11509  	0.19506  	0.28947  	0.24599  	-0.1427  	0.18719  	0.06360  	-0.0378  	0.45785  	0.12125  	0.10979  	-0.2152  	-0.1723  	0.43976  	-0.1415  	0.05592  	-0.2437  	0.18273  	0.16306  	-0.0377  	0.04373  	-0.1411  	-0.0451  	-0.0598  	-0.0288  	-0.0197  	-0.0303  	-0.0139  	-0.0155  	-0.0246  	0.01602  	-0.0025  	-0.0021  	-0.0018  	-0.0029  	0.00024  	0.02898  	0.01045  	0.08411  	0.01040  	0.00532  	0.01241  	0.03785  	-0.7581  	
-0.6134  	-0.2009  	-0.8731  	-0.5542  	-0.0873  	-0.5811  	-0.0185  	-0.2113  	-0.0115  	0.09746  	-0.3764  	-0.5414  	0.14566  	-0.1665  	-0.1227  	0.65163  	-0.0431  	0.02244  	0.30311  	0.58223  	0.00887  	0.34666  	-0.4920  	0.29645  	0.81040  	-0.1982  	0.10203  	0.19659  	0.29521  	0.24412  	-0.1416  	0.17853  	0.05639  	-0.0347  	0.44139  	0.09799  	0.09985  	-0.2155  	-0.1615  	0.44196  	-0.1305  	0.04928  	-0.2276  	0.17751  	0.16132  	-0.0369  	0.03703  	-0.1451  	-0.0542  	-0.0526  	-0.0365  	-0.0169  	-0.0313  	-0.0129  	-0.0200  	-0.0227  	0.01567  	-0.0035  	0.00311  	-0.0021  	-0.0017  	0.00248  	0.02567  	0.01219  	0.08411  	0.01040  	0.00532  	0.01241  	0.03785  	-0.7581  	
-0.5645  	-0.1935  	-0.8403  	-0.5246  	-0.0803  	-0.5167  	0.00216  	-0.1744  	0.00791  	0.07575  	-0.3761  	-0.5113  	0.16075  	-0.1574  	-0.1101  	0.67685  	-0.0611  	0.01309  	0.29426  	0.59114  	-0.0099  	0.34229  	-0.5058  	0.32417  	0.80853  	-0.1931  	0.13540  	0.23005  	0.32474  	0.22868  	-0.1420  	0.18672  	0.08492  	-0.0356  	0.44501  	0.10602  	0.07363  	-0.2236  	-0.1595  	0.45748  	-0.1370  	0.04831  	-0.2237  	0.18420  	0.15896  	-0.0374  	0.03605  	-0.1338  	-0.0489  	-0.0601  	-0.0336  	-0.0192  	-0.0298  	-0.0184  	-0.0195  	-0.0259  	0.01635  	-0.0023  	-0.0008  	-0.0020  	-0.0030  	-0.0036  	0.02673  	0.01944  	0.08411  	0.01040  	0.00532  	0.01241  	0.03785  	-0.7581  	
-0.4223  	-0.1682  	-0.7675  	-0.4686  	-0.0379  	-0.5051  	0.05131  	-0.1913  	0.02493  	0.15666  	-0.4014  	-0.4817  	0.17659  	-0.1596  	-0.1526  	0.74472  	-0.1044  	0.05842  	0.31532  	0.64787  	-0.0832  	0.33465  	-0.5910  	0.26928  	0.81060  	-0.2129  	0.09513  	0.29222  	0.34628  	0.25078  	-0.1499  	0.19545  	0.07290  	-0.0321  	0.45147  	0.13490  	0.04927  	-0.2341  	-0.1295  	0.47665  	-0.1317  	0.05337  	-0.2273  	0.18405  	0.15151  	-0.0397  	0.02971  	-0.1311  	-0.0414  	-0.0603  	-0.0258  	-0.0166  	-0.0294  	-0.0170  	-0.0093  	-0.0190  	0.01837  	-0.0057  	-0.0005  	0.00221  	-0.0047  	0.00277  	0.02277  	0.01591  	0.08411  	0.01040  	0.00532  	0.01241  	0.03785  	-0.7581  	
-0.3860  	-0.1873  	-0.7509  	-0.4901  	-0.0491  	-0.5205  	0.05542  	-0.2077  	0.00766  	0.14346  	-0.4062  	-0.5315  	0.19229  	-0.1702  	-0.1992  	0.74353  	-0.1121  	0.09437  	0.30264  	0.68991  	-0.1070  	0.32907  	-0.5947  	0.26464  	0.83461  	-0.2205  	0.06739  	0.31218  	0.37586  	0.26025  	-0.1534  	0.18734  	0.07215  	-0.0280  	0.43263  	0.17108  	0.03412  	-0.2437  	-0.1268  	0.49006  	-0.1507  	0.04508  	-0.2335  	0.18198  	0.15453  	-0.0365  	0.03459  	-0.1260  	-0.0412  	-0.0584  	-0.0204  	-0.0177  	-0.0303  	-0.0213  	-0.0133  	-0.0203  	0.01937  	-0.0049  	-0.0001  	0.00108  	-0.0006  	-0.0047  	0.02633  	0.01291  	0.08411  	0.01040  	0.00532  	0.01241  	0.03785  	-0.7581  	
-0.4500  	-0.1777  	-0.8570  	-0.3862  	0.01938  	-0.4965  	0.02962  	-0.2044  	-0.0054  	0.09318  	-0.4358  	-0.4933  	0.16266  	-0.1206  	-0.1368  	0.72146  	-0.1031  	0.05545  	0.29443  	0.64825  	-0.0330  	0.35008  	-0.6171  	0.33815  	0.85270  	-0.2151  	0.14258  	0.26621  	0.35153  	0.26631  	-0.1774  	0.19291  	0.07534  	-0.0380  	0.48960  	0.15673  	0.05457  	-0.2416  	-0.1525  	0.48334  	-0.1683  	0.05877  	-0.2301  	0.17797  	0.16133  	-0.0364  	0.03421  	-0.1263  	-0.0426  	-0.0597  	-0.0170  	-0.0191  	-0.0285  	-0.0257  	-0.0148  	-0.0254  	0.02380  	0.00161  	0.00478  	-0.0002  	-0.0137  	-0.0108  	0.02462  	0.01136  	0.08411  	0.01040  	0.00532  	0.01241  	0.03785  	-0.7581  	
-0.4406  	-0.1968  	-0.8912  	-0.2055  	0.11284  	-0.4887  	0.00199  	-0.1294  	0.01828  	0.06177  	-0.5003  	-0.4044  	0.21281  	0.02336  	0.05037  	0.69336  	-0.0948  	0.02072  	0.28639  	0.63301  	-0.0125  	0.37830  	-0.6032  	0.34453  	0.86311  	-0.2155  	0.13513  	0.25164  	0.35572  	0.29885  	-0.1788  	0.17617  	0.07646  	-0.0349  	0.50575  	0.11037  	0.03567  	-0.2622  	-0.1404  	0.47295  	-0.2079  	0.07095  	-0.2504  	0.16942  	0.17052  	-0.0318  	0.03268  	-0.1318  	-0.0400  	-0.0699  	-0.0316  	-0.0239  	-0.0325  	-0.0181  	-0.0194  	-0.0200  	0.02558  	-0.0054  	0.00290  	-0.0003  	-0.0053  	-0.0144  	0.01671  	0.01230  	0.08411  	0.01040  	0.00532  	0.01241  	0.03785  	-0.7581  	
-0.3732  	-0.1257  	-0.8657  	-0.0340  	0.21744  	-0.4407  	0.01480  	-0.1339  	0.02094  	0.05618  	-0.6076  	-0.3952  	0.28975  	0.18010  	0.22573  	0.68305  	-0.1079  	0.00751  	0.28879  	0.64359  	-0.0443  	0.40448  	-0.6678  	0.33725  	0.95349  	-0.2294  	0.12861  	0.32158  	0.43762  	0.34221  	-0.1948  	0.15773  	0.08203  	-0.0250  	0.51715  	0.07909  	-0.0107  	-0.2818  	-0.1104  	0.50708  	-0.2384  	0.06478  	-0.2592  	0.16381  	0.16941  	-0.0364  	0.02859  	-0.1331  	-0.0423  	-0.0702  	-0.0242  	-0.0260  	-0.0348  	-0.0219  	-0.0176  	-0.0176  	0.02126  	-0.0030  	0.00341  	0.00463  	-0.0040  	-0.0079  	0.02445  	0.01017  	0.08411  	0.01040  	0.00532  	0.01241  	0.03785  	-0.7581  	
-0.3694  	-0.1128  	-0.8317  	-0.1066  	0.18411  	-0.4718  	0.04922  	-0.1530  	0.03785  	0.10820  	-0.6485  	-0.4260  	0.29309  	0.13131  	0.19331  	0.66457  	-0.1166  	0.02987  	0.28296  	0.67220  	-0.0820  	0.39319  	-0.6547  	0.30394  	0.92744  	-0.2157  	0.08456  	0.30984  	0.47318  	0.32438  	-0.1730  	0.13669  	0.09264  	-0.0183  	0.46179  	0.08966  	-0.0087  	-0.2753  	-0.0850  	0.51296  	-0.1849  	0.06396  	-0.2427  	0.18047  	0.16417  	-0.0372  	0.03106  	-0.1181  	-0.0429  	-0.0693  	-0.0232  	-0.0222  	-0.0372  	-0.0206  	-0.0164  	-0.0140  	0.02170  	-0.0071  	6.92036  	0.00108  	-0.0065  	0.00378  	0.02310  	0.01084  	0.08411  	0.01040  	0.00532  	0.01241  	0.03785  	-0.7581  	
-0.4501  	-0.1544  	-0.8674  	-0.2280  	0.14789  	-0.5525  	0.06676  	-0.1527  	0.04220  	0.13836  	-0.5837  	-0.4129  	0.29684  	0.15989  	0.11841  	0.66617  	-0.1414  	0.05593  	0.28216  	0.67067  	-0.0992  	0.37626  	-0.6416  	0.31444  	0.88636  	-0.2169  	0.04289  	0.29211  	0.48375  	0.30005  	-0.1554  	0.12456  	0.09619  	-0.0284  	0.45973  	0.07696  	-0.0255  	-0.2791  	-0.0997  	0.51544  	-0.1753  	0.05622  	-0.2412  	0.17791  	0.16178  	-0.0422  	0.03698  	-0.1198  	-0.0393  	-0.0606  	-0.0261  	-0.0247  	-0.0372  	-0.0247  	-0.0192  	-0.0179  	0.01605  	-0.0109  	-0.0035  	-0.0026  	0.00127  	0.00257  	0.02264  	0.00874  	0.08411  	0.01040  	0.00532  	0.01241  	0.03785  	-0.7581  	
-0.5893  	-0.2175  	-0.9736  	-0.3273  	0.09072  	-0.6499  	0.01654  	-0.1553  	0.01421  	0.13149  	-0.3607  	-0.4037  	0.23472  	0.05037  	-0.0750  	0.67343  	-0.1233  	0.05594  	0.30072  	0.68118  	-0.0002  	0.35056  	-0.6099  	0.34896  	0.81157  	-0.2072  	0.05777  	0.25376  	0.34273  	0.25632  	-0.1357  	0.15698  	0.11128  	-0.0335  	0.49911  	0.07637  	0.06196  	-0.2716  	-0.1353  	0.48072  	-0.2028  	0.06364  	-0.2584  	0.17087  	0.16474  	-0.0353  	0.03381  	-0.1314  	-0.0434  	-0.0582  	-0.0351  	-0.0218  	-0.0414  	-0.0192  	-0.0226  	-0.0130  	0.01715  	-0.0050  	0.00305  	0.00320  	-0.0054  	-0.0008  	0.01001  	0.00848  	0.08411  	0.01040  	0.00532  	0.01241  	0.03785  	-0.7581  	
-0.7396  	-0.2665  	-0.9937  	-0.4242  	0.09673  	-0.7816  	0.05217  	-0.2107  	-0.0136  	0.14526  	-0.2443  	-0.3928  	0.19291  	-0.0687  	-0.1030  	0.61816  	-0.1257  	0.05242  	0.28359  	0.72989  	0.01745  	0.32015  	-0.5556  	0.36391  	0.76787  	-0.2030  	0.05038  	0.25049  	0.28186  	0.21752  	-0.1258  	0.13690  	0.11263  	-0.0337  	0.51643  	0.08052  	0.06349  	-0.2584  	-0.1513  	0.46631  	-0.1858  	0.07890  	-0.2807  	0.15925  	0.17478  	-0.0394  	0.03122  	-0.1431  	-0.0482  	-0.0572  	-0.0328  	-0.0135  	-0.0382  	-0.0192  	-0.0222  	-0.0213  	0.01925  	-0.0052  	-0.0007  	-0.0035  	-0.0025  	0.00239  	0.01571  	0.01155  	0.08411  	0.01040  	0.00532  	0.01241  	0.03785  	-0.7581  	
-0.6634  	-0.2496  	-0.9878  	-0.4452  	0.06224  	-0.7256  	0.03975  	-0.1471  	0.00473  	0.14839  	-0.2474  	-0.4025  	0.20235  	-0.0698  	-0.0911  	0.61844  	-0.1182  	0.04985  	0.29882  	0.72808  	0.04233  	0.32426  	-0.5709  	0.35289  	0.78277  	-0.1819  	0.07668  	0.24003  	0.27672  	0.22485  	-0.1430  	0.13674  	0.11274  	-0.0319  	0.50305  	0.07111  	0.05340  	-0.2499  	-0.1499  	0.45830  	-0.1943  	0.06704  	-0.2664  	0.15927  	0.16654  	-0.0316  	0.03878  	-0.1460  	-0.0515  	-0.0588  	-0.0291  	-0.0182  	-0.0360  	-0.0197  	-0.0264  	-0.0182  	0.01657  	-0.0032  	-0.0004  	0.00191  	-0.0004  	-0.0055  	0.01818  	0.00439  	0.08411  	0.01040  	0.00532  	0.01241  	0.03785  	-0.7581  	
-0.4620  	-0.1405  	-0.8126  	-0.3893  	-0.0111  	-0.5093  	0.01122  	-0.0859  	0.02791  	0.06643  	-0.3939  	-0.3675  	0.25355  	0.06732  	0.04859  	0.66767  	-0.1157  	0.03537  	0.32030  	0.62070  	0.10612  	0.33106  	-0.5600  	0.37936  	0.75574  	-0.2098  	0.10154  	0.15449  	0.24040  	0.23765  	-0.1364  	0.15792  	0.12071  	-0.0501  	0.47163  	0.02206  	0.08307  	-0.2522  	-0.1162  	0.48216  	-0.1932  	0.06372  	-0.2440  	0.17306  	0.16217  	-0.0308  	0.03173  	-0.1252  	-0.0528  	-0.0544  	-0.0382  	-0.0186  	-0.0439  	-0.0217  	-0.0285  	-0.0194  	0.01877  	-0.0064  	-0.0012  	-0.0046  	-0.0012  	-0.0026  	0.01878  	0.01005  	0.08411  	0.01040  	0.00532  	0.01241  	0.03785  	-0.7581  	
-0.2976  	-0.0917  	-0.6658  	-0.3299  	-0.0141  	-0.3876  	0.01874  	-0.0616  	0.06505  	0.06150  	-0.5289  	-0.4483  	0.28061  	0.09538  	0.11573  	0.69207  	-0.0756  	0.01729  	0.29102  	0.61563  	0.10527  	0.40104  	-0.5365  	0.35552  	0.79089  	-0.2078  	0.09223  	0.14389  	0.26611  	0.23921  	-0.1420  	0.17249  	0.10063  	-0.0452  	0.47666  	0.01478  	0.10301  	-0.2304  	-0.1400  	0.47517  	-0.1511  	0.05235  	-0.2217  	0.18233  	0.15751  	-0.0350  	0.03019  	-0.1252  	-0.0477  	-0.0532  	-0.0339  	-0.0189  	-0.0301  	-0.0169  	-0.0201  	-0.0178  	0.01319  	-0.0038  	0.00436  	0.00173  	0.00187  	0.00223  	0.01695  	0.01405  	0.08411  	0.01040  	0.00532  	0.01241  	0.03785  	-0.7581  	
-0.2177  	-0.1049  	-0.6879  	-0.1913  	0.07737  	-0.3914  	0.01895  	-0.1114  	0.05547  	0.07620  	-0.5097  	-0.4567  	0.24643  	0.06225  	0.08743  	0.74644  	-0.0923  	-0.0296  	0.30494  	0.60262  	0.09424  	0.38123  	-0.5653  	0.38592  	0.88213  	-0.2347  	0.17657  	0.14195  	0.28316  	0.28253  	-0.1685  	0.20446  	0.09394  	-0.0389  	0.52678  	0.04031  	0.11821  	-0.2302  	-0.1503  	0.48562  	-0.1876  	0.05948  	-0.2341  	0.18022  	0.14974  	-0.0313  	0.02521  	-0.1173  	-0.0312  	-0.0587  	-0.0213  	-0.0190  	-0.0318  	-0.0128  	-0.0236  	-0.0096  	0.00803  	-0.0065  	0.00607  	0.00654  	-0.0042  	0.00611  	0.02537  	0.00908  	0.08411  	0.01040  	0.00532  	0.01241  	0.03785  	-0.7581  	
-0.2582  	-0.1325  	-0.7894  	-0.0851  	0.15351  	-0.3973  	0.01361  	-0.1075  	0.02122  	0.05771  	-0.6078  	-0.4306  	0.24572  	0.09225  	0.22449  	0.68880  	-0.0821  	-0.0439  	0.31397  	0.57173  	0.07473  	0.42121  	-0.5632  	0.35286  	0.88086  	-0.2278  	0.22834  	0.14071  	0.29815  	0.31038  	-0.1856  	0.19189  	0.07895  	-0.0308  	0.54214  	0.03774  	0.10175  	-0.2378  	-0.1443  	0.46929  	-0.2327  	0.06750  	-0.2523  	0.18824  	0.15502  	-0.0343  	0.02548  	-0.1231  	-0.0298  	-0.0627  	-0.0317  	-0.0216  	-0.0304  	-0.0129  	-0.0179  	-0.0166  	0.01378  	-0.0030  	0.00252  	-0.0010  	-0.0045  	0.00240  	0.02249  	0.00497  	0.08411  	0.01040  	0.00532  	0.01241  	0.03785  	-0.7581  	
-0.2253  	-0.0769  	-0.7904  	-0.0005  	0.18732  	-0.3107  	0.03890  	-0.0494  	0.04215  	0.03518  	-0.6547  	-0.4493  	0.30348  	0.22569  	0.28640  	0.68660  	-0.0795  	-0.0141  	0.29805  	0.58937  	0.03589  	0.41128  	-0.5883  	0.34944  	0.93321  	-0.2474  	0.20808  	0.20502  	0.38195  	0.31979  	-0.2177  	0.17394  	0.07186  	-0.0367  	0.53437  	0.06748  	0.02299  	-0.2719  	-0.1035  	0.50321  	-0.2459  	0.07354  	-0.2517  	0.16871  	0.17252  	-0.0306  	0.02533  	-0.1200  	-0.0298  	-0.0609  	-0.0260  	-0.0228  	-0.0340  	-0.0268  	-0.0177  	-0.0122  	0.01985  	0.00099  	0.00616  	0.00181  	-0.0067  	-0.0069  	0.01860  	0.00649  	0.08411  	0.01040  	0.00532  	0.01241  	0.03785  	-0.7581  	
-0.2417  	-0.0942  	-0.7496  	0.00063  	0.17458  	-0.3526  	0.02185  	-0.0542  	0.05573  	0.07341  	-0.5856  	-0.4068  	0.29806  	0.19228  	0.23577  	0.71426  	-0.0896  	-0.0336  	0.30433  	0.57370  	0.06833  	0.44375  	-0.5619  	0.37690  	0.87470  	-0.2317  	0.17739  	0.15494  	0.29270  	0.30337  	-0.1699  	0.19208  	0.09088  	-0.0371  	0.54225  	0.04681  	0.09896  	-0.2560  	-0.1301  	0.48620  	-0.2237  	0.05990  	-0.2410  	0.18642  	0.15986  	-0.0296  	0.02618  	-0.1180  	-0.0342  	-0.0597  	-0.0281  	-0.0160  	-0.0334  	-0.0218  	-0.0171  	-0.0194  	0.01291  	-0.0072  	0.00723  	0.00814  	-0.0025  	-0.0007  	0.02067  	0.01179  	0.08411  	0.01040  	0.00532  	0.01241  	0.03785  	-0.7581  	
-0.4236  	-0.1794  	-0.8535  	-0.2645  	0.10766  	-0.5539  	0.03774  	-0.1642  	0.02187  	0.10257  	-0.4686  	-0.3785  	0.22976  	0.01817  	0.04811  	0.68118  	-0.1116  	0.03780  	0.30901  	0.65268  	0.03793  	0.38044  	-0.5615  	0.38421  	0.80682  	-0.2162  	0.12825  	0.20870  	0.28381  	0.27055  	-0.1586  	0.17338  	0.08899  	-0.0334  	0.52367  	0.06203  	0.09257  	-0.2437  	-0.1610  	0.47285  	-0.1888  	0.06891  	-0.2576  	0.17496  	0.16007  	-0.0316  	0.03170  	-0.1273  	-0.0419  	-0.0630  	-0.0288  	-0.0230  	-0.0334  	-0.0157  	-0.0234  	-0.0179  	0.02231  	-0.0018  	0.00779  	-0.0018  	-0.0023  	0.00181  	0.01708  	0.00280  	0.08411  	0.01040  	0.00532  	0.01241  	0.03785  	-0.7581  	
-0.5390  	-0.1739  	-0.8372  	-0.5235  	0.00128  	-0.5118  	-0.0013  	-0.1756  	-0.0023  	0.07895  	-0.4173  	-0.5038  	0.16518  	-0.0740  	-0.0205  	0.66562  	-0.0518  	0.04604  	0.31519  	0.61964  	0.08349  	0.37110  	-0.4951  	0.39812  	0.80690  	-0.2155  	0.15332  	0.14356  	0.25055  	0.23076  	-0.1512  	0.19338  	0.07180  	-0.0569  	0.51153  	0.05585  	0.13643  	-0.2295  	-0.1831  	0.47578  	-0.1794  	0.03866  	-0.2563  	0.19679  	0.16616  	-0.0311  	0.03958  	-0.1475  	-0.0507  	-0.0519  	-0.0299  	-0.0191  	-0.0343  	-0.0179  	-0.0143  	-0.0246  	0.01926  	-0.0054  	0.00492  	0.00532  	-0.0034  	-0.0013  	0.02106  	0.01116  	0.08411  	0.01040  	0.00532  	0.01241  	0.03785  	-0.7581  	
-0.3419  	-0.1588  	-0.7172  	-0.4121  	-0.0578  	-0.4194  	-0.0056  	-0.1351  	0.03523  	0.07224  	-0.4472  	-0.5085  	0.18773  	-0.0446  	0.01451  	0.71168  	-0.0780  	-0.0021  	0.34115  	0.54127  	0.10722  	0.38353  	-0.5076  	0.39213  	0.80381  	-0.2158  	0.21604  	0.07503  	0.20254  	0.23748  	-0.1582  	0.22829  	0.07321  	-0.0431  	0.52594  	0.05674  	0.18456  	-0.2123  	-0.1863  	0.45952  	-0.1572  	0.05641  	-0.2333  	0.18391  	0.16106  	-0.0324  	0.02311  	-0.1302  	-0.0436  	-0.0572  	-0.0422  	-0.0167  	-0.0291  	-0.0149  	-0.0203  	-0.0148  	0.01252  	-0.0056  	0.00318  	0.00162  	-0.0031  	0.00207  	0.01539  	0.01030  	0.08411  	0.01040  	0.00532  	0.01241  	0.03785  	-0.7581  	
-0.1395  	-0.1155  	-0.6265  	-0.2394  	0.05728  	-0.3757  	0.04663  	-0.0720  	0.07734  	0.08156  	-0.5103  	-0.4904  	0.26842  	0.12914  	0.11857  	0.75085  	-0.0899  	-0.0258  	0.30599  	0.58025  	0.11107  	0.38703  	-0.5521  	0.37046  	0.84380  	-0.2192  	0.17014  	0.07239  	0.25933  	0.28537  	-0.1603  	0.21180  	0.10419  	-0.0362  	0.53963  	0.04022  	0.13578  	-0.2306  	-0.1487  	0.47552  	-0.1966  	0.07268  	-0.2229  	0.18067  	0.15083  	-0.0342  	0.02763  	-0.1102  	-0.0324  	-0.0539  	-0.0264  	-0.0192  	-0.0299  	-0.0174  	-0.0172  	-0.0142  	0.01337  	-0.0056  	0.00051  	0.00484  	-0.0080  	-0.0022  	0.01842  	0.00666  	0.08411  	0.01040  	0.00532  	0.01241  	0.03785  	-0.7581  	
-0.1454  	-0.0720  	-0.6566  	-0.1496  	0.11116  	-0.2896  	0.04990  	-0.0647  	0.07797  	0.09100  	-0.6607  	-0.5132  	0.31034  	0.19126  	0.20276  	0.64483  	-0.0682  	-0.0155  	0.31020  	0.54201  	0.04947  	0.43503  	-0.5113  	0.28736  	0.90540  	-0.2291  	0.19896  	0.09228  	0.33522  	0.30898  	-0.1699  	0.16681  	0.07994  	-0.0314  	0.49660  	0.03289  	0.10500  	-0.2446  	-0.1158  	0.48189  	-0.2113  	0.06872  	-0.2158  	0.19755  	0.15816  	-0.0361  	0.01613  	-0.0989  	-0.0198  	-0.0580  	-0.0322  	-0.0231  	-0.0319  	-0.0159  	-0.0175  	-0.0007  	0.01558  	-0.0071  	0.00062  	0.00363  	-0.0033  	0.00303  	0.02314  	0.00384  	0.08411  	0.01040  	0.00532  	0.01241  	0.03785  	-0.7581  	
-0.1873  	-0.0809  	-0.6979  	-0.1962  	0.08247  	-0.4093  	0.08640  	-0.0601  	0.05033  	0.13316  	-0.5846  	-0.5259  	0.32639  	0.28734  	0.21397  	0.59731  	-0.0777  	-0.0171  	0.29755  	0.54807  	0.06008  	0.44761  	-0.5663  	0.36953  	0.89378  	-0.2619  	0.22345  	0.09732  	0.33328  	0.29977  	-0.1665  	0.18032  	0.08836  	-0.0518  	0.52367  	0.05947  	0.10015  	-0.2656  	-0.1274  	0.52072  	-0.2196  	0.06297  	-0.2493  	0.20245  	0.15566  	-0.0312  	0.02672  	-0.1198  	-0.0261  	-0.0580  	-0.0213  	-0.0175  	-0.0337  	-0.0215  	-0.0197  	-0.0134  	0.01448  	-0.0095  	0.00620  	0.00819  	-0.0002  	0.00676  	0.02122  	0.00253  	0.08411  	0.01040  	0.00532  	0.01241  	0.03785  	-0.7581  	
-0.5397  	-0.1748  	-0.9152  	-0.4908  	0.02297  	-0.6520  	0.03254  	-0.1874  	0.00749  	0.10940  	-0.3241  	-0.4437  	0.20785  	-0.0216  	-0.0623  	0.59587  	-0.1290  	0.04930  	0.29075  	0.62354  	0.08449  	0.33266  	-0.5356  	0.38067  	0.75326  	-0.2129  	0.13829  	0.17223  	0.22680  	0.23005  	-0.1359  	0.16761  	0.10223  	-0.0294  	0.53762  	0.04916  	0.11328  	-0.2439  	-0.1653  	0.45810  	-0.1761  	0.04655  	-0.2663  	0.16706  	0.15319  	-0.0256  	0.03748  	-0.1387  	-0.0431  	-0.0584  	-0.0284  	-0.0263  	-0.0360  	-0.0196  	-0.0216  	-0.0168  	0.01208  	-0.0048  	0.00340  	-0.0023  	-0.0015  	-0.0030  	0.01388  	0.00356  	0.08411  	0.01040  	0.00532  	0.01241  	0.03785  	-0.7581  	
-0.6413  	-0.2287  	-0.8347  	-0.7216  	-0.1317  	-0.5963  	0.00218  	-0.2376  	-0.0156  	0.15347  	-0.3269  	-0.5578  	0.14402  	-0.2342  	-0.2652  	0.63902  	-0.0815  	0.07318  	0.32547  	0.63279  	0.00216  	0.32823  	-0.4990  	0.32528  	0.81297  	-0.1904  	0.11065  	0.20534  	0.29127  	0.23637  	-0.1394  	0.16837  	0.07563  	-0.0321  	0.41490  	0.11797  	0.07955  	-0.2266  	-0.1704  	0.45955  	-0.1433  	0.05377  	-0.2291  	0.17713  	0.16070  	-0.0331  	0.03263  	-0.1464  	-0.0556  	-0.0622  	-0.0402  	-0.0212  	-0.0331  	-0.0160  	-0.0236  	-0.0254  	0.02089  	-0.0043  	0.00301  	0.00422  	-0.0028  	-0.0036  	0.02085  	0.01520  	0.08411  	0.01040  	0.00532  	0.01241  	0.03785  	-0.7581  	
-0.6810  	-0.2274  	-0.9098  	-0.6791  	-0.1699  	-0.5526  	-0.0072  	-0.2658  	-0.0230  	0.16222  	-0.3626  	-0.5517  	0.12056  	-0.3015  	-0.3020  	0.65260  	-0.0524  	0.07647  	0.30601  	0.60339  	-0.0786  	0.32549  	-0.5001  	0.25295  	0.81763  	-0.1728  	0.07837  	0.25082  	0.37282  	0.23716  	-0.1235  	0.16287  	0.04824  	-0.0371  	0.34104  	0.15120  	0.03956  	-0.2301  	-0.1362  	0.46036  	-0.0976  	0.03848  	-0.2059  	0.19845  	0.16467  	-0.0345  	0.03269  	-0.1484  	-0.0567  	-0.0521  	-0.0333  	-0.0191  	-0.0263  	-0.0147  	-0.0165  	-0.0231  	0.01276  	-0.0028  	0.00297  	0.00510  	-0.0022  	0.00512  	0.01725  	0.01515  	0.08411  	0.01040  	0.00532  	0.01241  	0.03785  	-0.7581  	
-0.6326  	-0.2190  	-0.9061  	-0.6375  	-0.1260  	-0.5685  	0.00153  	-0.2402  	-0.0289  	0.13762  	-0.3603  	-0.5310  	0.12418  	-0.3157  	-0.2385  	0.68806  	-0.0556  	0.05202  	0.30141  	0.58466  	-0.0548  	0.34909  	-0.4939  	0.26428  	0.82884  	-0.1828  	0.09844  	0.24623  	0.37574  	0.24297  	-0.1366  	0.16781  	0.04607  	-0.0455  	0.36692  	0.13544  	0.06647  	-0.2361  	-0.1432  	0.45516  	-0.1009  	0.03958  	-0.2102  	0.19602  	0.16557  	-0.0293  	0.03535  	-0.1421  	-0.0537  	-0.0564  	-0.0344  	-0.0192  	-0.0266  	-0.0155  	-0.0187  	-0.0222  	0.01214  	-0.0029  	0.00170  	0.00362  	-0.0052  	-0.0021  	0.02122  	0.01873  	0.08411  	0.01040  	0.00532  	0.01241  	0.03785  	-0.7581  	
-0.6537  	-0.2309  	-0.9164  	-0.6278  	-0.1268  	-0.6219  	0.02166  	-0.2569  	-0.0285  	0.16854  	-0.3305  	-0.5366  	0.11641  	-0.3102  	-0.2799  	0.69298  	-0.0703  	0.05664  	0.31491  	0.60338  	-0.0819  	0.34690  	-0.5154  	0.28203  	0.83664  	-0.1837  	0.09394  	0.26092  	0.37385  	0.24378  	-0.1382  	0.17650  	0.04035  	-0.0450  	0.38074  	0.15245  	0.05129  	-0.2357  	-0.1488  	0.46734  	-0.1037  	0.04623  	-0.2172  	0.20046  	0.16212  	-0.0324  	0.03395  	-0.1386  	-0.0478  	-0.0582  	-0.0275  	-0.0156  	-0.0297  	-0.0175  	-0.0185  	-0.0234  	0.01285  	-0.0023  	-0.0012  	0.00045  	-0.0034  	-0.0008  	0.01972  	0.01311  	0.08411  	0.01040  	0.00532  	0.01241  	0.03785  	-0.7581  	
-0.6387  	-0.2208  	-0.8952  	-0.5615  	-0.0541  	-0.6188  	0.00218  	-0.2158  	-0.0296  	0.14459  	-0.3696  	-0.4970  	0.13020  	-0.2474  	-0.2268  	0.69841  	-0.0787  	0.06601  	0.32380  	0.60034  	-0.0795  	0.36627  	-0.5324  	0.29440  	0.81871  	-0.1898  	0.09227  	0.25419  	0.36135  	0.24646  	-0.1467  	0.17850  	0.05163  	-0.0456  	0.38160  	0.13558  	0.04232  	-0.2403  	-0.1437  	0.47283  	-0.1105  	0.04885  	-0.2353  	0.18868  	0.15552  	-0.0342  	0.03569  	-0.1309  	-0.0473  	-0.0604  	-0.0343  	-0.0181  	-0.0245  	-0.0167  	-0.0211  	-0.0274  	0.01718  	-0.0058  	0.00097  	0.00079  	-0.0026  	-0.0052  	0.01588  	0.01055  	0.08411  	0.01040  	0.00532  	0.01241  	0.03785  	-0.7581  	
-0.5409  	-0.1850  	-0.9139  	-0.3558  	0.06758  	-0.5402  	-0.0186  	-0.1753  	-0.0072  	0.09891  	-0.4104  	-0.4058  	0.16062  	-0.1374  	-0.0549  	0.70594  	-0.0875  	0.04874  	0.32564  	0.63938  	-0.0311  	0.35625  	-0.5634  	0.32175  	0.82958  	-0.1979  	0.10510  	0.27229  	0.34766  	0.26703  	-0.1525  	0.17252  	0.07459  	-0.0318  	0.44829  	0.10467  	0.04643  	-0.2506  	-0.1436  	0.46707  	-0.1750  	0.05664  	-0.2470  	0.17805  	0.16565  	-0.0371  	0.03331  	-0.1411  	-0.0452  	-0.0585  	-0.0266  	-0.0231  	-0.0305  	-0.0151  	-0.0201  	-0.0246  	0.02456  	-0.0028  	0.00813  	0.00547  	-0.0114  	-0.0011  	0.02353  	0.01201  	0.08411  	0.01040  	0.00532  	0.01241  	0.03785  	-0.7581  	
-0.3741  	-0.1075  	-0.8090  	-0.2694  	0.08802  	-0.4552  	0.00265  	-0.1105  	0.03425  	0.06831  	-0.5146  	-0.4155  	0.22755  	0.02095  	0.07374  	0.67919  	-0.0824  	0.00846  	0.28713  	0.62382  	0.02897  	0.37601  	-0.5528  	0.30764  	0.83922  	-0.2046  	0.12422  	0.22691  	0.30858  	0.26957  	-0.1562  	0.16912  	0.10370  	-0.0411  	0.48932  	0.06141  	0.05928  	-0.2430  	-0.1432  	0.47196  	-0.1769  	0.05004  	-0.2227  	0.18540  	0.15363  	-0.0371  	0.03591  	-0.1257  	-0.0410  	-0.0538  	-0.0237  	-0.0226  	-0.0331  	-0.0146  	-0.0213  	-0.0144  	0.01757  	-0.0083  	0.00531  	0.00264  	-0.0019  	-0.0003  	0.01871  	0.00604  	0.08411  	0.01040  	0.00532  	0.01241  	0.03785  	-0.7581  	
-0.3661  	-0.1206  	-0.8067  	-0.2963  	0.07963  	-0.4272  	0.02804  	-0.1076  	0.03018  	0.06173  	-0.4830  	-0.4297  	0.23734  	0.04655  	0.03537  	0.68816  	-0.0949  	0.02294  	0.28645  	0.64189  	0.03637  	0.37482  	-0.5491  	0.32081  	0.84759  	-0.2109  	0.09910  	0.22883  	0.33830  	0.24749  	-0.1604  	0.14850  	0.10188  	-0.0403  	0.48161  	0.06478  	0.05526  	-0.2431  	-0.1385  	0.48925  	-0.1621  	0.04952  	-0.2203  	0.18389  	0.15658  	-0.0369  	0.03762  	-0.1244  	-0.0467  	-0.0528  	-0.0209  	-0.0238  	-0.0339  	-0.0164  	-0.0184  	-0.0165  	0.02098  	-0.0061  	0.00579  	0.00076  	-0.0051  	-0.0003  	0.01610  	0.00968  	0.08411  	0.01040  	0.00532  	0.01241  	0.03785  	-0.7581  	
-0.5920  	-0.1758  	-0.8590  	-0.5096  	-0.0486  	-0.5670  	0.00181  	-0.1618  	0.00965  	0.12132  	-0.4161  	-0.4756  	0.19781  	-0.0725  	-0.1315  	0.63029  	-0.0928  	0.05041  	0.29534  	0.61794  	-0.0314  	0.37480  	-0.5233  	0.29960  	0.80028  	-0.2049  	0.08273  	0.24085  	0.34017  	0.24561  	-0.1354  	0.15249  	0.07770  	-0.0400  	0.42513  	0.09789  	0.04660  	-0.2488  	-0.1294  	0.47427  	-0.1373  	0.04757  	-0.2229  	0.18320  	0.15316  	-0.0370  	0.04217  	-0.1381  	-0.0458  	-0.0560  	-0.0323  	-0.0185  	-0.0315  	-0.0150  	-0.0190  	-0.0240  	0.01538  	-0.0058  	-0.0009  	-0.0004  	-0.0033  	0.00265  	0.01685  	0.01041  	0.08411  	0.01040  	0.00532  	0.01241  	0.03785  	-0.7581  	
-0.6288  	-0.2198  	-0.8936  	-0.6157  	-0.1029  	-0.5761  	-0.0136  	-0.1650  	-0.0058  	0.10877  	-0.3361  	-0.5085  	0.14341  	-0.1911  	-0.1806  	0.63131  	-0.0783  	0.04400  	0.32250  	0.62734  	0.02236  	0.36183  	-0.4796  	0.31013  	0.80956  	-0.1909  	0.11801  	0.18521  	0.28880  	0.23280  	-0.1345  	0.16085  	0.07672  	-0.0423  	0.43173  	0.08311  	0.09522  	-0.2303  	-0.1502  	0.44809  	-0.1544  	0.04449  	-0.2403  	0.19266  	0.16314  	-0.0370  	0.03702  	-0.1454  	-0.0587  	-0.0512  	-0.0352  	-0.0212  	-0.0301  	-0.0200  	-0.0196  	-0.0226  	0.02089  	-0.0033  	0.00130  	0.00170  	-0.0036  	-0.0006  	0.02182  	0.01645  	0.08411  	0.01040  	0.00532  	0.01241  	0.03785  	-0.7581  	
-0.5674  	-0.2014  	-0.8527  	-0.4858  	-0.0713  	-0.5177  	-0.0308  	-0.1596  	0.00438  	0.07662  	-0.4117  	-0.4893  	0.18256  	-0.1311  	-0.0733  	0.63476  	-0.0555  	0.01404  	0.29712  	0.60160  	0.00908  	0.37769  	-0.4800  	0.31542  	0.79664  	-0.1882  	0.11526  	0.21811  	0.31143  	0.24931  	-0.1219  	0.17553  	0.07158  	-0.0465  	0.42926  	0.08077  	0.07788  	-0.2372  	-0.1443  	0.45207  	-0.1469  	0.04251  	-0.2224  	0.18371  	0.16083  	-0.0356  	0.03781  	-0.1413  	-0.0475  	-0.0552  	-0.0368  	-0.0179  	-0.0323  	-0.0174  	-0.0177  	-0.0241  	0.01600  	-0.0045  	0.00043  	-0.0006  	-0.0023  	-0.0018  	0.02076  	0.01362  	0.08411  	0.01040  	0.00532  	0.01241  	0.03785  	-0.7581  	
-0.4318  	-0.1565  	-0.8090  	-0.4571  	-0.0191  	-0.5006  	0.01165  	-0.1754  	0.02200  	0.13926  	-0.4283  	-0.4640  	0.18542  	-0.1298  	-0.1409  	0.73137  	-0.0977  	0.06166  	0.31390  	0.63135  	-0.0239  	0.35492  	-0.5719  	0.27363  	0.79563  	-0.2094  	0.07170  	0.25352  	0.34298  	0.24167  	-0.1505  	0.17745  	0.08193  	-0.0326  	0.44431  	0.12307  	0.06147  	-0.2418  	-0.1446  	0.48137  	-0.1311  	0.04531  	-0.2173  	0.19379  	0.15843  	-0.0399  	0.03226  	-0.1312  	-0.0421  	-0.0580  	-0.0296  	-0.0218  	-0.0302  	-0.0200  	-0.0158  	-0.0195  	0.01862  	-0.0064  	0.00368  	0.00351  	-0.0065  	0.00199  	0.02076  	0.01346  	0.08411  	0.01040  	0.00532  	0.01241  	0.03785  	-0.7581  	
-0.4068  	-0.1662  	-0.7673  	-0.4661  	-0.0500  	-0.4960  	-0.0072  	-0.1698  	0.02380  	0.15083  	-0.3621  	-0.4814  	0.18280  	-0.1322  	-0.1524  	0.76687  	-0.1208  	0.04665  	0.31762  	0.64675  	0.01013  	0.34604  	-0.5722  	0.29627  	0.79454  	-0.2084  	0.09149  	0.23398  	0.29295  	0.24284  	-0.1447  	0.18552  	0.08721  	-0.0368  	0.49816  	0.11820  	0.08927  	-0.2385  	-0.1751  	0.45857  	-0.1604  	0.06117  	-0.2274  	0.17969  	0.15910  	-0.0369  	0.03400  	-0.1318  	-0.0447  	-0.0621  	-0.0216  	-0.0188  	-0.0285  	-0.0218  	-0.0183  	-0.0225  	0.02216  	-0.0029  	0.00361  	-4.0221  	-0.0079  	-0.0040  	0.02577  	0.01625  	0.08411  	0.01040  	0.00532  	0.01241  	0.03785  	-0.7581  	
-0.4420  	-0.1608  	-0.8072  	-0.4410  	-0.0206  	-0.4968  	0.00169  	-0.1815  	-0.0031  	0.10025  	-0.3845  	-0.5146  	0.15171  	-0.1155  	-0.1134  	0.72816  	-0.1015  	0.02206  	0.31634  	0.61053  	0.03802  	0.35755  	-0.5459  	0.32567  	0.82006  	-0.2136  	0.14412  	0.18737  	0.27229  	0.25149  	-0.1570  	0.19312  	0.06821  	-0.0417  	0.51098  	0.12667  	0.12748  	-0.2241  	-0.1906  	0.45162  	-0.1657  	0.06174  	-0.2366  	0.18403  	0.16003  	-0.0362  	0.03350  	-0.1380  	-0.0479  	-0.0583  	-0.0265  	-0.0189  	-0.0277  	-0.0177  	-0.0168  	-0.0221  	0.01989  	-0.0015  	0.00166  	-0.0008  	-0.0078  	-0.0053  	0.02863  	0.01334  	0.08411  	0.01040  	0.00532  	0.01241  	0.03785  	-0.7581  	
-0.4476  	-0.1532  	-0.7997  	-0.4120  	-0.0111  	-0.4772  	-0.0078  	-0.1510  	0.00568  	0.07648  	-0.4167  	-0.5126  	0.14910  	-0.1034  	-0.0243  	0.68717  	-0.0787  	-0.0057  	0.31988  	0.58219  	0.09109  	0.36432  	-0.5218  	0.35491  	0.82595  	-0.2116  	0.18043  	0.11215  	0.23739  	0.26111  	-0.1658  	0.21295  	0.06740  	-0.0448  	0.51837  	0.09425  	0.15928  	-0.2110  	-0.1947  	0.45023  	-0.1701  	0.05730  	-0.2419  	0.17644  	0.16284  	-0.0383  	0.03371  	-0.1444  	-0.0476  	-0.0632  	-0.0354  	-0.0202  	-0.0272  	-0.0123  	-0.0164  	-0.0226  	0.01990  	-0.0025  	0.00112  	0.00042  	-0.0053  	-0.0057  	0.02562  	0.01445  	0.08411  	0.01040  	0.00532  	0.01241  	0.03785  	-0.7581  	
-0.3950  	-0.1181  	-0.7583  	-0.3755  	-0.0206  	-0.4620  	-0.0178  	-0.1107  	0.02453  	0.05181  	-0.3867  	-0.4752  	0.16847  	-0.0109  	0.07877  	0.68597  	-0.0733  	-0.0345  	0.31199  	0.54829  	0.16317  	0.38065  	-0.5106  	0.38423  	0.80914  	-0.2191  	0.20074  	0.05716  	0.18766  	0.24643  	-0.1486  	0.20538  	0.08378  	-0.0416  	0.55728  	0.03338  	0.20131  	-0.2039  	-0.2076  	0.43741  	-0.1765  	0.06030  	-0.2486  	0.17800  	0.15714  	-0.0352  	0.03629  	-0.1507  	-0.0508  	-0.0600  	-0.0420  	-0.0152  	-0.0253  	-0.0100  	-0.0173  	-0.0201  	0.01225  	-0.0049  	0.00174  	0.00331  	0.00095  	0.00229  	0.02138  	0.01330  	0.08411  	0.01040  	0.00532  	0.01241  	0.03785  	-0.7581  	
-0.4566  	-0.1282  	-0.7695  	-0.4189  	-0.0458  	-0.5376  	-0.0590  	-0.0759  	0.02580  	0.04670  	-0.3517  	-0.4378  	0.22704  	-0.0583  	0.03325  	0.65157  	-0.0282  	-0.1157  	0.35803  	0.39663  	0.15276  	0.20490  	-0.6882  	0.31162  	0.72318  	-0.1333  	0.09857  	0.09139  	0.31101  	0.22078  	-0.0498  	0.13958  	0.03008  	-0.1582  	0.45151  	0.02023  	0.07738  	-0.2274  	-0.2690  	0.36817  	-0.0838  	0.15060  	-0.3221  	0.22819  	0.11602  	-0.0168  	0.02525  	-0.1344  	-0.0632  	-0.0609  	-0.0354  	-0.0174  	-0.0287  	-0.0062  	-0.0182  	-0.0175  	0.01167  	-0.0139  	0.00024  	0.00277  	0.00234  	0.00787  	0.00966  	0.01489  	0.08411  	0.01040  	0.00532  	0.01241  	0.03785  	-0.7581  	
-0.4759  	-0.1304  	-0.7513  	-0.4312  	-0.0397  	-0.5810  	-0.0753  	-0.0608  	0.01067  	0.05300  	-0.3505  	-0.4153  	0.24840  	-0.1059  	0.01919  	0.60119  	0.03762  	-0.2010  	0.40229  	0.24569  	0.14841  	0.07237  	-0.8355  	0.30079  	0.69001  	-0.0666  	0.09118  	0.05706  	0.38269  	0.21308  	0.01147  	0.10782  	-0.0295  	-0.2551  	0.39074  	0.02393  	0.00852  	-0.2296  	-0.3292  	0.33158  	-0.0309  	0.21956  	-0.3864  	0.27887  	0.08530  	-0.0053  	0.01035  	-0.1166  	-0.0695  	-0.0693  	-0.0336  	-0.0125  	-0.0295  	0.00249  	-0.0142  	-0.0200  	0.00964  	-0.0209  	-0.0022  	0.00598  	0.00593  	0.00286  	-0.0020  	0.01514  	0.08411  	0.01040  	0.00532  	0.01241  	0.03785  	-0.7581  	
-0.5057  	-0.1593  	-0.7812  	-0.4317  	-0.0378  	-0.5992  	-0.0783  	-0.0773  	-0.0166  	0.04918  	-0.3472  	-0.4478  	0.24291  	-0.1839  	0.01474  	0.59014  	0.06351  	-0.2171  	0.40354  	0.20769  	0.13967  	0.03155  	-0.8713  	0.30869  	0.69007  	-0.0463  	0.08367  	0.06571  	0.41451  	0.21115  	0.01755  	0.10469  	-0.0577  	-0.2788  	0.35387  	0.02435  	-0.0223  	-0.2210  	-0.3361  	0.33298  	-0.0214  	0.24310  	-0.4013  	0.28864  	0.07644  	-0.0011  	0.00397  	-0.1195  	-0.0711  	-0.0729  	-0.0303  	-0.0125  	-0.0280  	0.00659  	-0.0131  	-0.0238  	0.01275  	-0.0215  	0.00298  	0.01174  	0.00695  	0.00093  	-0.0045  	0.01210  	0.08411  	0.01040  	0.00532  	0.01241  	0.03785  	-0.7581  	
-0.5446  	-0.1720  	-0.8243  	-0.4370  	-0.0341  	-0.6100  	-0.0720  	-0.1082  	-0.0301  	0.06316  	-0.3632  	-0.4582  	0.22241  	-0.2207  	-0.0157  	0.59394  	0.05086  	-0.1890  	0.39242  	0.24400  	0.09745  	0.06304  	-0.8303  	0.30298  	0.69967  	-0.0563  	0.08671  	0.09738  	0.42250  	0.22154  	-0.0040  	0.10800  	-0.0538  	-0.2527  	0.35285  	0.05625  	-0.0219  	-0.2210  	-0.3120  	0.34736  	-0.0360  	0.22271  	-0.3809  	0.28408  	0.08389  	-0.0059  	0.00663  	-0.1229  	-0.0710  	-0.0731  	-0.0284  	-0.0113  	-0.0264  	0.00799  	-0.0132  	-0.0255  	0.01489  	-0.0191  	0.00816  	0.01382  	0.00425  	-0.0019  	-0.0023  	0.01316  	0.08411  	0.01040  	0.00532  	0.01241  	0.03785  	-0.7581  	
-0.5587  	-0.1856  	-0.8554  	-0.4632  	-0.0384  	-0.6022  	-0.0523  	-0.1471  	-0.0217  	0.08398  	-0.3736  	-0.4661  	0.19520  	-0.1904  	-0.0534  	0.62208  	-0.0023  	-0.0944  	0.35124  	0.39688  	0.05805  	0.19735  	-0.6830  	0.29764  	0.73763  	-0.1152  	0.08746  	0.15015  	0.37383  	0.23470  	-0.0710  	0.13492  	-0.0026  	-0.1584  	0.39136  	0.07427  	0.03048  	-0.2206  	-0.2498  	0.38993  	-0.0785  	0.14692  	-0.3125  	0.23700  	0.11981  	-0.0179  	0.02087  	-0.1341  	-0.0617  	-0.0657  	-0.0337  	-0.0141  	-0.0269  	-0.0007  	-0.0161  	-0.0255  	0.01657  	-0.0120  	0.00743  	0.00784  	0.00122  	-0.0010  	0.00805  	0.01342  	0.08411  	0.01040  	0.00532  	0.01241  	0.03785  	-0.7581  	
-0.5826  	-0.2040  	-0.8852  	-0.5007  	-0.0538  	-0.5951  	-0.0269  	-0.1912  	-0.0121  	0.10861  	-0.3826  	-0.4852  	0.15615  	-0.1618  	-0.1132  	0.66180  	-0.0720  	0.02487  	0.30315  	0.58788  	-0.0058  	0.36997  	-0.4977  	0.29628  	0.78909  	-0.1886  	0.09789  	0.21297  	0.32257  	0.25168  	-0.1545  	0.17188  	0.05825  	-0.0409  	0.43683  	0.10271  	0.09097  	-0.2185  	-0.1615  	0.44996  	-0.1315  	0.05033  	-0.2271  	0.18340  	0.16111  	-0.0351  	0.03939  	-0.1439  	-0.0498  	-0.0594  	-0.0392  	-0.0161  	-0.0281  	-0.0138  	-0.0174  	-0.0281  	0.01595  	-0.0029  	0.00677  	0.00110  	-0.0027  	0.00135  	0.01980  	0.01319  	0.08411  	0.01040  	0.00532  	0.01241  	0.03785  	-0.7581  	
-0.5997  	-0.2114  	-0.9003  	-0.5104  	-0.0598  	-0.6000  	-0.0201  	-0.1907  	-0.0130  	0.10823  	-0.3805  	-0.4921  	0.14870  	-0.1815  	-0.1235  	0.66155  	-0.0715  	0.02684  	0.30595  	0.58968  	-0.0192  	0.37095  	-0.4995  	0.28920  	0.79230  	-0.1849  	0.09732  	0.22166  	0.33433  	0.25323  	-0.1533  	0.17062  	0.05578  	-0.0414  	0.42583  	0.10780  	0.08311  	-0.2221  	-0.1567  	0.45017  	-0.1292  	0.04953  	-0.2278  	0.18558  	0.16120  	-0.0359  	0.03939  	-0.1416  	-0.0497  	-0.0595  	-0.0382  	-0.0161  	-0.0278  	-0.0146  	-0.0167  	-0.0276  	0.01585  	-0.0031  	0.00645  	0.00055  	-0.0024  	-0.0001  	0.01801  	0.01287  	0.08411  	0.01040  	0.00532  	0.01241  	0.03785  	-0.7581  	
-0.6152  	-0.2193  	-0.9162  	-0.5238  	-0.0603  	-0.6084  	-0.0177  	-0.1966  	-0.0139  	0.11121  	-0.3798  	-0.4977  	0.14587  	-0.1980  	-0.1373  	0.66195  	-0.0693  	0.02715  	0.30731  	0.59173  	-0.0284  	0.36107  	-0.4993  	0.28592  	0.79233  	-0.1803  	0.09476  	0.22758  	0.33396  	0.25281  	-0.1500  	0.16881  	0.05596  	-0.0422  	0.42036  	0.10837  	0.07723  	-0.2245  	-0.1556  	0.44915  	-0.1270  	0.04891  	-0.2283  	0.18769  	0.16202  	-0.0368  	0.04053  	-0.1412  	-0.0499  	-0.0584  	-0.0379  	-0.0160  	-0.0271  	-0.0153  	-0.0169  	-0.0274  	0.01628  	-0.0028  	0.00485  	-7.6748  	-0.0019  	-0.0024  	0.01810  	0.01310  	0.08411  	0.01040  	0.00532  	0.01241  	0.03785  	-0.7581  	
-0.6253  	-0.2237  	-0.9296  	-0.5332  	-0.0513  	-0.6143  	-0.0181  	-0.2034  	-0.0158  	0.11925  	-0.3726  	-0.4881  	0.14620  	-0.1959  	-0.1518  	0.65391  	-0.0714  	0.02825  	0.30787  	0.59722  	-0.0277  	0.35887  	-0.5048  	0.28232  	0.78964  	-0.1836  	0.08760  	0.23491  	0.32898  	0.25103  	-0.1442  	0.16605  	0.05621  	-0.0429  	0.41992  	0.10695  	0.07313  	-0.2295  	-0.1517  	0.44670  	-0.1277  	0.04853  	-0.2314  	0.18644  	0.16358  	-0.0375  	0.04044  	-0.1406  	-0.0497  	-0.0572  	-0.0374  	-0.0168  	-0.0259  	-0.0166  	-0.0175  	-0.0274  	0.01742  	-0.0011  	0.00374  	-0.0007  	-0.0020  	-0.0030  	0.02012  	0.01355  	0.08411  	0.01040  	0.00532  	0.01241  	0.03785  	-0.7581  	
-0.6148  	-0.2170  	-0.9225  	-0.5171  	-0.0428  	-0.6018  	-0.0239  	-0.2059  	-0.0168  	0.11930  	-0.3813  	-0.4823  	0.15410  	-0.1801  	-0.1304  	0.64956  	-0.0694  	0.02913  	0.30088  	0.59876  	-0.0188  	0.35964  	-0.5086  	0.28586  	0.78728  	-0.1861  	0.08383  	0.23979  	0.32742  	0.25020  	-0.1442  	0.16539  	0.06126  	-0.0406  	0.42455  	0.10237  	0.07288  	-0.2296  	-0.1521  	0.45074  	-0.1309  	0.04783  	-0.2302  	0.18442  	0.16195  	-0.0373  	0.04018  	-0.1443  	-0.0487  	-0.0565  	-0.0361  	-0.0168  	-0.0267  	-0.0159  	-0.0192  	-0.0271  	0.01730  	-0.0014  	0.00383  	0.00028  	-0.0026  	-0.0012  	0.02151  	0.01352  	0.08411  	0.01040  	0.00532  	0.01241  	0.03785  	-0.7581  	
-0.6012  	-0.1996  	-0.9099  	-0.4930  	-0.0273  	-0.5915  	-0.0245  	-0.1965  	-0.0092  	0.11763  	-0.3908  	-0.4651  	0.15841  	-0.1475  	-0.0930  	0.64213  	-0.0718  	0.02824  	0.29523  	0.59553  	-0.0055  	0.35872  	-0.5217  	0.28465  	0.77943  	-0.1893  	0.08135  	0.24753  	0.33137  	0.25030  	-0.1388  	0.16720  	0.07335  	-0.0359  	0.43415  	0.09120  	0.07223  	-0.2327  	-0.1577  	0.45286  	-0.1324  	0.04882  	-0.2261  	0.18021  	0.16457  	-0.0362  	0.03973  	-0.1491  	-0.0482  	-0.0537  	-0.0353  	-0.0176  	-0.0282  	-0.0159  	-0.0207  	-0.0248  	0.01746  	-0.0026  	0.00328  	0.00069  	-0.0034  	0.00218  	0.02249  	0.01300  	0.08411  	0.01040  	0.00532  	0.01241  	0.03785  	-0.7581  	
-0.5767  	-0.1878  	-0.8967  	-0.4710  	-0.0188  	-0.5865  	-0.0268  	-0.1918  	-0.0040  	0.11376  	-0.3911  	-0.4515  	0.15851  	-0.1311  	-0.0797  	0.64459  	-0.0755  	0.02734  	0.29244  	0.59342  	0.00722  	0.35804  	-0.5200  	0.28523  	0.77533  	-0.1910  	0.07492  	0.24928  	0.32472  	0.24923  	-0.1403  	0.16651  	0.07583  	-0.0355  	0.44468  	0.08478  	0.07793  	-0.2315  	-0.1615  	0.45174  	-0.1374  	0.05266  	-0.2265  	0.17772  	0.16568  	-0.0347  	0.03885  	-0.1501  	-0.0497  	-0.0513  	-0.0351  	-0.0187  	-0.0281  	-0.0169  	-0.0204  	-0.0231  	0.01802  	-0.0027  	0.00348  	0.00039  	-0.0039  	0.00243  	0.02306  	0.01398  	0.08411  	0.01040  	0.00532  	0.01241  	0.03785  	-0.7581  	
-0.5545  	-0.1778  	-0.8821  	-0.4497  	-0.0034  	-0.5677  	-0.0229  	-0.1783  	0.00167  	0.10312  	-0.3905  	-0.4442  	0.15677  	-0.1129  	-0.0675  	0.64512  	-0.0789  	0.02121  	0.29232  	0.59128  	0.02229  	0.35664  	-0.5254  	0.28985  	0.76948  	-0.1934  	0.08042  	0.24231  	0.31575  	0.25031  	-0.1444  	0.16806  	0.07918  	-0.0356  	0.45983  	0.07711  	0.08511  	-0.2316  	-0.1647  	0.44730  	-0.1388  	0.05676  	-0.2319  	0.17695  	0.16433  	-0.0339  	0.03700  	-0.1488  	-0.0506  	-0.0514  	-0.0355  	-0.0205  	-0.0280  	-0.0181  	-0.0209  	-0.0225  	0.02024  	-0.0025  	0.00129  	-0.0008  	-0.0040  	0.00271  	0.02215  	0.01493  	0.08411  	0.01040  	0.00532  	0.01241  	0.03785  	-0.7581  	
-0.5448  	-0.1791  	-0.8733  	-0.4226  	0.00629  	-0.5667  	-0.0145  	-0.1726  	0.01066  	0.10325  	-0.3921  	-0.4320  	0.16586  	-0.0930  	-0.0570  	0.64483  	-0.0770  	0.02710  	0.28716  	0.60179  	0.01801  	0.35158  	-0.5286  	0.30048  	0.75604  	-0.1927  	0.07474  	0.25325  	0.32251  	0.24622  	-0.1399  	0.16696  	0.08929  	-0.0320  	0.46073  	0.06959  	0.07621  	-0.2375  	-0.1613  	0.45505  	-0.1288  	0.05119  	-0.2345  	0.17888  	0.16216  	-0.0340  	0.03711  	-0.1471  	-0.0492  	-0.0524  	-0.0348  	-0.0201  	-0.0290  	-0.0177  	-0.0207  	-0.0212  	0.01981  	-0.0032  	0.00183  	-9.7503  	-0.0025  	0.00380  	0.01932  	0.01415  	0.08411  	0.01040  	0.00532  	0.01241  	0.03785  	-0.7581  	
-0.5005  	-0.1365  	-0.8311  	-0.4216  	-0.0333  	-0.5547  	-0.0142  	-0.1199  	0.04492  	0.13685  	-0.3826  	-0.3950  	0.23325  	0.00594  	-0.0980  	0.67204  	-0.0894  	0.02143  	0.28710  	0.62512  	-0.0067  	0.36569  	-0.5336  	0.29209  	0.72703  	-0.1899  	0.05309  	0.25390  	0.30412  	0.22227  	-0.1324  	0.14420  	0.11387  	-0.0358  	0.45267  	0.06022  	0.05082  	-0.2393  	-0.1458  	0.45446  	-0.1320  	0.05364  	-0.2212  	0.16119  	0.15362  	-0.0333  	0.03391  	-0.1275  	-0.0483  	-0.0500  	-0.0396  	-0.0183  	-0.0310  	-0.0212  	-0.0199  	-0.0202  	0.01423  	-0.0070  	0.00075  	-0.0058  	0.00314  	0.00724  	0.01857  	0.01774  	0.08411  	0.01040  	0.00532  	0.01241  	0.03785  	-0.7581  	
-0.6461  	-0.2450  	-0.9571  	-0.4559  	0.02366  	-0.6839  	0.01780  	-0.1773  	0.01792  	0.12839  	-0.3240  	-0.4256  	0.18806  	-0.0570  	-0.1628  	0.61747  	-0.1061  	0.05585  	0.28662  	0.68266  	-0.0287  	0.32531  	-0.6077  	0.30750  	0.77470  	-0.1923  	0.03912  	0.25740  	0.31414  	0.24358  	-0.1480  	0.15610  	0.10413  	-0.0301  	0.46528  	0.10094  	0.04376  	-0.2532  	-0.1455  	0.46399  	-0.1761  	0.05783  	-0.2531  	0.16958  	0.16567  	-0.0352  	0.03445  	-0.1367  	-0.0445  	-0.0603  	-0.0328  	-0.0198  	-0.0301  	-0.0185  	-0.0195  	-0.0242  	0.01574  	-0.0020  	-0.0018  	-0.0002  	-0.0020  	0.00191  	0.02616  	0.01309  	0.08411  	0.01040  	0.00532  	0.01241  	0.03785  	-0.7581  	
-0.6874  	-0.2447  	-0.9481  	-0.5801  	-0.0192  	-0.6565  	0.00886  	-0.1580  	0.00577  	0.12831  	-0.2859  	-0.4906  	0.17434  	-0.1103  	-0.1336  	0.62735  	-0.0738  	0.03297  	0.29540  	0.64969  	0.01152  	0.33176  	-0.5465  	0.33455  	0.77232  	-0.1761  	0.07812  	0.21974  	0.29662  	0.22428  	-0.1419  	0.15584  	0.10144  	-0.0393  	0.45222  	0.08399  	0.06955  	-0.2390  	-0.1610  	0.44065  	-0.1546  	0.05350  	-0.2533  	0.17318  	0.16263  	-0.0361  	0.04303  	-0.1441  	-0.0533  	-0.0555  	-0.0337  	-0.0187  	-0.0294  	-0.0149  	-0.0190  	-0.0278  	0.01773  	-0.0029  	-0.0001  	0.00451  	-0.0028  	0.00317  	0.01807  	0.01467  	0.08411  	0.01040  	0.00532  	0.01241  	0.03785  	-0.7581  	
-0.6038  	-0.2113  	-0.8575  	-0.5630  	-0.1099  	-0.5468  	0.00640  	-0.1843  	0.00470  	0.11879  	-0.3767  	-0.5330  	0.15973  	-0.1501  	-0.1428  	0.63244  	-0.0455  	0.02990  	0.29141  	0.61913  	0.00157  	0.36657  	-0.4910  	0.32179  	0.81319  	-0.1854  	0.10877  	0.19758  	0.32200  	0.24596  	-0.1353  	0.17428  	0.06611  	-0.0462  	0.39469  	0.08555  	0.07482  	-0.2341  	-0.1460  	0.46462  	-0.1330  	0.04102  	-0.2248  	0.17854  	0.16170  	-0.0361  	0.04011  	-0.1364  	-0.0478  	-0.0594  	-0.0397  	-0.0172  	-0.0346  	-0.0161  	-0.0201  	-0.0261  	0.01632  	-0.0070  	0.00052  	0.00316  	-0.0015  	-0.0031  	0.02130  	0.01400  	0.08411  	0.01040  	0.00532  	0.01241  	0.03785  	-0.7581  	
-0.5495  	-0.1862  	-0.8504  	-0.5098  	-0.0670  	-0.5388  	0.00436  	-0.2102  	-0.0085  	0.12808  	-0.4455  	-0.5014  	0.17920  	-0.1928  	-0.2012  	0.65961  	-0.0863  	0.05920  	0.31648  	0.64937  	-0.1204  	0.36143  	-0.5365  	0.25667  	0.81821  	-0.1909  	0.05359  	0.29812  	0.40320  	0.24099  	-0.1326  	0.16465  	0.07380  	-0.0295  	0.35717  	0.11888  	0.00229  	-0.2423  	-0.1150  	0.49249  	-0.1065  	0.03468  	-0.2056  	0.20139  	0.15597  	-0.0422  	0.03015  	-0.1245  	-0.0429  	-0.0569  	-0.0347  	-0.0187  	-0.0322  	-0.0189  	-0.0171  	-0.0259  	0.01675  	-0.0066  	-0.0005  	-0.0029  	0.00126  	0.00109  	0.02220  	0.01437  	0.08411  	0.01040  	0.00532  	0.01241  	0.03785  	-0.7581  	
-0.5700  	-0.1946  	-0.8521  	-0.5849  	-0.1420  	-0.5884  	-0.0140  	-0.2149  	-0.0239  	0.17838  	-0.3597  	-0.5113  	0.17570  	-0.1756  	-0.2866  	0.68359  	-0.0876  	0.07559  	0.30082  	0.66414  	-0.0796  	0.33762  	-0.5484  	0.30067  	0.81947  	-0.1955  	0.04645  	0.27678  	0.33902  	0.23420  	-0.1313  	0.16619  	0.07861  	-0.0440  	0.41453  	0.13658  	0.03214  	-0.2520  	-0.1259  	0.47372  	-0.1183  	0.05378  	-0.2171  	0.18902  	0.16114  	-0.0338  	0.03594  	-0.1233  	-0.0428  	-0.0670  	-0.0278  	-0.0163  	-0.0251  	-0.0141  	-0.0234  	-0.0283  	0.01606  	-0.0034  	0.00133  	-0.0021  	-0.0027  	-0.0021  	0.03106  	0.01602  	0.08411  	0.01040  	0.00532  	0.01241  	0.03785  	-0.7581  	
-0.7569  	-0.2625  	-0.9889  	-0.6557  	-0.1133  	-0.7541  	0.01931  	-0.2228  	-0.0124  	0.20788  	-0.2215  	-0.5484  	0.14380  	-0.2173  	-0.2667  	0.65090  	-0.0852  	0.02497  	0.32171  	0.64470  	0.01540  	0.36483  	-0.5400  	0.35377  	0.85793  	-0.1909  	0.11351  	0.17336  	0.30803  	0.24580  	-0.1318  	0.14949  	0.06637  	-0.0461  	0.46412  	0.14055  	0.08705  	-0.2341  	-0.1831  	0.45298  	-0.1622  	0.06742  	-0.2557  	0.17523  	0.16960  	-0.0356  	0.03536  	-0.1410  	-0.0515  	-0.0628  	-0.0355  	-0.0165  	-0.0306  	-0.0159  	-0.0196  	-0.0283  	0.01875  	-0.0027  	-0.0010  	0.00390  	-0.0027  	0.00251  	0.02446  	0.01115  	0.08411  	0.01040  	0.00532  	0.01241  	0.03785  	-0.7581  	
-0.7956  	-0.2951  	-0.9904  	-0.7417  	-0.1553  	-0.7837  	-0.0223  	-0.2112  	-0.0187  	0.15643  	-0.1817  	-0.5604  	0.11022  	-0.1933  	-0.2176  	0.58922  	-0.0596  	-0.0272  	0.29939  	0.62786  	0.08056  	0.31400  	-0.4868  	0.37232  	0.79629  	-0.1817  	0.14305  	0.15426  	0.26089  	0.22930  	-0.1295  	0.17588  	0.07616  	-0.0545  	0.46383  	0.08039  	0.11619  	-0.2251  	-0.2007  	0.43059  	-0.1657  	0.04791  	-0.2551  	0.18380  	0.17135  	-0.0333  	0.04268  	-0.1582  	-0.0522  	-0.0576  	-0.0378  	-0.0200  	-0.0324  	-0.0194  	-0.0227  	-0.0290  	0.00831  	-0.0025  	-0.0031  	0.00251  	-0.0009  	0.00220  	0.01783  	0.01196  	0.08411  	0.01040  	0.00532  	0.01241  	0.03785  	-0.7581  	
-0.6843  	-0.2291  	-0.8862  	-0.6253  	-0.1380  	-0.6536  	-0.0013  	-0.1633  	0.00354  	0.13292  	-0.2970  	-0.5234  	0.17920  	-0.0967  	-0.1310  	0.61092  	-0.0383  	-0.0306  	0.30615  	0.57912  	0.06367  	0.35874  	-0.4607  	0.37485  	0.78890  	-0.1681  	0.14378  	0.09046  	0.23594  	0.21572  	-0.1265  	0.15687  	0.05562  	-0.0621  	0.46123  	0.07418  	0.09934  	-0.2298  	-0.1668  	0.45083  	-0.1482  	0.05068  	-0.2326  	0.16738  	0.15918  	-0.0386  	0.03743  	-0.1390  	-0.0528  	-0.0582  	-0.0379  	-0.0166  	-0.0301  	-0.0149  	-0.0224  	-0.0239  	0.01182  	-0.0071  	-0.0005  	0.00299  	-0.0004  	0.00969  	0.01778  	0.01202  	0.08411  	0.01040  	0.00532  	0.01241  	0.03785  	-0.7581  	
-0.4705  	-0.1760  	-0.7685  	-0.4520  	-0.0786  	-0.4764  	-0.0174  	-0.1161  	0.03160  	0.11782  	-0.4442  	-0.5107  	0.20314  	-0.1233  	-0.1147  	0.72208  	-0.0630  	0.02932  	0.32630  	0.57718  	0.01560  	0.36298  	-0.4985  	0.31879  	0.79943  	-0.2001  	0.13085  	0.13157  	0.26301  	0.22890  	-0.1435  	0.18091  	0.08674  	-0.0543  	0.45332  	0.06817  	0.10858  	-0.2150  	-0.1829  	0.47958  	-0.1428  	0.02975  	-0.2119  	0.19556  	0.15635  	-0.0439  	0.03032  	-0.1315  	-0.0385  	-0.0649  	-0.0297  	-0.0254  	-0.0344  	-0.0164  	-0.0154  	-0.0185  	0.00910  	-0.0058  	0.00360  	0.00569  	-0.0084  	0.00544  	0.01983  	0.01761  	0.08411  	0.01040  	0.00532  	0.01241  	0.03785  	-0.7581  	
-0.4357  	-0.1561  	-0.7637  	-0.4449  	-0.0103  	-0.5214  	0.02287  	-0.1528  	0.01093  	0.16914  	-0.3987  	-0.4598  	0.17692  	-0.1299  	-0.1556  	0.75251  	-0.1090  	0.04204  	0.30986  	0.65286  	-0.0333  	0.35542  	-0.5601  	0.30211  	0.79140  	-0.2039  	0.08576  	0.22892  	0.34066  	0.23876  	-0.1495  	0.18244  	0.07972  	-0.0346  	0.44570  	0.12438  	0.07419  	-0.2318  	-0.1520  	0.48633  	-0.1304  	0.04085  	-0.2271  	0.19435  	0.14958  	-0.0409  	0.03849  	-0.1248  	-0.0381  	-0.0609  	-0.0296  	-0.0211  	-0.0302  	-0.0170  	-0.0158  	-0.0226  	0.01798  	-0.0075  	-0.0009  	0.00396  	-0.0065  	-0.0015  	0.02352  	0.01113  	0.08411  	0.01040  	0.00532  	0.01241  	0.03785  	-0.7581  	
-0.3808  	-0.1705  	-0.7654  	-0.4637  	-0.0518  	-0.4901  	0.00969  	-0.1767  	0.01199  	0.16851  	-0.3242  	-0.4904  	0.15615  	-0.1871  	-0.1875  	0.78873  	-0.1180  	0.04952  	0.32212  	0.63695  	-0.0092  	0.33446  	-0.5569  	0.30475  	0.81609  	-0.2329  	0.11537  	0.22254  	0.30110  	0.25035  	-0.1617  	0.20387  	0.07219  	-0.0380  	0.50133  	0.15054  	0.09488  	-0.2185  	-0.1615  	0.46925  	-0.1586  	0.05573  	-0.2326  	0.18491  	0.15434  	-0.0348  	0.03319  	-0.1353  	-0.0418  	-0.0577  	-0.0255  	-0.0190  	-0.0253  	-0.0124  	-0.0148  	-0.0204  	0.01834  	-0.0043  	0.00375  	0.00133  	-0.0059  	-0.0047  	0.03158  	0.01303  	0.08411  	0.01040  	0.00532  	0.01241  	0.03785  	-0.7581  	
-0.4311  	-0.1765  	-0.7681  	-0.5217  	-0.0690  	-0.4937  	0.02343  	-0.2130  	0.00142  	0.18386  	-0.3281  	-0.5168  	0.14664  	-0.1792  	-0.2661  	0.79665  	-0.1160  	0.05575  	0.31376  	0.63290  	-0.0291  	0.33438  	-0.5691  	0.29474  	0.80767  	-0.2243  	0.09931  	0.23312  	0.30360  	0.24535  	-0.1611  	0.19681  	0.07076  	-0.0374  	0.48564  	0.16306  	0.09109  	-0.2300  	-0.1548  	0.47704  	-0.1492  	0.05714  	-0.2272  	0.17982  	0.16039  	-0.0348  	0.03135  	-0.1381  	-0.0386  	-0.0530  	-0.0211  	-0.0210  	-0.0266  	-0.0146  	-0.0156  	-0.0198  	0.01863  	-0.0049  	0.00178  	0.00061  	-0.0071  	0.00051  	0.02717  	0.01297  	0.08411  	0.01040  	0.00532  	0.01241  	0.03785  	-0.7581  	
-0.4454  	-0.1733  	-0.7836  	-0.5266  	-0.0768  	-0.5018  	0.02777  	-0.2008  	-0.0051  	0.17921  	-0.3444  	-0.5190  	0.13313  	-0.1932  	-0.2653  	0.77639  	-0.1074  	0.05373  	0.31536  	0.62896  	-0.0333  	0.34701  	-0.5513  	0.29850  	0.83155  	-0.2154  	0.09154  	0.25596  	0.31696  	0.23794  	-0.1585  	0.19218  	0.05908  	-0.0463  	0.46297  	0.16636  	0.08986  	-0.2425  	-0.1512  	0.48066  	-0.1527  	0.05263  	-0.2337  	0.18558  	0.16087  	-0.0360  	0.03058  	-0.1336  	-0.0384  	-0.0551  	-0.0210  	-0.0250  	-0.0273  	-0.0178  	-0.0160  	-0.0227  	0.02066  	-0.0035  	0.00193  	0.00235  	-0.0079  	0.00022  	0.02492  	0.01676  	0.08411  	0.01040  	0.00532  	0.01241  	0.03785  	-0.7581  	
-0.5110  	-0.1699  	-0.8390  	-0.4521  	-0.0227  	-0.5486  	0.01050  	-0.2207  	-0.0061  	0.14895  	-0.3986  	-0.4896  	0.11672  	-0.1362  	-0.1751  	0.70401  	-0.0868  	0.03461  	0.31329  	0.61836  	-0.0019  	0.36626  	-0.5720  	0.33657  	0.85846  	-0.2159  	0.13587  	0.21887  	0.33029  	0.26048  	-0.1600  	0.18574  	0.04895  	-0.0440  	0.47589  	0.15051  	0.09433  	-0.2390  	-0.1693  	0.47250  	-0.1671  	0.05526  	-0.2438  	0.18727  	0.16434  	-0.0360  	0.03190  	-0.1395  	-0.0460  	-0.0586  	-0.0222  	-0.0188  	-0.0270  	-0.0203  	-0.0143  	-0.0226  	0.02215  	-0.0031  	0.00228  	0.00205  	-0.0074  	-0.0056  	0.02665  	0.01229  	0.08411  	0.01040  	0.00532  	0.01241  	0.03785  	-0.7581  	
-0.5510  	-0.2094  	-0.8841  	-0.4833  	-0.0818  	-0.5040  	-0.0337  	-0.1994  	-0.0090  	0.09009  	-0.4291  	-0.4977  	0.14427  	-0.1574  	-0.1177  	0.65662  	-0.0650  	0.01848  	0.32293  	0.58332  	0.00529  	0.38125  	-0.4951  	0.32393  	0.85913  	-0.2049  	0.16379  	0.18369  	0.31871  	0.25519  	-0.1447  	0.18417  	0.05167  	-0.0421  	0.45261  	0.11046  	0.08796  	-0.2260  	-0.1631  	0.44944  	-0.1557  	0.04838  	-0.2311  	0.18292  	0.16732  	-0.0340  	0.03432  	-0.1396  	-0.0505  	-0.0537  	-0.0293  	-0.0148  	-0.0277  	-0.0168  	-0.0176  	-0.0230  	0.01643  	-0.0058  	0.00236  	-0.0009  	-0.0041  	-0.0088  	0.02654  	0.01436  	0.08411  	0.01040  	0.00532  	0.01241  	0.03785  	-0.7581  	
-0.4878  	-0.1818  	-0.8511  	-0.3258  	0.01798  	-0.4759  	-0.0117  	-0.1874  	-0.0079  	0.05382  	-0.5344  	-0.4736  	0.15174  	-0.1234  	-0.0569  	0.64595  	-0.0807  	0.04837  	0.32361  	0.60974  	-0.0545  	0.38136  	-0.5581  	0.30765  	0.88388  	-0.2166  	0.17284  	0.25633  	0.37296  	0.30069  	-0.1688  	0.18068  	0.04822  	-0.0375  	0.44159  	0.11740  	0.06419  	-0.2353  	-0.1402  	0.47601  	-0.1579  	0.04394  	-0.2349  	0.18742  	0.16653  	-0.0388  	0.03011  	-0.1356  	-0.0455  	-0.0683  	-0.0268  	-0.0174  	-0.0268  	-0.0171  	-0.0138  	-0.0156  	0.02522  	-0.0036  	0.00136  	0.00440  	-0.0044  	-0.0018  	0.02236  	0.01508  	0.08411  	0.01040  	0.00532  	0.01241  	0.03785  	-0.7581  	
-0.4783  	-0.1790  	-0.8834  	-0.2665  	0.08254  	-0.4746  	-0.0172  	-0.1918  	-0.0142  	0.07934  	-0.5603  	-0.4360  	0.19372  	-0.0699  	-0.0311  	0.65336  	-0.0881  	0.06972  	0.31332  	0.65285  	-0.0942  	0.39627  	-0.6092  	0.30874  	0.88951  	-0.2206  	0.12729  	0.31524  	0.42923  	0.30064  	-0.1843  	0.18234  	0.07173  	-0.0283  	0.43204  	0.11815  	0.01952  	-0.2512  	-0.1206  	0.48251  	-0.1630  	0.03748  	-0.2345  	0.18433  	0.16453  	-0.0391  	0.03619  	-0.1277  	-0.0384  	-0.0743  	-0.0213  	-0.0225  	-0.0311  	-0.0187  	-0.0136  	-0.0158  	0.02329  	-0.0012  	0.00048  	0.00343  	-0.0045  	-0.0008  	0.02117  	0.01337  	0.08411  	0.01040  	0.00532  	0.01241  	0.03785  	-0.7581  	
-0.4484  	-0.1620  	-0.8934  	-0.2379  	0.12997  	-0.5030  	-0.0005  	-0.1565  	0.00319  	0.10170  	-0.5231  	-0.4006  	0.22394  	0.01098  	0.02590  	0.65561  	-0.1036  	0.04071  	0.29570  	0.63143  	-0.0455  	0.41148  	-0.6039  	0.30060  	0.87514  	-0.2242  	0.12017  	0.29176  	0.41180  	0.29784  	-0.1789  	0.17565  	0.08332  	-0.0254  	0.46124  	0.10108  	0.01726  	-0.2607  	-0.1253  	0.48124  	-0.1776  	0.04855  	-0.2364  	0.17885  	0.16230  	-0.0383  	0.03816  	-0.1307  	-0.0376  	-0.0653  	-0.0261  	-0.0244  	-0.0364  	-0.0183  	-0.0175  	-0.0222  	0.02358  	-0.0051  	9.03073  	-0.0032  	-0.0081  	-0.0001  	0.02708  	0.01525  	0.08411  	0.01040  	0.00532  	0.01241  	0.03785  	-0.7581  	
-0.3834  	-0.1374  	-0.8751  	-0.1527  	0.16237  	-0.4212  	0.00929  	-0.1228  	0.03635  	0.07313  	-0.5181  	-0.3434  	0.24894  	0.08042  	0.09640  	0.69262  	-0.0979  	0.01157  	0.29616  	0.61830  	0.01312  	0.39262  	-0.5940  	0.32110  	0.88366  	-0.2161  	0.14937  	0.25677  	0.36892  	0.30290  	-0.1683  	0.17036  	0.09054  	-0.0278  	0.48787  	0.07606  	0.03991  	-0.2647  	-0.1160  	0.48106  	-0.2173  	0.07225  	-0.2429  	0.17470  	0.16822  	-0.0381  	0.03578  	-0.1248  	-0.0406  	-0.0581  	-0.0316  	-0.0243  	-0.0349  	-0.0174  	-0.0179  	-0.0183  	0.02661  	-0.0025  	0.00490  	-0.0011  	-0.0060  	-0.0003  	0.02404  	0.01839  	0.08411  	0.01040  	0.00532  	0.01241  	0.03785  	-0.7581  	
-0.4137  	-0.1440  	-0.9104  	-0.1738  	0.17608  	-0.4463  	0.00251  	-0.1300  	0.02090  	0.09748  	-0.5367  	-0.3147  	0.24307  	0.06068  	0.12198  	0.68254  	-0.1074  	0.03213  	0.31054  	0.63129  	-0.0020  	0.38390  	-0.6070  	0.34352  	0.87884  	-0.2120  	0.12049  	0.26439  	0.38084  	0.30043  	-0.1606  	0.16183  	0.08349  	-0.0285  	0.48959  	0.07573  	0.01831  	-0.2703  	-0.1105  	0.47004  	-0.2209  	0.07194  	-0.2570  	0.17474  	0.15606  	-0.0343  	0.03592  	-0.1307  	-0.0359  	-0.0641  	-0.0292  	-0.0255  	-0.0302  	-0.0233  	-0.0211  	-0.0166  	0.02280  	-0.0014  	0.00771  	-0.0033  	-0.0041  	-0.0020  	0.01281  	0.00774  	0.08411  	0.01040  	0.00532  	0.01241  	0.03785  	-0.7581  	
-0.4734  	-0.1641  	-0.9013  	-0.2800  	0.07973  	-0.4564  	-0.0081  	-0.1483  	-0.0061  	0.07829  	-0.5387  	-0.4079  	0.19434  	-0.0312  	0.06717  	0.64490  	-0.0679  	0.05732  	0.31639  	0.62724  	0.00039  	0.37875  	-0.5349  	0.34895  	0.86417  	-0.2123  	0.11557  	0.25614  	0.36363  	0.27624  	-0.1682  	0.17338  	0.07433  	-0.0438  	0.45176  	0.06863  	0.04659  	-0.2552  	-0.1319  	0.47751  	-0.1967  	0.04726  	-0.2412  	0.18151  	0.16912  	-0.0312  	0.03336  	-0.1374  	-0.0453  	-0.0658  	-0.0342  	-0.0210  	-0.0302  	-0.0207  	-0.0171  	-0.0223  	0.01690  	-0.0053  	0.00735  	0.00379  	-0.0079  	-0.0085  	0.01463  	0.00776  	0.08411  	0.01040  	0.00532  	0.01241  	0.03785  	-0.7581  	
-0.3922  	-0.1471  	-0.7979  	-0.3434  	0.03051  	-0.4650  	-0.0098  	-0.1821  	-0.0037  	0.07953  	-0.4637  	-0.4783  	0.15824  	-0.1220  	-0.0543  	0.74099  	-0.0967  	0.03783  	0.31633  	0.62726  	0.00841  	0.37843  	-0.5607  	0.36230  	0.84045  	-0.2162  	0.15830  	0.18349  	0.31702  	0.27464  	-0.1789  	0.19902  	0.07248  	-0.0362  	0.47958  	0.10965  	0.09665  	-0.2344  	-0.1688  	0.47042  	-0.1727  	0.05818  	-0.2338  	0.18503  	0.15779  	-0.0346  	0.03251  	-0.1315  	-0.0379  	-0.0650  	-0.0273  	-0.0205  	-0.0283  	-0.0183  	-0.0206  	-0.0177  	0.02261  	-0.0058  	0.00609  	0.00487  	-0.0106  	-0.0115  	0.02490  	0.01037  	0.08411  	0.01040  	0.00532  	0.01241  	0.03785  	-0.7581  	
-0.4009  	-0.1682  	-0.7914  	-0.3766  	0.03801  	-0.4990  	0.01313  	-0.2039  	-0.0032  	0.20212  	-0.4186  	-0.4483  	0.15161  	-0.2137  	-0.2083  	0.81815  	-0.1098  	0.07326  	0.31833  	0.65566  	-0.0773  	0.36454  	-0.6074  	0.32609  	0.88347  	-0.2324  	0.13097  	0.25774  	0.35217  	0.26750  	-0.1748  	0.18514  	0.05858  	-0.0441  	0.46455  	0.16091  	0.04056  	-0.2474  	-0.1186  	0.48594  	-0.1610  	0.05978  	-0.2324  	0.19287  	0.16162  	-0.0326  	0.02985  	-0.1218  	-0.0394  	-0.0610  	-0.0208  	-0.0192  	-0.0243  	-0.0239  	-0.0141  	-0.0206  	0.02301  	-0.0053  	0.00271  	0.00167  	-0.0052  	-0.0087  	0.02711  	0.01402  	0.08411  	0.01040  	0.00532  	0.01241  	0.03785  	-0.7581  	
-0.4684  	-0.2014  	-0.7914  	-0.4357  	-0.0197  	-0.5276  	0.01730  	-0.1952  	-0.0041  	0.15967  	-0.4094  	-0.5080  	0.15870  	-0.2092  	-0.1670  	0.79509  	-0.1136  	0.06782  	0.32642  	0.62729  	-0.0625  	0.39208  	-0.5752  	0.30695  	0.89352  	-0.2209  	0.12946  	0.25992  	0.35135  	0.27349  	-0.1678  	0.19545  	0.04662  	-0.0408  	0.46234  	0.17168  	0.05695  	-0.2385  	-0.1433  	0.47663  	-0.1568  	0.05825  	-0.2307  	0.19075  	0.15279  	-0.0332  	0.03709  	-0.1245  	-0.0439  	-0.0596  	-0.0169  	-0.0192  	-0.0270  	-0.0192  	-0.0154  	-0.0223  	0.02016  	-0.0025  	0.00193  	0.00299  	-0.0042  	-0.0111  	0.02456  	0.01528  	0.08411  	0.01040  	0.00532  	0.01241  	0.03785  	-0.7581  	
-0.5808  	-0.2109  	-0.8883  	-0.5222  	-0.0640  	-0.5766  	0.03177  	-0.2216  	-0.0302  	0.14483  	-0.3892  	-0.5298  	0.13531  	-0.2139  	-0.1980  	0.72468  	-0.0860  	0.05430  	0.29872  	0.63184  	-0.0689  	0.36217  	-0.5672  	0.32940  	0.89942  	-0.2129  	0.14025  	0.24609  	0.37153  	0.27396  	-0.1588  	0.18523  	0.03381  	-0.0426  	0.43751  	0.18504  	0.05749  	-0.2332  	-0.1540  	0.48205  	-0.1433  	0.05461  	-0.2299  	0.18911  	0.16160  	-0.0353  	0.03662  	-0.1426  	-0.0486  	-0.0601  	-0.0268  	-0.0184  	-0.0298  	-0.0189  	-0.0131  	-0.0236  	0.02214  	-0.0021  	0.00217  	-0.0025  	-0.0053  	-0.0084  	0.02363  	0.01440  	0.08411  	0.01040  	0.00532  	0.01241  	0.03785  	-0.7581  	
-0.6397  	-0.2243  	-0.8857  	-0.6020  	-0.1339  	-0.5701  	0.00382  	-0.2324  	-0.0318  	0.09234  	-0.4000  	-0.5776  	0.12083  	-0.2516  	-0.1732  	0.63405  	-0.0546  	0.04082  	0.29974  	0.62443  	-0.0391  	0.34904  	-0.4836  	0.29225  	0.84936  	-0.1908  	0.13072  	0.21235  	0.35649  	0.24121  	-0.1335  	0.19348  	0.04858  	-0.0366  	0.39722  	0.12851  	0.08232  	-0.2146  	-0.1503  	0.44805  	-0.1201  	0.04059  	-0.2261  	0.18958  	0.16659  	-0.0372  	0.03169  	-0.1491  	-0.0535  	-0.0620  	-0.0339  	-0.0180  	-0.0257  	-0.0167  	-0.0140  	-0.0233  	0.01454  	-0.0049  	0.00343  	0.00523  	-0.0018  	-0.0073  	0.02239  	0.01502  	0.08411  	0.01040  	0.00532  	0.01241  	0.03785  	-0.7581  	
-0.6214  	-0.2096  	-0.8697  	-0.5963  	-0.1232  	-0.5439  	0.00022  	-0.2419  	-0.0186  	0.10705  	-0.4337  	-0.5769  	0.12492  	-0.2448  	-0.1875  	0.63521  	-0.0587  	0.03928  	0.31501  	0.59917  	-0.0775  	0.36367  	-0.4789  	0.28238  	0.83668  	-0.1809  	0.10649  	0.22656  	0.34942  	0.24550  	-0.1358  	0.18118  	0.04572  	-0.0376  	0.36328  	0.12598  	0.06216  	-0.2215  	-0.1432  	0.45781  	-0.1040  	0.03485  	-0.2156  	0.19164  	0.15447  	-0.0397  	0.03021  	-0.1409  	-0.0522  	-0.0611  	-0.0385  	-0.0162  	-0.0265  	-0.0141  	-0.0184  	-0.0276  	0.01071  	-0.0067  	0.00207  	-0.0005  	-0.0013  	-0.0013  	0.02269  	0.01301  	0.08411  	0.01040  	0.00532  	0.01241  	0.03785  	-0.7581  	
-0.6049  	-0.2347  	-0.9110  	-0.5727  	-0.0736  	-0.5557  	-0.0076  	-0.2150  	-0.0205  	0.10014  	-0.4331  	-0.4940  	0.14585  	-0.2288  	-0.1877  	0.65909  	-0.0696  	0.06190  	0.31201  	0.59725  	-0.0779  	0.36848  	-0.4992  	0.29636  	0.83685  	-0.1889  	0.10826  	0.23873  	0.38572  	0.25388  	-0.1375  	0.16391  	0.05098  	-0.0442  	0.36905  	0.12747  	0.05008  	-0.2351  	-0.1357  	0.47839  	-0.1235  	0.04868  	-0.2232  	0.19555  	0.15871  	-0.0370  	0.03646  	-0.1406  	-0.0523  	-0.0553  	-0.0427  	-0.0183  	-0.0299  	-0.0169  	-0.0168  	-0.0257  	0.01334  	-0.0025  	-7.6520  	-0.0010  	-0.0036  	-0.0036  	0.02537  	0.01466  	0.08411  	0.01040  	0.00532  	0.01241  	0.03785  	-0.7581  	
-0.6488  	-0.2579  	-0.9231  	-0.4292  	0.02918  	-0.6477  	-0.0279  	-0.1068  	-0.0236  	0.08561  	-0.3109  	-0.3965  	0.21971  	-0.1586  	-0.0305  	0.63626  	-0.0217  	-0.0795  	0.36054  	0.44297  	0.04518  	0.18709  	-0.7302  	0.36849  	0.70827  	-0.1163  	0.10668  	0.13973  	0.36419  	0.21915  	-0.0630  	0.13826  	0.01969  	-0.1618  	0.42009  	0.06778  	0.00684  	-0.2327  	-0.2329  	0.40931  	-0.1027  	0.14764  	-0.3357  	0.23105  	0.12026  	-0.0171  	0.02203  	-0.1261  	-0.0617  	-0.0657  	-0.0301  	-0.0154  	-0.0290  	-0.0048  	-0.0145  	-0.0222  	0.01444  	-0.0155  	0.00334  	0.00757  	-0.0010  	-0.0069  	0.00447  	0.01574  	0.08411  	0.01040  	0.00532  	0.01241  	0.03785  	-0.7581  	
-0.3304  	-0.1150  	-0.7414  	-0.1985  	0.12139  	-0.4980  	-0.0288  	-0.0345  	-0.0138  	0.03800  	-0.5213  	-0.3681  	0.33360  	0.06125  	0.25765  	0.57724  	0.02815  	-0.2451  	0.38109  	0.26439  	0.15689  	0.07747  	-0.8865  	0.39009  	0.65588  	-0.0708  	0.15439  	0.03450  	0.33278  	0.23161  	0.01490  	0.11873  	-0.0173  	-0.2523  	0.44387  	-0.0081  	-0.0171  	-0.2610  	-0.3083  	0.38282  	-0.0967  	0.23130  	-0.3945  	0.28223  	0.08446  	-0.0109  	-0.0004  	-0.1011  	-0.0585  	-0.0708  	-0.0193  	-0.0156  	-0.0383  	0.00153  	-0.0126  	-0.0189  	0.01261  	-0.0232  	0.00214  	0.01245  	0.00453  	0.00554  	-0.0136  	0.00975  	0.08411  	0.01040  	0.00532  	0.01241  	0.03785  	-0.7581  	
-0.0956  	-0.0887  	-0.5823  	-0.1347  	0.08486  	-0.3127  	0.01656  	0.02548  	0.02754  	0.03793  	-0.6388  	-0.5176  	0.39974  	0.17853  	0.34081  	0.52845  	0.07451  	-0.3073  	0.39662  	0.13123  	0.18489  	0.12400  	-0.8635  	0.38233  	0.77607  	-0.0891  	0.24339  	-0.0878  	0.40406  	0.26601  	0.00685  	0.11063  	-0.0525  	-0.2670  	0.43190  	-0.0062  	-0.0217  	-0.2449  	-0.2949  	0.37440  	-0.0926  	0.26503  	-0.4087  	0.30723  	0.06609  	-0.0039  	-0.0112  	-0.0721  	-0.0408  	-0.0815  	-0.0197  	-0.0091  	-0.0290  	0.00875  	-0.0076  	-0.0100  	0.00311  	-0.0231  	-0.0006  	0.01236  	0.00456  	-0.0007  	-0.0064  	0.00283  	0.08411  	0.01040  	0.00532  	0.01241  	0.03785  	-0.7581  	
-0.0921  	-0.0640  	-0.5666  	-0.1306  	0.07981  	-0.3396  	0.03770  	0.01631  	0.02751  	0.08653  	-0.6707  	-0.6098  	0.40432  	0.17447  	0.31980  	0.53538  	0.04848  	-0.2751  	0.39840  	0.11739  	0.13857  	0.19393  	-0.8138  	0.36841  	0.87479  	-0.1132  	0.28131  	-0.1036  	0.43803  	0.30217  	-0.0070  	0.12080  	-0.0650  	-0.2446  	0.39347  	0.00919  	-0.0134  	-0.2407  	-0.2710  	0.37828  	-0.0993  	0.23819  	-0.3622  	0.30195  	0.06996  	-0.0085  	-0.0124  	-0.0685  	-0.0377  	-0.0841  	-0.0265  	-0.0116  	-0.0278  	0.00942  	-0.0050  	-0.0135  	0.00309  	-0.0228  	-0.0021  	0.01545  	0.00526  	-0.0033  	-0.0037  	0.00260  	0.08411  	0.01040  	0.00532  	0.01241  	0.03785  	-0.7581  	
-0.1797  	-0.0721  	-0.6800  	-0.3277  	0.03657  	-0.5182  	0.05631  	-0.0924  	0.01397  	0.16655  	-0.6388  	-0.6141  	0.35861  	0.13939  	0.20607  	0.47415  	0.00093  	-0.1564  	0.36362  	0.34107  	0.07099  	0.28298  	-0.7240  	0.36452  	0.92275  	-0.1786  	0.30224  	-0.0334  	0.36693  	0.30643  	-0.0588  	0.14952  	-0.0085  	-0.1631  	0.46445  	0.05771  	0.04410  	-0.2506  	-0.2194  	0.45141  	-0.1527  	0.14935  	-0.3159  	0.25842  	0.11070  	-0.0227  	0.00657  	-0.0934  	-0.0354  	-0.0648  	-0.0244  	-0.0174  	-0.0356  	-0.0062  	-0.0147  	-0.0149  	0.00752  	-0.0174  	-0.0013  	0.01398  	0.00101  	0.00081  	0.01294  	0.00551  	0.08411  	0.01040  	0.00532  	0.01241  	0.03785  	-0.7581  	
-0.5110  	-0.1641  	-0.8460  	-0.4655  	-0.0320  	-0.5774  	0.02600  	-0.1329  	0.00636  	0.11629  	-0.3491  	-0.5304  	0.21610  	0.03639  	-0.0534  	0.62412  	-0.0929  	0.00781  	0.31034  	0.64792  	0.10862  	0.36076  	-0.5732  	0.40415  	0.83310  	-0.2225  	0.17659  	0.12588  	0.22290  	0.23991  	-0.1295  	0.16033  	0.09686  	-0.0366  	0.54118  	0.07592  	0.14678  	-0.2446  	-0.1787  	0.47550  	-0.1983  	0.04804  	-0.2705  	0.18059  	0.15696  	-0.0319  	0.03601  	-0.1437  	-0.0442  	-0.0576  	-0.0314  	-0.0213  	-0.0430  	-0.0232  	-0.0261  	-0.0201  	0.01146  	-0.0063  	-0.0070  	0.00729  	-0.0015  	0.00620  	0.02689  	0.01093  	0.08411  	0.01040  	0.00532  	0.01241  	0.03785  	-0.7581  	
-0.7207  	-0.2421  	-0.9695  	-0.6042  	-0.0386  	-0.7085  	0.01420  	-0.2010  	-0.0141  	0.15029  	-0.2404  	-0.5032  	0.14091  	-0.1436  	-0.2093  	0.61024  	-0.1106  	0.04805  	0.29432  	0.67952  	0.03742  	0.31769  	-0.5477  	0.36541  	0.78232  	-0.2070  	0.10381  	0.19465  	0.26361  	0.22036  	-0.1350  	0.16409  	0.08750  	-0.0325  	0.50875  	0.10090  	0.08702  	-0.2286  	-0.1708  	0.46954  	-0.1767  	0.06040  	-0.2603  	0.17293  	0.16063  	-0.0325  	0.04593  	-0.1527  	-0.0509  	-0.0532  	-0.0335  	-0.0191  	-0.0284  	-0.0131  	-0.0174  	-0.0242  	0.01594  	-0.0031  	-0.0013  	0.00168  	-0.0043  	-0.0023  	0.02350  	0.01144  	0.08411  	0.01040  	0.00532  	0.01241  	0.03785  	-0.7581  	
-0.6397  	-0.2297  	-0.9347  	-0.4725  	0.01036  	-0.6383  	0.00234  	-0.1670  	-0.0066  	0.12268  	-0.2983  	-0.4545  	0.14991  	-0.1219  	-0.1246  	0.65395  	-0.0833  	0.02657  	0.29371  	0.65725  	0.03471  	0.33254  	-0.5502  	0.32975  	0.76993  	-0.1922  	0.08143  	0.21521  	0.31222  	0.24032  	-0.1489  	0.17169  	0.07937  	-0.0379  	0.46435  	0.09078  	0.08384  	-0.2449  	-0.1552  	0.44660  	-0.1674  	0.05348  	-0.2538  	0.17923  	0.16430  	-0.0366  	0.04267  	-0.1533  	-0.0461  	-0.0586  	-0.0315  	-0.0204  	-0.0312  	-0.0136  	-0.0174  	-0.0243  	0.02109  	-0.0012  	0.00244  	0.00370  	-0.0035  	-0.0006  	0.01914  	0.01160  	0.08411  	0.01040  	0.00532  	0.01241  	0.03785  	-0.7581  	
-0.5247  	-0.1897  	-0.9006  	-0.4467  	0.00662  	-0.5693  	-0.0064  	-0.1460  	0.01977  	0.11302  	-0.3436  	-0.4033  	0.16298  	-0.0850  	-0.0739  	0.67614  	-0.0888  	0.04231  	0.31460  	0.64268  	0.05303  	0.36935  	-0.5364  	0.30698  	0.77950  	-0.1938  	0.06369  	0.22093  	0.32296  	0.23425  	-0.1333  	0.15235  	0.08591  	-0.0287  	0.45001  	0.06557  	0.07782  	-0.2468  	-0.1438  	0.45374  	-0.1403  	0.05225  	-0.2302  	0.18585  	0.16558  	-0.0318  	0.03419  	-0.1384  	-0.0488  	-0.0539  	-0.0363  	-0.0216  	-0.0320  	-0.0184  	-0.0151  	-0.0187  	0.01896  	-0.0039  	0.00230  	-0.0007  	-0.0067  	-0.0005  	0.01983  	0.01338  	0.08411  	0.01040  	0.00532  	0.01241  	0.03785  	-0.7581  	
-0.5369  	-0.1850  	-0.8585  	-0.4393  	-0.0009  	-0.5244  	-0.0436  	-0.1473  	0.01517  	0.09138  	-0.3894  	-0.4767  	0.16377  	-0.1044  	-0.0439  	0.68031  	-0.0757  	0.02699  	0.33188  	0.61129  	0.06827  	0.36646  	-0.5210  	0.33498  	0.81996  	-0.1994  	0.11223  	0.17378  	0.25447  	0.24907  	-0.1371  	0.17074  	0.08206  	-0.0455  	0.47274  	0.05024  	0.11402  	-0.2331  	-0.1639  	0.44095  	-0.1638  	0.06135  	-0.2325  	0.18384  	0.16459  	-0.0358  	0.03633  	-0.1453  	-0.0482  	-0.0597  	-0.0340  	-0.0156  	-0.0326  	-0.0173  	-0.0156  	-0.0194  	0.02123  	0.00070  	0.00100  	0.00286  	-0.0068  	-0.0011  	0.02520  	0.01603  	0.08411  	0.01040  	0.00532  	0.01241  	0.03785  	-0.7581  	
-0.4800  	-0.1844  	-0.8204  	-0.4355  	-0.0145  	-0.4756  	-0.0382  	-0.1768  	-0.0086  	0.06626  	-0.4320  	-0.4837  	0.15312  	-0.1660  	-0.0722  	0.71901  	-0.0759  	0.04867  	0.32749  	0.64638  	0.02404  	0.32457  	-0.5283  	0.32492  	0.82609  	-0.2013  	0.13649  	0.19807  	0.28909  	0.24095  	-0.1552  	0.18025  	0.06496  	-0.0379  	0.46350  	0.09568  	0.10009  	-0.2100  	-0.1654  	0.45300  	-0.1582  	0.04997  	-0.2237  	0.19080  	0.15450  	-0.0337  	0.03208  	-0.1336  	-0.0510  	-0.0631  	-0.0340  	-0.0149  	-0.0285  	-0.0170  	-0.0161  	-0.0216  	0.02395  	-0.0001  	-0.0037  	0.00035  	-0.0030  	-0.0074  	0.02611  	0.01270  	0.08411  	0.01040  	0.00532  	0.01241  	0.03785  	-0.7581  	
-0.4058  	-0.1833  	-0.7840  	-0.3949  	-0.0039  	-0.4668  	0.00346  	-0.1896  	-0.0112  	0.10839  	-0.4269  	-0.4657  	0.14799  	-0.1857  	-0.0892  	0.78650  	-0.0863  	0.06641  	0.31596  	0.63990  	-0.0130  	0.34135  	-0.5515  	0.33442  	0.84707  	-0.2098  	0.11209  	0.25992  	0.32006  	0.25857  	-0.1391  	0.18665  	0.05491  	-0.0343  	0.45394  	0.12382  	0.07793  	-0.2280  	-0.1539  	0.47531  	-0.1500  	0.03691  	-0.2290  	0.19012  	0.15262  	-0.0316  	0.03285  	-0.1313  	-0.0474  	-0.0671  	-0.0273  	-0.0191  	-0.0267  	-0.0234  	-0.0193  	-0.0223  	0.02379  	-0.0039  	-0.0004  	0.00038  	-0.0040  	-0.0088  	0.02787  	0.01362  	0.08411  	0.01040  	0.00532  	0.01241  	0.03785  	-0.7581  	
-0.3713  	-0.1852  	-0.7366  	-0.4614  	-0.0007  	-0.5155  	0.04736  	-0.2116  	0.02005  	0.18963  	-0.4047  	-0.4738  	0.16558  	-0.2095  	-0.1885  	0.81753  	-0.1293  	0.09615  	0.29458  	0.68214  	-0.1053  	0.34454  	-0.6332  	0.25345  	0.84546  	-0.2229  	0.08164  	0.32019  	0.38110  	0.27285  	-0.1547  	0.18514  	0.05572  	-0.0180  	0.44392  	0.16562  	0.03536  	-0.2365  	-0.1281  	0.50022  	-0.1364  	0.04724  	-0.2182  	0.19823  	0.14747  	-0.0356  	0.02597  	-0.1223  	-0.0371  	-0.0601  	-0.0196  	-0.0207  	-0.0279  	-0.0151  	-0.0131  	-0.0140  	0.01723  	-0.0077  	-0.0028  	0.00348  	-0.0039  	-0.0005  	0.02465  	0.01542  	0.08411  	0.01040  	0.00532  	0.01241  	0.03785  	-0.7581  	
-0.4117  	-0.1942  	-0.7786  	-0.5101  	-0.0565  	-0.5047  	0.03083  	-0.2055  	-0.0002  	0.16204  	-0.4141  	-0.5534  	0.16137  	-0.2132  	-0.2022  	0.77902  	-0.1091  	0.07090  	0.30921  	0.62535  	-0.0608  	0.36129  	-0.5711  	0.28944  	0.85826  	-0.2175  	0.09983  	0.27528  	0.36459  	0.26729  	-0.1594  	0.19409  	0.05214  	-0.0339  	0.44859  	0.17106  	0.05915  	-0.2425  	-0.1397  	0.49142  	-0.1459  	0.04968  	-0.2240  	0.18936  	0.15503  	-0.0345  	0.02920  	-0.1322  	-0.0434  	-0.0559  	-0.0243  	-0.0211  	-0.0282  	-0.0205  	-0.0153  	-0.0228  	0.01980  	-0.0051  	-0.0006  	-0.0012  	-0.0036  	-0.0058  	0.02430  	0.01654  	0.08411  	0.01040  	0.00532  	0.01241  	0.03785  	-0.7581  	
-0.5975  	-0.2380  	-0.8773  	-0.4694  	-0.0453  	-0.5724  	0.00388  	-0.2056  	-0.0291  	0.11234  	-0.3890  	-0.5367  	0.15241  	-0.1863  	-0.1274  	0.69813  	-0.0736  	0.01774  	0.31527  	0.59748  	-0.0328  	0.34600  	-0.5529  	0.35515  	0.88103  	-0.2258  	0.17089  	0.23244  	0.32893  	0.26525  	-0.1645  	0.20833  	0.04515  	-0.0479  	0.46505  	0.16419  	0.08873  	-0.2311  	-0.1810  	0.48354  	-0.1652  	0.05467  	-0.2424  	0.18569  	0.16441  	-0.0412  	0.03542  	-0.1472  	-0.0476  	-0.0584  	-0.0272  	-0.0188  	-0.0292  	-0.0143  	-0.0156  	-0.0226  	0.02030  	-0.0047  	0.00472  	0.00022  	-0.0030  	-0.0089  	0.02359  	0.01498  	0.08411  	0.01040  	0.00532  	0.01241  	0.03785  	-0.7581  	
-0.4874  	-0.2104  	-0.8465  	-0.4232  	-0.0529  	-0.4895  	-0.0245  	-0.1626  	-0.0041  	0.00527  	-0.4441  	-0.5217  	0.16630  	-0.1439  	0.04749  	0.61791  	-0.0410  	-0.0278  	0.29253  	0.55532  	0.07938  	0.38803  	-0.4501  	0.37654  	0.83105  	-0.2013  	0.18842  	0.13606  	0.24176  	0.24160  	-0.1504  	0.19674  	0.06187  	-0.0482  	0.51807  	0.06321  	0.13671  	-0.2119  	-0.1965  	0.44707  	-0.1760  	0.05053  	-0.2483  	0.17617  	0.15788  	-0.0381  	0.03998  	-0.1459  	-0.0476  	-0.0544  	-0.0265  	-0.0187  	-0.0328  	-0.0206  	-0.0189  	-0.0212  	0.02202  	-0.0020  	0.00118  	-0.0035  	-0.0030  	-0.0092  	0.03057  	0.01689  	0.08411  	0.01040  	0.00532  	0.01241  	0.03785  	-0.7581  	
-0.3060  	-0.1208  	-0.7736  	-0.3690  	-0.0294  	-0.4216  	0.03271  	-0.1115  	0.02201  	0.06041  	-0.4494  	-0.4859  	0.22915  	0.01476  	0.11882  	0.67048  	-0.0686  	-0.0028  	0.30288  	0.55691  	0.12955  	0.40225  	-0.4974  	0.38084  	0.81365  	-0.2193  	0.17099  	0.08762  	0.21328  	0.22404  	-0.1377  	0.19914  	0.08673  	-0.0476  	0.53108  	0.04573  	0.15732  	-0.2127  	-0.1893  	0.46618  	-0.1787  	0.05168  	-0.2330  	0.18716  	0.15379  	-0.0313  	0.03536  	-0.1396  	-0.0480  	-0.0612  	-0.0369  	-0.0179  	-0.0345  	-0.0158  	-0.0206  	-0.0184  	0.01434  	-0.0025  	0.00229  	0.00030  	-0.0029  	0.00893  	0.02025  	0.00977  	0.08411  	0.01040  	0.00532  	0.01241  	0.03785  	-0.7581  	
-0.2767  	-0.0909  	-0.6794  	-0.3357  	-0.0319  	-0.4038  	0.03286  	-0.0711  	0.06329  	0.04957  	-0.4244  	-0.4885  	0.23510  	0.07102  	0.07903  	0.73387  	-0.0813  	-0.0158  	0.30994  	0.59224  	0.16646  	0.41208  	-0.5071  	0.33955  	0.79988  	-0.2051  	0.12873  	0.09198  	0.24863  	0.23984  	-0.1519  	0.17404  	0.11158  	-0.0379  	0.51966  	0.02903  	0.14161  	-0.2082  	-0.1718  	0.43680  	-0.1568  	0.04480  	-0.2298  	0.18652  	0.16126  	-0.0410  	0.03766  	-0.1305  	-0.0407  	-0.0655  	-0.0350  	-0.0188  	-0.0291  	-0.0143  	-0.0211  	-0.0189  	0.01089  	-0.0055  	-0.0032  	-0.0001  	-0.0023  	0.00696  	0.02315  	0.00695  	0.08411  	0.01040  	0.00532  	0.01241  	0.03785  	-0.7581  	
-0.2969  	-0.0877  	-0.7308  	-0.3945  	-0.0411  	-0.4343  	-0.0072  	-0.0733  	0.05359  	0.07711  	-0.4386  	-0.4847  	0.23939  	0.09076  	0.04327  	0.71458  	-0.0771  	-0.0105  	0.31633  	0.58242  	0.13563  	0.39199  	-0.5110  	0.35272  	0.80139  	-0.2143  	0.16235  	0.08079  	0.21218  	0.23787  	-0.1368  	0.17665  	0.11064  	-0.0382  	0.53239  	0.02698  	0.15313  	-0.2184  	-0.1760  	0.44583  	-0.1518  	0.05046  	-0.2264  	0.18668  	0.15619  	-0.0305  	0.03210  	-0.1200  	-0.0441  	-0.0592  	-0.0367  	-0.0163  	-0.0326  	-0.0157  	-0.0227  	-0.0181  	0.01024  	-0.0079  	0.00121  	0.00118  	-0.0054  	0.01586  	0.01545  	0.00604  	0.08411  	0.01040  	0.00532  	0.01241  	0.03785  	-0.7581  	
-0.4770  	-0.1577  	-0.8402  	-0.4414  	-0.0124  	-0.5333  	0.00125  	-0.1317  	0.01823  	0.12149  	-0.4313  	-0.4730  	0.22629  	-0.0312  	-0.0719  	0.67809  	-0.1039  	0.06953  	0.29697  	0.64066  	0.01228  	0.36729  	-0.5493  	0.31390  	0.81216  	-0.2109  	0.07058  	0.22797  	0.33784  	0.25234  	-0.1089  	0.17141  	0.10315  	-0.0315  	0.43641  	0.06597  	0.03764  	-0.2547  	-0.1359  	0.48853  	-0.1285  	0.03117  	-0.2326  	0.17785  	0.15663  	-0.0286  	0.04060  	-0.1364  	-0.0442  	-0.0589  	-0.0322  	-0.0222  	-0.0347  	-0.0243  	-0.0215  	-0.0197  	0.01592  	-0.0043  	-0.0019  	0.00136  	0.00107  	0.00069  	0.01642  	0.00906  	0.08411  	0.01040  	0.00532  	0.01241  	0.03785  	-0.7581  	
-0.5665  	-0.1902  	-0.8804  	-0.5067  	-0.0290  	-0.5813  	-0.0117  	-0.1788  	-0.0030  	0.12373  	-0.4199  	-0.4908  	0.18811  	-0.1240  	-0.1180  	0.66337  	-0.0981  	0.06289  	0.30933  	0.63601  	-0.0268  	0.34368  	-0.5467  	0.29560  	0.80972  	-0.2039  	0.07851  	0.25500  	0.33834  	0.26407  	-0.1290  	0.16500  	0.08044  	-0.0257  	0.42962  	0.09732  	0.03461  	-0.2445  	-0.1355  	0.46674  	-0.1415  	0.03876  	-0.2365  	0.18049  	0.15068  	-0.0299  	0.03366  	-0.1428  	-0.0521  	-0.0590  	-0.0304  	-0.0182  	-0.0270  	-0.0227  	-0.0203  	-0.0257  	0.01668  	-0.0015  	0.00288  	0.00278  	-0.0005  	0.00173  	0.01735  	0.01018  	0.08411  	0.01040  	0.00532  	0.01241  	0.03785  	-0.7581  	
-0.5955  	-0.1995  	-0.8989  	-0.5153  	-0.0487  	-0.5855  	-0.0231  	-0.1957  	-0.0202  	0.11195  	-0.4027  	-0.5018  	0.15461  	-0.1793  	-0.1287  	0.67028  	-0.0868  	0.05176  	0.31732  	0.60410  	-0.0357  	0.35537  	-0.5157  	0.28484  	0.80008  	-0.1959  	0.10324  	0.24071  	0.34692  	0.26211  	-0.1414  	0.16603  	0.06058  	-0.0312  	0.42738  	0.11586  	0.06177  	-0.2361  	-0.1463  	0.45584  	-0.1325  	0.04202  	-0.2275  	0.18637  	0.15659  	-0.0355  	0.03698  	-0.1462  	-0.0522  	-0.0615  	-0.0348  	-0.0178  	-0.0293  	-0.0171  	-0.0175  	-0.0259  	0.01392  	-0.0032  	0.00645  	0.00226  	-0.0030  	0.00170  	0.01786  	0.01312  	0.08411  	0.01040  	0.00532  	0.01241  	0.03785  	-0.7581  	
-0.6132  	-0.2199  	-0.9230  	-0.5329  	-0.0686  	-0.6034  	-0.0196  	-0.2040  	-0.0199  	0.11556  	-0.3808  	-0.5025  	0.14125  	-0.2200  	-0.1493  	0.66975  	-0.0662  	0.03002  	0.31023  	0.59338  	-0.0254  	0.35834  	-0.4925  	0.27850  	0.80095  	-0.1824  	0.09089  	0.22048  	0.33199  	0.25465  	-0.1498  	0.16651  	0.05313  	-0.0408  	0.41869  	0.11031  	0.08446  	-0.2196  	-0.1582  	0.45011  	-0.1237  	0.04827  	-0.2293  	0.19093  	0.16054  	-0.0360  	0.04067  	-0.1446  	-0.0488  	-0.0596  	-0.0357  	-0.0165  	-0.0277  	-0.0150  	-0.0185  	-0.0258  	0.01739  	-0.0017  	0.00389  	0.00044  	-0.0015  	-0.0036  	0.01937  	0.01187  	0.08411  	0.01040  	0.00532  	0.01241  	0.03785  	-0.7581  	
-0.6228  	-0.2173  	-0.9318  	-0.5254  	-0.0445  	-0.6117  	-0.0257  	-0.2100  	-0.0225  	0.12279  	-0.3829  	-0.4813  	0.15190  	-0.1946  	-0.1400  	0.65092  	-0.0695  	0.02771  	0.30614  	0.59179  	-0.0246  	0.36071  	-0.5078  	0.27816  	0.79222  	-0.1859  	0.08277  	0.23414  	0.32680  	0.25076  	-0.1404  	0.16285  	0.05974  	-0.0418  	0.42336  	0.10348  	0.07314  	-0.2305  	-0.1537  	0.45077  	-0.1289  	0.04823  	-0.2311  	0.18834  	0.16159  	-0.0372  	0.04154  	-0.1438  	-0.0495  	-0.0560  	-0.0350  	-0.0171  	-0.0263  	-0.0172  	-0.0196  	-0.0274  	0.01779  	-0.0009  	0.00296  	-0.0003  	-0.0023  	-0.0031  	0.02102  	0.01309  	0.08411  	0.01040  	0.00532  	0.01241  	0.03785  	-0.7581  	
-0.5888  	-0.1903  	-0.9084  	-0.4932  	-0.0204  	-0.5917  	-0.0259  	-0.1842  	-0.0108  	0.11320  	-0.3749  	-0.4568  	0.15490  	-0.1328  	-0.0886  	0.64191  	-0.0773  	0.01885  	0.30260  	0.58744  	0.01458  	0.35588  	-0.5237  	0.29416  	0.77405  	-0.1926  	0.09314  	0.22868  	0.31088  	0.24068  	-0.1388  	0.16739  	0.07699  	-0.0387  	0.45721  	0.08364  	0.08263  	-0.2361  	-0.1574  	0.44729  	-0.1410  	0.05486  	-0.2303  	0.18013  	0.16502  	-0.0368  	0.03954  	-0.1489  	-0.0475  	-0.0527  	-0.0326  	-0.0179  	-0.0274  	-0.0169  	-0.0201  	-0.0239  	0.01873  	-0.0023  	0.00289  	0.00092  	-0.0030  	0.00153  	0.02207  	0.01395  	0.08411  	0.01040  	0.00532  	0.01241  	0.03785  	-0.7581  	
-0.5104  	-0.1566  	-0.8570  	-0.4372  	-0.0067  	-0.5494  	-0.0260  	-0.1455  	0.01533  	0.08503  	-0.3712  	-0.4355  	0.16048  	-0.0767  	-0.0244  	0.64944  	-0.0750  	0.00385  	0.29173  	0.59060  	0.07723  	0.34553  	-0.5242  	0.32123  	0.75430  	-0.1964  	0.10138  	0.18738  	0.27822  	0.23647  	-0.1457  	0.17876  	0.09248  	-0.0362  	0.48655  	0.04634  	0.11304  	-0.2293  	-0.1683  	0.43953  	-0.1481  	0.05641  	-0.2423  	0.17463  	0.16170  	-0.0315  	0.03538  	-0.1476  	-0.0515  	-0.0504  	-0.0365  	-0.0181  	-0.0299  	-0.0202  	-0.0213  	-0.0214  	0.01566  	-0.0036  	-0.0003  	-0.0018  	-0.0008  	0.00107  	0.01987  	0.01345  	0.08411  	0.01040  	0.00532  	0.01241  	0.03785  	-0.7581  	
-0.3758  	-0.1065  	-0.7687  	-0.3623  	-0.0253  	-0.4919  	-0.0170  	-0.1034  	0.03057  	0.06810  	-0.3701  	-0.4421  	0.18473  	0.01449  	0.07084  	0.68638  	-0.0743  	-0.0398  	0.30088  	0.57743  	0.16305  	0.35259  	-0.5136  	0.35106  	0.75923  	-0.2143  	0.15272  	0.08438  	0.18296  	0.22726  	-0.1582  	0.18741  	0.08680  	-0.0425  	0.54689  	0.00803  	0.17910  	-0.1972  	-0.2031  	0.43289  	-0.1768  	0.05424  	-0.2426  	0.17419  	0.15885  	-0.0320  	0.03666  	-0.1409  	-0.0506  	-0.0524  	-0.0371  	-0.0176  	-0.0286  	-0.0150  	-0.0205  	-0.0186  	0.00882  	-0.0088  	0.00162  	0.00011  	-0.0016  	0.00561  	0.01851  	0.01040  	0.08411  	0.01040  	0.00532  	0.01241  	0.03785  	-0.7581  	
-0.2132  	-0.0690  	-0.6471  	-0.3561  	-0.0506  	-0.3734  	0.02041  	-0.0292  	0.08065  	0.06952  	-0.3649  	-0.4545  	0.21198  	0.08532  	0.02773  	0.77698  	-0.0807  	-0.0387  	0.30800  	0.55440  	0.20662  	0.37263  	-0.4947  	0.37492  	0.79942  	-0.2252  	0.21536  	0.01690  	0.14943  	0.23107  	-0.1509  	0.21007  	0.11603  	-0.0527  	0.55537  	0.01340  	0.20620  	-0.1882  	-0.2002  	0.42266  	-0.1900  	0.05074  	-0.2157  	0.17613  	0.15170  	-0.0344  	0.03119  	-0.1191  	-0.0375  	-0.0541  	-0.0371  	-0.0185  	-0.0293  	-0.0125  	-0.0196  	-0.0123  	0.01011  	-0.0091  	-0.0041  	0.00385  	0.00180  	0.00255  	0.02867  	0.01321  	0.08411  	0.01040  	0.00532  	0.01241  	0.03785  	-0.7581  	
-0.2070  	-0.0777  	-0.6560  	-0.4186  	-0.0610  	-0.4382  	0.05569  	-0.0691  	0.06098  	0.12715  	-0.4355  	-0.5125  	0.22436  	0.05043  	-0.0282  	0.71260  	-0.0793  	0.01652  	0.29776  	0.58422  	0.11044  	0.36361  	-0.5176  	0.34755  	0.85386  	-0.2215  	0.17864  	0.12575  	0.25587  	0.25192  	-0.1505  	0.19187  	0.10926  	-0.0510  	0.51429  	0.06215  	0.14488  	-0.2179  	-0.1682  	0.44269  	-0.1868  	0.04745  	-0.2194  	0.18709  	0.15237  	-0.0340  	0.03139  	-0.1194  	-0.0345  	-0.0652  	-0.0249  	-0.0191  	-0.0305  	-0.0179  	-0.0208  	-0.0141  	0.01343  	-0.0084  	0.00292  	0.00150  	-0.0013  	-0.0050  	0.02675  	0.01214  	0.08411  	0.01040  	0.00532  	0.01241  	0.03785  	-0.7581  	
-0.4561  	-0.1538  	-0.7981  	-0.4300  	-0.0407  	-0.5301  	0.01582  	-0.1515  	0.03531  	0.10693  	-0.4052  	-0.5368  	0.19328  	-0.0014  	-0.0384  	0.65833  	-0.0790  	0.00505  	0.30433  	0.58902  	0.05532  	0.37592  	-0.5617  	0.37921  	0.84353  	-0.2104  	0.18381  	0.13026  	0.25802  	0.24859  	-0.1496  	0.18850  	0.07934  	-0.0425  	0.52624  	0.08630  	0.12770  	-0.2325  	-0.1945  	0.47344  	-0.1877  	0.06784  	-0.2444  	0.18426  	0.14998  	-0.0409  	0.03479  	-0.1443  	-0.0526  	-0.0612  	-0.0347  	-0.0174  	-0.0313  	-0.0145  	-0.0202  	-0.0197  	0.01749  	-0.0051  	0.00392  	0.00569  	-0.0005  	0.00184  	0.01912  	0.01526  	0.08411  	0.01040  	0.00532  	0.01241  	0.03785  	-0.7581  	
-0.3133  	-0.1332  	-0.7257  	-0.2861  	0.03261  	-0.4322  	-0.0187  	-0.1043  	0.01281  	0.00934  	-0.4382  	-0.4456  	0.22793  	0.06023  	0.11130  	0.72144  	-0.0510  	-0.0483  	0.30156  	0.57447  	0.16841  	0.35062  	-0.4985  	0.44698  	0.76580  	-0.2167  	0.22234  	0.04087  	0.18699  	0.22938  	-0.1692  	0.20104  	0.07923  	-0.0546  	0.57802  	0.02530  	0.20025  	-0.2223  	-0.2063  	0.43726  	-0.2055  	0.07551  	-0.2435  	0.19612  	0.16214  	-0.0323  	0.03063  	-0.1326  	-0.0349  	-0.0509  	-0.0373  	-0.0209  	-0.0311  	-0.0205  	-0.0138  	-0.0153  	0.00963  	-0.0068  	0.00221  	-0.0004  	-0.0010  	0.00779  	0.01984  	0.01478  	0.08411  	0.01040  	0.00532  	0.01241  	0.03785  	-0.7581  	
-0.1866  	-0.0472  	-0.6314  	-0.3424  	-0.0326  	-0.3663  	0.00665  	-0.0467  	0.06050  	0.05131  	-0.3731  	-0.4452  	0.20663  	0.07552  	0.07652  	0.77763  	-0.0702  	-0.0488  	0.31790  	0.55062  	0.21773  	0.38566  	-0.5020  	0.42899  	0.79977  	-0.2313  	0.24847  	-0.0053  	0.11434  	0.23567  	-0.1783  	0.22820  	0.09774  	-0.0560  	0.59705  	0.00932  	0.22368  	-0.1927  	-0.2080  	0.42819  	-0.2166  	0.06506  	-0.2406  	0.18268  	0.15661  	-0.0312  	0.02141  	-0.1238  	-0.0301  	-0.0554  	-0.0313  	-0.0203  	-0.0289  	-0.0191  	-0.0185  	-0.0037  	0.00831  	-0.0119  	-0.0022  	0.00869  	-0.0024  	0.00506  	0.02027  	0.00879  	0.08411  	0.01040  	0.00532  	0.01241  	0.03785  	-0.7581  	
-0.1359  	-0.0773  	-0.5862  	-0.3892  	-0.0671  	-0.3827  	0.01218  	-0.0065  	0.08482  	0.10197  	-0.2783  	-0.3906  	0.18285  	0.04529  	-0.0624  	0.90848  	-0.0761  	-0.0459  	0.34090  	0.55424  	0.27264  	0.36490  	-0.4803  	0.40021  	0.79958  	-0.2314  	0.26019  	-0.0327  	0.09871  	0.23509  	-0.1705  	0.21568  	0.10436  	-0.0382  	0.57254  	-0.0037  	0.26330  	-0.1798  	-0.2061  	0.40717  	-0.2206  	0.05148  	-0.2224  	0.19163  	0.16546  	-0.0333  	0.02205  	-0.1188  	-0.0344  	-0.0492  	-0.0331  	-0.0188  	-0.0256  	-0.0138  	-0.0209  	-0.0064  	0.00532  	-0.0065  	-0.0014  	0.00516  	-0.0036  	-0.0006  	0.02704  	0.00941  	0.08411  	0.01040  	0.00532  	0.01241  	0.03785  	-0.7581  	
-0.1068  	-0.0765  	-0.5555  	-0.5393  	-0.1421  	-0.4298  	0.05860  	0.03378  	0.11809  	0.13406  	-0.1873  	-0.3603  	0.14953  	0.02260  	-0.1729  	0.93205  	-0.1016  	0.00092  	0.36004  	0.56192  	0.29626  	0.35094  	-0.4900  	0.33655  	0.78492  	-0.2520  	0.17576  	-0.0032  	0.12543  	0.18926  	-0.1783  	0.22125  	0.13905  	-0.0537  	0.54140  	-0.0278  	0.28094  	-0.1750  	-0.1922  	0.42678  	-0.1845  	0.03886  	-0.2105  	0.20892  	0.16520  	-0.0334  	0.02367  	-0.1115  	-0.0248  	-0.0506  	-0.0343  	-0.0188  	-0.0286  	-0.0117  	-0.0240  	-0.0011  	-0.0013  	-0.0057  	-0.0037  	0.00781  	-0.0020  	0.00091  	0.02483  	0.00608  	0.08411  	0.01040  	0.00532  	0.01241  	0.03785  	-0.7581  	
-0.2355  	-0.0865  	-0.5648  	-0.5495  	-0.1248  	-0.4790  	0.07268  	-0.0012  	0.12310  	0.18931  	-0.2383  	-0.3760  	0.18483  	0.12631  	-0.1675  	0.94199  	-0.1237  	-0.0264  	0.34147  	0.64640  	0.25942  	0.36195  	-0.5930  	0.33203  	0.85879  	-0.2680  	0.19722  	0.04676  	0.20381  	0.20867  	-0.1856  	0.23162  	0.13971  	-0.0425  	0.53690  	0.03329  	0.21444  	-0.2011  	-0.1483  	0.47721  	-0.1763  	0.04546  	-0.2340  	0.20078  	0.16421  	-0.0360  	0.02414  	-0.1086  	-0.0262  	-0.0680  	-0.0201  	-0.0169  	-0.0333  	-0.0177  	-0.0211  	-0.0124  	0.00397  	-0.0072  	0.00684  	0.00573  	0.00136  	-0.0033  	0.02315  	0.01398  	0.08411  	0.01040  	0.00532  	0.01241  	0.03785  	-0.7581  	
-0.4781  	-0.1640  	-0.7981  	-0.2759  	0.02997  	-0.5215  	0.07239  	-0.1474  	-0.0191  	0.14693  	-0.2832  	-0.3575  	0.21065  	0.05376  	-0.0616  	0.80287  	-0.1105  	0.02717  	0.31619  	0.71149  	0.05138  	0.38965  	-0.5731  	0.36112  	0.82912  	-0.2540  	0.12206  	0.12430  	0.23999  	0.25989  	-0.1416  	0.16357  	0.14100  	-0.0446  	0.52392  	0.09893  	0.15102  	-0.2423  	-0.1661  	0.44801  	-0.1838  	0.06744  	-0.2649  	0.18134  	0.14622  	-0.0273  	0.01933  	-0.1295  	-0.0489  	-0.0632  	-0.0288  	-0.0216  	-0.0261  	-0.0195  	-0.0287  	-0.0041  	0.01746  	-0.0062  	0.00714  	0.00934  	0.00491  	0.00678  	0.01167  	0.00729  	0.08411  	0.01040  	0.00532  	0.01241  	0.03785  	-0.7581  	
-0.8118  	-0.3155  	-0.9797  	-0.5042  	0.00473  	-0.7691  	-0.0174  	-0.2259  	-0.0322  	0.20080  	-0.2454  	-0.4544  	0.14983  	-0.1337  	-0.1319  	0.59599  	-0.0794  	0.05217  	0.27672  	0.70921  	0.06048  	0.28644  	-0.5927  	0.35624  	0.78685  	-0.1955  	0.06479  	0.14289  	0.19538  	0.21430  	-0.1281  	0.14970  	0.10131  	-0.0341  	0.54790  	0.07315  	0.11496  	-0.2481  	-0.1793  	0.44223  	-0.2226  	0.06086  	-0.2728  	0.16151  	0.18523  	-0.0330  	0.03733  	-0.1429  	-0.0737  	-0.0341  	-0.0350  	-0.0214  	-0.0385  	-0.0084  	-0.0250  	-0.0260  	0.01959  	-0.0115  	-0.0065  	-0.0002  	-0.0093  	-0.0039  	0.03042  	0.01724  	0.08411  	0.01040  	0.00532  	0.01241  	0.03785  	-0.7581  	
-0.8487  	-0.3071  	-1.0169  	-0.7148  	-0.0737  	-0.8185  	-0.0175  	-0.2056  	-0.0102  	0.23481  	-0.1313  	-0.4897  	0.13408  	-0.1990  	-0.2652  	0.59514  	-0.0933  	0.00838  	0.28751  	0.65399  	0.07401  	0.32316  	-0.4730  	0.31819  	0.74981  	-0.1779  	0.08490  	0.16178  	0.22749  	0.22178  	-0.1136  	0.14332  	0.09558  	-0.0498  	0.49035  	0.05375  	0.12733  	-0.2316  	-0.1649  	0.41932  	-0.1816  	0.05664  	-0.2661  	0.16102  	0.17071  	-0.0333  	0.03176  	-0.1569  	-0.0540  	-0.0522  	-0.0337  	-0.0187  	-0.0354  	-0.0201  	-0.0239  	-0.0228  	0.01067  	-0.0004  	-0.0056  	-4.1976  	-0.0010  	0.00119  	0.02825  	0.01636  	0.08411  	0.01040  	0.00532  	0.01241  	0.03785  	-0.7581  	
-0.7447  	-0.2813  	-0.9210  	-0.7614  	-0.1469  	-0.7740  	-0.0205  	-0.1720  	-0.0036  	0.21136  	-0.1885  	-0.5590  	0.11144  	-0.2031  	-0.3268  	0.60780  	-0.0490  	0.00665  	0.30808  	0.64351  	0.06618  	0.30572  	-0.4788  	0.33142  	0.81757  	-0.1876  	0.09991  	0.13414  	0.23264  	0.20772  	-0.1384  	0.16232  	0.07468  	-0.0596  	0.46251  	0.08263  	0.12007  	-0.2395  	-0.1568  	0.42820  	-0.1803  	0.05031  	-0.2568  	0.18430  	0.17089  	-0.0287  	0.03517  	-0.1539  	-0.0481  	-0.0551  	-0.0291  	-0.0230  	-0.0337  	-0.0196  	-0.0220  	-0.0195  	0.01529  	0.00282  	-0.0004  	0.00351  	-0.0047  	-0.0009  	0.02100  	0.01253  	0.08411  	0.01040  	0.00532  	0.01241  	0.03785  	-0.7581  	
-0.5612  	-0.1448  	-0.7883  	-0.4640  	-0.0486  	-0.5313  	-0.0085  	-0.0418  	0.04609  	0.06788  	-0.3170  	-0.3912  	0.24348  	0.05803  	0.01732  	0.70410  	-0.0789  	-0.0078  	0.33983  	0.63453  	0.16487  	0.31322  	-0.5389  	0.42657  	0.72599  	-0.1896  	0.21218  	0.10434  	0.14809  	0.21180  	-0.1161  	0.15985  	0.11726  	-0.0290  	0.50517  	0.00669  	0.16350  	-0.2098  	-0.1560  	0.44186  	-0.1774  	0.05538  	-0.2455  	0.16804  	0.16987  	-0.0298  	0.02818  	-0.1405  	-0.0578  	-0.0398  	-0.0456  	-0.0139  	-0.0477  	-0.0159  	-0.0235  	-0.0236  	0.00326  	-0.0014  	0.00379  	-0.0065  	0.00407  	0.01832  	0.01429  	0.01151  	0.08411  	0.01040  	0.00532  	0.01241  	0.03785  	-0.7581  	
-0.1835  	-0.0572  	-0.6412  	-0.3543  	0.00250  	-0.3499  	0.00183  	-0.0687  	0.07090  	0.05370  	-0.5179  	-0.4162  	0.26436  	0.11218  	0.14198  	0.74135  	-0.0774  	-0.0461  	0.29061  	0.58629  	0.14093  	0.39504  	-0.4933  	0.33465  	0.73583  	-0.2049  	0.12718  	0.08547  	0.17980  	0.26854  	-0.1116  	0.19291  	0.11323  	-0.0262  	0.51895  	-0.0060  	0.16391  	-0.2200  	-0.1900  	0.46361  	-0.1925  	0.04103  	-0.2273  	0.18945  	0.14561  	-0.0312  	0.03163  	-0.1249  	-0.0498  	-0.0613  	-0.0296  	-0.0238  	-0.0373  	-0.0213  	-0.0218  	-0.0137  	0.00727  	-0.0096  	-0.0076  	-0.0046  	-0.0033  	0.00861  	0.01533  	0.00299  	0.08411  	0.01040  	0.00532  	0.01241  	0.03785  	-0.7581  	
-0.1087  	-0.0817  	-0.6269  	-0.3808  	-0.0417  	-0.3446  	0.04411  	0.00158  	0.10110  	0.01875  	-0.4023  	-0.4055  	0.23958  	0.05888  	0.03787  	0.79751  	-0.0863  	-0.0629  	0.32078  	0.58323  	0.20871  	0.43062  	-0.4551  	0.35451  	0.79937  	-0.2248  	0.13619  	0.08666  	0.20145  	0.22811  	-0.1434  	0.19717  	0.11764  	-0.0427  	0.50234  	-0.0080  	0.23282  	-0.1944  	-0.1524  	0.42523  	-0.1966  	0.04160  	-0.2161  	0.19545  	0.15044  	-0.0349  	0.02324  	-0.1027  	-0.0270  	-0.0629  	-0.0282  	-0.0126  	-0.0229  	-0.0166  	-0.0213  	-0.0055  	-0.0011  	-0.0104  	0.00024  	0.01024  	-0.0012  	0.00549  	0.02496  	0.00703  	0.08411  	0.01040  	0.00532  	0.01241  	0.03785  	-0.7581  	
-0.4214  	-0.1561  	-0.7058  	-0.5414  	-0.0808  	-0.4295  	0.00463  	-0.1926  	0.00256  	0.18591  	-0.3977  	-0.5085  	0.24112  	-0.0710  	-0.2034  	0.74730  	-0.0823  	0.00625  	0.31753  	0.66516  	0.02032  	0.34598  	-0.5898  	0.34026  	0.86970  	-0.2320  	0.10005  	0.14899  	0.24745  	0.24191  	-0.1266  	0.17050  	0.08334  	-0.0440  	0.45761  	0.09911  	0.12646  	-0.2215  	-0.1525  	0.46573  	-0.0985  	0.01632  	-0.2330  	0.17151  	0.15647  	-0.0312  	0.03548  	-0.1162  	-0.0380  	-0.0542  	-0.0264  	-0.0221  	-0.0317  	-0.0259  	-0.0258  	-0.0217  	0.02129  	-0.0032  	-0.0055  	0.00041  	-0.0063  	-0.0089  	0.04235  	0.00432  	0.08411  	0.01040  	0.00532  	0.01241  	0.03785  	-0.7581  	
-0.7518  	-0.2649  	-0.9796  	-0.6969  	-0.1534  	-0.7479  	0.03310  	-0.2364  	-0.0234  	0.19915  	-0.2396  	-0.5624  	0.13267  	-0.2053  	-0.2764  	0.61694  	-0.0752  	0.02636  	0.29625  	0.62490  	-0.0113  	0.34822  	-0.5383  	0.34493  	0.87234  	-0.1930  	0.09960  	0.15692  	0.32624  	0.23902  	-0.1202  	0.14638  	0.06698  	-0.0501  	0.46264  	0.11762  	0.09961  	-0.2326  	-0.1554  	0.44213  	-0.1480  	0.07649  	-0.2430  	0.16818  	0.16300  	-0.0373  	0.03771  	-0.1364  	-0.0467  	-0.0629  	-0.0365  	-0.0142  	-0.0335  	-0.0144  	-0.0197  	-0.0231  	0.01796  	-0.0037  	-0.0031  	0.00155  	-0.0039  	0.00326  	0.02616  	0.01445  	0.08411  	0.01040  	0.00532  	0.01241  	0.03785  	-0.7581  	
-0.8508  	-0.3027  	-1.0169  	-0.6948  	-0.1170  	-0.8341  	0.00118  	-0.2200  	-0.0164  	0.15401  	-0.1682  	-0.5281  	0.13242  	-0.2295  	-0.2517  	0.61731  	-0.0705  	-0.0115  	0.30070  	0.67032  	0.03855  	0.37547  	-0.4813  	0.37193  	0.78809  	-0.1760  	0.07912  	0.17989  	0.27463  	0.21933  	-0.1309  	0.16201  	0.07291  	-0.0474  	0.45665  	0.09461  	0.08899  	-0.2291  	-0.1779  	0.45668  	-0.1640  	0.06011  	-0.2660  	0.16520  	0.16741  	-0.0338  	0.04298  	-0.1470  	-0.0431  	-0.0595  	-0.0349  	-0.0172  	-0.0321  	-0.0149  	-0.0193  	-0.0281  	0.01154  	-0.0033  	-0.0004  	0.00232  	-0.0024  	0.00503  	0.01848  	0.01077  	0.08411  	0.01040  	0.00532  	0.01241  	0.03785  	-0.7581  	
-0.8983  	-0.3334  	-1.0215  	-0.8111  	-0.1466  	-0.8626  	-0.0257  	-0.2565  	-0.0258  	0.17985  	-0.0934  	-0.5409  	0.13357  	-0.2543  	-0.2417  	0.58366  	-0.0502  	-0.0156  	0.28188  	0.68365  	0.09944  	0.33051  	-0.4751  	0.36039  	0.76039  	-0.1708  	0.08320  	0.14770  	0.17072  	0.21006  	-0.1071  	0.16310  	0.09286  	-0.0508  	0.46848  	0.06251  	0.12810  	-0.2329  	-0.1906  	0.39784  	-0.1798  	0.04999  	-0.2570  	0.16046  	0.17235  	-0.0321  	0.03439  	-0.1566  	-0.0491  	-0.0550  	-0.0381  	-0.0185  	-0.0351  	-0.0205  	-0.0235  	-0.0253  	0.01067  	-0.0024  	-0.0078  	-0.0051  	-0.0010  	0.00619  	0.02222  	0.01409  	0.08411  	0.01040  	0.00532  	0.01241  	0.03785  	-0.7581  	
-0.7744  	-0.2748  	-1.0100  	-0.6746  	-0.0935  	-0.7906  	-0.0374  	-0.1856  	-0.0073  	0.20165  	-0.1478  	-0.4872  	0.15771  	-0.1788  	-0.2244  	0.59145  	-0.0686  	0.01687  	0.29456  	0.70159  	0.10355  	0.31466  	-0.5204  	0.34378  	0.75644  	-0.1809  	0.08457  	0.16855  	0.21316  	0.21308  	-0.1126  	0.14958  	0.09049  	-0.0456  	0.48424  	0.05916  	0.10106  	-0.2492  	-0.1574  	0.42659  	-0.1799  	0.05708  	-0.2635  	0.16159  	0.16655  	-0.0312  	0.03704  	-0.1533  	-0.0466  	-0.0555  	-0.0312  	-0.0185  	-0.0393  	-0.0208  	-0.0261  	-0.0191  	0.01318  	-0.0017  	-0.0042  	-0.0021  	-0.0007  	0.00086  	0.01904  	0.01025  	0.08411  	0.01040  	0.00532  	0.01241  	0.03785  	-0.7581  	
-0.5717  	-0.1669  	-0.9256  	-0.3960  	-0.0089  	-0.5947  	-0.0203  	-0.1222  	0.01333  	0.13910  	-0.3069  	-0.3464  	0.20609  	-0.0248  	-0.0766  	0.65729  	-0.0852  	0.04878  	0.31650  	0.69009  	0.04464  	0.34634  	-0.6171  	0.32881  	0.79491  	-0.1978  	0.04280  	0.23078  	0.28206  	0.24825  	-0.1143  	0.14714  	0.08683  	-0.0377  	0.47153  	0.09189  	0.03347  	-0.2556  	-0.1023  	0.46209  	-0.1773  	0.05835  	-0.2392  	0.15216  	0.17035  	-0.0277  	0.02839  	-0.1344  	-0.0451  	-0.0581  	-0.0302  	-0.0181  	-0.0304  	-0.0217  	-0.0194  	-0.0174  	0.01393  	-0.0009  	0.00685  	0.00310  	-0.0047  	0.00419  	0.01664  	0.01230  	0.08411  	0.01040  	0.00532  	0.01241  	0.03785  	-0.7581  	
-0.5257  	-0.1703  	-0.8393  	-0.3716  	0.00702  	-0.5258  	0.00522  	-0.1390  	0.00647  	0.11095  	-0.4468  	-0.3668  	0.20724  	0.02277  	-0.0180  	0.68753  	-0.0920  	0.05081  	0.32562  	0.63226  	-0.0042  	0.37542  	-0.5869  	0.28616  	0.81470  	-0.2029  	0.05199  	0.23140  	0.32925  	0.26621  	-0.1262  	0.15370  	0.09197  	-0.0416  	0.43875  	0.07542  	0.05935  	-0.2409  	-0.1099  	0.46186  	-0.1473  	0.05236  	-0.2292  	0.17633  	0.15519  	-0.0267  	0.03331  	-0.1169  	-0.0511  	-0.0646  	-0.0347  	-0.0192  	-0.0423  	-0.0204  	-0.0219  	-0.0167  	0.02103  	-0.0046  	0.00042  	0.00029  	-3.0360  	0.00357  	0.02485  	0.01256  	0.08411  	0.01040  	0.00532  	0.01241  	0.03785  	-0.7581  	
-0.5561  	-0.1912  	-0.8626  	-0.4502  	-0.0102  	-0.5391  	-0.0152  	-0.1695  	0.00632  	0.14190  	-0.4776  	-0.4461  	0.18276  	-0.1022  	-0.0512  	0.65633  	-0.0959  	0.06961  	0.31853  	0.63748  	-0.0267  	0.36899  	-0.5328  	0.26439  	0.83446  	-0.1994  	0.05335  	0.26854  	0.34176  	0.27449  	-0.1215  	0.15566  	0.09435  	-0.0259  	0.40169  	0.06921  	0.04015  	-0.2417  	-0.1296  	0.46592  	-0.1413  	0.04764  	-0.2161  	0.19395  	0.16098  	-0.0353  	0.03132  	-0.1271  	-0.0448  	-0.0608  	-0.0343  	-0.0159  	-0.0342  	-0.0227  	-0.0219  	-0.0212  	0.02044  	-0.0080  	5.08466  	-0.0037  	-0.0015  	-0.0004  	0.02985  	0.01364  	0.08411  	0.01040  	0.00532  	0.01241  	0.03785  	-0.7581  	
-0.4857  	-0.2029  	-0.8543  	-0.4139  	-0.0260  	-0.4729  	-0.0114  	-0.1827  	3.49754  	0.08154  	-0.5126  	-0.4815  	0.18500  	-0.1614  	-0.0434  	0.69795  	-0.0779  	0.07227  	0.31038  	0.65396  	-0.0628  	0.33887  	-0.5531  	0.29102  	0.85653  	-0.1958  	0.10752  	0.27604  	0.31831  	0.26398  	-0.1465  	0.17968  	0.08039  	-0.0312  	0.43144  	0.09849  	0.03752  	-0.2296  	-0.1379  	0.46749  	-0.1550  	0.05533  	-0.2076  	0.19037  	0.15261  	-0.0381  	0.03459  	-0.1328  	-0.0428  	-0.0632  	-0.0288  	-0.0142  	-0.0272  	-0.0175  	-0.0159  	-0.0238  	0.02460  	-0.0029  	0.00119  	-1.2670  	-0.0048  	-0.0027  	0.02643  	0.01299  	0.08411  	0.01040  	0.00532  	0.01241  	0.03785  	-0.7581  	
-0.4375  	-0.1905  	-0.8290  	-0.4277  	-0.0146  	-0.4985  	0.00148  	-0.1891  	-0.0088  	0.12243  	-0.4659  	-0.4672  	0.16228  	-0.1888  	-0.1091  	0.73805  	-0.0918  	0.05685  	0.29686  	0.64364  	-0.0804  	0.34554  	-0.5520  	0.28609  	0.84226  	-0.2088  	0.08476  	0.28676  	0.34516  	0.25387  	-0.1394  	0.17812  	0.07063  	-0.0340  	0.43462  	0.13452  	0.02517  	-0.2426  	-0.1293  	0.48628  	-0.1448  	0.04719  	-0.2149  	0.19191  	0.15449  	-0.0367  	0.03562  	-0.1262  	-0.0428  	-0.0595  	-0.0287  	-0.0210  	-0.0297  	-0.0205  	-0.0167  	-0.0220  	0.02305  	-0.0034  	0.00406  	0.00137  	-0.0046  	-0.0043  	0.02697  	0.01371  	0.08411  	0.01040  	0.00532  	0.01241  	0.03785  	-0.7581  	
-0.4236  	-0.1760  	-0.7759  	-0.4575  	-0.0222  	-0.5184  	0.03640  	-0.1999  	0.01675  	0.18848  	-0.3952  	-0.4669  	0.16357  	-0.1820  	-0.1995  	0.77155  	-0.1093  	0.08426  	0.29854  	0.66498  	-0.1019  	0.34720  	-0.6085  	0.26720  	0.82134  	-0.2196  	0.07592  	0.29572  	0.36622  	0.25565  	-0.1576  	0.18618  	0.07189  	-0.0318  	0.45000  	0.15916  	0.02744  	-0.2495  	-0.1297  	0.48760  	-0.1311  	0.05290  	-0.2238  	0.18546  	0.15659  	-0.0350  	0.03418  	-0.1255  	-0.0381  	-0.0578  	-0.0233  	-0.0183  	-0.0271  	-0.0183  	-0.0135  	-0.0228  	0.02049  	-0.0028  	-0.0014  	0.00059  	-0.0048  	-0.0020  	0.02684  	0.01493  	0.08411  	0.01040  	0.00532  	0.01241  	0.03785  	-0.7581  	
-0.4652  	-0.1916  	-0.8226  	-0.4865  	-0.0579  	-0.5309  	0.01432  	-0.2203  	-0.0069  	0.15087  	-0.3930  	-0.5237  	0.15831  	-0.2104  	-0.1607  	0.74203  	-0.1045  	0.07210  	0.31541  	0.62816  	-0.0524  	0.34699  	-0.5732  	0.28436  	0.84664  	-0.2207  	0.08033  	0.28887  	0.36474  	0.26420  	-0.1554  	0.19449  	0.05257  	-0.0381  	0.45271  	0.16014  	0.05089  	-0.2432  	-0.1465  	0.47709  	-0.1403  	0.04761  	-0.2290  	0.18257  	0.15497  	-0.0361  	0.03120  	-0.1373  	-0.0460  	-0.0612  	-0.0244  	-0.0191  	-0.0269  	-0.0180  	-0.0143  	-0.0212  	0.01961  	-0.0049  	0.00233  	0.00313  	-0.0034  	-0.0039  	0.02585  	0.01594  	0.08411  	0.01040  	0.00532  	0.01241  	0.03785  	-0.7581  	
-0.5322  	-0.2061  	-0.8675  	-0.5161  	-0.0732  	-0.5241  	0.00915  	-0.2272  	-0.0329  	0.06099  	-0.3978  	-0.5560  	0.12467  	-0.1911  	-0.1202  	0.68044  	-0.0744  	0.01545  	0.31688  	0.58237  	0.01112  	0.35624  	-0.5269  	0.32969  	0.85252  	-0.2166  	0.15932  	0.17551  	0.29877  	0.26064  	-0.1535  	0.21085  	0.04657  	-0.0422  	0.49070  	0.14399  	0.12049  	-0.2113  	-0.1821  	0.45291  	-0.1385  	0.05213  	-0.2367  	0.18358  	0.16086  	-0.0361  	0.03412  	-0.1511  	-0.0534  	-0.0594  	-0.0281  	-0.0160  	-0.0275  	-0.0183  	-0.0126  	-0.0236  	0.02261  	0.00026  	0.00475  	0.00057  	-0.0061  	-0.0071  	0.02511  	0.01451  	0.08411  	0.01040  	0.00532  	0.01241  	0.03785  	-0.7581  	
-0.5288  	-0.2064  	-0.8544  	-0.5279  	-0.0828  	-0.5318  	-0.0105  	-0.1912  	-0.0133  	0.04411  	-0.3886  	-0.5615  	0.12576  	-0.1735  	-0.0761  	0.68172  	-0.0769  	0.00333  	0.31885  	0.58511  	0.03119  	0.37161  	-0.4922  	0.33610  	0.82965  	-0.2116  	0.16074  	0.13683  	0.26239  	0.24430  	-0.1516  	0.22015  	0.06022  	-0.0414  	0.49475  	0.11192  	0.13903  	-0.1997  	-0.1908  	0.44881  	-0.1467  	0.05509  	-0.2417  	0.17921  	0.15566  	-0.0377  	0.03942  	-0.1439  	-0.0515  	-0.0583  	-0.0342  	-0.0180  	-0.0302  	-0.0127  	-0.0134  	-0.0221  	0.02006  	-0.0026  	0.00174  	0.00404  	-0.0033  	-0.0032  	0.02318  	0.01496  	0.08411  	0.01040  	0.00532  	0.01241  	0.03785  	-0.7581  	
-0.4663  	-0.1515  	-0.7393  	-0.5044  	-0.0805  	-0.5398  	0.01374  	-0.1522  	0.00861  	0.10788  	-0.3839  	-0.5036  	0.19043  	-0.2027  	-0.1079  	0.66652  	-0.0291  	-0.0617  	0.36558  	0.46936  	-0.0148  	0.17628  	-0.7352  	0.28257  	0.74733  	-0.1416  	0.07074  	0.20500  	0.39902  	0.22790  	-0.0711  	0.15399  	0.00221  	-0.1543  	0.39593  	0.11433  	0.00029  	-0.2352  	-0.2282  	0.42142  	-0.0693  	0.14937  	-0.3214  	0.24275  	0.10793  	-0.0232  	0.01777  	-0.1226  	-0.0534  	-0.0675  	-0.0203  	-0.0133  	-0.0286  	-0.0049  	-0.0076  	-0.0202  	0.01479  	-0.0107  	0.00029  	0.01231  	-0.0006  	-0.0005  	0.00769  	0.01527  	0.08411  	0.01040  	0.00532  	0.01241  	0.03785  	-0.7581  	
-0.4960  	-0.1627  	-0.7477  	-0.5437  	-0.1007  	-0.6529  	-0.0044  	-0.1579  	-0.0420  	0.11263  	-0.3855  	-0.5793  	0.25172  	-0.2388  	-0.1143  	0.62503  	0.00776  	-0.1522  	0.37716  	0.29336  	0.00244  	0.04889  	-0.8926  	0.26622  	0.75020  	-0.0563  	0.06523  	0.15666  	0.47147  	0.22359  	0.02385  	0.11959  	-0.0443  	-0.2423  	0.34274  	0.12733  	-0.0877  	-0.2430  	-0.2860  	0.36945  	-0.0159  	0.22308  	-0.3629  	0.29054  	0.08330  	-0.0119  	0.00497  	-0.1072  	-0.0694  	-0.0772  	-0.0158  	-0.0100  	-0.0324  	0.00144  	-0.0064  	-0.0244  	0.01184  	-0.0169  	0.00186  	0.01060  	0.00310  	-0.0076  	0.00401  	0.01602  	0.08411  	0.01040  	0.00532  	0.01241  	0.03785  	-0.7581  	
-0.7032  	-0.2202  	-0.8613  	-0.5807  	-0.0708  	-0.7455  	-0.0381  	-0.1728  	-0.0578  	0.13999  	-0.2877  	-0.5221  	0.23295  	-0.2858  	-0.1273  	0.57518  	0.05664  	-0.2105  	0.41361  	0.24500  	0.05867  	0.00882  	-0.9049  	0.32590  	0.78504  	-0.0476  	0.11710  	0.06880  	0.42280  	0.21904  	0.03616  	0.10148  	-0.0848  	-0.2749  	0.37818  	0.12398  	-0.0768  	-0.2408  	-0.3401  	0.33469  	-0.0323  	0.25451  	-0.4194  	0.29065  	0.08676  	-0.0135  	-0.0015  	-0.1224  	-0.0703  	-0.0734  	-0.0240  	-0.0114  	-0.0293  	0.01163  	-0.0066  	-0.0243  	0.01403  	-0.0196  	0.00765  	0.01609  	0.00180  	-0.0044  	0.00672  	0.01205  	0.08411  	0.01040  	0.00532  	0.01241  	0.03785  	-0.7581  	
-0.7817  	-0.2668  	-0.9223  	-0.6621  	-0.1102  	-0.8220  	-0.0758  	-0.1248  	-0.0348  	0.07934  	-0.1645  	-0.5599  	0.19578  	-0.2299  	-0.0934  	0.51474  	0.06712  	-0.2510  	0.39035  	0.28101  	0.18361  	-0.0002  	-0.8209  	0.39154  	0.73899  	-0.0643  	0.12641  	0.02688  	0.35786  	0.20290  	0.02784  	0.10731  	-0.0347  	-0.2738  	0.43307  	0.04368  	0.03748  	-0.2297  	-0.3491  	0.31870  	-0.0753  	0.22109  	-0.4302  	0.26915  	0.09166  	-0.0109  	0.01092  	-0.1346  	-0.0695  	-0.0812  	-0.0281  	-0.0122  	-0.0279  	0.00282  	-0.0130  	-0.0249  	0.01258  	-0.0145  	-0.0033  	0.01627  	0.00629  	-0.0007  	0.00138  	0.01476  	0.08411  	0.01040  	0.00532  	0.01241  	0.03785  	-0.7581  	
-0.8491  	-0.3152  	-0.9772  	-0.7377  	-0.1538  	-0.8452  	-0.0707  	-0.1756  	-0.0197  	0.16673  	-0.1398  	-0.5141  	0.18300  	-0.2513  	-0.1606  	0.57214  	0.00780  	-0.1072  	0.35517  	0.50353  	0.14793  	0.13991  	-0.6626  	0.33592  	0.70317  	-0.1074  	0.06625  	0.10469  	0.27029  	0.19453  	-0.0178  	0.12148  	0.02339  	-0.1658  	0.44068  	0.04372  	0.03913  	-0.2305  	-0.2669  	0.35285  	-0.1333  	0.14990  	-0.3392  	0.22011  	0.12455  	-0.0190  	0.02075  	-0.1410  	-0.0584  	-0.0714  	-0.0310  	-0.0177  	-0.0337  	-0.0105  	-0.0183  	-0.0225  	0.01062  	-0.0093  	-0.0073  	0.00482  	0.00407  	-0.0007  	0.01473  	0.01423  	0.08411  	0.01040  	0.00532  	0.01241  	0.03785  	-0.7581  	
-0.8141  	-0.3097  	-0.9712  	-0.7906  	-0.1660  	-0.8620  	-0.0386  	-0.2034  	-0.0074  	0.19163  	-0.0982  	-0.5372  	0.10560  	-0.2181  	-0.2514  	0.58592  	-0.0504  	-0.0056  	0.29525  	0.67067  	0.12609  	0.30653  	-0.4967  	0.35736  	0.75990  	-0.1839  	0.09993  	0.11193  	0.17972  	0.18975  	-0.1152  	0.16488  	0.09100  	-0.0583  	0.48132  	0.04798  	0.14519  	-0.2318  	-0.1908  	0.41505  	-0.1812  	0.05562  	-0.2612  	0.17589  	0.16941  	-0.0294  	0.04089  	-0.1604  	-0.0484  	-0.0569  	-0.0392  	-0.0213  	-0.0380  	-0.0223  	-0.0249  	-0.0208  	0.00905  	-0.0015  	-0.0050  	-0.0010  	0.00049  	0.00202  	0.02110  	0.01043  	0.08411  	0.01040  	0.00532  	0.01241  	0.03785  	-0.7581  	
-0.4511  	-0.1462  	-0.7079  	-0.3752  	0.00813  	-0.5295  	-0.0172  	-0.0201  	0.03517  	0.07143  	-0.3534  	-0.4126  	0.25604  	0.10869  	0.09721  	0.72298  	-0.0791  	-0.0162  	0.35094  	0.60501  	0.17946  	0.33044  	-0.5277  	0.45015  	0.67630  	-0.1871  	0.18765  	0.10222  	0.13066  	0.22829  	-0.1116  	0.19425  	0.13400  	-0.0416  	0.50953  	-0.0060  	0.14599  	-0.2134  	-0.1803  	0.45474  	-0.1804  	0.05233  	-0.2486  	0.17729  	0.15850  	-0.0311  	0.03872  	-0.1329  	-0.0500  	-0.0547  	-0.0376  	-0.0133  	-0.0542  	-0.0211  	-0.0253  	-0.0234  	0.01364  	0.00077  	-0.0021  	-0.0091  	0.00175  	0.01083  	0.01801  	0.00310  	0.08411  	0.01040  	0.00532  	0.01241  	0.03785  	-0.7581  	
-0.1599  	-0.0078  	-0.6019  	-0.4480  	-0.0656  	-0.3926  	0.04198  	-0.0029  	0.10919  	0.04776  	-0.5966  	-0.4436  	0.26695  	0.11218  	0.18428  	0.75616  	-0.0992  	-0.0118  	0.30269  	0.58753  	0.16983  	0.41207  	-0.4610  	0.33403  	0.77345  	-0.2069  	0.12589  	0.12515  	0.18062  	0.24056  	-0.1329  	0.20043  	0.12631  	-0.0338  	0.49091  	-0.0101  	0.17225  	-0.2124  	-0.1882  	0.46761  	-0.1823  	0.04805  	-0.2167  	0.18222  	0.14067  	-0.0336  	0.02578  	-0.1294  	-0.0381  	-0.0744  	-0.0318  	-0.0185  	-0.0370  	-0.0181  	-0.0178  	-0.0106  	0.00873  	-0.0127  	0.00343  	-0.0036  	-0.0014  	0.01540  	0.01758  	0.00471  	0.08411  	0.01040  	0.00532  	0.01241  	0.03785  	-0.7581  	
-0.1871  	-0.0566  	-0.5997  	-0.3520  	-0.0382  	-0.3793  	0.04050  	0.00417  	0.09649  	0.03025  	-0.4344  	-0.4316  	0.24748  	0.06959  	0.09299  	0.81764  	-0.0691  	0.00459  	0.31612  	0.61964  	0.18904  	0.38670  	-0.5003  	0.30010  	0.85180  	-0.2197  	0.12013  	0.12852  	0.27081  	0.25463  	-0.1680  	0.18250  	0.10946  	-0.0334  	0.49737  	0.00808  	0.17602  	-0.2062  	-0.1594  	0.44102  	-0.1902  	0.05235  	-0.2147  	0.18396  	0.14847  	-0.0360  	0.02163  	-0.1187  	-0.0225  	-0.0687  	-0.0283  	-0.0217  	-0.0285  	-0.0221  	-0.0211  	-0.0056  	0.01028  	-0.0063  	0.00419  	0.00414  	-0.0033  	0.00103  	0.02201  	0.00469  	0.08411  	0.01040  	0.00532  	0.01241  	0.03785  	-0.7581  	
-0.2165  	-0.1145  	-0.6927  	-0.1309  	0.07202  	-0.3456  	0.03163  	-0.0821  	0.05607  	0.09034  	-0.4784  	-0.4084  	0.19586  	0.02655  	0.15064  	0.81991  	-0.0476  	-0.0665  	0.32033  	0.57990  	0.16525  	0.41563  	-0.5081  	0.33860  	0.86993  	-0.2302  	0.23074  	0.05488  	0.19074  	0.27393  	-0.1943  	0.18292  	0.08179  	-0.0311  	0.52532  	0.01585  	0.18996  	-0.1983  	-0.1540  	0.48233  	-0.2212  	0.04818  	-0.2232  	0.20607  	0.15961  	-0.0374  	0.02203  	-0.1061  	-0.0264  	-0.0626  	-0.0279  	-0.0241  	-0.0304  	-0.0137  	-0.0187  	-0.0064  	0.01385  	-0.0069  	-0.0007  	0.00220  	-0.0026  	-0.0060  	0.03025  	0.01276  	0.08411  	0.01040  	0.00532  	0.01241  	0.03785  	-0.7581  	
-0.3317  	-0.1664  	-0.7723  	-0.1691  	0.10308  	-0.4002  	-0.0081  	-0.1506  	0.01186  	0.03985  	-0.5602  	-0.3955  	0.21351  	0.00515  	0.09874  	0.71976  	-0.0491  	-0.0122  	0.33730  	0.56794  	0.04615  	0.38155  	-0.5065  	0.37348  	0.84949  	-0.2205  	0.21371  	0.15798  	0.25650  	0.28925  	-0.1656  	0.19748  	0.06544  	-0.0300  	0.50150  	0.04921  	0.13955  	-0.2238  	-0.1626  	0.46238  	-0.2118  	0.04981  	-0.2426  	0.18782  	0.15429  	-0.0383  	0.02904  	-0.1164  	-0.0369  	-0.0564  	-0.0297  	-0.0222  	-0.0328  	-0.0203  	-0.0185  	-0.0131  	0.01931  	-0.0029  	0.00046  	-0.0028  	-0.0045  	0.00160  	0.02681  	0.00803  	0.08411  	0.01040  	0.00532  	0.01241  	0.03785  	-0.7581  	
-0.3640  	-0.1487  	-0.7796  	-0.3129  	0.05114  	-0.4438  	0.01300  	-0.1751  	0.00720  	0.06400  	-0.4778  	-0.4709  	0.17088  	-0.0844  	0.02265  	0.74009  	-0.0951  	0.01738  	0.31125  	0.60822  	0.04256  	0.39784  	-0.5522  	0.36986  	0.84391  	-0.2218  	0.17276  	0.15143  	0.28627  	0.26937  	-0.1773  	0.20797  	0.07835  	-0.0375  	0.48867  	0.09185  	0.12362  	-0.2281  	-0.1720  	0.46630  	-0.1800  	0.06180  	-0.2371  	0.18710  	0.15284  	-0.0361  	0.03180  	-0.1269  	-0.0377  	-0.0628  	-0.0312  	-0.0194  	-0.0288  	-0.0167  	-0.0196  	-0.0174  	0.01902  	-0.0089  	0.00715  	0.00244  	-0.0068  	-0.0098  	0.02405  	0.01010  	0.08411  	0.01040  	0.00532  	0.01241  	0.03785  	-0.7581  	
-0.3187  	-0.1468  	-0.7332  	-0.2762  	0.06817  	-0.4554  	0.01528  	-0.1702  	0.01090  	0.10208  	-0.4406  	-0.4542  	0.15909  	-0.0895  	-0.0364  	0.78944  	-0.1098  	0.00786  	0.30987  	0.60149  	0.04170  	0.40108  	-0.5479  	0.39067  	0.85350  	-0.2336  	0.19559  	0.12867  	0.27797  	0.28540  	-0.1790  	0.21204  	0.06697  	-0.0414  	0.52256  	0.10726  	0.13489  	-0.2308  	-0.1811  	0.47636  	-0.1865  	0.05637  	-0.2332  	0.18618  	0.15817  	-0.0314  	0.02977  	-0.1250  	-0.0370  	-0.0567  	-0.0236  	-0.0197  	-0.0300  	-0.0180  	-0.0187  	-0.0159  	0.01949  	-0.0058  	0.00380  	0.00192  	-0.0070  	-0.0079  	0.01809  	0.00893  	0.08411  	0.01040  	0.00532  	0.01241  	0.03785  	-0.7581  	
-0.3587  	-0.1786  	-0.7677  	-0.3130  	0.04214  	-0.4765  	0.02288  	-0.1703  	0.00504  	0.14824  	-0.4093  	-0.4671  	0.15015  	-0.1262  	-0.1082  	0.77207  	-0.1105  	0.03242  	0.31954  	0.61110  	0.02022  	0.40275  	-0.5504  	0.38685  	0.90226  	-0.2415  	0.21667  	0.17458  	0.29580  	0.28227  	-0.1746  	0.21635  	0.05078  	-0.0522  	0.50090  	0.13893  	0.12714  	-0.2243  	-0.1708  	0.46705  	-0.1825  	0.05988  	-0.2319  	0.19335  	0.16020  	-0.0359  	0.03069  	-0.1277  	-0.0333  	-0.0629  	-0.0219  	-0.0213  	-0.0271  	-0.0180  	-0.0160  	-0.0207  	0.02395  	-0.0026  	0.00290  	0.00229  	-0.0096  	-0.0045  	0.02631  	0.01107  	0.08411  	0.01040  	0.00532  	0.01241  	0.03785  	-0.7581  	
-0.3671  	-0.1900  	-0.7788  	-0.3822  	0.02603  	-0.4890  	0.02831  	-0.1876  	-0.0007  	0.16321  	-0.4182  	-0.4827  	0.15330  	-0.1659  	-0.1562  	0.78912  	-0.1118  	0.04300  	0.32421  	0.61086  	-0.0337  	0.38875  	-0.5684  	0.34641  	0.91114  	-0.2402  	0.18426  	0.20318  	0.32892  	0.27815  	-0.1710  	0.21181  	0.04480  	-0.0437  	0.47155  	0.16884  	0.09787  	-0.2194  	-0.1553  	0.47660  	-0.1713  	0.06251  	-0.2245  	0.19985  	0.15328  	-0.0353  	0.03472  	-0.1263  	-0.0350  	-0.0645  	-0.0256  	-0.0180  	-0.0289  	-0.0148  	-0.0130  	-0.0259  	0.02144  	-0.0038  	0.00245  	-0.0005  	-0.0105  	-0.0047  	0.02579  	0.01099  	0.08411  	0.01040  	0.00532  	0.01241  	0.03785  	-0.7581  	
-0.3930  	-0.1968  	-0.7922  	-0.4295  	0.02927  	-0.4714  	0.05039  	-0.2185  	-0.0080  	0.16436  	-0.4143  	-0.5180  	0.15816  	-0.1665  	-0.1668  	0.78339  	-0.1225  	0.04904  	0.31115  	0.61012  	-0.0579  	0.37324  	-0.5871  	0.31473  	0.89611  	-0.2276  	0.15695  	0.25172  	0.36033  	0.27726  	-0.1610  	0.19881  	0.04606  	-0.0343  	0.47087  	0.17955  	0.07477  	-0.2252  	-0.1432  	0.48932  	-0.1618  	0.06297  	-0.2248  	0.20215  	0.15372  	-0.0346  	0.03223  	-0.1280  	-0.0396  	-0.0608  	-0.0169  	-0.0166  	-0.0272  	-0.0164  	-0.0106  	-0.0230  	0.01911  	-0.0057  	0.00178  	0.00229  	-0.0097  	-0.0026  	0.02663  	0.01112  	0.08411  	0.01040  	0.00532  	0.01241  	0.03785  	-0.7581  	
-0.4066  	-0.2035  	-0.7929  	-0.4985  	-0.0157  	-0.4800  	0.05816  	-0.2205  	-0.0060  	0.11193  	-0.3962  	-0.5298  	0.17955  	-0.1826  	-0.1634  	0.76603  	-0.1112  	0.06801  	0.30393  	0.62800  	-0.0923  	0.36038  	-0.5610  	0.30042  	0.84868  	-0.2109  	0.08759  	0.28844  	0.36552  	0.25212  	-0.1548  	0.19024  	0.06774  	-0.0381  	0.44730  	0.16649  	0.04879  	-0.2242  	-0.1481  	0.49733  	-0.1269  	0.06171  	-0.2241  	0.19281  	0.14518  	-0.0365  	0.03390  	-0.1302  	-0.0453  	-0.0554  	-0.0225  	-0.0175  	-0.0257  	-0.0155  	-0.0134  	-0.0258  	0.01894  	-0.0073  	0.00170  	0.00264  	-0.0038  	-0.0018  	0.02437  	0.01233  	0.08411  	0.01040  	0.00532  	0.01241  	0.03785  	-0.7581  	
-0.4725  	-0.1896  	-0.8224  	-0.4743  	-0.0184  	-0.5091  	0.03112  	-0.2386  	-0.0081  	0.08232  	-0.4427  	-0.5316  	0.13629  	-0.2057  	-0.1524  	0.73632  	-0.0757  	0.02970  	0.31629  	0.62230  	-0.0483  	0.34334  	-0.5656  	0.31966  	0.88105  	-0.2130  	0.15492  	0.26340  	0.31372  	0.27353  	-0.1654  	0.20974  	0.05424  	-0.0454  	0.46686  	0.16579  	0.08363  	-0.2347  	-0.1692  	0.47395  	-0.1548  	0.05611  	-0.2324  	0.19136  	0.15378  	-0.0371  	0.02832  	-0.1380  	-0.0500  	-0.0607  	-0.0240  	-0.0184  	-0.0311  	-0.0204  	-0.0158  	-0.0229  	0.02164  	-0.0028  	0.00295  	-0.0010  	-0.0089  	-0.0040  	0.02606  	0.01378  	0.08411  	0.01040  	0.00532  	0.01241  	0.03785  	-0.7581  	
-0.4998  	-0.1889  	-0.8621  	-0.3673  	0.00744  	-0.5087  	0.00778  	-0.2053  	-0.0098  	0.07147  	-0.4895  	-0.4926  	0.15444  	-0.1289  	-0.0626  	0.68973  	-0.0765  	0.02864  	0.31444  	0.61386  	-0.0248  	0.37222  	-0.5326  	0.34845  	0.87680  	-0.2083  	0.18991  	0.23186  	0.31235  	0.27557  	-0.1771  	0.19807  	0.03968  	-0.0442  	0.47927  	0.14850  	0.07174  	-0.2293  	-0.1652  	0.47172  	-0.1761  	0.06082  	-0.2425  	0.18356  	0.15413  	-0.0440  	0.02956  	-0.1374  	-0.0432  	-0.0717  	-0.0213  	-0.0190  	-0.0292  	-0.0139  	-0.0173  	-0.0212  	0.02554  	-0.0043  	0.00540  	0.00248  	-0.0083  	-0.0044  	0.02816  	0.01315  	0.08411  	0.01040  	0.00532  	0.01241  	0.03785  	-0.7581  	
-0.3843  	-0.1638  	-0.8578  	-0.1945  	0.11522  	-0.4285  	0.00945  	-0.1472  	0.01357  	0.05899  	-0.5294  	-0.4167  	0.21509  	0.00913  	0.07253  	0.70263  	-0.0823  	0.00954  	0.28588  	0.63015  	-0.0125  	0.38462  	-0.5709  	0.35270  	0.90566  	-0.2186  	0.17884  	0.24055  	0.35495  	0.30133  	-0.1832  	0.18400  	0.06835  	-0.0335  	0.50787  	0.10411  	0.04739  	-0.2565  	-0.1365  	0.48053  	-0.2115  	0.06664  	-0.2369  	0.17649  	0.16019  	-0.0370  	0.02694  	-0.1352  	-0.0373  	-0.0609  	-0.0216  	-0.0208  	-0.0313  	-0.0170  	-0.0165  	-0.0139  	0.02411  	-0.0046  	0.00662  	0.00414  	-0.0077  	-0.0055  	0.02174  	0.01328  	0.08411  	0.01040  	0.00532  	0.01241  	0.03785  	-0.7581  	
-0.3301  	-0.1400  	-0.8325  	-0.0913  	0.18478  	-0.4173  	0.01088  	-0.1320  	0.02964  	0.06678  	-0.5693  	-0.3759  	0.25985  	0.07467  	0.13142  	0.71582  	-0.1063  	0.01147  	0.27991  	0.66145  	-0.0184  	0.40053  	-0.6310  	0.33055  	0.91449  	-0.2228  	0.14871  	0.28522  	0.37262  	0.31438  	-0.1745  	0.17059  	0.08079  	-0.0248  	0.49300  	0.08535  	0.02625  	-0.2672  	-0.1153  	0.49534  	-0.2236  	0.06850  	-0.2375  	0.17879  	0.15992  	-0.0388  	0.02905  	-0.1272  	-0.0395  	-0.0635  	-0.0229  	-0.0218  	-0.0349  	-0.0183  	-0.0191  	-0.0159  	0.02767  	-0.0034  	0.00272  	0.00077  	-0.0077  	-0.0042  	0.01994  	0.01186  	0.08411  	0.01040  	0.00532  	0.01241  	0.03785  	-0.7581  	
-0.3257  	-0.1528  	-0.8877  	-0.0317  	0.22648  	-0.4200  	0.01758  	-0.1143  	0.03318  	0.07573  	-0.5698  	-0.3772  	0.28159  	0.12551  	0.16362  	0.73659  	-0.1206  	0.01913  	0.28317  	0.68189  	-0.0272  	0.39155  	-0.7088  	0.35699  	0.92815  	-0.2256  	0.13349  	0.28809  	0.41862  	0.33239  	-0.1851  	0.16367  	0.08237  	-0.0300  	0.51696  	0.09449  	0.02340  	-0.2825  	-0.1095  	0.49261  	-0.2340  	0.07225  	-0.2674  	0.15862  	0.15896  	-0.0331  	0.02813  	-0.1306  	-0.0359  	-0.0569  	-0.0216  	-0.0232  	-0.0299  	-0.0194  	-0.0175  	-0.0104  	0.02125  	-0.0076  	0.00783  	0.00145  	-0.0073  	-0.0062  	0.00646  	0.00780  	0.08411  	0.01040  	0.00532  	0.01241  	0.03785  	-0.7581  	
-0.3616  	-0.1228  	-0.9398  	-0.0260  	0.26059  	-0.4861  	-4.0377  	-0.1483  	0.02876  	0.08347  	-0.5968  	-0.3675  	0.28076  	0.17699  	0.23331  	0.67944  	-0.1183  	-0.0241  	0.28855  	0.64079  	-0.0621  	0.39353  	-0.6726  	0.39114  	0.87885  	-0.1969  	0.17840  	0.30106  	0.34168  	0.32484  	-0.1822  	0.17205  	0.10806  	-0.0253  	0.56428  	0.07147  	0.02341  	-0.2877  	-0.1342  	0.52210  	-0.2573  	0.09251  	-0.2958  	0.16465  	0.15448  	-0.0353  	0.03924  	-0.1357  	-0.0418  	-0.0516  	-0.0154  	-0.0207  	-0.0314  	-0.0161  	-0.0227  	-0.0149  	0.01823  	-0.0069  	0.01686  	0.00721  	-0.0033  	-9.6385  	0.00482  	-0.0021  	0.08411  	0.01040  	0.00532  	0.01241  	0.03785  	-0.7581  	
-0.2379  	-0.1269  	-0.7806  	0.00387  	0.21891  	-0.3459  	0.05239  	-0.0981  	0.02059  	0.06088  	-0.7220  	-0.4493  	0.33454  	0.28199  	0.42410  	0.57447  	-0.1055  	-0.0462  	0.24846  	0.59001  	-0.0084  	0.44518  	-0.5976  	0.36248  	0.88762  	-0.2421  	0.20662  	0.21327  	0.37405  	0.34003  	-0.1948  	0.17472  	0.09052  	-0.0127  	0.54182  	0.06459  	0.02505  	-0.2819  	-0.1096  	0.52970  	-0.2544  	0.09071  	-0.2641  	0.16794  	0.16361  	-0.0286  	0.02619  	-0.1230  	-0.0291  	-0.0564  	-0.0252  	-0.0227  	-0.0350  	-0.0249  	-0.0187  	-0.0098  	0.01830  	-0.0052  	0.00837  	0.00292  	-0.0052  	0.00150  	0.01458  	0.00565  	0.08411  	0.01040  	0.00532  	0.01241  	0.03785  	-0.7581  	
-0.0949  	-0.0767  	-0.6767  	-0.0855  	0.14054  	-0.2987  	0.06647  	-0.1083  	0.04303  	0.10548  	-0.7715  	-0.6167  	0.33834  	0.28582  	0.36478  	0.57315  	-0.0797  	-0.0571  	0.27155  	0.48484  	0.01359  	0.46539  	-0.5115  	0.36091  	0.94144  	-0.2416  	0.23196  	0.10568  	0.39694  	0.35455  	-0.1747  	0.17136  	0.06204  	-0.0235  	0.51651  	0.04339  	0.03805  	-0.2851  	-0.1003  	0.52442  	-0.2053  	0.07461  	-0.2385  	0.18787  	0.15607  	-0.0279  	0.01415  	-0.1052  	-0.0243  	-0.0614  	-0.0231  	-0.0146  	-0.0291  	-0.0219  	-0.0170  	-0.0069  	0.00854  	-0.0054  	0.00243  	0.00278  	-0.0049  	-0.0016  	0.01492  	0.00225  	0.08411  	0.01040  	0.00532  	0.01241  	0.03785  	-0.7581  	
-0.1543  	-0.0655  	-0.7104  	-0.2632  	0.07494  	-0.4045  	0.07944  	-0.0809  	0.02549  	0.14177  	-0.6888  	-0.6587  	0.30584  	0.18494  	0.24914  	0.54410  	-0.0648  	-0.0972  	0.30609  	0.48398  	0.04146  	0.48887  	-0.5054  	0.41103  	1.00719  	-0.2519  	0.35804  	0.02826  	0.32922  	0.34292  	-0.1819  	0.18534  	0.03764  	-0.0480  	0.52052  	0.05487  	0.11522  	-0.2539  	-0.1430  	0.51542  	-0.2288  	0.06619  	-0.2397  	0.20222  	0.14928  	-0.0391  	0.01992  	-0.0998  	-0.0204  	-0.0552  	-0.0229  	-0.0185  	-0.0328  	-0.0152  	-0.0191  	-0.0138  	0.00341  	-0.0092  	-0.0017  	0.00814  	-0.0038  	-0.0017  	0.01811  	0.00331  	0.08411  	0.01040  	0.00532  	0.01241  	0.03785  	-0.7581  	
-0.2724  	-0.1045  	-0.8346  	-0.0233  	0.20869  	-0.4401  	0.04876  	-0.0867  	0.03013  	0.07846  	-0.6224  	-0.4420  	0.30663  	0.19290  	0.25394  	0.62346  	-0.0868  	-0.0750  	0.27831  	0.58233  	0.00764  	0.45040  	-0.5981  	0.40571  	0.96224  	-0.2308  	0.25528  	0.17577  	0.33809  	0.33113  	-0.1925  	0.18424  	0.07304  	-0.0414  	0.54703  	0.05414  	0.05658  	-0.2689  	-0.1333  	0.50459  	-0.2515  	0.08749  	-0.2613  	0.18263  	0.16402  	-0.0363  	0.02626  	-0.1214  	-0.0265  	-0.0568  	-0.0233  	-0.0226  	-0.0388  	-0.0240  	-0.0201  	-0.0188  	0.01954  	-0.0054  	0.00183  	-0.0036  	-0.0043  	0.00399  	0.02525  	0.00831  	0.08411  	0.01040  	0.00532  	0.01241  	0.03785  	-0.7581  	
-0.3011  	-0.1297  	-0.8770  	0.14601  	0.28825  	-0.3807  	0.03266  	-0.0810  	0.03884  	0.06181  	-0.6780  	-0.3551  	0.33073  	0.27530  	0.32788  	0.65014  	-0.0942  	-0.0576  	0.26574  	0.59852  	-0.0292  	0.43493  	-0.6257  	0.37028  	0.91007  	-0.2224  	0.17387  	0.22347  	0.36610  	0.34024  	-0.1827  	0.17278  	0.08553  	-0.0227  	0.54622  	0.03692  	0.01061  	-0.2804  	-0.1035  	0.50654  	-0.2543  	0.07654  	-0.2512  	0.16863  	0.16871  	-0.0362  	0.03372  	-0.1330  	-0.0330  	-0.0562  	-0.0255  	-0.0239  	-0.0374  	-0.0219  	-0.0209  	-0.0161  	0.02163  	-0.0036  	-0.0027  	-0.0005  	-0.0012  	0.00298  	0.02100  	0.00765  	0.08411  	0.01040  	0.00532  	0.01241  	0.03785  	-0.7581  	
-0.3769  	-0.1696  	-0.9022  	-0.0791  	0.24685  	-0.5470  	0.03874  	-0.1189  	0.01492  	0.10977  	-0.5355  	-0.3491  	0.29020  	0.17001  	0.19637  	0.68918  	-0.1254  	-0.0177  	0.27488  	0.64227  	0.00927  	0.40395  	-0.6372  	0.37805  	0.85216  	-0.2245  	0.15761  	0.21453  	0.33654  	0.30513  	-0.1808  	0.16347  	0.09523  	-0.0191  	0.56510  	0.06545  	0.04082  	-0.2744  	-0.1464  	0.50051  	-0.2407  	0.07438  	-0.2688  	0.17210  	0.15935  	-0.0334  	0.03259  	-0.1265  	-0.0333  	-0.0665  	-0.0356  	-0.0222  	-0.0292  	-0.0127  	-0.0174  	-0.0182  	0.01767  	-0.0101  	0.00941  	0.00131  	-0.0002  	0.00199  	0.01218  	0.00681  	0.08411  	0.01040  	0.00532  	0.01241  	0.03785  	-0.7581  	
-0.5086  	-0.1694  	-0.8626  	-0.4466  	0.06027  	-0.5441  	0.02747  	-0.1692  	0.01920  	0.09353  	-0.4237  	-0.4384  	0.19220  	-0.0794  	0.00359  	0.68927  	-0.0863  	0.05699  	0.30933  	0.64224  	0.05453  	0.35766  	-0.5353  	0.38277  	0.80110  	-0.2168  	0.12730  	0.19044  	0.26679  	0.23138  	-0.1438  	0.19337  	0.10269  	-0.0436  	0.49806  	0.04860  	0.10721  	-0.2372  	-0.1678  	0.47630  	-0.1831  	0.04298  	-0.2570  	0.18928  	0.15531  	-0.0293  	0.03871  	-0.1395  	-0.0449  	-0.0566  	-0.0287  	-0.0203  	-0.0334  	-0.0179  	-0.0163  	-0.0201  	0.01802  	-0.0077  	0.00610  	0.00531  	-0.0004  	-0.0007  	0.01981  	0.00781  	0.08411  	0.01040  	0.00532  	0.01241  	0.03785  	-0.7581  	
-0.4528  	-0.2107  	-0.7805  	-0.4997  	-0.0525  	-0.4994  	0.00451  	-0.2024  	-0.0052  	0.06635  	-0.4327  	-0.5139  	0.15251  	-0.2045  	-0.1193  	0.74191  	-0.0669  	0.06099  	0.35062  	0.60086  	-9.3535  	0.34715  	-0.5122  	0.34319  	0.81295  	-0.2130  	0.16082  	0.17010  	0.27207  	0.24819  	-0.1693  	0.20654  	0.07110  	-0.0456  	0.47019  	0.11753  	0.10000  	-0.2145  	-0.1842  	0.47509  	-0.1405  	0.04194  	-0.2385  	0.19644  	0.14588  	-0.0345  	0.03182  	-0.1342  	-0.0488  	-0.0571  	-0.0307  	-0.0144  	-0.0233  	-0.0181  	-0.0195  	-0.0204  	0.02086  	-0.0049  	0.00063  	0.00517  	0.00543  	-0.0083  	0.01849  	0.01141  	0.08411  	0.01040  	0.00532  	0.01241  	0.03785  	-0.7581  	
-0.3669  	-0.1977  	-0.7514  	-0.3881  	0.03080  	-0.5082  	0.03111  	-0.2101  	-0.0079  	0.17941  	-0.3848  	-0.4814  	0.13921  	-0.1836  	-0.1498  	0.80789  	-0.1120  	0.05625  	0.30831  	0.65656  	-0.0551  	0.35087  	-0.5716  	0.33921  	0.86480  	-0.2268  	0.12154  	0.24103  	0.31008  	0.26555  	-0.1697  	0.20180  	0.05680  	-0.0419  	0.49406  	0.15012  	0.08665  	-0.2339  	-0.1581  	0.47900  	-0.1529  	0.04901  	-0.2294  	0.19589  	0.15428  	-0.0378  	0.03551  	-0.1284  	-0.0395  	-0.0584  	-0.0240  	-0.0196  	-0.0288  	-0.0185  	-0.0140  	-0.0241  	0.02164  	-0.0061  	-0.0036  	0.00333  	-0.0048  	-0.0100  	0.02863  	0.01385  	0.08411  	0.01040  	0.00532  	0.01241  	0.03785  	-0.7581  	
-0.3899  	-0.1958  	-0.7617  	-0.4039  	0.03354  	-0.5004  	0.01444  	-0.1872  	-0.0063  	0.19905  	-0.3644  	-0.5031  	0.13850  	-0.1980  	-0.1516  	0.82784  	-0.1292  	0.05534  	0.31622  	0.63961  	-0.0499  	0.36226  	-0.5847  	0.31053  	0.88346  	-0.2401  	0.12228  	0.25233  	0.33643  	0.27348  	-0.1733  	0.20582  	0.05362  	-0.0402  	0.50259  	0.16860  	0.07385  	-0.2313  	-0.1563  	0.48338  	-0.1667  	0.05403  	-0.2259  	0.19448  	0.15236  	-0.0327  	0.03296  	-0.1297  	-0.0440  	-0.0624  	-0.0199  	-0.0177  	-0.0274  	-0.0204  	-0.0140  	-0.0223  	0.02276  	-0.0040  	-0.0009  	0.00315  	-0.0041  	-0.0105  	0.02851  	0.01329  	0.08411  	0.01040  	0.00532  	0.01241  	0.03785  	-0.7581  	
-0.4087  	-0.1805  	-0.7793  	-0.4678  	-0.0172  	-0.4866  	0.02466  	-0.2187  	-0.0130  	0.19791  	-0.3348  	-0.5057  	0.13207  	-0.2013  	-0.2170  	0.81184  	-0.1252  	0.05513  	0.30853  	0.62250  	-0.0303  	0.35438  	-0.5853  	0.29734  	0.85289  	-0.2323  	0.13484  	0.23480  	0.32102  	0.26536  	-0.1621  	0.20048  	0.05657  	-0.0347  	0.49182  	0.16568  	0.08495  	-0.2268  	-0.1604  	0.48070  	-0.1598  	0.05403  	-0.2296  	0.18932  	0.15596  	-0.0360  	0.03232  	-0.1335  	-0.0410  	-0.0613  	-0.0220  	-0.0195  	-0.0259  	-0.0181  	-0.0148  	-0.0210  	0.02169  	-0.0057  	0.00112  	0.00307  	-0.0067  	-0.0039  	0.03046  	0.01261  	0.08411  	0.01040  	0.00532  	0.01241  	0.03785  	-0.7581  	
-0.4005  	-0.1968  	-0.7628  	-0.4683  	-0.0076  	-0.4911  	0.03977  	-0.2414  	-0.0105  	0.19098  	-0.3654  	-0.4968  	0.14675  	-0.2074  	-0.2540  	0.82909  	-0.1313  	0.05272  	0.30364  	0.63164  	-0.0580  	0.35072  	-0.5912  	0.29501  	0.86108  	-0.2236  	0.11665  	0.25554  	0.33370  	0.26858  	-0.1604  	0.19312  	0.04852  	-0.0321  	0.46847  	0.17264  	0.07209  	-0.2274  	-0.1521  	0.49316  	-0.1485  	0.05633  	-0.2257  	0.19120  	0.15820  	-0.0356  	0.03173  	-0.1261  	-0.0371  	-0.0582  	-0.0193  	-0.0210  	-0.0284  	-0.0191  	-0.0137  	-0.0218  	0.02016  	-0.0067  	-0.0008  	0.00423  	-0.0071  	-0.0051  	0.02900  	0.01402  	0.08411  	0.01040  	0.00532  	0.01241  	0.03785  	-0.7581  	
-0.4755  	-0.1983  	-0.8377  	-0.4878  	-0.0441  	-0.5543  	0.01552  	-0.2152  	-0.0150  	0.16961  	-0.3921  	-0.5125  	0.14785  	-0.2163  	-0.2128  	0.75806  	-0.1036  	0.06302  	0.31330  	0.63719  	-0.0606  	0.35797  	-0.5794  	0.29895  	0.86477  	-0.2149  	0.09210  	0.28054  	0.35610  	0.26110  	-0.1649  	0.19640  	0.04496  	-0.0461  	0.45466  	0.17598  	0.05587  	-0.2484  	-0.1391  	0.48854  	-0.1408  	0.05261  	-0.2300  	0.18727  	0.15530  	-0.0391  	0.03226  	-0.1342  	-0.0435  	-0.0593  	-0.0223  	-0.0211  	-0.0262  	-0.0192  	-0.0140  	-0.0226  	0.02008  	-0.0061  	-0.0001  	0.00590  	-0.0060  	-0.0011  	0.02261  	0.01569  	0.08411  	0.01040  	0.00532  	0.01241  	0.03785  	-0.7581  	
-0.6153  	-0.2218  	-0.9178  	-0.5234  	-0.0810  	-0.5541  	-0.0016  	-0.2372  	-0.0332  	0.10143  	-0.4626  	-0.5290  	0.12910  	-0.2157  	-0.1576  	0.64896  	-0.0550  	0.04889  	0.31483  	0.59576  	-0.0541  	0.34933  	-0.5298  	0.31424  	0.88766  	-0.2056  	0.15901  	0.22495  	0.38737  	0.26084  	-0.1550  	0.19000  	0.03753  	-0.0341  	0.41073  	0.14751  	0.05490  	-0.2265  	-0.1505  	0.47094  	-0.1376  	0.04409  	-0.2314  	0.18866  	0.16741  	-0.0365  	0.03019  	-0.1486  	-0.0551  	-0.0610  	-0.0341  	-0.0175  	-0.0250  	-0.0160  	-0.0173  	-0.0261  	0.01927  	-0.0046  	0.00333  	0.00236  	-0.0030  	-0.0118  	0.02526  	0.01186  	0.08411  	0.01040  	0.00532  	0.01241  	0.03785  	-0.7581  	
-0.5732  	-0.2093  	-0.8877  	-0.5463  	-0.1004  	-0.5303  	-0.0113  	-0.2177  	-0.0457  	0.06374  	-0.4308  	-0.5438  	0.10616  	-0.2373  	-0.1164  	0.65103  	-0.0519  	0.03702  	0.31188  	0.58404  	-0.0186  	0.37337  	-0.4701  	0.32165  	0.86504  	-0.2119  	0.17835  	0.18683  	0.34088  	0.26294  	-0.1613  	0.20075  	0.04070  	-0.0393  	0.43231  	0.12402  	0.10113  	-0.2096  	-0.1708  	0.45570  	-0.1370  	0.05260  	-0.2336  	0.18911  	0.16350  	-0.0357  	0.03138  	-0.1471  	-0.0509  	-0.0642  	-0.0381  	-0.0143  	-0.0230  	-0.0130  	-0.0171  	-0.0230  	0.01865  	-0.0067  	0.00380  	0.00045  	-0.0008  	-0.0067  	0.02629  	0.01428  	0.08411  	0.01040  	0.00532  	0.01241  	0.03785  	-0.7581  	
-0.5184  	-0.1962  	-0.8594  	-0.5020  	-0.0706  	-0.5382  	-0.0169  	-0.1872  	-0.0194  	0.10167  	-0.3989  	-0.4680  	0.13167  	-0.2314  	-0.1484  	0.70516  	-0.0844  	0.03635  	0.29415  	0.61657  	-0.0520  	0.36612  	-0.5032  	0.30200  	0.82017  	-0.1925  	0.10805  	0.24308  	0.34121  	0.23592  	-0.1428  	0.17691  	0.06580  	-0.0376  	0.43387  	0.13210  	0.06445  	-0.2275  	-0.1490  	0.47333  	-0.1352  	0.06006  	-0.2118  	0.19288  	0.15566  	-0.0362  	0.04397  	-0.1324  	-0.0447  	-0.0566  	-0.0312  	-0.0200  	-0.0306  	-0.0160  	-0.0136  	-0.0234  	0.02138  	-0.0037  	0.00154  	0.00397  	-0.0036  	-0.0073  	0.02414  	0.01876  	0.08411  	0.01040  	0.00532  	0.01241  	0.03785  	-0.7581  	
-0.4687  	-0.1868  	-0.8144  	-0.4348  	-0.0068  	-0.5273  	0.01240  	-0.2048  	0.00034  	0.19235  	-0.4101  	-0.4324  	0.15905  	-0.2225  	-0.1813  	0.75826  	-0.1016  	0.07626  	0.30084  	0.65280  	-0.0932  	0.35148  	-0.5776  	0.27770  	0.82343  	-0.2193  	0.07028  	0.30485  	0.36522  	0.26386  	-0.1519  	0.18168  	0.06009  	-0.0342  	0.43434  	0.14820  	0.03047  	-0.2504  	-0.1290  	0.48747  	-0.1345  	0.05112  	-0.2271  	0.18614  	0.15594  	-0.0340  	0.03826  	-0.1266  	-0.0437  	-0.0622  	-0.0263  	-0.0169  	-0.0255  	-0.0201  	-0.0167  	-0.0246  	0.02305  	-0.0037  	-1.7319  	0.00272  	-0.0043  	-0.0122  	0.02538  	0.01443  	0.08411  	0.01040  	0.00532  	0.01241  	0.03785  	-0.7581  	
-0.4163  	-0.1853  	-0.7829  	-0.4250  	-0.0137  	-0.4995  	0.02974  	-0.1910  	0.00472  	0.14940  	-0.4080  	-0.4917  	0.15931  	-0.1760  	-0.1524  	0.77856  	-0.1143  	0.06058  	0.30499  	0.63579  	-0.0463  	0.33919  	-0.5754  	0.29102  	0.82430  	-0.2308  	0.11660  	0.26260  	0.33534  	0.25704  	-0.1727  	0.20344  	0.05732  	-0.0368  	0.47572  	0.16126  	0.07411  	-0.2371  	-0.1563  	0.48144  	-0.1581  	0.05559  	-0.2349  	0.18525  	0.15590  	-0.0355  	0.03410  	-0.1289  	-0.0390  	-0.0574  	-0.0231  	-0.0188  	-0.0264  	-0.0159  	-0.0176  	-0.0195  	0.02111  	-0.0024  	-0.0002  	-0.0004  	-0.0070  	-0.0060  	0.02632  	0.01207  	0.08411  	0.01040  	0.00532  	0.01241  	0.03785  	-0.7581  	
-0.4178  	-0.1712  	-0.8228  	-0.4157  	-0.0161  	-0.4878  	0.04619  	-0.1965  	-0.0127  	0.10939  	-0.4075  	-0.5121  	0.16268  	-0.1602  	-0.1649  	0.72927  	-0.0942  	0.06337  	0.29483  	0.63783  	-0.0486  	0.35651  	-0.5557  	0.27213  	0.83687  	-0.2060  	0.08597  	0.26651  	0.35728  	0.25001  	-0.1622  	0.19179  	0.05685  	-0.0397  	0.43972  	0.15163  	0.05361  	-0.2433  	-0.1314  	0.48041  	-0.1535  	0.04603  	-0.2361  	0.18332  	0.16208  	-0.0366  	0.03522  	-0.1257  	-0.0400  	-0.0509  	-0.0196  	-0.0235  	-0.0271  	-0.0175  	-0.0130  	-0.0231  	0.02129  	-0.0007  	0.00474  	0.00100  	-0.0078  	-0.0038  	0.02177  	0.01233  	0.08411  	0.01040  	0.00532  	0.01241  	0.03785  	-0.7581  	
-0.4658  	-0.1542  	-0.8033  	-0.4926  	-0.0365  	-0.5848  	0.04508  	-0.1845  	-0.0261  	0.13873  	-0.4299  	-0.5633  	0.25616  	-0.1408  	-0.1279  	0.59837  	-0.0312  	-0.0615  	0.33334  	0.43852  	-0.0456  	0.20082  	-0.7562  	0.30749  	0.83211  	-0.1409  	0.09376  	0.20981  	0.41100  	0.25051  	-0.0557  	0.12092  	-0.0284  	-0.1699  	0.37651  	0.14458  	-0.0250  	-0.2444  	-0.2289  	0.42411  	-0.0855  	0.16240  	-0.3322  	0.22717  	0.11916  	-0.0253  	0.01217  	-0.1224  	-0.0493  	-0.0713  	-0.0165  	-0.0117  	-0.0281  	-0.0090  	-0.0105  	-0.0265  	0.01768  	-0.0136  	0.00295  	0.00306  	-0.0051  	0.00265  	0.01027  	0.01075  	0.08411  	0.01040  	0.00532  	0.01241  	0.03785  	-0.7581  	
-0.6808  	-0.2319  	-0.8757  	-0.4943  	0.00399  	-0.7368  	-0.0171  	-0.1165  	-0.0189  	0.09139  	-0.2553  	-0.4964  	0.23914  	-0.1527  	-0.0587  	0.53851  	0.03386  	-0.1981  	0.39063  	0.31174  	0.14009  	0.03588  	-0.8722  	0.38873  	0.76004  	-0.0702  	0.10374  	0.05029  	0.36815  	0.22091  	0.02067  	0.09283  	-0.0226  	-0.2516  	0.41737  	0.03805  	-0.0108  	-0.2404  	-0.3227  	0.33841  	-0.0845  	0.22881  	-0.4120  	0.26714  	0.09649  	-0.0086  	0.00554  	-0.1195  	-0.0739  	-0.0724  	-0.0326  	-0.0092  	-0.0273  	0.00998  	-0.0150  	-0.0284  	0.01183  	-0.0233  	0.00249  	0.01710  	0.00578  	-0.0035  	0.00032  	0.01246  	0.08411  	0.01040  	0.00532  	0.01241  	0.03785  	-0.7581  	
-0.7507  	-0.2569  	-0.9171  	-0.5689  	-0.0404  	-0.7997  	-0.0310  	-0.1217  	-0.0306  	0.10319  	-0.2003  	-0.4735  	0.21900  	-0.2560  	-0.0661  	0.52619  	0.03266  	-0.2129  	0.40222  	0.29691  	0.15725  	3.76392  	-0.8954  	0.34543  	0.68204  	-0.0579  	0.11918  	0.02664  	0.34946  	0.18880  	0.02488  	0.08771  	-0.0366  	-0.2753  	0.40812  	0.04060  	-0.0249  	-0.2198  	-0.3531  	0.33060  	-0.0671  	0.25235  	-0.4349  	0.29154  	0.07552  	-0.0120  	0.01207  	-0.1326  	-0.0696  	-0.0848  	-0.0298  	-0.0136  	-0.0346  	0.01170  	-0.0116  	-0.0231  	0.01567  	-0.0174  	-0.0050  	0.01027  	0.00655  	-0.0124  	-0.0019  	0.01341  	0.08411  	0.01040  	0.00532  	0.01241  	0.03785  	-0.7581  	
-0.7442  	-0.2718  	-0.9379  	-0.5486  	-0.0481  	-0.7981  	-0.0709  	-0.1315  	-0.0336  	0.13806  	-0.2047  	-0.4480  	0.22771  	-0.2262  	-0.1147  	0.57540  	0.05188  	-0.1714  	0.38986  	0.33534  	0.15024  	0.03450  	-0.8647  	0.32283  	0.66423  	-0.0564  	0.05970  	0.09299  	0.34960  	0.18942  	0.02819  	0.09661  	-0.0358  	-0.2608  	0.38730  	0.05375  	-0.0420  	-0.2355  	-0.3108  	0.32031  	-0.0808  	0.23058  	-0.4009  	0.26225  	0.08789  	-0.0065  	0.00856  	-0.1254  	-0.0744  	-0.0728  	-0.0267  	-0.0119  	-0.0338  	0.00453  	-0.0119  	-0.0259  	0.01521  	-0.0130  	-0.0014  	0.01194  	0.00419  	-0.0069  	0.00574  	0.01324  	0.08411  	0.01040  	0.00532  	0.01241  	0.03785  	-0.7581  	
-0.6976  	-0.2515  	-0.9363  	-0.5444  	-0.0490  	-0.7348  	-0.0303  	-0.1484  	-0.0180  	0.14019  	-0.2519  	-0.4679  	0.18309  	-0.2130  	-0.1616  	0.58904  	0.00353  	-0.0694  	0.35652  	0.49653  	0.09396  	0.16028  	-0.7362  	0.31009  	0.72811  	-0.1189  	0.05332  	0.15798  	0.33727  	0.19855  	-0.0545  	0.13072  	0.01950  	-0.1592  	0.40063  	0.07366  	-0.0032  	-0.2374  	-0.2257  	0.37661  	-0.1007  	0.15019  	-0.3326  	0.22416  	0.12090  	-0.0177  	0.01883  	-0.1367  	-0.0684  	-0.0628  	-0.0315  	-0.0137  	-0.0297  	-0.0055  	-0.0158  	-0.0241  	0.01737  	-0.0077  	-0.0009  	0.00918  	0.00370  	-0.0028  	0.00535  	0.01259  	0.08411  	0.01040  	0.00532  	0.01241  	0.03785  	-0.7581  	
-0.7190  	-0.2548  	-0.9576  	-0.6038  	-0.0824  	-0.6952  	0.00595  	-0.1935  	-0.0047  	0.16077  	-0.2687  	-0.5115  	0.14011  	-0.1997  	-0.2277  	0.61871  	-0.0592  	0.05147  	0.31044  	0.68063  	0.03797  	0.3292  	-0.5337  	0.30157  	0.78381  	-0.1933  	0.05536  	0.23615  	0.29092  	0.21026  	-0.1447  	0.16616  	0.07911  	-0.0414  	0.43773  	0.10251  	0.06281  	-0.2338  	-0.1356  	0.43059  	-0.1467  	0.05171  	-0.2427  	0.16909  	0.16509  	-0.0324  	0.03565  	-0.1498  	-0.0587  	-0.0534  	-0.0379  	-0.0178  	-0.0282  	-0.0178  	-0.0198  	-0.0259  	0.01970  	0.00177  	-0.0003  	0.00229  	0.00035  	0.00067  	0.01813  	0.01436  	0.08411  	0.01040  	0.00532  	0.01241  	0.03785  	-0.7581  	
-0.6887  	-0.2536  	-0.9112  	-0.6244  	-0.0831  	-0.6771  	0.02405  	-0.1652  	0.00604  	0.16522  	-0.2707  	-0.5214  	0.14245  	-0.1719  	-0.2072  	0.61617  	-0.0598  	0.02388  	0.30285  	0.64849  	0.02591  	0.32783  	-0.5304  	0.33166  	0.80943  	-0.1898  	0.08728  	0.19641  	0.26851  	0.21879  	-0.1467  	0.16898  	0.08254  	-0.0466  	0.44426  	0.09547  	0.08056  	-0.2321  	-0.1445  	0.44401  	-0.1484  	0.05295  	-0.2406  	0.17767  	0.16364  	-0.0340  	0.03843  	-0.1448  	-0.0548  	-0.0558  	-0.0399  	-0.0201  	-0.0306  	-0.0161  	-0.0196  	-0.0265  	0.01908  	-0.0021  	-0.0033  	0.00110  	-0.0026  	0.00055  	0.01903  	0.01354  	0.08411  	0.01040  	0.00532  	0.01241  	0.03785  	-0.7581  	
-0.4542  	-0.1509  	-0.8134  	-0.4344  	0.01750  	-0.5273  	-0.0056  	-0.0773  	0.03989  	0.10039  	-0.4100  	-0.4051  	0.25774  	0.03359  	0.04294  	0.65986  	-0.1040  	0.02501  	0.30500  	0.62346  	0.10758  	0.32710  	-0.5233  	0.38349  	0.73454  	-0.1815  	0.17612  	0.16817  	0.18872  	0.23147  	-0.1192  	0.17865  	0.13947  	-0.0401  	0.50339  	0.00446  	0.11333  	-0.2463  	-0.1490  	0.46634  	-0.1870  	0.06360  	-0.2464  	0.18336  	0.17017  	-0.0386  	0.03353  	-0.1331  	-0.0561  	-0.0516  	-0.0314  	-0.0163  	-0.0476  	-0.0234  	-0.0295  	-0.0178  	0.00836  	-0.0074  	-0.0010  	-0.0076  	0.00339  	0.00807  	0.02061  	0.00884  	0.08411  	0.01040  	0.00532  	0.01241  	0.03785  	-0.7581  	
-0.2336  	-0.1110  	-0.6830  	-0.2840  	0.04442  	-0.3809  	0.02943  	-0.0743  	0.06173  	0.10071  	-0.5929  	-0.4376  	0.29574  	0.16429  	0.20729  	0.66758  	-0.0709  	0.00230  	0.29154  	0.57839  	0.07417  	0.40885  	-0.5077  	0.34921  	0.78045  	-0.2074  	0.12943  	0.11991  	0.25678  	0.27169  	-0.1261  	0.19314  	0.10795  	-0.0367  	0.46783  	0.00954  	0.11211  	-0.2424  	-0.1451  	0.49865  	-0.1708  	0.04687  	-0.2258  	0.19368  	0.15904  	-0.0342  	0.03249  	-0.1122  	-0.0382  	-0.0620  	-0.0384  	-0.0242  	-0.0342  	-0.0235  	-0.0247  	-0.0136  	0.00943  	-0.0127  	-0.0017  	0.00097  	0.00320  	0.00682  	0.01283  	0.00725  	0.08411  	0.01040  	0.00532  	0.01241  	0.03785  	-0.7581  	
-0.1121  	-0.0936  	-0.6838  	-0.1485  	0.06546  	-0.2863  	0.05773  	-0.0301  	0.06613  	0.02370  	-0.6037  	-0.5119  	0.27324  	0.17971  	0.24475  	0.69821  	-0.0633  	-0.0719  	0.30395  	0.51345  	0.13519  	0.45323  	-0.4888  	0.38646  	0.88266  	-0.2363  	0.26094  	0.02200  	0.25372  	0.30411  	-0.1689  	0.19658  	0.08302  	-0.0348  	0.55669  	0.01754  	0.13698  	-0.2253  	-0.1546  	0.47243  	-0.2175  	0.07150  	-0.2343  	0.18707  	0.15491  	-0.0333  	0.02287  	-0.1053  	-0.0244  	-0.0607  	-0.0290  	-0.0170  	-0.0311  	-0.0146  	-0.0197  	-0.0081  	0.00477  	-0.0021  	-0.0017  	0.00451  	-0.0046  	0.00340  	0.02489  	0.00452  	0.08411  	0.01040  	0.00532  	0.01241  	0.03785  	-0.7581  	
-0.1175  	-0.0698  	-0.6341  	-0.2239  	0.02385  	-0.2970  	0.03800  	-0.0179  	0.06309  	0.05620  	-0.5268  	-0.5218  	0.24094  	0.16922  	0.19006  	0.71500  	-0.0713  	-0.0695  	0.31432  	0.49423  	0.17134  	0.44854  	-0.4737  	0.38595  	0.86090  	-0.2431  	0.25848  	-0.0047  	0.20760  	0.28464  	-0.1689  	0.20606  	0.07837  	-0.0395  	0.57160  	0.02034  	0.17429  	-0.2171  	-0.1755  	0.45348  	-0.2232  	0.06651  	-0.2382  	0.18592  	0.15576  	-0.0340  	0.02092  	-0.1029  	-0.0221  	-0.0622  	-0.0291  	-0.0189  	-0.0286  	-0.0144  	-0.0191  	-0.0033  	0.00984  	-0.0041  	0.00127  	0.00573  	-0.0021  	0.00289  	0.02623  	0.00614  	0.08411  	0.01040  	0.00532  	0.01241  	0.03785  	-0.7581  	
-0.0939  	-0.0922  	-0.6024  	-0.2039  	0.05167  	-0.2904  	0.05693  	-0.0277  	0.06062  	0.08346  	-0.5552  	-0.5626  	0.29497  	0.18017  	0.15247  	0.72137  	-0.0681  	-0.0465  	0.31696  	0.46672  	0.11412  	0.44993  	-0.5033  	0.37323  	0.91657  	-0.2484  	0.27478  	-0.0200  	0.23988  	0.29292  	-0.1702  	0.19031  	0.07375  	-0.0411  	0.54640  	0.05102  	0.14200  	-0.2193  	-0.1569  	0.46768  	-0.2253  	0.06697  	-0.2281  	0.18879  	0.15189  	-0.0382  	0.01998  	-0.0951  	-0.0195  	-0.0609  	-0.0282  	-0.0187  	-0.0268  	-0.0134  	-0.0152  	-0.0046  	0.01125  	-0.0047  	-0.0036  	0.00416  	-0.0036  	0.00396  	0.02587  	0.00845  	0.08411  	0.01040  	0.00532  	0.01241  	0.03785  	-0.7581  	
-0.1359  	-0.0695  	-0.6396  	-0.3054  	0.04366  	-0.3416  	0.07155  	-0.0647  	0.03621  	0.15348  	-0.6042  	-0.6133  	0.33482  	0.21994  	0.15143  	0.64665  	-0.0883  	-0.0328  	0.30504  	0.47492  	0.06719  	0.44785  	-0.5228  	0.38071  	0.95218  	-0.2459  	0.27280  	0.00836  	0.28259  	0.30665  	-0.1482  	0.18505  	0.05982  	-0.0494  	0.52018  	0.07035  	0.10861  	-0.2321  	-0.1347  	0.49453  	-0.2034  	0.06321  	-0.2235  	0.19368  	0.13967  	-0.0330  	0.02124  	-0.0921  	-0.0238  	-0.0626  	-0.0269  	-0.0153  	-0.0283  	-0.0189  	-0.0171  	-0.0114  	0.00634  	-0.0068  	-0.0023  	0.00557  	-0.0034  	0.00526  	0.02299  	0.00351  	0.08411  	0.01040  	0.00532  	0.01241  	0.03785  	-0.7581  	
-0.2435  	-0.1005  	-0.7390  	-0.3543  	0.00557  	-0.5172  	0.09644  	-0.0911  	0.00928  	0.17791  	-0.5269  	-0.6655  	0.29700  	0.20187  	0.15078  	0.56374  	-0.0745  	-0.0734  	0.29873  	0.51554  	0.08545  	0.47552  	-0.5595  	0.46379  	1.01294  	-0.2535  	0.36974  	-0.0360  	0.25516  	0.32427  	-0.1693  	0.20622  	0.05530  	-0.0624  	0.57509  	0.05726  	0.14613  	-0.2416  	-0.1688  	0.49782  	-0.2288  	0.07348  	-0.2472  	0.18574  	0.15691  	-0.0387  	0.02403  	-0.1086  	-0.0297  	-0.0608  	-0.0317  	-0.0214  	-0.0339  	-0.0172  	-0.0231  	-0.0176  	0.00679  	-0.0138  	0.00228  	0.00394  	-0.0048  	0.00382  	0.01604  	0.00151  	0.08411  	0.01040  	0.00532  	0.01241  	0.03785  	-0.7581  	
-0.3814  	-0.1278  	-0.8681  	-0.2339  	0.09648  	-0.5634  	0.01678  	-0.1079  	0.03110  	0.07452  	-0.4471  	-0.4133  	0.27338  	0.09569  	0.03572  	0.70530  	-0.1117  	0.01289  	0.27792  	0.62378  	0.03937  	0.37584  	-0.5976  	0.33921  	0.78202  	-0.2120  	0.11593  	0.23159  	0.33597  	0.26581  	-0.1570  	0.16493  	0.10681  	-0.0423  	0.51907  	0.05052  	0.07646  	-0.2664  	-0.1473  	0.46602  	-0.1866  	0.06774  	-0.2334  	0.17652  	0.16165  	-0.0344  	0.03625  	-0.1241  	-0.0271  	-0.0578  	-0.0284  	-0.0220  	-0.0353  	-0.0225  	-0.0211  	-0.0140  	0.02110  	-0.0061  	0.00527  	0.00429  	0.00293  	0.00855  	0.02069  	0.01505  	0.08411  	0.01040  	0.00532  	0.01241  	0.03785  	-0.7581  	
-0.5258  	-0.1820  	-0.9150  	-0.2388  	0.12280  	-0.5902  	0.02543  	-0.1252  	0.02225  	0.11025  	-0.4179  	-0.3791  	0.23586  	0.08662  	-0.0014  	0.69768  	-0.1288  	0.05046  	0.28529  	0.64896  	0.01554  	0.35847  	-0.6244  	0.34874  	0.79195  	-0.2046  	0.08119  	0.24118  	0.32379  	0.25374  	-0.1487  	0.15230  	0.11467  	-0.0342  	0.53493  	0.05593  	0.07335  	-0.2667  	-0.1357  	0.47854  	-0.2053  	0.07429  	-0.2399  	0.17290  	0.16692  	-0.0283  	0.04032  	-0.1198  	-0.0361  	-0.0599  	-0.0336  	-0.0205  	-0.0383  	-0.0231  	-0.0232  	-0.0186  	0.01052  	-0.0039  	-0.0005  	-0.0006  	-0.0013  	-0.0039  	0.01631  	0.00987  	0.08411  	0.01040  	0.00532  	0.01241  	0.03785  	-0.7581  	
-0.5887  	-0.1613  	-0.9543  	-0.2972  	0.10433  	-0.6112  	-0.0101  	-0.1568  	-0.0064  	0.12514  	-0.3869  	-0.3750  	0.18699  	-0.0327  	0.05248  	0.66720  	-0.1100  	0.03271  	0.32254  	0.64862  	0.07225  	0.37300  	-0.5883  	0.38998  	0.79396  	-0.2150  	0.11597  	0.17966  	0.24628  	0.23935  	-0.1535  	0.18456  	0.08989  	-0.0299  	0.55019  	0.06212  	0.08779  	-0.2443  	-0.1702  	0.47722  	-0.2104  	0.07638  	-0.2725  	0.16588  	0.16201  	-0.0294  	0.03206  	-0.1517  	-0.0521  	-0.0483  	-0.0296  	-0.0209  	-0.0307  	-0.0201  	-0.0200  	-0.0174  	0.02171  	-0.0032  	0.00193  	0.00540  	-0.0033  	0.00281  	0.01578  	0.00652  	0.08411  	0.01040  	0.00532  	0.01241  	0.03785  	-0.7581  	
-0.5115  	-0.2037  	-0.8359  	-0.4381  	0.00336  	-0.4834  	0.00020  	-0.1927  	-0.0020  	0.06985  	-0.4351  	-0.5305  	0.14858  	-0.1339  	-0.0905  	0.70825  	-0.0803  	0.03418  	0.32661  	0.59768  	0.03238  	0.36720  	-0.5120  	0.36245  	0.84133  	-0.2119  	0.14799  	0.14798  	0.25664  	0.25373  	-0.1759  	0.20096  	0.06323  	-0.0442  	0.48267  	0.09084  	0.11888  	-0.2216  	-0.1813  	0.46199  	-0.1637  	0.05372  	-0.2564  	0.18899  	0.16051  	-0.0319  	0.03317  	-0.1466  	-0.0523  	-0.0585  	-0.0336  	-0.0185  	-0.0275  	-0.0170  	-0.0192  	-0.0144  	0.02093  	-0.0062  	0.00355  	0.00513  	-0.0052  	-0.0030  	0.01990  	0.01188  	0.08411  	0.01040  	0.00532  	0.01241  	0.03785  	-0.7581  	
-0.4157  	-0.2173  	-0.8029  	-0.3692  	0.02505  	-0.4949  	0.00971  	-0.2130  	-0.0248  	0.14376  	-0.4345  	-0.4455  	0.15017  	-0.2120  	-0.1465  	0.80541  	-0.0865  	0.07654  	0.31284  	0.63893  	-0.0681  	0.34744  	-0.5890  	0.34090  	0.85130  	-0.2173  	0.10718  	0.25908  	0.31796  	0.27531  	-0.1482  	0.19282  	0.05453  	-0.0476  	0.44555  	0.14891  	0.06407  	-0.2453  	-0.1493  	0.48828  	-0.1540  	0.04322  	-0.2429  	0.18443  	0.15822  	-0.0301  	0.03336  	-0.1335  	-0.0441  	-0.0632  	-0.0265  	-0.0198  	-0.0259  	-0.0237  	-0.0171  	-0.0238  	0.02355  	-0.0046  	-0.0001  	0.00266  	-0.0021  	-0.0110  	0.02906  	0.01247  	0.08411  	0.01040  	0.00532  	0.01241  	0.03785  	-0.7581  	
-0.3640  	-0.1959  	-0.7573  	-0.4000  	0.04358  	-0.4952  	0.04496  	-0.2255  	-0.0058  	0.18192  	-0.4131  	-0.4780  	0.15484  	-0.1970  	-0.1922  	0.83432  	-0.1239  	0.06373  	0.30149  	0.64316  	-0.0776  	0.34390  	-0.6397  	0.32705  	0.86104  	-0.2221  	0.14186  	0.25732  	0.32248  	0.26771  	-0.1690  	0.21064  	0.05731  	-0.0348  	0.47515  	0.17954  	0.06695  	-0.2427  	-0.1616  	0.49987  	-0.1654  	0.06888  	-0.2289  	0.18652  	0.15599  	-0.0347  	0.03102  	-0.1238  	-0.0358  	-0.0605  	-0.0259  	-0.0194  	-0.0318  	-0.0170  	-0.0132  	-0.0213  	0.02203  	-0.0052  	-0.0009  	0.00335  	-0.0068  	-0.0097  	0.02792  	0.01175  	0.08411  	0.01040  	0.00532  	0.01241  	0.03785  	-0.7581  	
-0.3730  	-0.1695  	-0.7935  	-0.3515  	0.02390  	-0.4619  	0.02203  	-0.2325  	-0.0114  	0.11259  	-0.4436  	-0.4888  	0.14667  	-0.1456  	-0.1319  	0.78031  	-0.0735  	0.03346  	0.30515  	0.62147  	0.00229  	0.36775  	-0.6237  	0.36947  	0.88323  	-0.2227  	0.20500  	0.19062  	0.27448  	0.27420  	-0.1748  	0.21715  	0.06217  	-0.0555  	0.52403  	0.14909  	0.10123  	-0.2345  	-0.1788  	0.47300  	-0.1788  	0.07194  	-0.2335  	0.18689  	0.16036  	-0.0396  	0.02796  	-0.1267  	-0.0366  	-0.0579  	-0.0176  	-0.0199  	-0.0345  	-0.0189  	-0.0150  	-0.0176  	0.02535  	-0.0065  	-8.3548  	0.00154  	-0.0099  	-0.0091  	0.02663  	0.00865  	0.08411  	0.01040  	0.00532  	0.01241  	0.03785  	-0.7581  	
-0.2997  	-0.1621  	-0.7872  	-0.1934  	0.08992  	-0.4879  	0.01831  	-0.1605  	-0.0126  	0.09831  	-0.5148  	-0.4305  	0.22193  	0.02830  	0.07662  	0.71050  	-0.0958  	-0.0265  	0.30725  	0.60004  	0.04285  	0.40882  	-0.5931  	0.39558  	0.86902  	-0.2268  	0.18950  	0.13831  	0.26422  	0.28906  	-0.1669  	0.20711  	0.06526  	-0.0323  	0.55678  	0.10209  	0.11553  	-0.2430  	-0.1581  	0.48931  	-0.2090  	0.07330  	-0.2438  	0.19797  	0.15729  	-0.0349  	0.02809  	-0.1344  	-0.0343  	-0.0588  	-0.0196  	-0.0174  	-0.0325  	-0.0168  	-0.0191  	-0.0183  	0.01589  	-0.0026  	0.00553  	0.00230  	-0.0103  	0.00128  	0.01794  	0.00873  	0.08411  	0.01040  	0.00532  	0.01241  	0.03785  	-0.7581  	
-0.2100  	-0.0830  	-0.7224  	-0.1766  	0.12070  	-0.3573  	0.03610  	-0.0736  	0.01491  	0.08208  	-0.6413  	-0.4748  	0.30898  	0.18514  	0.28696  	0.62571  	-0.1037  	-0.0527  	0.30090  	0.53080  	0.05976  	0.44310  	-0.5557  	0.36336  	0.86894  	-0.2351  	0.26219  	0.07840  	0.27533  	0.29133  	-0.1644  	0.18733  	0.08309  	-0.0356  	0.56270  	0.05772  	0.09510  	-0.2464  	-0.1474  	0.48848  	-0.2524  	0.08243  	-0.2539  	0.18446  	0.16153  	-0.0358  	0.02422  	-0.1179  	-0.0290  	-0.0679  	-0.0239  	-0.0193  	-0.0311  	-0.0202  	-0.0193  	-0.0116  	0.01429  	-0.0077  	0.00136  	-0.0004  	-0.0008  	0.00462  	0.01699  	0.00692  	0.08411  	0.01040  	0.00532  	0.01241  	0.03785  	-0.7581  	
-0.1284  	-0.0625  	-0.6356  	-0.1279  	0.12488  	-0.2930  	0.06424  	-0.0623  	0.07386  	0.08872  	-0.7874  	-0.6246  	0.36513  	0.28847  	0.34742  	0.59980  	-0.0716  	-0.0542  	0.28007  	0.45143  	0.02373  	0.47574  	-0.4781  	0.27165  	0.95409  	-0.2281  	0.23794  	0.06567  	0.38146  	0.35818  	-0.1404  	0.16365  	0.07397  	-0.0206  	0.48457  	0.05393  	0.05757  	-0.2605  	-0.0973  	0.46432  	-0.2032  	0.07049  	-0.2144  	0.19029  	0.16460  	-0.0352  	0.01489  	-0.1055  	-0.0171  	-0.0580  	-0.0342  	-0.0206  	-0.0256  	-0.0192  	-0.0127  	-0.0023  	0.01150  	-0.0062  	-0.0047  	0.00330  	-0.0010  	0.00441  	0.02367  	0.00847  	0.08411  	0.01040  	0.00532  	0.01241  	0.03785  	-0.7581  	
-0.3645  	-0.1123  	-0.7922  	-0.1797  	0.08101  	-0.5200  	0.03406  	-0.0761  	0.03455  	0.12635  	-0.5443  	-0.5796  	0.31316  	0.27336  	0.22260  	0.60183  	-0.1051  	-0.0395  	0.25686  	0.58626  	0.08170  	0.40583  	-0.6217  	0.44862  	0.90127  	-0.2388  	0.26061  	0.03272  	0.24489  	0.33130  	-0.1374  	0.17864  	0.08139  	-0.0450  	0.61116  	0.02140  	0.11581  	-0.2674  	-0.1810  	0.48791  	-0.2346  	0.09287  	-0.2755  	0.16598  	0.15118  	-0.0264  	0.02183  	-0.1286  	-0.0488  	-0.0535  	-0.0270  	-0.0201  	-0.0326  	-0.0186  	-0.0281  	-0.0023  	0.00955  	-0.0137  	-0.0032  	0.01045  	-0.0005  	0.01578  	0.01466  	-0.0025  	0.08411  	0.01040  	0.00532  	0.01241  	0.03785  	-0.7581  	
-0.7128  	-0.2343  	-1.0053  	-0.3670  	0.05483  	-0.7016  	-0.0012  	-0.1921  	-0.0140  	0.13634  	-0.2747  	-0.3494  	0.17477  	-0.0478  	0.00351  	0.59311  	-0.1512  	0.05706  	0.30101  	0.69930  	0.07754  	0.36188  	-0.5584  	0.41443  	0.73134  	-0.2115  	0.04822  	0.22120  	0.23076  	0.23381  	-0.1234  	0.17386  	0.08893  	-0.0443  	0.54305  	0.04601  	0.09800  	-0.2470  	-0.1714  	0.47629  	-0.1963  	0.07123  	-0.2894  	0.14676  	0.16933  	-0.0347  	0.02273  	-0.1520  	-0.0438  	-0.0511  	-0.0313  	-0.0159  	-0.0261  	-0.0127  	-0.0201  	-0.0249  	0.01506  	-0.0098  	0.01773  	0.00625  	0.00165  	0.00979  	0.01596  	0.00866  	0.08411  	0.01040  	0.00532  	0.01241  	0.03785  	-0.7581  	
-0.7510  	-0.2640  	-0.9828  	-0.4860  	0.05482  	-0.7324  	0.03829  	-0.2316  	-0.0149  	0.18991  	-0.2454  	-0.4041  	0.17214  	-0.1210  	-0.1355  	0.61582  	-0.1336  	0.06533  	0.29067  	0.71123  	-0.0115  	0.32564  	-0.5500  	0.34878  	0.77026  	-0.1970  	0.05769  	0.22452  	0.26463  	0.21660  	-0.1251  	0.14264  	0.11016  	-0.0298  	0.48619  	0.08421  	0.06906  	-0.2263  	-0.1597  	0.45040  	-0.1750  	0.06294  	-0.2567  	0.16569  	0.16401  	-0.0354  	0.03750  	-0.1458  	-0.0548  	-0.0540  	-0.0343  	-0.0166  	-0.0379  	-0.0155  	-0.0179  	-0.0260  	0.01970  	0.00102  	-0.0044  	-0.0035  	-0.0001  	-0.0120  	0.02798  	0.00993  	0.08411  	0.01040  	0.00532  	0.01241  	0.03785  	-0.7581  	
-0.7340  	-0.2736  	-0.9550  	-0.6003  	-0.0735  	-0.6754  	0.02038  	-0.1987  	-0.0266  	0.18555  	-0.2629  	-0.5279  	0.14087  	-0.1989  	-0.2144  	0.61187  	-0.0699  	0.06461  	0.29679  	0.67406  	-0.0248  	0.34506  	-0.5250  	0.30941  	0.80432  	-0.1905  	0.04645  	0.24141  	0.30747  	0.22773  	-0.1445  	0.17234  	0.07929  	-0.0463  	0.42363  	0.11489  	0.06910  	-0.2356  	-0.1382  	0.43938  	-0.1484  	0.05042  	-0.2462  	0.16590  	0.17035  	-0.0343  	0.03729  	-0.1544  	-0.0563  	-0.0513  	-0.0393  	-0.0167  	-0.0295  	-0.0161  	-0.0175  	-0.0315  	0.01722  	0.00103  	-0.0023  	0.00393  	-0.0021  	0.00185  	0.02255  	0.01352  	0.08411  	0.01040  	0.00532  	0.01241  	0.03785  	-0.7581  	
-0.6946  	-0.2368  	-0.9013  	-0.6416  	-0.1266  	-0.5943  	0.03469  	-0.1961  	-0.0038  	0.15627  	-0.3624  	-0.5453  	0.16593  	-0.2205  	-0.2057  	0.62699  	-0.0595  	0.05420  	0.31096  	0.66370  	-0.0476  	0.35521  	-0.4900  	0.26790  	0.82096  	-0.1802  	0.05335  	0.26044  	0.34849  	0.23685  	-0.1249  	0.15161  	0.06893  	-0.0403  	0.37889  	0.12031  	0.03953  	-0.2451  	-0.1232  	0.45503  	-0.1203  	0.04008  	-0.2163  	0.18746  	0.16495  	-0.0370  	0.03526  	-0.1346  	-0.0502  	-0.0569  	-0.0386  	-0.0167  	-0.0300  	-0.0162  	-0.0189  	-0.0275  	0.01704  	-0.0044  	-0.0015  	0.00262  	-0.0005  	0.00181  	0.02203  	0.01104  	0.08411  	0.01040  	0.00532  	0.01241  	0.03785  	-0.7581  	
-0.6919  	-0.2092  	-0.8527  	-0.6511  	-0.1413  	-0.6087  	-0.0027  	-0.1963  	0.00544  	0.13761  	-0.3724  	-0.5479  	0.14486  	-0.1931  	-0.1694  	0.63216  	-0.0407  	0.02590  	0.32101  	0.62154  	0.01261  	0.36956  	-0.4828  	0.30474  	0.82344  	-0.1894  	0.12749  	0.19498  	0.30523  	0.22392  	-0.1279  	0.15803  	0.06561  	-0.0423  	0.39697  	0.08792  	0.08202  	-0.2397  	-0.1471  	0.45457  	-0.1251  	0.04271  	-0.2205  	0.18454  	0.16063  	-0.0394  	0.03401  	-0.1350  	-0.0464  	-0.0618  	-0.0393  	-0.0187  	-0.0362  	-0.0149  	-0.0173  	-0.0257  	0.01151  	-0.0058  	0.00416  	0.00303  	-0.0038  	0.00484  	0.02894  	0.01718  	0.08411  	0.01040  	0.00532  	0.01241  	0.03785  	-0.7581  	
-0.5890  	-0.2116  	-0.8465  	-0.5483  	-0.0789  	-0.5195  	-0.0136  	-0.1899  	0.00750  	0.08531  	-0.3978  	-0.5073  	0.15673  	-0.1964  	-0.1275  	0.67856  	-0.0515  	0.01899  	0.30714  	0.60401  	-0.0216  	0.34757  	-0.5052  	0.31271  	0.83048  	-0.1937  	0.12608  	0.23223  	0.31830  	0.22984  	-0.1360  	0.18631  	0.08640  	-0.0351  	0.42419  	0.10411  	0.07429  	-0.2348  	-0.1503  	0.45040  	-0.1245  	0.03554  	-0.2150  	0.19171  	0.16130  	-0.0354  	0.03579  	-0.1375  	-0.0505  	-0.0598  	-0.0358  	-0.0168  	-0.0302  	-0.0184  	-0.0213  	-0.0259  	0.01520  	-0.0006  	-0.0004  	0.00081  	0.00092  	-0.0011  	0.02854  	0.01385  	0.08411  	0.01040  	0.00532  	0.01241  	0.03785  	-0.7581  	
-0.4615  	-0.1661  	-0.7939  	-0.4527  	-0.0040  	-0.5206  	0.02846  	-0.1773  	0.00901  	0.12885  	-0.3991  	-0.4954  	0.16925  	-0.1551  	-0.1169  	0.73175  	-0.1072  	0.04310  	0.30475  	0.64156  	-0.0575  	0.33971  	-0.5670  	0.28730  	0.82495  	-0.2015  	0.09461  	0.27614  	0.33320  	0.23848  	-0.1425  	0.18491  	0.08264  	-0.0292  	0.46061  	0.12834  	0.07292  	-0.2314  	-0.1491  	0.46593  	-0.1374  	0.04624  	-0.2279  	0.18213  	0.15746  	-0.0386  	0.03471  	-0.1295  	-0.0437  	-0.0600  	-0.0242  	-0.0188  	-0.0298  	-0.0193  	-0.0164  	-0.0220  	0.01986  	-0.0041  	-0.0019  	0.00069  	-0.0038  	0.00111  	0.02727  	0.01533  	0.08411  	0.01040  	0.00532  	0.01241  	0.03785  	-0.7581  	
-0.4073  	-0.1733  	-0.7673  	-0.4268  	-0.0194  	-0.5045  	0.05284  	-0.1775  	0.01898  	0.15512  	-0.4122  	-0.4777  	0.17684  	-0.1443  	-0.1488  	0.75435  	-0.1096  	0.06689  	0.30914  	0.65713  	-0.0681  	0.33235  	-0.5893  	0.27974  	0.83273  	-0.2211  	0.09322  	0.29485  	0.35455  	0.25420  	-0.1609  	0.18991  	0.06472  	-0.0269  	0.46305  	0.14070  	0.04671  	-0.2312  	-0.1342  	0.47994  	-0.1495  	0.05126  	-0.2345  	0.18454  	0.14889  	-0.0375  	0.03192  	-0.1292  	-0.0418  	-0.0611  	-0.0254  	-0.0172  	-0.0285  	-0.0171  	-0.0149  	-0.0223  	0.02081  	-0.0043  	0.00365  	-0.0016  	-0.0061  	-0.0037  	0.02304  	0.01090  	0.08411  	0.01040  	0.00532  	0.01241  	0.03785  	-0.7581  	
-0.3857  	-0.1844  	-0.7706  	-0.4506  	-0.0057  	-0.4738  	0.05335  	-0.1945  	0.02013  	0.15632  	-0.4117  	-0.5024  	0.18514  	-0.1612  	-0.1612  	0.76623  	-0.1306  	0.06980  	0.30916  	0.66485  	-0.0735  	0.34479  	-0.6198  	0.26567  	0.85226  	-0.2250  	0.11119  	0.29426  	0.38375  	0.27018  	-0.1504  	0.18307  	0.06532  	-0.0202  	0.46570  	0.15889  	0.04093  	-0.2302  	-0.1378  	0.48797  	-0.1574  	0.05247  	-0.2286  	0.19410  	0.15007  	-0.0372  	0.03390  	-0.1298  	-0.0444  	-0.0605  	-0.0190  	-0.0178  	-0.0298  	-0.0161  	-0.0164  	-0.0209  	0.02254  	-0.0032  	-0.0014  	-0.0012  	-0.0064  	-0.0060  	0.02876  	0.00896  	0.08411  	0.01040  	0.00532  	0.01241  	0.03785  	-0.7581  	
-0.3891  	-0.1917  	-0.7600  	-0.4803  	-0.0155  	-0.4756  	0.05572  	-0.2297  	0.00713  	0.14804  	-0.3940  	-0.5078  	0.17702  	-0.1702  	-0.2047  	0.78515  	-0.1255  	0.05628  	0.30426  	0.65702  	-0.0778  	0.34912  	-0.5863  	0.28458  	0.84124  	-0.2137  	0.09372  	0.27425  	0.35897  	0.25403  	-0.1483  	0.18088  	0.06587  	-0.0284  	0.45239  	0.16912  	0.05320  	-0.2270  	-0.1461  	0.49943  	-0.1402  	0.05613  	-0.2288  	0.19011  	0.15230  	-0.0365  	0.03671  	-0.1247  	-0.0403  	-0.0538  	-0.0209  	-0.0190  	-0.0265  	-0.0153  	-0.0136  	-0.0247  	0.01951  	-0.0048  	-0.0019  	3.14799  	-0.0064  	-0.0052  	0.02744  	0.01165  	0.08411  	0.01040  	0.00532  	0.01241  	0.03785  	-0.7581  	
-0.4350  	-0.1828  	-0.7972  	-0.4838  	-0.0203  	-0.5094  	0.03046  	-0.2248  	-0.0055  	0.11496  	-0.3849  	-0.5240  	0.15327  	-0.1914  	-0.1853  	0.75694  	-0.0946  	0.05730  	0.30686  	0.64949  	-0.0560  	0.34724  	-0.5831  	0.31519  	0.85068  	-0.2107  	0.11797  	0.27649  	0.31883  	0.24987  	-0.1570  	0.20035  	0.07163  	-0.0427  	0.46222  	0.15402  	0.07211  	-0.2370  	-0.1602  	0.48349  	-0.1467  	0.06008  	-0.2326  	0.18826  	0.15279  	-0.0369  	0.03258  	-0.1314  	-0.0442  	-0.0556  	-0.0225  	-0.0197  	-0.0257  	-0.0151  	-0.0151  	-0.0235  	0.02127  	-0.0064  	0.00158  	0.00277  	-0.0064  	-0.0043  	0.02491  	0.01334  	0.08411  	0.01040  	0.00532  	0.01241  	0.03785  	-0.7581  	
-0.5141  	-0.1978  	-0.8583  	-0.4012  	-0.0005  	-0.5149  	0.02410  	-0.2160  	-0.0175  	0.09014  	-0.4590  	-0.4964  	0.15385  	-0.1301  	-0.1182  	0.70548  	-0.0829  	0.03666  	0.31079  	0.61060  	-0.0439  	0.35963  	-0.5629  	0.35281  	0.88488  	-0.2117  	0.19302  	0.24898  	0.32113  	0.27422  	-0.1773  	0.20415  	0.04345  	-0.0493  	0.47219  	0.16963  	0.05391  	-0.2301  	-0.1546  	0.48682  	-0.1781  	0.06647  	-0.2382  	0.18614  	0.15030  	-0.0455  	0.02964  	-0.1345  	-0.0421  	-0.0712  	-0.0194  	-0.0179  	-0.0279  	-0.0135  	-0.0124  	-0.0227  	0.02501  	-0.0041  	0.00499  	-0.0028  	-0.0086  	-0.0073  	0.02764  	0.01369  	0.08411  	0.01040  	0.00532  	0.01241  	0.03785  	-0.7581  	
-0.4470  	-0.1829  	-0.8658  	-0.2722  	0.05263  	-0.4812  	-0.0017  	-0.1647  	-0.0077  	0.05592  	-0.4850  	-0.4413  	0.18293  	-0.0403  	0.00752  	0.67555  	-0.0694  	0.01188  	0.30408  	0.61790  	0.00613  	0.38142  	-0.5449  	0.35816  	0.88278  	-0.2254  	0.18507  	0.23756  	0.33386  	0.28984  	-0.1853  	0.18888  	0.06160  	-0.0405  	0.48495  	0.11590  	0.07433  	-0.2510  	-0.1611  	0.45633  	-0.2045  	0.05253  	-0.2439  	0.18179  	0.16302  	-0.0406  	0.02972  	-0.1383  	-0.0400  	-0.0719  	-0.0266  	-0.0252  	-0.0331  	-0.0177  	-0.0190  	-0.0176  	0.02501  	-0.0069  	0.00473  	0.00077  	-0.0071  	-0.0027  	0.01978  	0.01450  	0.08411  	0.01040  	0.00532  	0.01241  	0.03785  	-0.7581  	
-0.3587  	-0.1672  	-0.8446  	-0.1487  	0.14770  	-0.4335  	-0.0014  	-0.1269  	0.02292  	0.06691  	-0.5401  	-0.3698  	0.23973  	0.04850  	0.11959  	0.71818  	-0.0912  	0.00832  	0.29593  	0.61793  	-1.0387  	0.40022  	-0.5894  	0.34595  	0.89462  	-0.2149  	0.15264  	0.23641  	0.35456  	0.29428  	-0.1756  	0.17567  	0.07203  	-0.0368  	0.49364  	0.08272  	0.04124  	-0.2560  	-0.1249  	0.48993  	-0.2182  	0.06728  	-0.2349  	0.17971  	0.15628  	-0.0383  	0.03231  	-0.1365  	-0.0385  	-0.0624  	-0.0246  	-0.0216  	-0.0348  	-0.0197  	-0.0160  	-0.0180  	0.02798  	-0.0048  	0.00585  	-0.0014  	-0.0080  	-0.0038  	0.02005  	0.01309  	0.08411  	0.01040  	0.00532  	0.01241  	0.03785  	-0.7581  	
-0.3291  	-0.1435  	-0.8571  	-0.0777  	0.19630  	-0.4315  	-0.0153  	-0.1245  	0.02166  	0.09141  	-0.5703  	-0.3717  	0.27548  	0.10739  	0.17044  	0.71725  	-0.1202  	-0.0015  	0.28855  	0.63631  	-0.0371  	0.40109  	-0.6487  	0.35995  	0.88352  	-0.2183  	0.13925  	0.26214  	0.35911  	0.31532  	-0.1649  	0.17229  	0.08800  	-0.0322  	0.52474  	0.07022  	0.04311  	-0.2750  	-0.1283  	0.48330  	-0.2252  	0.07432  	-0.2554  	0.16709  	0.15566  	-0.0336  	0.02904  	-0.1313  	-0.0399  	-0.0539  	-0.0209  	-0.0215  	-0.0315  	-0.0199  	-0.0195  	-0.0118  	0.02191  	-0.0095  	0.00748  	0.00174  	-0.0048  	0.00168  	0.00864  	0.00771  	0.08411  	0.01040  	0.00532  	0.01241  	0.03785  	-0.7581  	
-0.2896  	-0.1358  	-0.8188  	-0.0831  	0.21716  	-0.3914  	-0.0096  	-0.1251  	0.02638  	0.08062  	-0.6534  	-0.4176  	0.29358  	0.16998  	0.30987  	0.63437  	-0.1132  	-0.0620  	0.29017  	0.61242  	0.01680  	0.42276  	-0.5832  	0.39466  	0.85380  	-0.2132  	0.20664  	0.22173  	0.29804  	0.31921  	-0.1810  	0.17852  	0.09069  	-0.0206  	0.55298  	0.03766  	0.06488  	-0.2798  	-0.1464  	0.50216  	-0.2582  	0.08461  	-0.2711  	0.16833  	0.14694  	-0.0314  	0.03225  	-0.1314  	-0.0375  	-0.0510  	-0.0318  	-0.0276  	-0.0378  	-0.0199  	-0.0246  	-0.0197  	0.02003  	-0.0094  	0.00214  	-0.0052  	-0.0062  	-0.0018  	0.01662  	0.00494  	0.08411  	0.01040  	0.00532  	0.01241  	0.03785  	-0.7581  	
-0.1293  	-0.0785  	-0.6878  	-0.0693  	0.15506  	-0.2918  	0.07596  	-0.0886  	0.03388  	0.11169  	-0.7523  	-0.5677  	0.32776  	0.31611  	0.41167  	0.57163  	-0.1013  	-0.0435  	0.26681  	0.50819  	0.00790  	0.45569  	-0.5405  	0.37905  	0.91773  	-0.2467  	0.23231  	0.08479  	0.37531  	0.34026  	-0.1789  	0.16935  	0.06346  	-0.0271  	0.54950  	0.04748  	0.03599  	-0.2637  	-0.1203  	0.51349  	-0.2306  	0.08699  	-0.2490  	0.17425  	0.15522  	-0.0263  	0.01953  	-0.1144  	-0.0222  	-0.0631  	-0.0293  	-0.0137  	-0.0327  	-0.0190  	-0.0183  	-0.0096  	0.00576  	-0.0032  	0.00193  	0.00010  	-0.0063  	0.00744  	0.01828  	0.00275  	0.08411  	0.01040  	0.00532  	0.01241  	0.03785  	-0.7581  	
-0.0912  	-0.0622  	-0.6260  	-0.1703  	0.11123  	-0.3187  	0.07709  	-0.0654  	0.05436  	0.10635  	-0.7265  	-0.6204  	0.35022  	0.26147  	0.28875  	0.62188  	-0.0935  	-0.0564  	0.28919  	0.44205  	0.01892  	0.48963  	-0.4914  	0.33842  	0.95982  	-0.2430  	0.25979  	0.04855  	0.36055  	0.34093  	-0.1588  	0.17346  	0.07797  	-0.0254  	0.49838  	0.05402  	0.06955  	-0.2512  	-0.1076  	0.49648  	-0.1996  	0.07346  	-0.2245  	0.19181  	0.14690  	-0.0339  	0.01448  	-0.0919  	-0.0193  	-0.0663  	-0.0275  	-0.0136  	-0.0241  	-0.0162  	-0.0160  	-0.0077  	0.00533  	-0.0093  	-0.0006  	0.00359  	-0.0014  	0.00420  	0.01962  	0.00460  	0.08411  	0.01040  	0.00532  	0.01241  	0.03785  	-0.7581  	
-0.1808  	-0.0636  	-0.7175  	-0.3005  	0.07600  	-0.4401  	0.07469  	-0.0983  	0.03102  	0.19531  	-0.6992  	-0.6746  	0.31604  	0.22657  	0.26140  	0.51788  	-0.0589  	-0.1017  	0.31589  	0.45608  	0.03826  	0.50728  	-0.4999  	0.40781  	1.03561  	-0.2539  	0.38609  	0.00259  	0.33240  	0.34904  	-0.1719  	0.18672  	0.03234  	-0.0476  	0.52036  	0.06322  	0.10635  	-0.2561  	-0.1209  	0.52142  	-0.2350  	0.06861  	-0.2412  	0.19919  	0.15257  	-0.0389  	0.01762  	-0.1016  	-0.0188  	-0.0560  	-0.0230  	-0.0157  	-0.0338  	-0.0138  	-0.0182  	-0.0124  	0.00022  	-0.0093  	-0.0007  	0.01161  	-0.0026  	0.00119  	0.01951  	0.00491  	0.08411  	0.01040  	0.00532  	0.01241  	0.03785  	-0.7581  	
-0.2652  	-0.1169  	-0.8411  	0.08470  	0.27501  	-0.4321  	0.06056  	-0.1024  	0.02653  	0.09219  	-0.6363  	-0.4088  	0.31414  	0.24849  	0.32007  	0.63001  	-0.0838  	-0.0721  	0.27309  	0.56439  	-0.0253  	0.46150  	-0.5889  	0.40577  	0.96101  	-0.2360  	0.25296  	0.17225  	0.34280  	0.33912  	-0.1900  	0.17762  	0.08003  	-0.0386  	0.54658  	0.05040  	0.04357  	-0.2755  	-0.1412  	0.49875  	-0.2617  	0.09392  	-0.2588  	0.17761  	0.16363  	-0.0393  	0.03012  	-0.1242  	-0.0213  	-0.0621  	-0.0297  	-0.0264  	-0.0391  	-0.0235  	-0.0201  	-0.0167  	0.02744  	-0.0089  	0.00036  	-0.0016  	-0.0044  	0.00043  	0.02142  	0.00750  	0.08411  	0.01040  	0.00532  	0.01241  	0.03785  	-0.7581  	
-0.2819  	-0.1195  	-0.8508  	0.12849  	0.27676  	-0.3381  	0.01949  	-0.0786  	0.02982  	0.06116  	-0.6642  	-0.3587  	0.33184  	0.23615  	0.32014  	0.67926  	-0.0909  	-0.0470  	0.27438  	0.59136  	-0.0006  	0.43502  	-0.5940  	0.37530  	0.88313  	-0.2219  	0.16118  	0.21217  	0.34665  	0.32964  	-0.1731  	0.17030  	0.08919  	-0.0262  	0.54672  	0.05190  	0.02028  	-0.2755  	-0.1064  	0.48643  	-0.2418  	0.06959  	-0.2509  	0.16861  	0.16372  	-0.0338  	0.02995  	-0.1305  	-0.0365  	-0.0570  	-0.0306  	-0.0236  	-0.0320  	-0.0218  	-0.0215  	-0.0197  	0.01885  	-0.0054  	-0.0038  	-0.0025  	-0.0006  	-0.0008  	0.02126  	0.01189  	0.08411  	0.01040  	0.00532  	0.01241  	0.03785  	-0.7581  	
-0.4210  	-0.1756  	-0.8584  	-0.1718  	0.18463  	-0.5655  	0.02554  	-0.1459  	0.00985  	0.13313  	-0.5336  	-0.3484  	0.25866  	0.09167  	0.11716  	0.71352  	-0.1266  	0.01080  	0.29880  	0.63957  	0.01856  	0.39787  	-0.6149  	0.37265  	0.83316  	-0.2234  	0.13974  	0.19322  	0.32659  	0.28820  	-0.1765  	0.16054  	0.08151  	-0.0247  	0.52858  	0.06774  	0.05410  	-0.2546  	-0.1541  	0.50058  	-0.2190  	0.06760  	-0.2616  	0.17843  	0.16142  	-0.0353  	0.03091  	-0.1229  	-0.0359  	-0.0707  	-0.0359  	-0.0245  	-0.0288  	-0.0140  	-0.0187  	-0.0189  	0.01877  	-0.0062  	0.00785  	0.00264  	-0.0027  	0.00047  	0.01418  	0.00994  	0.08411  	0.01040  	0.00532  	0.01241  	0.03785  	-0.7581  	
-0.5216  	-0.1774  	-0.8142  	-0.6013  	-0.0355  	-0.5199  	0.02810  	-0.1720  	-0.0066  	0.10231  	-0.3495  	-0.5339  	0.17106  	-0.1478  	-0.0634  	0.66126  	-0.0722  	0.04188  	0.31002  	0.62850  	0.07576  	0.35096  	-0.4846  	0.36051  	0.81077  	-0.2163  	0.14411  	0.15257  	0.24989  	0.22280  	-0.1583  	0.18143  	0.09403  	-0.0435  	0.50827  	0.06619  	0.12600  	-0.2131  	-0.1893  	0.46460  	-0.1650  	0.03365  	-0.2444  	0.19590  	0.16776  	-0.0399  	0.04485  	-0.1450  	-0.0446  	-0.0596  	-0.0321  	-0.0186  	-0.0285  	-0.0187  	-0.0134  	-0.0301  	0.01822  	-0.0074  	0.00179  	0.00523  	-0.0056  	-0.0081  	0.03465  	0.01670  	0.08411  	0.01040  	0.00532  	0.01241  	0.03785  	-0.7581  	
-0.4676  	-0.2138  	-0.7879  	-0.4773  	-0.0549  	-0.4857  	0.00352  	-0.1827  	0.00741  	0.05987  	-0.4089  	-0.5227  	0.14632  	-0.1940  	-0.0902  	0.72827  	-0.0608  	0.04683  	0.33344  	0.62180  	0.00123  	0.34079  	-0.5106  	0.33475  	0.83456  	-0.2094  	0.14004  	0.19618  	0.28273  	0.23818  	-0.1572  	0.19535  	0.07657  	-0.0400  	0.46626  	0.10982  	0.10275  	-0.2141  	-0.1729  	0.46958  	-0.1309  	0.03321  	-0.2343  	0.19161  	0.15382  	-0.0352  	0.03326  	-0.1308  	-0.0484  	-0.0580  	-0.0294  	-0.0154  	-0.0270  	-0.0176  	-0.0193  	-0.0217  	0.01923  	-0.0039  	-0.0025  	0.00300  	0.00618  	-0.0083  	0.02548  	0.01259  	0.08411  	0.01040  	0.00532  	0.01241  	0.03785  	-0.7581  	
-0.3909  	-0.1833  	-0.7625  	-0.4208  	-0.0113  	-0.5146  	0.06407  	-0.1845  	0.01306  	0.16515  	-0.4060  	-0.4645  	0.18124  	-0.1232  	-0.1209  	0.75733  	-0.1094  	0.06043  	0.29746  	0.66966  	-0.0960  	0.33532  	-0.5806  	0.28163  	0.82015  	-0.2146  	0.06591  	0.30771  	0.35553  	0.25816  	-0.1571  	0.18410  	0.07118  	-0.0265  	0.46006  	0.13645  	0.04189  	-0.2419  	-0.1233  	0.47648  	-0.1460  	0.04754  	-0.2311  	0.18860  	0.15278  	-0.0399  	0.03605  	-0.1260  	-0.0390  	-0.0566  	-0.0261  	-0.0180  	-0.0289  	-0.0179  	-0.0144  	-0.0274  	0.02022  	-0.0037  	-0.0028  	-0.0030  	-0.0066  	-0.0032  	0.02925  	0.01468  	0.08411  	0.01040  	0.00532  	0.01241  	0.03785  	-0.7581  	
-0.3831  	-0.1804  	-0.7287  	-0.4745  	-0.0401  	-0.4890  	0.06434  	-0.2237  	0.02570  	0.15976  	-0.3931  	-0.4750  	0.20042  	-0.1672  	-0.1979  	0.77504  	-0.1221  	0.08959  	0.29602  	0.70378  	-0.1165  	0.33156  	-0.6385  	0.23151  	0.81862  	-0.2127  	0.05126  	0.32429  	0.38390  	0.25031  	-0.1353  	0.16964  	0.07741  	-0.0140  	0.42771  	0.16528  	0.01085  	-0.2309  	-0.1133  	0.49830  	-0.1282  	0.04264  	-0.2214  	0.18479  	0.14779  	-0.0396  	0.03440  	-0.1201  	-0.0372  	-0.0557  	-0.0171  	-0.0184  	-0.0300  	-0.0136  	-0.0130  	-0.0190  	0.01821  	-0.0062  	-0.0050  	-0.0011  	-0.0054  	-0.0001  	0.02864  	0.01170  	0.08411  	0.01040  	0.00532  	0.01241  	0.03785  	-0.7581  	
-0.4157  	-0.1759  	-0.7829  	-0.4755  	-0.0278  	-0.5071  	0.03296  	-0.2147  	0.00010  	0.14006  	-0.3784  	-0.5300  	0.16498  	-0.1587  	-0.1941  	0.75669  	-0.1060  	0.06214  	0.31262  	0.66756  	-0.0536  	0.33914  	-0.6008  	0.30117  	0.83926  	-0.2113  	0.10280  	0.27233  	0.33023  	0.25447  	-0.1496  	0.18674  	0.06998  	-0.0368  	0.46245  	0.16476  	0.06545  	-0.2421  	-0.1565  	0.48152  	-0.1553  	0.05465  	-0.2337  	0.18102  	0.15889  	-0.0372  	0.03199  	-0.1297  	-0.0412  	-0.0542  	-0.0205  	-0.0212  	-0.0250  	-0.0162  	-0.0158  	-0.0226  	0.02191  	-0.0033  	0.00135  	0.00318  	-0.0078  	-0.0052  	0.02853  	0.01319  	0.08411  	0.01040  	0.00532  	0.01241  	0.03785  	-0.7581  	
-0.4891  	-0.1820  	-0.8437  	-0.4056  	-0.0084  	-0.4880  	0.03289  	-0.2146  	-0.0043  	0.09052  	-0.4453  	-0.5007  	0.15281  	-0.1251  	-0.1327  	0.71617  	-0.0809  	0.02061  	0.31111  	0.61707  	-0.0211  	0.36827  	-0.5776  	0.35215  	0.88306  	-0.2150  	0.19828  	0.24835  	0.31494  	0.28431  	-0.1766  	0.21036  	0.05714  	-0.0434  	0.47436  	0.16546  	0.06905  	-0.2322  	-0.1559  	0.47839  	-0.1756  	0.06120  	-0.2341  	0.18634  	0.15244  	-0.0435  	0.03058  	-0.1331  	-0.0421  	-0.0661  	-0.0199  	-0.0172  	-0.0285  	-0.0177  	-0.0151  	-0.0240  	0.02215  	-0.0013  	0.00528  	-0.0014  	-0.0094  	-0.0103  	0.02574  	0.01255  	0.08411  	0.01040  	0.00532  	0.01241  	0.03785  	-0.7581  	
-0.4471  	-0.1771  	-0.8262  	-0.2782  	0.03880  	-0.5015  	-0.0216  	-0.1371  	-0.0177  	0.04083  	-0.4561  	-0.4333  	0.21116  	-0.0928  	0.03649  	0.63916  	-0.0142  	-0.1101  	0.36048  	0.42684  	0.05517  	0.22010  	-0.7388  	0.36034  	0.82717  	-0.1511  	0.17686  	0.16549  	0.37211  	0.26362  	-0.0962  	0.16152  	-0.0045  	-0.1607  	0.44178  	0.09745  	0.01813  	-0.2497  	-0.2506  	0.39943  	-0.1373  	0.15139  	-0.3228  	0.24181  	0.11586  	-0.0289  	0.01222  	-0.1238  	-0.0510  	-0.0776  	-0.0199  	-0.0187  	-0.0289  	-0.0017  	-0.0159  	-0.0171  	0.02284  	-0.0162  	0.00714  	0.01184  	-0.0037  	-0.0031  	0.00739  	0.01397  	0.08411  	0.01040  	0.00532  	0.01241  	0.03785  	-0.7581  	
-0.3781  	-0.1414  	-0.7936  	-0.1464  	0.13250  	-0.4487  	-0.0488  	-0.0480  	0.00659  	0.01248  	-0.5165  	-0.3443  	0.28992  	-0.0435  	0.20152  	0.61231  	0.04126  	-0.2072  	0.39052  	0.26869  	0.11491  	0.08519  	-0.8796  	0.35039  	0.77413  	-0.0798  	0.14302  	0.11921  	0.44906  	0.25654  	-0.0134  	0.11096  	-0.0412  	-0.2484  	0.39431  	0.03304  	-0.0675  	-0.2577  	-0.2753  	0.37449  	-0.1055  	0.23897  	-0.3896  	0.28355  	0.08020  	-0.0109  	0.00073  	-0.1112  	-0.0603  	-0.0759  	-0.0197  	-0.0141  	-0.0341  	0.00215  	-0.0093  	-0.0202  	0.02225  	-0.0178  	0.00523  	0.00746  	0.00158  	-0.0064  	-0.0031  	0.01339  	0.08411  	0.01040  	0.00532  	0.01241  	0.03785  	-0.7581  	
-0.3634  	-0.1055  	-0.7804  	-0.0981  	0.14835  	-0.4232  	-0.0582  	-0.0264  	0.00834  	0.00781  	-0.5594  	-0.3459  	0.31322  	-0.0172  	0.24742  	0.59931  	0.04933  	-0.2215  	0.40769  	0.25742  	0.11374  	0.05349  	-0.9447  	0.34796  	0.75943  	-0.0673  	0.11922  	0.13217  	0.47840  	0.27007  	0.00606  	0.10020  	-0.0520  	-0.2677  	0.38056  	0.01501  	-0.0966  	-0.2585  	-0.2834  	0.36698  	-0.0990  	0.24930  	-0.4109  	0.28930  	0.07050  	-0.0062  	-0.0039  	-0.0993  	-0.0657  	-0.0773  	-0.0190  	-0.0118  	-0.0288  	0.00575  	-0.0105  	-0.0190  	0.01717  	-0.0224  	0.00710  	0.01042  	0.00473  	-0.0062  	-0.0081  	0.01047  	0.08411  	0.01040  	0.00532  	0.01241  	0.03785  	-0.7581  	
-0.3469  	-0.0909  	-0.7781  	-0.1007  	0.11295  	-0.3830  	-0.0544  	-0.0137  	0.00958  	-0.0226  	-0.6130  	-0.4009  	0.31344  	0.02045  	0.29897  	0.59403  	0.04225  	-0.2264  	0.40034  	0.27477  	0.13718  	0.10991  	-0.8805  	0.35500  	0.76573  	-0.0791  	0.15235  	0.10763  	0.45209  	0.28542  	-0.0229  	0.11037  	-0.0448  	-0.2456  	0.40329  	-0.0041  	-0.0472  	-0.2543  	-0.2802  	0.37258  	-0.1142  	0.22863  	-0.3891  	0.29320  	0.07842  	-0.0078  	-0.0010  	-0.0959  	-0.0626  	-0.0759  	-0.0239  	-0.0152  	-0.0285  	0.00581  	-0.0119  	-0.0189  	0.01531  	-0.0207  	0.00663  	0.01191  	0.00184  	-0.0037  	-0.0027  	0.00662  	0.08411  	0.01040  	0.00532  	0.01241  	0.03785  	-0.7581  	
-0.2480  	-0.0870  	-0.6884  	-0.2110  	0.03932  	-0.3345  	-0.0160  	-0.0052  	0.02967  	-0.0063  	-0.4925  	-0.4443  	0.25682  	0.02369  	0.22678  	0.67447  	-0.0057  	-0.1464  	0.36408  	0.39033  	0.23231  	0.24240  	-0.6701  	0.38675  	0.78368  	-0.1639  	0.20693  	-0.0058  	0.28296  	0.24706  	-0.0849  	0.15799  	0.01292  	-0.1553  	0.50093  	-0.0002  	0.10884  	-0.2149  	-0.2567  	0.38640  	-0.1439  	0.14736  	-0.3173  	0.24462  	0.11661  	-0.0237  	0.00708  	-0.1104  	-0.0490  	-0.0739  	-0.0316  	-0.0149  	-0.0284  	-0.0044  	-0.0176  	-0.0125  	0.01601  	-0.0105  	0.00465  	0.00818  	0.00126  	-0.0001  	0.01306  	0.00896  	0.08411  	0.01040  	0.00532  	0.01241  	0.03785  	-0.7581  	
-0.1907  	-0.0868  	-0.6287  	-0.3148  	-0.0302  	-0.3570  	0.02545  	-0.0379  	0.06869  	0.07781  	-0.3914  	-0.4703  	0.21591  	0.05950  	0.08783  	0.75484  	-0.0866  	-0.0364  	0.30921  	0.55428  	0.21718  	0.40248  	-0.4879  	0.38972  	0.82619  	-0.2413  	0.23270  	0.00151  	0.14316  	0.24050  	-0.1627  	0.22234  	0.09882  	-0.0489  	0.57245  	0.01323  	0.21491  	-0.1974  	-0.1841  	0.43451  	-0.1983  	0.05067  	-0.2391  	0.18377  	0.15658  	-0.0344  	0.02396  	-0.1207  	-0.0350  	-0.0595  	-0.0382  	-0.0187  	-0.0266  	-0.0157  	-0.0177  	-0.0092  	0.01296  	-0.0062  	0.00058  	0.00884  	0.00105  	0.00336  	0.02794  	0.01086  	0.08411  	0.01040  	0.00532  	0.01241  	0.03785  	-0.7581  	
-0.2001  	-0.1128  	-0.6620  	-0.3843  	-0.0112  	-0.3998  	0.04688  	-0.0459  	0.05789  	0.09625  	-0.3666  	-0.4622  	0.20915  	-0.0238  	-0.0654  	0.81828  	-0.1008  	0.00336  	0.32163  	0.62040  	0.14686  	0.36286  	-0.5578  	0.35079  	0.83569  	-0.2466  	0.20014  	0.11648  	0.19537  	0.24075  	-0.1753  	0.21184  	0.09836  	-0.0505  	0.56352  	0.06293  	0.18452  	-0.2179  	-0.1892  	0.46820  	-0.1910  	0.05884  	-0.2361  	0.19547  	0.15846  	-0.0388  	0.02838  	-0.1307  	-0.0293  	-0.0643  	-0.0286  	-0.0204  	-0.0311  	-0.0153  	-0.0183  	-0.0136  	0.01901  	-0.0059  	-0.0009  	0.00521  	-0.0078  	-0.0030  	0.03123  	0.00820  	0.08411  	0.01040  	0.00532  	0.01241  	0.03785  	-0.7581  	
-0.1922  	-0.1085  	-0.6416  	-0.3602  	-0.0213  	-0.3989  	0.04423  	-0.0189  	0.07123  	0.08964  	-0.3420  	-0.4674  	0.21055  	0.01182  	-0.0333  	0.84644  	-0.1080  	-0.0223  	0.33417  	0.60777  	0.19607  	0.39837  	-0.5607  	0.37032  	0.90915  	-0.2574  	0.24405  	0.06070  	0.18495  	0.24633  	-0.1767  	0.20126  	0.08057  	-0.0542  	0.57663  	0.06491  	0.20016  	-0.2112  	-0.1841  	0.44577  	-0.2170  	0.06364  	-0.2351  	0.18406  	0.14899  	-0.0386  	0.02607  	-0.1265  	-0.0247  	-0.0625  	-0.0176  	-0.0217  	-0.0293  	-0.0137  	-0.0204  	-0.0092  	0.01077  	-0.0003  	0.00399  	0.00835  	-0.0059  	-0.0022  	0.02854  	0.00747  	0.08411  	0.01040  	0.00532  	0.01241  	0.03785  	-0.7581  	
-0.2030  	-0.1030  	-0.6834  	-0.1248  	0.09830  	-0.3608  	0.06938  	-0.0799  	0.05024  	0.09982  	-0.4828  	-0.4053  	0.22643  	0.09507  	0.09635  	0.80105  	-0.0872  	-0.0344  	0.29996  	0.61770  	0.10257  	0.44744  	-0.5862  	0.36608  	0.92651  	-0.2345  	0.22833  	0.11076  	0.29967  	0.29867  	-0.2120  	0.18820  	0.08319  	-0.0373  	0.53877  	0.07166  	0.11397  	-0.2301  	-0.1321  	0.48513  	-0.2143  	0.06593  	-0.2350  	0.17644  	0.16548  	-0.0381  	0.02145  	-0.1017  	-0.0275  	-0.0636  	-0.0123  	-0.0212  	-0.0313  	-0.0154  	-0.0204  	-0.0117  	0.01280  	-0.0048  	0.00601  	0.00438  	-0.0101  	-0.0080  	0.02719  	0.01003  	0.08411  	0.01040  	0.00532  	0.01241  	0.03785  	-0.7581  	
-0.2104  	-0.1236  	-0.7132  	-0.0554  	0.12542  	-0.3346  	0.05912  	-0.0721  	0.04087  	0.08838  	-0.5235  	-0.3796  	0.25352  	0.12373  	0.12988  	0.78740  	-0.1003  	-0.0045  	0.30059  	0.60054  	0.08251  	0.45100  	-0.5855  	0.34879  	0.90474  	-0.2438  	0.19617  	0.13863  	0.31994  	0.30688  	-0.2012  	0.18205  	0.07735  	-0.0379  	0.51931  	0.06493  	0.09261  	-0.2402  	-0.1205  	0.47898  	-0.2119  	0.05832  	-0.2321  	0.18092  	0.16708  	-0.0383  	0.02120  	-0.1123  	-0.0247  	-0.0666  	-0.0257  	-0.0218  	-0.0302  	-0.0199  	-0.0162  	-0.0174  	0.01449  	-0.0037  	0.00569  	0.00456  	-0.0089  	-0.0103  	0.02628  	0.01086  	0.08411  	0.01040  	0.00532  	0.01241  	0.03785  	-0.7581  	
-0.3254  	-0.1424  	-0.7930  	-0.1290  	0.16699  	-0.4362  	0.03443  	-0.1337  	0.02651  	0.10795  	-0.5425  	-0.3566  	0.25092  	0.09940  	0.08875  	0.74706  	-0.1118  	0.01671  	0.29155  	0.60632  	0.03613  	0.40901  	-0.5856  	0.34766  	0.87336  	-0.2267  	0.14054  	0.19658  	0.33878  	0.29845  	-0.1836  	0.17355  	0.07928  	-0.0293  	0.49858  	0.06393  	0.07274  	-0.2474  	-0.1244  	0.48891  	-0.1902  	0.06017  	-0.2356  	0.18309  	0.15479  	-0.0327  	0.02456  	-0.1187  	-0.0393  	-0.0653  	-0.0322  	-0.0260  	-0.0291  	-0.0197  	-0.0220  	-0.0175  	0.02258  	-0.0028  	0.00232  	0.00024  	-0.0014  	-0.0044  	0.02249  	0.01063  	0.08411  	0.01040  	0.00532  	0.01241  	0.03785  	-0.7581  	
-0.5302  	-0.1596  	-0.8724  	-0.5080  	-0.0001  	-0.6103  	0.03432  	-0.1909  	-0.0151  	0.14069  	-0.3794  	-0.4671  	0.17109  	-0.0768  	-0.1155  	0.63643  	-0.1085  	0.09496  	0.30687  	0.64758  	0.01775  	0.35786  	-0.5420  	0.33041  	0.82986  	-0.2074  	0.11270  	0.23869  	0.32801  	0.23816  	-0.1343  	0.15626  	0.07815  	-0.0446  	0.45292  	0.11091  	0.06855  	-0.2517  	-0.1286  	0.48829  	-0.1653  	0.05521  	-0.2372  	0.17779  	0.16184  	-0.0316  	0.03145  	-0.1340  	-0.0474  	-0.0595  	-0.0291  	-0.0208  	-0.0280  	-0.0147  	-0.0164  	-0.0209  	0.01890  	-0.0061  	0.00399  	0.00814  	-0.0042  	-0.0014  	0.01970  	0.01268  	0.08411  	0.01040  	0.00532  	0.01241  	0.03785  	-0.7581  	
-0.6362  	-0.2189  	-0.8659  	-0.6099  	-0.0966  	-0.5738  	0.00919  	-0.2002  	-0.0287  	0.09724  	-0.3596  	-0.5644  	0.14776  	-0.2052  	-0.1716  	0.63546  	-0.0650  	0.06180  	0.30863  	0.62948  	-0.0052  	0.35649  	-0.4898  	0.30399  	0.83777  	-0.1960  	0.10675  	0.21219  	0.33252  	0.23642  	-0.1252  	0.16369  	0.05759  	-0.0408  	0.41985  	0.10188  	0.09032  	-0.2269  	-0.1431  	0.45203  	-0.1412  	0.04154  	-0.2381  	0.18525  	0.16379  	-0.0401  	0.03945  	-0.1460  	-0.0586  	-0.0576  	-0.0352  	-0.0181  	-0.0292  	-0.0184  	-0.0170  	-0.0247  	0.01950  	-0.0046  	-0.0005  	0.00096  	4.94834  	-0.0020  	0.02843  	0.01824  	0.08411  	0.01040  	0.00532  	0.01241  	0.03785  	-0.7581  	
-0.6093  	-0.2113  	-0.8643  	-0.4908  	-0.0755  	-0.5476  	-0.0144  	-0.1888  	0.00057  	0.09106  	-0.4416  	-0.5073  	0.16635  	-0.1800  	-0.0834  	0.64090  	-0.0524  	0.04142  	0.29561  	0.60853  	-0.0252  	0.37854  	-0.4801  	0.29390  	0.79989  	-0.1807  	0.09749  	0.22826  	0.34150  	0.24845  	-0.1201  	0.17213  	0.06038  	-0.0365  	0.39329  	0.09520  	0.06046  	-0.2283  	-0.1477  	0.46549  	-0.1394  	0.04054  	-0.2227  	0.19068  	0.15682  	-0.0379  	0.03588  	-0.1400  	-0.0505  	-0.0561  	-0.0389  	-0.0185  	-0.0303  	-0.0151  	-0.0166  	-0.0243  	0.01405  	-0.0057  	0.00076  	-0.0004  	-0.0029  	0.00099  	0.02412  	0.01396  	0.08411  	0.01040  	0.00532  	0.01241  	0.03785  	-0.7581  	
-0.4055  	-0.1339  	-0.7631  	-0.3844  	-0.0375  	-0.4837  	0.01224  	-0.1454  	0.02164  	0.08560  	-0.4461  	-0.4798  	0.20661  	-0.0416  	0.02231  	0.67519  	-0.0842  	0.02102  	0.29964  	0.58961  	0.06133  	0.37867  	-0.5059  	0.30988  	0.78448  	-0.2004  	0.09858  	0.15349  	0.29930  	0.23564  	-0.1253  	0.17627  	0.08746  	-0.0251  	0.46873  	0.05735  	0.10924  	-0.2281  	-0.1480  	0.47630  	-0.1374  	0.04526  	-0.2271  	0.19186  	0.15153  	-0.0348  	0.03448  	-0.1269  	-0.0525  	-0.0558  	-0.0385  	-0.0190  	-0.0281  	-0.0179  	-0.0193  	-0.0196  	0.01204  	-0.0040  	0.00316  	-0.0019  	-0.0012  	0.00775  	0.02348  	0.01355  	0.08411  	0.01040  	0.00532  	0.01241  	0.03785  	-0.7581  	
-0.3955  	-0.1459  	-0.7819  	-0.4246  	-0.0306  	-0.5145  	0.02088  	-0.1855  	0.04634  	0.14498  	-0.4161  	-0.4821  	0.20084  	-0.0897  	-0.1291  	0.74270  	-0.0910  	0.05700  	0.30848  	0.63992  	-0.0427  	0.35683  	-0.5743  	0.26374  	0.82384  	-0.2100  	0.04460  	0.23254  	0.32259  	0.23095  	-0.1457  	0.18244  	0.09597  	-0.0363  	0.45278  	0.11043  	0.04965  	-0.2416  	-0.1202  	0.47952  	-0.1324  	0.04313  	-0.2161  	0.17814  	0.15594  	-0.0380  	0.03909  	-0.1221  	-0.0415  	-0.0498  	-0.0258  	-0.0207  	-0.0337  	-0.0202  	-0.0154  	-0.0207  	0.01469  	-0.0047  	-0.0042  	-0.0007  	-0.0025  	-0.0008  	0.02250  	0.01351  	0.08411  	0.01040  	0.00532  	0.01241  	0.03785  	-0.7581  	
-0.4806  	-0.1625  	-0.8127  	-0.5576  	-0.1237  	-0.6098  	0.05154  	-0.2051  	0.01069  	0.20724  	-0.3700  	-0.5314  	0.20001  	-0.0999  	-0.2288  	0.70538  	-0.1106  	0.09548  	0.28888  	0.68020  	-0.1369  	0.33806  	-0.5798  	0.25993  	0.84066  	-0.1965  	0.02584  	0.32490  	0.39609  	0.25322  	-0.1427  	0.16508  	0.08215  	-0.0268  	0.41079  	0.16857  	-0.0008  	-0.2505  	-0.1241  	0.49082  	-0.1264  	0.04925  	-0.2137  	0.17970  	0.14910  	-0.0426  	0.03981  	-0.1197  	-0.0432  	-0.0652  	-0.0258  	-0.0201  	-0.0327  	-0.0180  	-0.0131  	-0.0277  	0.01714  	-0.0045  	-0.0007  	-0.0020  	-0.0008  	0.00261  	0.03626  	0.01602  	0.08411  	0.01040  	0.00532  	0.01241  	0.03785  	-0.7581  	
-0.6118  	-0.2247  	-0.8879  	-0.5491  	-0.0716  	-0.6602  	0.02288  	-0.2282  	-0.0042  	0.19659  	-0.2816  	-0.5410  	0.19143  	-0.1259  	-0.2298  	0.66016  	-0.0868  	0.02387  	0.28720  	0.65031  	-0.0390  	0.33755  	-0.5927  	0.33093  	0.88859  	-0.2160  	0.10919  	0.20217  	0.31017  	0.25883  	-0.1328  	0.18257  	0.06706  	-0.0376  	0.48877  	0.15947  	0.05850  	-0.2316  	-0.1760  	0.45539  	-0.1455  	0.05866  	-0.2386  	0.16188  	0.16389  	-0.0407  	0.03878  	-0.1447  	-0.0425  	-0.0623  	-0.0262  	-0.0196  	-0.0328  	-0.0185  	-0.0159  	-0.0232  	0.02113  	0.00035  	0.00107  	0.00269  	-0.0056  	-0.0048  	0.03298  	0.01376  	0.08411  	0.01040  	0.00532  	0.01241  	0.03785  	-0.7581  	
-0.7591  	-0.2650  	-0.9913  	-0.6566  	-0.1024  	-0.7589  	-0.0136  	-0.2070  	-0.0098  	0.16453  	-0.2110  	-0.5606  	0.13411  	-0.1829  	-0.1963  	0.62754  	-0.0893  	-0.0216  	0.30330  	0.63884  	0.05498  	0.35002  	-0.5260  	0.37661  	0.86182  	-0.2012  	0.12959  	0.13477  	0.26848  	0.24215  	-0.1277  	0.16689  	0.08292  	-0.0543  	0.50369  	0.12140  	0.13712  	-0.2243  	-0.1867  	0.44513  	-0.1721  	0.06642  	-0.2757  	0.16580  	0.17192  	-0.0336  	0.04200  	-0.1554  	-0.0476  	-0.0612  	-0.0337  	-0.0150  	-0.0282  	-0.0111  	-0.0184  	-0.0275  	0.02159  	-0.0004  	0.00226  	0.00708  	-0.0019  	0.00333  	0.02504  	0.01304  	0.08411  	0.01040  	0.00532  	0.01241  	0.03785  	-0.7581  	
-0.7855  	-0.2918  	-0.9970  	-0.7001  	-0.1316  	-0.7920  	-0.0369  	-0.1941  	-0.0066  	0.16282  	-0.1857  	-0.5299  	0.12773  	-0.1858  	-0.1985  	0.59808  	-0.0768  	0.00468  	0.30720  	0.67576  	0.08027  	0.32667  	-0.4874  	0.35861  	0.78041  	-0.1893  	0.11367  	0.17918  	0.25115  	0.22171  	-0.1356  	0.16777  	0.07469  	-0.0457  	0.49021  	0.07805  	0.11941  	-0.2214  	-0.1920  	0.44344  	-0.1708  	0.05145  	-0.2643  	0.17136  	0.16417  	-0.0330  	0.04134  	-0.1588  	-0.0468  	-0.0605  	-0.0371  	-0.0203  	-0.0333  	-0.0183  	-0.0228  	-0.0242  	0.01362  	-0.0021  	-0.0052  	0.00267  	-0.0024  	-0.0036  	0.02203  	0.01346  	0.08411  	0.01040  	0.00532  	0.01241  	0.03785  	-0.7581  	
-0.7703  	-0.2612  	-0.9799  	-0.7093  	-0.1405  	-0.7707  	-0.0385  	-0.1796  	-0.0053  	0.16671  	-0.1854  	-0.5149  	0.13646  	-0.1777  	-0.2265  	0.61413  	-0.0516  	0.01608  	0.31385  	0.65963  	0.08390  	0.33185  	-0.4882  	0.32817  	0.76741  	-0.1859  	0.09190  	0.17770  	0.24419  	0.20716  	-0.1349  	0.16501  	0.07849  	-0.0486  	0.45056  	0.08301  	0.09899  	-0.2294  	-0.1636  	0.42876  	-0.1640  	0.05225  	-0.2522  	0.16441  	0.16185  	-0.0296  	0.04065  	-0.1503  	-0.0474  	-0.0588  	-0.0348  	-0.0188  	-0.0357  	-0.0171  	-0.0213  	-0.0237  	0.01250  	-0.0006  	-0.0011  	0.00293  	-0.0013  	-0.0011  	0.01936  	0.01149  	0.08411  	0.01040  	0.00532  	0.01241  	0.03785  	-0.7581  	
-0.7315  	-0.2297  	-0.8882  	-0.7165  	-0.1291  	-0.6798  	-0.0029  	-0.1982  	0.00272  	0.17427  	-0.2516  	-0.5405  	0.16260  	-0.1748  	-0.2450  	0.63084  	-0.0538  	0.01992  	0.29612  	0.63040  	1.39671  	0.34868  	-0.4736  	0.32126  	0.78911  	-0.1804  	0.07681  	0.19676  	0.29955  	0.20893  	-0.1198  	0.15828  	0.08052  	-0.0412  	0.41545  	0.10214  	0.07350  	-0.2439  	-0.1349  	0.43150  	-0.1286  	0.04648  	-0.2331  	0.17696  	0.16168  	-0.0370  	0.03581  	-0.1354  	-0.0436  	-0.0577  	-0.0337  	-0.0163  	-0.0314  	-0.0182  	-0.0171  	-0.0248  	0.01205  	-0.0017  	0.00134  	0.00103  	-0.0010  	0.00218  	0.02300  	0.01419  	0.08411  	0.01040  	0.00532  	0.01241  	0.03785  	-0.7581  	
-0.6677  	-0.2082  	-0.9041  	-0.6287  	-0.1058  	-0.5688  	-0.0059  	-0.1849  	-0.0102  	0.13185  	-0.3575  	-0.4912  	0.15779  	-0.1958  	-0.1946  	0.66903  	-0.0612  	0.05834  	0.32691  	0.61720  	-0.0474  	0.37194  	-0.4693  	0.29610  	0.81450  	-0.1847  	0.07913  	0.25202  	0.35526  	0.23881  	-0.1131  	0.15760  	0.07247  	-0.0484  	0.37245  	0.09929  	0.02793  	-0.2615  	-0.1141  	0.45991  	-0.1226  	0.03676  	-0.2158  	0.18459  	0.16449  	-0.0330  	0.02967  	-0.1252  	-0.0492  	-0.0555  	-0.0352  	-0.0161  	-0.0333  	-0.0225  	-0.0206  	-0.0244  	0.01993  	-0.0073  	0.00470  	0.00027  	-0.0010  	-0.0022  	0.02074  	0.01054  	0.08411  	0.01040  	0.00532  	0.01241  	0.03785  	-0.7581  	
-0.5471  	-0.2014  	-0.8635  	-0.5356  	-0.0573  	-0.5230  	-0.0234  	-0.1800  	-0.0006  	0.10916  	-0.4352  	-0.4425  	0.19004  	-0.1903  	-0.1559  	0.69187  	-0.0704  	0.04458  	0.31111  	0.61821  	-0.0792  	0.36091  	-0.5159  	0.28496  	0.81555  	-0.1852  	0.06007  	0.26528  	0.35073  	0.22814  	-0.1276  	0.17627  	0.08683  	-0.0354  	0.38208  	0.10344  	0.03320  	-0.2398  	-0.1090  	0.47962  	-0.1107  	0.04608  	-0.1986  	0.18834  	0.15393  	-0.0341  	0.03943  	-0.1233  	-0.0466  	-0.0536  	-0.0372  	-0.0171  	-0.0353  	-0.0203  	-0.0195  	-0.0301  	0.02164  	-0.0033  	0.00073  	-0.0006  	0.00080  	-0.0052  	0.02821  	0.01276  	0.08411  	0.01040  	0.00532  	0.01241  	0.03785  	-0.7581  	
-0.4600  	-0.1632  	-0.8076  	-0.4557  	0.00548  	-0.5283  	0.00552  	-0.1818  	0.00196  	0.16997  	-0.4126  	-0.4391  	0.16513  	-0.1710  	-0.1516  	0.74565  	-0.1057  	0.05377  	0.29767  	0.63678  	-0.0580  	0.34353  	-0.5478  	0.27119  	0.79414  	-0.2175  	0.06802  	0.27553  	0.35411  	0.25098  	-0.1456  	0.17946  	0.07625  	-0.0352  	0.44220  	0.13461  	0.04583  	-0.2418  	-0.1336  	0.47923  	-0.1335  	0.04892  	-0.2220  	0.18338  	0.15551  	-0.0375  	0.03855  	-0.1269  	-0.0392  	-0.0641  	-0.0313  	-0.0213  	-0.0274  	-0.0195  	-0.0170  	-0.0256  	0.02323  	-0.0015  	0.00063  	0.00339  	-0.0052  	-0.0035  	0.03060  	0.01605  	0.08411  	0.01040  	0.00532  	0.01241  	0.03785  	-0.7581  	
-0.3983  	-0.1670  	-0.7808  	-0.4067  	0.01644  	-0.5129  	0.01788  	-0.1923  	0.00312  	0.18955  	-0.3556  	-0.4475  	0.14192  	-0.1814  	-0.1750  	0.80148  	-0.1170  	0.07046  	0.29723  	0.64841  	-0.0538  	0.33545  	-0.5791  	0.27983  	0.82247  	-0.2296  	0.08768  	0.27351  	0.32979  	0.25532  	-0.1735  	0.19897  	0.06876  	-0.0358  	0.48277  	0.14617  	0.06408  	-0.2370  	-0.1516  	0.47016  	-0.1531  	0.05042  	-0.2325  	0.18571  	0.15877  	-0.0346  	0.03140  	-0.1299  	-0.0385  	-0.0580  	-0.0238  	-0.0196  	-0.0248  	-0.0175  	-0.0163  	-0.0200  	0.02130  	-0.0024  	-0.0003  	0.00028  	-0.0042  	-0.0054  	0.02678  	0.01287  	0.08411  	0.01040  	0.00532  	0.01241  	0.03785  	-0.7581  	
-0.3940  	-0.1807  	-0.7862  	-0.4382  	-0.0071  	-0.4990  	0.01362  	-0.1966  	-0.0092  	0.18563  	-0.3434  	-0.5011  	0.13590  	-0.1817  	-0.1931  	0.79386  	-0.1212  	0.04047  	0.30221  	0.62343  	-0.0011  	0.35791  	-0.5738  	0.30142  	0.85357  	-0.2343  	0.12452  	0.22869  	0.30321  	0.26614  	-0.1690  	0.20927  	0.05302  	-0.0410  	0.50191  	0.16425  	0.10201  	-0.2299  	-0.1661  	0.46629  	-0.1712  	0.05505  	-0.2333  	0.18793  	0.16337  	-0.0356  	0.03058  	-0.1339  	-0.0418  	-0.0614  	-0.0224  	-0.0205  	-0.0267  	-0.0195  	-0.0164  	-0.0217  	0.02473  	-0.0015  	0.00150  	0.00021  	-0.0073  	-0.0061  	0.02839  	0.01515  	0.08411  	0.01040  	0.00532  	0.01241  	0.03785  	-0.7581  	
-0.3881  	-0.1759  	-0.7726  	-0.4640  	-0.0182  	-0.4747  	0.01526  	-0.2113  	-0.0089  	0.17885  	-0.3457  	-0.4955  	0.13935  	-0.1712  	-0.2052  	0.78380  	-0.1263  	0.03091  	0.30522  	0.61777  	0.00251  	0.35835  	-0.5730  	0.29625  	0.85562  	-0.2368  	0.12703  	0.22254  	0.30287  	0.26380  	-0.1627  	0.20620  	0.05353  	-0.0402  	0.49844  	0.15964  	0.10389  	-0.2242  	-0.1614  	0.46914  	-0.1598  	0.05953  	-0.2277  	0.18460  	0.16191  	-0.0346  	0.03101  	-0.1328  	-0.0428  	-0.0580  	-0.0215  	-0.0188  	-0.0276  	-0.0190  	-0.0150  	-0.0220  	0.02394  	-0.0031  	0.00153  	0.00243  	-0.0089  	-0.0038  	0.02703  	0.01163  	0.08411  	0.01040  	0.00532  	0.01241  	0.03785  	-0.7581  	
-0.3823  	-0.1598  	-0.7704  	-0.4940  	-0.0530  	-0.4871  	0.02995  	-0.2128  	-0.0136  	0.15371  	-0.3563  	-0.5115  	0.15416  	-0.1412  	-0.1893  	0.76017  	-0.1185  	0.03867  	0.30277  	0.61658  	-0.0040  	0.34616  	-0.5423  	0.27988  	0.82627  	-0.2297  	0.09368  	0.23210  	0.32513  	0.25586  	-0.1622  	0.19510  	0.05576  	-0.0418  	0.47692  	0.16078  	0.08808  	-0.2211  	-0.1599  	0.48086  	-0.1465  	0.06349  	-0.2294  	0.17529  	0.15540  	-0.0342  	0.03197  	-0.1341  	-0.0442  	-0.0577  	-0.0237  	-0.0182  	-0.0273  	-0.0194  	-0.0165  	-0.0233  	0.02042  	-0.0046  	0.00450  	0.00200  	-0.0085  	3.80337  	0.02590  	0.01126  	0.08411  	0.01040  	0.00532  	0.01241  	0.03785  	-0.7581  	
-0.4207  	-0.1581  	-0.7969  	-0.4899  	-0.0434  	-0.4955  	0.02580  	-0.2059  	-0.0186  	0.10074  	-0.3893  	-0.5348  	0.14591  	-0.1301  	-0.1240  	0.69188  	-0.1024  	0.02816  	0.30262  	0.61677  	0.03635  	0.34935  	-0.5314  	0.30414  	0.81392  	-0.2179  	0.11193  	0.20464  	0.30624  	0.24262  	-0.1570  	0.19505  	0.05145  	-0.0418  	0.49808  	0.13635  	0.11124  	-0.2197  	-0.1688  	0.47013  	-0.1454  	0.06164  	-0.2356  	0.18037  	0.15979  	-0.0352  	0.03386  	-0.1430  	-0.0455  	-0.0650  	-0.0254  	-0.0161  	-0.0241  	-0.0215  	-0.0151  	-0.0214  	0.01943  	-0.0012  	0.00230  	0.00028  	-0.0046  	-0.0036  	0.02722  	0.01485  	0.08411  	0.01040  	0.00532  	0.01241  	0.03785  	-0.7581  	
-0.4175  	-0.1579  	-0.8052  	-0.4426  	-0.0437  	-0.5023  	0.01110  	-0.1552  	-0.0023  	0.03643  	-0.3745  	-0.5321  	0.13599  	-0.0987  	0.01101  	0.64514  	-0.0972  	-0.0130  	0.30901  	0.56600  	0.11975  	0.38644  	-0.4931  	0.34862  	0.81737  	-0.2133  	0.15973  	0.10342  	0.23273  	0.24540  	-0.1549  	0.21315  	0.07461  	-0.0477  	0.53762  	0.08201  	0.17286  	-0.2052  	-0.2043  	0.44200  	-0.1582  	0.06259  	-0.2481  	0.17475  	0.15943  	-0.0349  	0.03265  	-0.1459  	-0.0493  	-0.0591  	-0.0355  	-0.0183  	-0.0290  	-0.0146  	-0.0172  	-0.0233  	0.02136  	-0.0024  	0.00134  	8.75477  	-0.0029  	0.00083  	0.02730  	0.01404  	0.08411  	0.01040  	0.00532  	0.01241  	0.03785  	-0.7581  	
-0.3350  	-0.1093  	-0.7445  	-0.3627  	-0.0452  	-0.4486  	-0.0022  	-0.0754  	0.03732  	0.03087  	-0.3598  	-0.4994  	0.18426  	0.03285  	0.11533  	0.69014  	-0.0606  	-0.0415  	0.30476  	0.50913  	0.21361  	0.38311  	-0.4781  	0.39450  	0.78432  	-0.2210  	0.22350  	0.00129  	0.13907  	0.23131  	-0.1615  	0.21444  	0.08834  	-0.0460  	0.58266  	-0.0007  	0.23609  	-0.1815  	-0.2385  	0.42325  	-0.1866  	0.05442  	-0.2421  	0.17893  	0.15706  	-0.0295  	0.03803  	-0.1504  	-0.0492  	-0.0530  	-0.0429  	-0.0160  	-0.0283  	-0.0105  	-0.0186  	-0.0187  	0.00613  	-0.0046  	0.00061  	0.00013  	0.00164  	0.00650  	0.01743  	0.00774  	0.08411  	0.01040  	0.00532  	0.01241  	0.03785  	-0.7581  	
-0.2225  	-0.0517  	-0.6524  	-0.3498  	-0.0792  	-0.3761  	-0.0012  	-0.0036  	0.09359  	0.00595  	-0.3201  	-0.4560  	0.20067  	0.08618  	0.09829  	0.76923  	-0.0642  	-0.0710  	0.32135  	0.49015  	0.29078  	0.38766  	-0.4377  	0.41104  	0.75323  	-0.2285  	0.25253  	-0.0724  	0.05677  	0.22635  	-0.1513  	0.22311  	0.10072  	-0.0562  	0.60481  	-0.0349  	0.28607  	-0.1667  	-0.2445  	0.39999  	-0.1995  	0.05021  	-0.2352  	0.17532  	0.15351  	-0.0326  	0.03327  	-0.1322  	-0.0425  	-0.0499  	-0.0450  	-0.0174  	-0.0299  	-0.0108  	-0.0213  	-0.0099  	0.00704  	-0.0049  	-0.0039  	0.00371  	0.00093  	0.00715  	0.01913  	0.00889  	0.08411  	0.01040  	0.00532  	0.01241  	0.03785  	-0.7581  	
-0.2013  	-0.0542  	-0.6348  	-0.3535  	-0.0727  	-0.3587  	0.00033  	0.00551  	0.09622  	0.02072  	-0.3067  	-0.4368  	0.20330  	0.09658  	0.08298  	0.78822  	-0.0575  	-0.0782  	0.31738  	0.48845  	0.28054  	0.38559  	-0.4236  	0.42151  	0.74686  	-0.2254  	0.25059  	-0.0724  	0.05562  	0.23004  	-0.1527  	0.22303  	0.10439  	-0.0517  	0.59940  	-0.0317  	0.28424  	-0.1608  	-0.2324  	0.39403  	-0.2034  	0.05106  	-0.2316  	0.17798  	0.15181  	-0.0329  	0.03140  	-0.1278  	-0.0402  	-0.0530  	-0.0431  	-0.0156  	-0.0273  	-0.0087  	-0.0217  	-0.0101  	0.00461  	-0.0043  	-0.0027  	0.00539  	0.00151  	0.00616  	0.02168  	0.01078  	0.08411  	0.01040  	0.00532  	0.01241  	0.03785  	-0.7581  	
-0.2000  	-0.0547  	-0.6360  	-0.3515  	-0.0704  	-0.3561  	-0.0002  	0.00664  	0.09646  	0.02016  	-0.3088  	-0.4352  	0.20445  	0.09797  	0.08662  	0.78854  	-0.0568  	-0.0784  	0.31707  	0.48865  	0.27982  	0.38569  	-0.4223  	0.42177  	0.74585  	-0.2248  	0.24973  	-0.0721  	0.05524  	0.23054  	-0.1525  	0.22285  	0.10454  	-0.0520  	0.59930  	-0.0326  	0.28356  	-0.1612  	-0.2323  	0.39444  	-0.2041  	0.05122  	-0.2316  	0.17819  	0.15207  	-0.0327  	0.03174  	-0.1283  	-0.0400  	-0.0529  	-0.0432  	-0.0157  	-0.0274  	-0.0088  	-0.0216  	-0.0102  	0.00431  	-0.0041  	-0.0028  	0.00537  	0.00128  	0.00663  	0.02173  	0.01067  	0.08411  	0.01040  	0.00532  	0.01241  	0.03785  	-0.7581  	
-0.1996  	-0.0550  	-0.6363  	-0.3489  	-0.0679  	-0.3540  	0.00024  	0.00600  	0.09537  	0.01978  	-0.3117  	-0.4377  	0.20544  	0.09847  	0.08924  	0.78755  	-0.0569  	-0.0778  	0.31746  	0.49051  	0.27907  	0.38626  	-0.4222  	0.42365  	0.74705  	-0.2250  	0.25177  	-0.0711  	0.05728  	0.23135  	-0.1535  	0.22271  	0.10432  	-0.0519  	0.60037  	-0.0324  	0.28236  	-0.1615  	-0.2317  	0.39460  	-0.2061  	0.05128  	-0.2319  	0.17827  	0.15229  	-0.0325  	0.03162  	-0.1284  	-0.0401  	-0.0535  	-0.0430  	-0.0157  	-0.0276  	-0.0093  	-0.0214  	-0.0104  	0.00446  	-0.0038  	-0.0032  	0.00514  	0.00100  	0.00663  	0.02203  	0.01068  	0.08411  	0.01040  	0.00532  	0.01241  	0.03785  	-0.7581  	
-0.1838  	-0.0503  	-0.6348  	-0.3183  	-0.0347  	-0.3460  	0.01125  	-0.0045  	0.08098  	0.02104  	-0.3605  	-0.4526  	0.22371  	0.12184  	0.09569  	0.78463  	-0.0622  	-0.0699  	0.31682  	0.49640  	0.24457  	0.39299  	-0.4464  	0.42752  	0.78322  	-0.2266  	0.26117  	-0.0534  	0.10274  	0.24184  	-0.1583  	0.21263  	0.09900  	-0.0542  	0.60021  	-0.0141  	0.24821  	-0.1838  	-0.2174  	0.40957  	-0.2173  	0.05376  	-0.2365  	0.17741  	0.15307  	-0.0331  	0.02983  	-0.1233  	-0.0350  	-0.0518  	-0.0357  	-0.0174  	-0.0274  	-0.0127  	-0.0210  	-0.0096  	0.00475  	-0.0039  	-0.0028  	0.00416  	-0.0009  	0.00872  	0.02526  	0.00900  	0.08411  	0.01040  	0.00532  	0.01241  	0.03785  	-0.7581  	
-0.1576  	-0.0681  	-0.6391  	-0.2028  	0.06239  	-0.3246  	0.03172  	-0.0269  	0.04906  	0.04894  	-0.5217  	-0.4853  	0.27267  	0.20419  	0.15060  	0.72029  	-0.0733  	-0.0580  	0.30858  	0.50487  	0.14494  	0.41287  	-0.5157  	0.39137  	0.88533  	-0.2502  	0.25916  	0.03261  	0.21322  	0.29094  	-0.1735  	0.19808  	0.08248  	-0.0477  	0.58039  	0.02707  	0.16503  	-0.2297  	-0.1773  	0.44380  	-0.2220  	0.07106  	-0.2470  	0.18139  	0.15663  	-0.0299  	0.02063  	-0.1098  	-0.0300  	-0.0547  	-0.0234  	-0.0192  	-0.0286  	-0.0159  	-0.0220  	-0.0029  	0.00917  	-0.0034  	-0.0004  	0.00150  	-0.0025  	0.00659  	0.02442  	0.00647  	0.08411  	0.01040  	0.00532  	0.01241  	0.03785  	-0.7581  	
-0.1823  	-0.0855  	-0.7109  	-0.1279  	0.11602  	-0.3327  	0.04995  	-0.0382  	0.05357  	0.06391  	-0.5961  	-0.5131  	0.28761  	0.23555  	0.22891  	0.66459  	-0.0914  	-0.0460  	0.29658  	0.52373  	0.09257  	0.44696  	-0.5273  	0.35171  	0.90871  	-0.2441  	0.23350  	0.08050  	0.30565  	0.32137  	-0.1870  	0.17342  	0.07718  	-0.0323  	0.55650  	0.04450  	0.11836  	-0.2471  	-0.1504  	0.48090  	-0.2327  	0.08168  	-0.2504  	0.18585  	0.15904  	-0.0316  	0.02294  	-0.1100  	-0.0279  	-0.0645  	-0.0234  	-0.0192  	-0.0292  	-0.0187  	-0.0207  	-0.0060  	0.01127  	-0.0051  	0.00214  	0.00024  	-0.0036  	0.00472  	0.01710  	0.00631  	0.08411  	0.01040  	0.00532  	0.01241  	0.03785  	-0.7581  	
-0.2096  	-0.0960  	-0.7750  	-0.0414  	0.15126  	-0.3402  	0.05091  	-0.0420  	0.04804  	0.05361  	-0.6266  	-0.4600  	0.29803  	0.22500  	0.23664  	0.67136  	-0.0864  	-0.0389  	0.28625  	0.57362  	0.08364  	0.44630  	-0.5729  	0.34917  	0.93082  	-0.2463  	0.23781  	0.13189  	0.33229  	0.33272  	-0.2028  	0.17952  	0.07932  	-0.0317  	0.53354  	0.04563  	0.08240  	-0.2549  	-0.1278  	0.48200  	-0.2414  	0.08453  	-0.2463  	0.18328  	0.16656  	-0.0294  	0.02207  	-0.1125  	-0.0273  	-0.0639  	-0.0288  	-0.0201  	-0.0329  	-0.0220  	-0.0191  	-0.0070  	0.01441  	-0.0076  	0.00532  	-0.0022  	-0.0051  	-0.0027  	0.01273  	0.00370  	0.08411  	0.01040  	0.00532  	0.01241  	0.03785  	-0.7581  	
-0.2783  	-0.1090  	-0.7765  	-0.1779  	0.14379  	-0.4297  	0.06398  	-0.1071  	0.06572  	0.10202  	-0.5495  	-0.4231  	0.28439  	0.10246  	0.10424  	0.74276  	-0.1127  	0.01793  	0.27759  	0.65116  	4.48339  	0.37217  	-0.6131  	0.32098  	0.87579  	-0.2124  	0.10227  	0.22513  	0.39260  	0.29365  	-0.1870  	0.17133  	0.10599  	-0.0351  	0.49311  	0.06089  	0.04131  	-0.2443  	-0.1164  	0.48743  	-0.1802  	0.06659  	-0.2288  	0.18249  	0.16248  	-0.0374  	0.02931  	-0.1145  	-0.0327  	-0.0655  	-0.0277  	-0.0197  	-0.0384  	-0.0260  	-0.0168  	-0.0187  	0.01877  	-0.0077  	0.00194  	-0.0045  	-0.0062  	0.00126  	0.02732  	0.01043  	0.08411  	0.01040  	0.00532  	0.01241  	0.03785  	-0.7581  	
-0.4905  	-0.1958  	-0.9374  	-0.2424  	0.15242  	-0.5716  	0.05379  	-0.1515  	0.01791  	0.10617  	-0.4480  	-0.4330  	0.23271  	0.07236  	-0.0322  	0.66570  	-0.1150  	0.05795  	0.26763  	0.65766  	-0.0564  	0.38091  	-0.6440  	0.34799  	0.85404  	-0.2147  	0.06853  	0.29516  	0.40693  	0.29070  	-0.1718  	0.14941  	0.07948  	-0.0288  	0.50349  	0.09835  	0.01393  	-0.2763  	-0.1294  	0.49368  	-0.2075  	0.06457  	-0.2540  	0.16852  	0.17105  	-0.0344  	0.03348  	-0.1270  	-0.0352  	-0.0663  	-0.0281  	-0.0242  	-0.0387  	-0.0210  	-0.0225  	-0.0230  	0.01732  	-0.0006  	-0.0033  	-0.0042  	-0.0080  	-0.0137  	0.02117  	0.00883  	0.08411  	0.01040  	0.00532  	0.01241  	0.03785  	-0.7581  	
-0.5357  	-0.2037  	-0.9794  	-0.2729  	0.16325  	-0.6357  	0.05409  	-0.1547  	-0.0088  	0.11885  	-0.3828  	-0.3608  	0.20966  	-0.0193  	-0.0662  	0.65401  	-0.1391  	0.05423  	0.28825  	0.70802  	-0.0411  	0.34842  	-0.6302  	0.34940  	0.85363  	-0.2312  	0.08553  	0.29438  	0.38066  	0.26464  	-0.1734  	0.15008  	0.08339  	-0.0198  	0.51499  	0.11224  	-0.0007  	-0.2710  	-0.1268  	0.49718  	-0.2194  	0.07720  	-0.2830  	0.16164  	0.16416  	-0.0396  	0.02899  	-0.1228  	-0.0403  	-0.0580  	-0.0142  	-0.0211  	-0.0348  	-0.0260  	-0.0193  	-0.0153  	0.02220  	-0.0091  	0.00078  	0.00011  	-0.0050  	-0.0068  	0.02685  	0.01024  	0.08411  	0.01040  	0.00532  	0.01241  	0.03785  	-0.7581  	
-0.4210  	-0.2008  	-0.9577  	-0.1374  	0.23599  	-0.5411  	0.03718  	-0.1245  	0.02119  	0.11463  	-0.4614  	-0.3336  	0.27313  	0.05139  	0.04293  	0.68105  	-0.1620  	0.05854  	0.25803  	0.74217  	-0.0937  	0.33882  	-0.7366  	0.34140  	0.90971  	-0.2254  	0.06169  	0.35338  	0.43201  	0.30670  	-0.1906  	0.15395  	0.08392  	-0.0091  	0.54248  	0.13008  	-0.0334  	-0.2939  	-0.1103  	0.52089  	-0.2318  	0.08477  	-0.2804  	0.16464  	0.16740  	-0.0362  	0.03008  	-0.1299  	-0.0356  	-0.0580  	-0.0221  	-0.0280  	-0.0316  	-0.0203  	-0.0186  	-0.0200  	0.02699  	-0.0055  	0.00621  	0.00015  	-0.0119  	-0.0132  	0.01258  	0.01052  	0.08411  	0.01040  	0.00532  	0.01241  	0.03785  	-0.7581  	
-0.3520  	-0.1422  	-0.9049  	-0.0377  	0.28140  	-0.5093  	0.05383  	-0.1173  	0.02518  	0.05929  	-0.5881  	-0.3714  	0.30057  	0.18191  	0.19226  	0.69665  	-0.1622  	0.03927  	0.25347  	0.72278  	-0.1043  	0.37336  	-0.7553  	0.34451  	0.96065  	-0.2401  	0.09348  	0.39097  	0.48616  	0.35531  	-0.2017  	0.15103  	0.09836  	-0.0067  	0.54228  	0.11290  	-0.0304  	-0.3140  	-0.1015  	0.53611  	-0.2476  	0.07879  	-0.2844  	0.15437  	0.16826  	-0.0371  	0.03496  	-0.1280  	-0.0342  	-0.0630  	-0.0153  	-0.0287  	-0.0333  	-0.0184  	-0.0200  	-0.0127  	0.02511  	-0.0081  	0.00847  	0.00911  	-0.0038  	-0.0083  	0.01876  	0.00940  	0.08411  	0.01040  	0.00532  	0.01241  	0.03785  	-0.7581  	
-0.3228  	-0.1108  	-0.9061  	0.07368  	0.29516  	-0.4448  	0.04819  	-0.0883  	0.02652  	0.01167  	-0.6597  	-0.4104  	0.33167  	0.29878  	0.33105  	0.64686  	-0.1289  	0.01668  	0.26620  	0.71149  	-0.1131  	0.39177  	-0.7351  	0.34305  	0.96421  	-0.2205  	0.07900  	0.36095  	0.51642  	0.36324  	-0.2258  	0.15696  	0.08504  	-0.0039  	0.52180  	0.09296  	-0.0497  	-0.2928  	-0.0781  	0.55334  	-0.2345  	0.08789  	-0.2802  	0.15998  	0.17213  	-0.0299  	0.02798  	-0.1333  	-0.0467  	-0.0645  	-0.0176  	-0.0201  	-0.0321  	-0.0183  	-0.0210  	-0.0120  	0.01504  	-0.0027  	0.01195  	0.00922  	-3.1374  	-0.0013  	0.01062  	0.00058  	0.08411  	0.01040  	0.00532  	0.01241  	0.03785  	-0.7581  	
-0.2994  	-0.0986  	-0.9129  	0.16575  	0.30444  	-0.4199  	0.03498  	-0.0858  	0.05178  	0.00401  	-0.7080  	-0.4403  	0.32227  	0.29875  	0.39067  	0.61447  	-0.1090  	-0.0191  	0.26654  	0.66655  	-0.0585  	0.40471  	-0.7159  	0.35952  	0.95454  	-0.2371  	0.11521  	0.30552  	0.48551  	0.36686  	-0.2238  	0.15443  	0.06555  	-0.0090  	0.54160  	0.08552  	-0.0366  	-0.2875  	-0.0849  	0.54005  	-0.2529  	0.07793  	-0.2746  	0.17206  	0.17026  	-0.0335  	0.02514  	-0.1350  	-0.0363  	-0.0609  	-0.0234  	-0.0225  	-0.0312  	-0.0176  	-0.0212  	-0.0170  	0.02080  	0.00154  	0.00493  	0.00278  	-0.0048  	0.00012  	0.00937  	0.00828  	0.08411  	0.01040  	0.00532  	0.01241  	0.03785  	-0.7581  	
-0.3186  	-0.1231  	-0.8880  	0.12479  	0.27547  	-0.3861  	0.02671  	-0.0921  	0.03498  	0.02683  	-0.7017  	-0.4018  	0.32367  	0.25190  	0.34958  	0.67929  	-0.1096  	-0.0106  	0.27402  	0.63607  	-0.0385  	0.41817  	-0.6558  	0.35947  	0.91022  	-0.2265  	0.14207  	0.29314  	0.44651  	0.34695  	-0.2089  	0.16904  	0.07962  	-0.0138  	0.54339  	0.06603  	-0.0213  	-0.2859  	-0.1078  	0.49233  	-0.2268  	0.07211  	-0.2562  	0.17258  	0.15999  	-0.0331  	0.02688  	-0.1291  	-0.0300  	-0.0672  	-0.0264  	-0.0212  	-0.0281  	-0.0176  	-0.0207  	-0.0129  	0.02297  	-0.0015  	0.00616  	-0.0011  	0.00040  	0.00102  	0.01469  	0.00531  	0.08411  	0.01040  	0.00532  	0.01241  	0.03785  	-0.7581  	
-0.3372  	-0.1212  	-0.8568  	-0.0108  	0.21999  	-0.3954  	0.00662  	-0.1004  	0.02330  	0.08901  	-0.6343  	-0.3784  	0.30265  	0.18297  	0.22252  	0.72512  	-0.1308  	-0.0123  	0.28804  	0.62553  	0.00115  	0.44146  	-0.6139  	0.33799  	0.86486  	-0.2203  	0.15078  	0.24314  	0.38134  	0.33361  	-0.1898  	0.16640  	0.07518  	-0.0207  	0.53103  	0.05950  	0.02104  	-0.2722  	-0.1171  	0.46884  	-0.1913  	0.06256  	-0.2574  	0.17566  	0.15717  	-0.0320  	0.02173  	-0.1208  	-0.0350  	-0.0684  	-0.0313  	-0.0211  	-0.0248  	-0.0202  	-0.0216  	-0.0139  	0.01740  	1.96722  	0.00425  	-6.6145  	0.00107  	-0.0036  	0.02334  	0.00532  	0.08411  	0.01040  	0.00532  	0.01241  	0.03785  	-0.7581  	
-0.3800  	-0.1720  	-0.8576  	-0.1539  	0.17197  	-0.5019  	0.01254  	-0.1487  	0.04569  	0.15585  	-0.5771  	-0.3371  	0.27870  	0.07309  	0.07952  	0.73580  	-0.1340  	0.02797  	0.29629  	0.64852  	-0.0278  	0.40278  	-0.6106  	0.34259  	0.83100  	-0.2054  	0.10546  	0.24759  	0.32854  	0.31206  	-0.1782  	0.17622  	0.08112  	-0.0156  	0.49093  	0.06494  	0.03970  	-0.2530  	-0.1321  	0.48052  	-0.1953  	0.04858  	-0.2501  	0.18071  	0.16166  	-0.0326  	0.02653  	-0.1096  	-0.0403  	-0.0673  	-0.0346  	-0.0257  	-0.0278  	-0.0192  	-0.0221  	-0.0206  	0.01219  	-0.0030  	0.00665  	-0.0001  	-0.0068  	-0.0080  	0.02018  	0.00817  	0.08411  	0.01040  	0.00532  	0.01241  	0.03785  	-0.7581  	
-0.4946  	-0.1684  	-0.9078  	-0.4051  	0.08352  	-0.6027  	0.05913  	-0.1948  	-0.0019  	0.15164  	-0.4468  	-0.4010  	0.20192  	-0.0385  	-0.0471  	0.63658  	-0.1103  	0.10385  	0.29723  	0.66750  	-0.0025  	0.36406  	-0.5923  	0.34760  	0.82578  	-0.2140  	0.08818  	0.26596  	0.31956  	0.24862  	-0.1529  	0.17214  	0.07270  	-0.0323  	0.48148  	0.11307  	0.03096  	-0.2574  	-0.1447  	0.49427  	-0.1845  	0.05764  	-0.2434  	0.17851  	0.15655  	-0.0295  	0.03296  	-0.1306  	-0.0420  	-0.0618  	-0.0286  	-0.0237  	-0.0334  	-0.0156  	-0.0171  	-0.0222  	0.02257  	-0.0031  	0.00113  	-0.0055  	-0.0040  	0.00017  	0.01543  	0.00607  	0.08411  	0.01040  	0.00532  	0.01241  	0.03785  	-0.7581  	
-0.5725  	-0.2115  	-0.8789  	-0.5408  	-0.0146  	-0.5878  	0.02947  	-0.2135  	-0.0094  	0.13258  	-0.3893  	-0.4879  	0.16929  	-0.1709  	-0.2016  	0.65052  	-0.1050  	0.08258  	0.30417  	0.66185  	-0.0324  	0.33780  	-0.5467  	0.32352  	0.82753  	-0.1941  	0.08028  	0.25149  	0.34274  	0.25195  	-0.1487  	0.15208  	0.07577  	-0.0356  	0.41610  	0.12020  	0.03383  	-0.2524  	-0.1259  	0.49488  	-0.1547  	0.04768  	-0.2312  	0.18031  	0.15671  	-0.0329  	0.03639  	-0.1353  	-0.0490  	-0.0599  	-0.0273  	-0.0172  	-0.0365  	-0.0210  	-0.0192  	-0.0279  	0.01963  	-0.0029  	-0.0002  	0.00327  	-0.0049  	-0.0089  	0.02118  	0.01027  	0.08411  	0.01040  	0.00532  	0.01241  	0.03785  	-0.7581  	
-0.6814  	-0.2613  	-0.9254  	-0.6386  	-0.1049  	-0.6721  	0.03145  	-0.2131  	-0.0157  	0.15125  	-0.3353  	-0.5225  	0.16965  	-0.1906  	-0.2549  	0.62708  	-0.0860  	0.07238  	0.31158  	0.67369  	-0.0387  	0.32308  	-0.5356  	0.28178  	0.85589  	-0.1945  	0.07861  	0.25221  	0.35114  	0.24809  	-0.1238  	0.15019  	0.06521  	-0.0480  	0.41536  	0.13315  	0.04866  	-0.2461  	-0.1335  	0.45297  	-0.1374  	0.05056  	-0.2348  	0.17924  	0.16755  	-0.0329  	0.02811  	-0.1335  	-0.0552  	-0.0566  	-0.0347  	-0.0179  	-0.0356  	-0.0192  	-0.0210  	-0.0234  	0.01938  	-0.0050  	-0.0039  	0.00215  	-0.0053  	-0.0031  	0.02081  	0.00898  	0.08411  	0.01040  	0.00532  	0.01241  	0.03785  	-0.7581  	
-0.7573  	-0.2713  	-0.9871  	-0.5682  	-0.0545  	-0.7205  	-0.0044  	-0.2135  	-0.0156  	0.13215  	-0.2576  	-0.5190  	0.15672  	-0.1833  	-0.1939  	0.62267  	-0.0821  	0.02802  	0.29205  	0.67779  	0.02013  	0.32840  	-0.5360  	0.33801  	0.82123  	-0.1992  	0.10380  	0.21172  	0.31362  	0.23359  	-0.1492  	0.16439  	0.06967  	-0.0469  	0.48562  	0.11787  	0.07566  	-0.2357  	-0.1594  	0.45990  	-0.1536  	0.05846  	-0.2628  	0.16329  	0.16900  	-0.0349  	0.04332  	-0.1535  	-0.0515  	-0.0588  	-0.0379  	-0.0178  	-0.0321  	-0.0115  	-0.0176  	-0.0232  	0.02069  	-0.0038  	0.00256  	0.00384  	-0.0050  	0.00186  	0.02099  	0.01042  	0.08411  	0.01040  	0.00532  	0.01241  	0.03785  	-0.7581  	
-0.7683  	-0.2787  	-1.0003  	-0.5886  	-0.0632  	-0.7307  	-0.0199  	-0.1902  	-0.0059  	0.14465  	-0.2228  	-0.4991  	0.15056  	-0.1679  	-0.1475  	0.61672  	-0.0724  	0.04142  	0.28132  	0.70815  	0.06439  	0.33543  	-0.5449  	0.33045  	0.76967  	-0.1897  	0.08788  	0.20523  	0.22928  	0.21466  	-0.1277  	0.15725  	0.09534  	-0.0371  	0.49188  	0.08154  	0.08577  	-0.2398  	-0.1629  	0.43406  	-0.1793  	0.06063  	-0.2549  	0.16280  	0.16543  	-0.0326  	0.04321  	-0.1544  	-0.0484  	-0.0601  	-0.0357  	-0.0190  	-0.0358  	-0.0160  	-0.0220  	-0.0226  	0.01802  	-0.0001  	-0.0028  	-0.0012  	-0.0024  	-0.0035  	0.02378  	0.01448  	0.08411  	0.01040  	0.00532  	0.01241  	0.03785  	-0.7581  	
-0.7244  	-0.2522  	-0.9879  	-0.5592  	-0.0296  	-0.7437  	-0.0170  	-0.1595  	0.00037  	0.15503  	-0.2096  	-0.4334  	0.17969  	-0.0920  	-0.1326  	0.60506  	-0.0772  	0.03412  	0.30205  	0.69619  	0.08665  	0.32752  	-0.5600  	0.33633  	0.75310  	-0.1896  	0.07723  	0.19370  	0.22843  	0.21433  	-0.1194  	0.15177  	0.11586  	-0.0342  	0.48984  	0.05887  	0.07775  	-0.2435  	-0.1437  	0.43606  	-0.1820  	0.06864  	-0.2596  	0.15884  	0.15636  	-0.0278  	0.04319  	-0.1494  	-0.0516  	-0.0597  	-0.0309  	-0.0190  	-0.0398  	-0.0196  	-0.0272  	-0.0191  	0.01380  	-0.0015  	-0.0005  	0.00185  	0.00135  	-0.0033  	0.02096  	0.00960  	0.08411  	0.01040  	0.00532  	0.01241  	0.03785  	-0.7581  	
-0.6354  	-0.2062  	-0.9088  	-0.5654  	-0.0778  	-0.6139  	-0.0239  	-0.1407  	-0.0094  	0.17374  	-0.3236  	-0.4681  	0.18601  	-0.1290  	-0.1296  	0.61560  	-0.0722  	0.05477  	0.30755  	0.64856  	0.00619  	0.35941  	-0.4957  	0.30121  	0.81873  	-0.2054  	0.06901  	0.22880  	0.28598  	0.24448  	-0.1207  	0.14971  	0.08402  	-0.0419  	0.43559  	0.09894  	0.04786  	-0.2614  	-0.1163  	0.44788  	-0.1411  	0.04403  	-0.2353  	0.17020  	0.15853  	-0.0304  	0.03282  	-0.1359  	-0.0420  	-0.0596  	-0.0287  	-0.0192  	-0.0301  	-0.0222  	-0.0200  	-0.0240  	0.02033  	-0.0045  	0.00160  	0.00371  	-0.0004  	-0.0027  	0.01884  	0.00835  	0.08411  	0.01040  	0.00532  	0.01241  	0.03785  	-0.7581  	
-0.5587  	-0.1802  	-0.8563  	-0.4827  	-0.0392  	-0.4961  	-0.0143  	-0.1526  	0.00546  	0.09068  	-0.4672  	-0.4719  	0.18345  	-0.1448  	-0.0780  	0.71191  	-0.0826  	0.08134  	0.33400  	0.64246  	-0.0497  	0.36748  	-0.5170  	0.28614  	0.83179  	-0.1992  	0.06807  	0.26750  	0.33400  	0.25783  	-0.1440  	0.15770  	0.08396  	-0.0419  	0.38970  	0.08514  	0.02746  	-0.2427  	-0.1166  	0.47807  	-0.1463  	0.04636  	-0.2256  	0.18016  	0.15530  	-0.0309  	0.03676  	-0.1240  	-0.0430  	-0.0617  	-0.0256  	-0.0128  	-0.0342  	-0.0245  	-0.0197  	-0.0235  	0.02338  	-0.0071  	0.00410  	0.00040  	-0.0022  	-0.0059  	0.02792  	0.01222  	0.08411  	0.01040  	0.00532  	0.01241  	0.03785  	-0.7581  	
-0.4722  	-0.1810  	-0.8623  	-0.4538  	-0.0135  	-0.4928  	-0.0229  	-0.1838  	-0.0311  	0.10444  	-0.4702  	-0.4278  	0.16992  	-0.2037  	-0.1205  	0.71467  	-0.1011  	0.08123  	0.30152  	0.64778  	-0.1022  	0.36751  	-0.5509  	0.26844  	0.83459  	-0.2075  	0.07316  	0.32138  	0.37977  	0.24429  	-0.1352  	0.16523  	0.07413  	-0.0372  	0.39555  	0.13874  	0.00617  	-0.2401  	-0.0930  	0.50058  	-0.1266  	0.04865  	-0.1972  	0.19210  	0.15093  	-0.0290  	0.03586  	-0.1190  	-0.0446  	-0.0571  	-0.0286  	-0.0171  	-0.0321  	-0.0194  	-0.0162  	-0.0267  	0.02565  	-0.0017  	0.00530  	0.00219  	-0.0019  	-0.0054  	0.02847  	0.01244  	0.08411  	0.01040  	0.00532  	0.01241  	0.03785  	-0.7581  	
-0.4594  	-0.1867  	-0.8190  	-0.4018  	0.00672  	-0.5139  	0.01255  	-0.2109  	0.01386  	0.18913  	-0.4377  	-0.4197  	0.16594  	-0.2054  	-0.1591  	0.74318  	-0.0963  	0.09087  	0.29921  	0.65583  	-0.0878  	0.35714  	-0.5934  	0.26743  	0.84043  	-0.2222  	0.05904  	0.32007  	0.38084  	0.26745  	-0.1588  	0.18011  	0.06259  	-0.0343  	0.42270  	0.15066  	0.01778  	-0.2548  	-0.1134  	0.49923  	-0.1374  	0.05024  	-0.2242  	0.18677  	0.15574  	-0.0309  	0.03730  	-0.1252  	-0.0435  	-0.0612  	-0.0225  	-0.0170  	-0.0264  	-0.0208  	-0.0163  	-0.0216  	0.02282  	-0.0027  	0.00198  	0.00304  	-0.0035  	-0.0100  	0.02298  	0.01307  	0.08411  	0.01040  	0.00532  	0.01241  	0.03785  	-0.7581  	
-0.4478  	-0.2114  	-0.8451  	-0.4185  	-0.0213  	-0.5059  	0.02214  	-0.2120  	-0.0055  	0.13336  	-0.4263  	-0.4968  	0.17027  	-0.1953  	-0.1158  	0.72751  	-0.1033  	0.07040  	0.31390  	0.63563  	-0.0583  	0.35496  	-0.5716  	0.28667  	0.86151  	-0.2274  	0.09428  	0.29351  	0.36481  	0.26023  	-0.1648  	0.19625  	0.05081  	-0.0358  	0.45966  	0.16051  	0.04852  	-0.2411  	-0.1447  	0.47138  	-0.1608  	0.04746  	-0.2283  	0.18652  	0.15666  	-0.0361  	0.03437  	-0.1363  	-0.0438  	-0.0572  	-0.0202  	-0.0175  	-0.0282  	-0.0182  	-0.0141  	-0.0191  	0.02085  	-0.0022  	0.00239  	0.00103  	-0.0046  	-0.0069  	0.02368  	0.01186  	0.08411  	0.01040  	0.00532  	0.01241  	0.03785  	-0.7581  	
-0.4669  	-0.2016  	-0.8430  	-0.4678  	-0.0475  	-0.5190  	0.01855  	-0.2328  	-0.0208  	0.10989  	-0.4219  	-0.5208  	0.13682  	-0.2021  	-0.1297  	0.74312  	-0.0838  	0.03370  	0.31703  	0.61262  	-0.0198  	0.36259  	-0.5542  	0.32272  	0.85559  	-0.2230  	0.14996  	0.21768  	0.29972  	0.26103  	-0.1618  	0.21130  	0.04264  	-0.0365  	0.48799  	0.15169  	0.09740  	-0.2285  	-0.1716  	0.46514  	-0.1600  	0.04901  	-0.2435  	0.18374  	0.15777  	-0.0390  	0.03361  	-0.1458  	-0.0467  	-0.0587  	-0.0202  	-0.0194  	-0.0300  	-0.0166  	-0.0148  	-0.0183  	0.02256  	-0.0011  	0.00363  	-0.0001  	-0.0087  	-0.0074  	0.02305  	0.01205  	0.08411  	0.01040  	0.00532  	0.01241  	0.03785  	-0.7581  	
-0.4284  	-0.1911  	-0.7976  	-0.4644  	-0.0131  	-0.5098  	0.02440  	-0.2143  	0.00181  	0.14745  	-0.3741  	-0.4925  	0.14462  	-0.2025  	-0.1805  	0.80433  	-0.1089  	0.05605  	0.32096  	0.64697  	-0.0451  	0.36720  	-0.5828  	0.29997  	0.86510  	-0.2242  	0.12469  	0.24716  	0.31539  	0.25937  	-0.1572  	0.20268  	0.04732  	-0.0359  	0.47483  	0.16131  	0.08409  	-0.2301  	-0.1649  	0.48025  	-0.1557  	0.05526  	-0.2394  	0.18496  	0.15773  	-0.0352  	0.03280  	-0.1387  	-0.0445  	-0.0596  	-0.0200  	-0.0196  	-0.0256  	-0.0207  	-0.0143  	-0.0206  	0.02183  	-0.0037  	0.00380  	0.00527  	-0.0058  	-0.0054  	0.01939  	0.01398  	0.08411  	0.01040  	0.00532  	0.01241  	0.03785  	-0.7581  	
-0.4976  	-0.1970  	-0.8477  	-0.4449  	-0.0058  	-0.5137  	0.01306  	-0.2261  	-0.0135  	0.10669  	-0.4528  	-0.5174  	0.13857  	-0.2014  	-0.1259  	0.72289  	-0.0828  	0.03695  	0.31564  	0.61931  	-0.0526  	0.35341  	-0.5613  	0.32451  	0.89820  	-0.2223  	0.15257  	0.26186  	0.33827  	0.28405  	-0.1637  	0.20878  	0.03624  	-0.0429  	0.45072  	0.17738  	0.06934  	-0.2396  	-0.1586  	0.46981  	-0.1621  	0.05016  	-0.2363  	0.19301  	0.15211  	-0.0341  	0.02860  	-0.1402  	-0.0492  	-0.0564  	-0.0244  	-0.0181  	-0.0269  	-0.0178  	-0.0166  	-0.0228  	0.02114  	-0.0006  	0.00526  	-0.0008  	-0.0070  	-0.0104  	0.02822  	0.01220  	0.08411  	0.01040  	0.00532  	0.01241  	0.03785  	-0.7581  	
-0.5281  	-0.1885  	-0.8644  	-0.4278  	-0.0161  	-0.5016  	0.01238  	-0.1969  	-0.0073  	0.06484  	-0.4903  	-0.5319  	0.14877  	-0.1575  	-0.1037  	0.66779  	-0.0684  	0.03665  	0.32145  	0.59932  	-0.0482  	0.35911  	-0.5424  	0.34191  	0.92409  	-0.2137  	0.19870  	0.24481  	0.35829  	0.27799  	-0.1777  	0.19302  	0.03116  	-0.0425  	0.44768  	0.16127  	0.07051  	-0.2260  	-0.1469  	0.47206  	-0.1551  	0.05097  	-0.2348  	0.18749  	0.15819  	-0.0444  	0.02839  	-0.1385  	-0.0511  	-0.0618  	-0.0234  	-0.0201  	-0.0275  	-0.0171  	-0.0119  	-0.0211  	0.02661  	-0.0008  	0.00455  	-0.0043  	-0.0085  	-0.0050  	0.02636  	0.01721  	0.08411  	0.01040  	0.00532  	0.01241  	0.03785  	-0.7581  	
-0.5053  	-0.1967  	-0.8403  	-0.3928  	0.01102  	-0.4640  	-0.0015  	-0.1723  	-0.0092  	0.03997  	-0.4391  	-0.4899  	0.15782  	-0.1527  	-0.0777  	0.69888  	-0.0704  	0.03240  	0.32116  	0.60445  	-0.0139  	0.36586  	-0.5155  	0.35833  	0.87535  	-0.2063  	0.17506  	0.22994  	0.30837  	0.27207  	-0.1750  	0.17989  	0.03541  	-0.0464  	0.48212  	0.14339  	0.07616  	-0.2381  	-0.1607  	0.45180  	-0.1775  	0.05908  	-0.2501  	0.18135  	0.15969  	-0.0420  	0.02840  	-0.1389  	-0.0466  	-0.0594  	-0.0190  	-0.0245  	-0.0288  	-0.0243  	-0.0135  	-0.0156  	0.02830  	0.00019  	0.00354  	-0.0031  	-0.0081  	-0.0057  	0.02723  	0.01892  	0.08411  	0.01040  	0.00532  	0.01241  	0.03785  	-0.7581  	
-0.3587  	-0.1137  	-0.7975  	-0.2766  	0.13674  	-0.5011  	-0.0141  	-0.1110  	0.00048  	0.08370  	-0.4142  	-0.3842  	0.24535  	0.11030  	0.18131  	0.69967  	-0.1069  	0.02816  	0.29515  	0.60707  	0.09079  	0.37950  	-0.5727  	0.43518  	0.71983  	-0.1972  	0.14486  	0.15124  	0.20543  	0.23537  	-0.1383  	0.17955  	0.11563  	-0.0444  	0.55686  	0.04163  	0.12712  	-0.2531  	-0.1864  	0.49338  	-0.1886  	0.07866  	-0.2537  	0.14923  	0.15124  	-0.0270  	0.03692  	-0.1176  	-0.0425  	-0.0569  	-0.0267  	-0.0184  	-0.0341  	-0.0307  	-0.0268  	-0.0110  	0.01150  	-0.0183  	0.00505  	-0.0004  	-0.0023  	0.00366  	0.00832  	0.00737  	0.08411  	0.01040  	0.00532  	0.01241  	0.03785  	-0.7581  	
-0.1705  	-0.0892  	-0.6592  	-0.2120  	0.05075  	-0.3354  	0.03167  	-0.1120  	0.03138  	0.09660  	-0.6303  	-0.5125  	0.29373  	0.22122  	0.28414  	0.62702  	-0.0959  	-0.0530  	0.29237  	0.51971  	0.08438  	0.43349  	-0.5088  	0.39801  	0.78961  	-0.2144  	0.17476  	0.02210  	0.21018  	0.26801  	-0.1420  	0.18952  	0.09441  	-0.0324  	0.55086  	0.02293  	0.12335  	-0.2383  	-0.1638  	0.46858  	-0.2153  	0.06927  	-0.2500  	0.18066  	0.15495  	-0.0314  	0.02012  	-0.1265  	-0.0370  	-0.0509  	-0.0310  	-0.0194  	-0.0389  	-0.0192  	-0.0241  	-0.0128  	0.00685  	-0.0073  	-0.0038  	9.16997  	-0.0007  	0.00787  	0.01698  	0.00810  	0.08411  	0.01040  	0.00532  	0.01241  	0.03785  	-0.7581  	
-0.0687  	-0.0652  	-0.6096  	-0.2186  	0.06188  	-0.2989  	0.10989  	-0.0423  	0.08302  	0.05999  	-0.7531  	-0.6039  	0.35319  	0.28166  	0.28099  	0.59335  	-0.0598  	-0.0562  	0.30113  	0.42445  	0.05725  	0.50183  	-0.4371  	0.32305  	0.91287  	-0.2395  	0.22501  	0.05535  	0.34746  	0.30360  	-0.1506  	0.16947  	0.08262  	-0.0256  	0.46419  	0.03006  	0.10028  	-0.2505  	-0.0968  	0.47422  	-0.1775  	0.06986  	-0.2072  	0.19654  	0.15136  	-0.0406  	0.01012  	-0.0953  	-0.0137  	-0.0669  	-0.0290  	-0.0188  	-0.0275  	-0.0152  	-0.0176  	-0.0023  	0.01252  	-0.0081  	-0.0015  	0.00051  	-0.0019  	0.00942  	0.01872  	0.00357  	0.08411  	0.01040  	0.00532  	0.01241  	0.03785  	-0.7581  	
-0.1863  	-0.0135  	-0.6415  	-0.4166  	0.00111  	-0.3827  	0.11897  	-0.0388  	0.05769  	0.20714  	-0.6773  	-0.7025  	0.34847  	0.30063  	0.27466  	0.51360  	-0.0807  	-0.0758  	0.29469  	0.38641  	0.03370  	0.54372  	-0.4601  	0.41096  	0.98182  	-0.2325  	0.32818  	-0.0118  	0.32860  	0.32923  	-0.1413  	0.18903  	0.06641  	-0.0547  	0.51143  	0.04320  	0.11339  	-0.2430  	-0.1323  	0.49501  	-0.2168  	0.08080  	-0.2159  	0.17729  	0.12994  	-0.0293  	0.01530  	-0.0978  	-0.0173  	-0.0651  	-0.0309  	-0.0158  	-0.0331  	-0.0197  	-0.0223  	-0.0141  	0.00026  	-0.0155  	-0.0039  	0.01532  	0.00022  	0.01119  	0.01758  	0.00731  	0.08411  	0.01040  	0.00532  	0.01241  	0.03785  	-0.7581  	
-0.5081  	-0.1283  	-0.8430  	-0.3295  	0.02622  	-0.5526  	0.06723  	-0.1301  	-0.0067  	0.13074  	-0.4980  	-0.5574  	0.25496  	0.19991  	0.14386  	0.55979  	-0.0989  	-0.0352  	0.27162  	0.55595  	0.09471  	0.43548  	-0.5422  	0.49027  	0.86245  	-0.2458  	0.26597  	0.01602  	0.23891  	0.29018  	-0.1796  	0.18767  	0.10418  	-0.0495  	0.60379  	0.04098  	0.12569  	-0.2617  	-0.1926  	0.56948  	-0.2452  	0.11186  	-0.2927  	0.16008  	0.14708  	-0.0327  	0.04225  	-0.1396  	-0.0448  	-0.0630  	-0.0226  	-0.0181  	-0.0491  	-0.0114  	-0.0363  	-0.0132  	-0.0090  	-0.0115  	0.01032  	0.00687  	-0.0018  	0.01021  	0.00789  	-0.0031  	0.08411  	0.01040  	0.00532  	0.01241  	0.03785  	-0.7581  	
-0.7035  	-0.2302  	-0.9041  	-0.4019  	0.05839  	-0.6685  	-0.0051  	-0.1159  	-0.0079  	0.13452  	-0.2771  	-0.3979  	0.22024  	-0.1184  	-0.0021  	0.59830  	-0.0485  	-0.0732  	0.35030  	0.47575  	0.07001  	0.20303  	-0.7453  	0.37396  	0.68700  	-0.1179  	0.06916  	0.14358  	0.26379  	0.20351  	-0.0471  	0.13206  	0.04511  	-0.1525  	0.50042  	0.03158  	0.02640  	-0.2307  	-0.2618  	0.39962  	-0.1339  	0.16706  	-0.3497  	0.22288  	0.11901  	-0.0148  	0.02769  	-0.1326  	-0.0719  	-0.0500  	-0.0378  	-0.0164  	-0.0282  	-0.0025  	-0.0131  	-0.0340  	0.01718  	-0.0118  	-0.0037  	0.01215  	0.00192  	-0.0021  	0.00838  	0.01250  	0.08411  	0.01040  	0.00532  	0.01241  	0.03785  	-0.7581  	
-0.4929  	-0.1683  	-0.7821  	-0.4653  	-0.0331  	-0.5391  	-0.0529  	-0.0783  	-0.0331  	0.04038  	-0.4083  	-0.4721  	0.26175  	-0.1510  	0.04517  	0.52323  	0.04992  	-0.1886  	0.39319  	0.26446  	0.15119  	0.06691  	-0.8275  	0.33893  	0.72856  	-0.0709  	0.12180  	0.04673  	0.37772  	0.22715  	0.00899  	0.10433  	-0.0539  	-0.2696  	0.38646  	0.02876  	-0.0211  	-0.2386  	-0.2962  	0.35046  	-0.0856  	0.22416  	-0.3949  	0.29030  	0.08200  	-0.0055  	0.01060  	-0.1101  	-0.0687  	-0.0685  	-0.0216  	-0.0122  	-0.0312  	-0.0004  	-0.0126  	-0.0237  	0.01340  	-0.0199  	0.00089  	0.01387  	0.00264  	-0.0142  	0.00140  	0.01772  	0.08411  	0.01040  	0.00532  	0.01241  	0.03785  	-0.7581  	
-0.4256  	-0.1520  	-0.7017  	-0.3869  	-0.0475  	-0.5410  	-0.0580  	-0.0599  	-0.0139  	0.06775  	-0.4603  	-0.5028  	0.26609  	-0.1718  	0.07272  	0.58911  	0.06160  	-0.1892  	0.41774  	0.24885  	0.11938  	0.04594  	-0.8918  	0.27968  	0.71753  	-0.0760  	0.03418  	0.06051  	0.43239  	0.20380  	0.01610  	0.10212  	-0.0494  	-0.2757  	0.32871  	0.01870  	-0.0393  	-0.2314  	-0.3053  	0.36052  	-0.0078  	0.21745  	-0.3812  	0.31185  	0.06979  	-0.0090  	-0.0045  	-0.0957  	-0.0641  	-0.0778  	-0.0192  	-0.0138  	-0.0276  	0.00510  	-0.0088  	-0.0185  	0.01338  	-0.0227  	0.00065  	0.02108  	0.00389  	-0.0035  	-0.0011  	0.02021  	0.08411  	0.01040  	0.00532  	0.01241  	0.03785  	-0.7581  	
-0.4881  	-0.1301  	-0.7639  	-0.4475  	-0.0239  	-0.5451  	-0.0228  	-0.0900  	-0.0013  	0.10635  	-0.4294  	-0.4836  	0.24169  	-0.1590  	-0.0289  	0.60424  	0.02540  	-0.1421  	0.40397  	0.30769  	0.05631  	0.07134  	-0.8863  	0.26403  	0.73398  	-0.0732  	0.04884  	0.15371  	0.47954  	0.21334  	0.00694  	0.10331  	-0.0401  	-0.2478  	0.31645  	0.06431  	-0.0727  	-0.2468  	-0.2770  	0.37312  	-0.0063  	0.21275  	-0.3670  	0.29474  	0.07165  	-0.0067  	-0.0031  	-0.1051  	-0.0686  	-0.0749  	-0.0246  	-0.0124  	-0.0290  	0.00793  	-0.0077  	-0.0221  	0.01376  	-0.0232  	0.00044  	0.01362  	0.00778  	-0.0007  	2.84233  	0.01449  	0.08411  	0.01040  	0.00532  	0.01241  	0.03785  	-0.7581  	
-0.5394  	-0.1779  	-0.8102  	-0.4368  	-0.0351  	-0.5084  	-0.0198  	-0.1330  	-0.0133  	0.06268  	-0.3859  	-0.5146  	0.18984  	-0.1769  	-0.0566  	0.64012  	-0.0126  	-0.0988  	0.36571  	0.40734  	0.10520  	0.20669  	-0.6894  	0.34075  	0.79393  	-0.1391  	0.16806  	0.08691  	0.33802  	0.23477  	-0.0649  	0.15483  	0.01216  	-0.1608  	0.44263  	0.07587  	0.05238  	-0.2219  	-0.2648  	0.40494  	-0.1044  	0.14150  	-0.3085  	0.24912  	0.11727  	-0.0208  	0.02271  	-0.1302  	-0.0615  	-0.0717  	-0.0191  	-0.0142  	-0.0262  	-0.0049  	-0.0144  	-0.0210  	0.01477  	-0.0105  	0.00176  	0.00995  	0.00207  	-0.0045  	0.00831  	0.01464  	0.08411  	0.01040  	0.00532  	0.01241  	0.03785  	-0.7581  	
-0.5229  	-0.2005  	-0.8407  	-0.4141  	-0.0376  	-0.4963  	-0.0311  	-0.1527  	0.00719  	0.06118  	-0.4348  	-0.4934  	0.15481  	-0.1322  	-0.0275  	0.64711  	-0.0547  	-0.0058  	0.28921  	0.57990  	0.04144  	0.38907  	-0.4721  	0.34341  	0.80676  	-0.1927  	0.15848  	0.15887  	0.28058  	0.24942  	-0.1444  	0.18082  	0.07409  	-0.0500  	0.47167  	0.07152  	0.10438  	-0.2270  	-0.1673  	0.44772  	-0.1541  	0.05192  	-0.2356  	0.18580  	0.16263  	-0.0354  	0.03579  	-0.1415  	-0.0511  	-0.0504  	-0.0342  	-0.0175  	-0.0305  	-0.0197  	-0.0211  	-0.0211  	0.01708  	-0.0040  	0.00224  	-0.0025  	-0.0024  	-0.0028  	0.02186  	0.01429  	0.08411  	0.01040  	0.00532  	0.01241  	0.03785  	-0.7581  	
-0.4037  	-0.1522  	-0.7721  	-0.3520  	-0.0141  	-0.4622  	0.01152  	-0.1631  	0.01716  	0.08188  	-0.4424  	-0.4881  	0.18676  	-0.0623  	0.02547  	0.69056  	-0.0886  	0.03538  	0.31578  	0.59197  	0.06104  	0.38141  	-0.5318  	0.32354  	0.81841  	-0.2083  	0.11719  	0.17813  	0.28448  	0.25300  	-0.1553  	0.18781  	0.08321  	-0.0284  	0.50084  	0.08639  	0.11857  	-0.2248  	-0.1680  	0.46629  	-0.1761  	0.05784  	-0.2309  	0.18031  	0.15881  	-0.0368  	0.03134  	-0.1380  	-0.0465  	-0.0614  	-0.0308  	-0.0200  	-0.0306  	-0.0178  	-0.0218  	-0.0162  	0.01546  	-0.0026  	0.00456  	0.00158  	-0.0055  	-0.0002  	0.02163  	0.01226  	0.08411  	0.01040  	0.00532  	0.01241  	0.03785  	-0.7581  	
-0.4061  	-0.1478  	-0.7846  	-0.4153  	0.02861  	-0.4949  	0.01991  	-0.1724  	0.01783  	0.14081  	-0.3877  	-0.4588  	0.19152  	-0.0788  	-0.0848  	0.75598  	-0.1156  	0.05449  	0.29578  	0.63953  	-0.0002  	0.34161  	-0.5889  	0.31013  	0.80140  	-0.2100  	0.08887  	0.23504  	0.31544  	0.23738  	-0.1452  	0.17909  	0.09256  	-0.0279  	0.49300  	0.11121  	0.07171  	-0.2367  	-0.1586  	0.47222  	-0.1610  	0.05561  	-0.2353  	0.17401  	0.15774  	-0.0394  	0.03735  	-0.1358  	-0.0434  	-0.0582  	-0.0280  	-0.0196  	-0.0282  	-0.0172  	-0.0160  	-0.0231  	0.01900  	-0.0042  	8.83439  	-0.0008  	-0.0069  	-0.0036  	0.02334  	0.01337  	0.08411  	0.01040  	0.00532  	0.01241  	0.03785  	-0.7581  	
-0.3842  	-0.1673  	-0.7756  	-0.4109  	0.00352  	-0.4782  	0.03383  	-0.1765  	0.01845  	0.16371  	-0.3615  	-0.4804  	0.17673  	-0.1021  	-0.1213  	0.75342  	-0.1174  	0.05304  	0.30311  	0.65534  	-0.0109  	0.34131  	-0.5987  	0.30305  	0.81281  	-0.2226  	0.10763  	0.24758  	0.32925  	0.25399  	-0.1559  	0.19512  	0.07770  	-0.0336  	0.49384  	0.13088  	0.07616  	-0.2364  	-0.1563  	0.47794  	-0.1559  	0.05241  	-0.2361  	0.18536  	0.15946  	-0.0388  	0.03594  	-0.1352  	-0.0428  	-0.0617  	-0.0268  	-0.0200  	-0.0267  	-0.0180  	-0.0120  	-0.0231  	0.02116  	-0.0053  	0.00169  	0.00051  	-0.0053  	-0.0061  	0.02746  	0.01408  	0.08411  	0.01040  	0.00532  	0.01241  	0.03785  	-0.7581  	
-0.3884  	-0.1834  	-0.7748  	-0.4398  	-0.0154  	-0.4883  	0.03024  	-0.1885  	0.01329  	0.17246  	-0.3660  	-0.5020  	0.17171  	-0.1693  	-0.1619  	0.77893  	-0.1231  	0.06005  	0.31309  	0.65347  	-0.0496  	0.35396  	-0.5972  	0.27991  	0.84631  	-0.2269  	0.10623  	0.26423  	0.34320  	0.26503  	-0.1549  	0.19565  	0.06395  	-0.0302  	0.48358  	0.16036  	0.05997  	-0.2313  	-0.1555  	0.48364  	-0.1507  	0.05178  	-0.2273  	0.19002  	0.15288  	-0.0357  	0.03572  	-0.1325  	-0.0439  	-0.0608  	-0.0232  	-0.0176  	-0.0278  	-0.0175  	-0.0137  	-0.0228  	0.02150  	-0.0039  	0.00075  	0.00044  	-0.0057  	-0.0034  	0.02808  	0.01174  	0.08411  	0.01040  	0.00532  	0.01241  	0.03785  	-0.7581  	
-0.4106  	-0.1779  	-0.7965  	-0.5003  	-0.0552  	-0.4900  	0.03966  	-0.2070  	-0.0026  	0.14302  	-0.3653  	-0.5306  	0.15251  	-0.1640  	-0.1722  	0.75985  	-0.1111  	0.04154  	0.30510  	0.61672  	-0.0251  	0.36022  	-0.5564  	0.27964  	0.83976  	-0.2236  	0.12384  	0.23348  	0.33408  	0.25152  	-0.1511  	0.19131  	0.06158  	-0.0375  	0.47004  	0.15623  	0.08076  	-0.2257  	-0.1556  	0.47885  	-0.1468  	0.05812  	-0.2273  	0.18891  	0.15656  	-0.0357  	0.03761  	-0.1345  	-0.0437  	-0.0574  	-0.0238  	-0.0183  	-0.0267  	-0.0165  	-0.0125  	-0.0230  	0.01937  	-0.0058  	0.00238  	0.00185  	-0.0076  	0.00109  	0.02745  	0.01384  	0.08411  	0.01040  	0.00532  	0.01241  	0.03785  	-0.7581  	
-0.4423  	-0.1754  	-0.8039  	-0.5275  	-0.0685  	-0.5051  	0.02671  	-0.2211  	-0.0169  	0.10068  	-0.3981  	-0.5418  	0.14767  	-0.1612  	-0.1455  	0.70458  	-0.0962  	0.02216  	0.30183  	0.61173  	-0.0063  	0.35217  	-0.5309  	0.28528  	0.83065  	-0.2170  	0.12505  	0.21719  	0.32159  	0.25346  	-0.1511  	0.19586  	0.05464  	-0.0370  	0.47060  	0.14706  	0.10214  	-0.2193  	-0.1670  	0.47046  	-0.1391  	0.05921  	-0.2275  	0.18109  	0.15425  	-0.0351  	0.03616  	-0.1403  	-0.0496  	-0.0618  	-0.0272  	-0.0167  	-0.0275  	-0.0155  	-0.0152  	-0.0228  	0.01761  	-0.0055  	0.00271  	2.54894  	-0.0059  	-0.0028  	0.02843  	0.01465  	0.08411  	0.01040  	0.00532  	0.01241  	0.03785  	-0.7581  	
-0.5102  	-0.1880  	-0.8356  	-0.4840  	-0.0430  	-0.5492  	0.00963  	-0.2078  	-0.0114  	0.09481  	-0.4423  	-0.5292  	0.16398  	-0.1377  	-0.1157  	0.68755  	-0.1020  	0.03988  	0.31070  	0.61381  	-0.0309  	0.35038  	-0.5310  	0.28612  	0.84563  	-0.2147  	0.12620  	0.23843  	0.34119  	0.26164  	-0.1643  	0.18010  	0.05141  	-0.0384  	0.46824  	0.15319  	0.07462  	-0.2304  	-0.1617  	0.47603  	-0.1337  	0.06405  	-0.2368  	0.17438  	0.16161  	-0.0374  	0.03540  	-0.1364  	-0.0470  	-0.0544  	-0.0288  	-0.0179  	-0.0289  	-0.0120  	-0.0128  	-0.0183  	0.02374  	-0.0048  	0.00573  	-0.0023  	-0.0038  	-0.0041  	0.02676  	0.01499  	0.08411  	0.01040  	0.00532  	0.01241  	0.03785  	-0.7581  	
-0.5394  	-0.1864  	-0.8517  	-0.4840  	-0.0467  	-0.5559  	-0.0221  	-0.1956  	-0.0042  	0.09284  	-0.4158  	-0.5116  	0.16130  	-0.1342  	-0.0855  	0.67570  	-0.0738  	0.03932  	0.31962  	0.60051  	-0.0065  	0.36422  	-0.5102  	0.29080  	0.83958  	-0.1969  	0.09074  	0.22154  	0.32977  	0.24857  	-0.1553  	0.17457  	0.05829  	-0.0348  	0.45337  	0.12115  	0.08246  	-0.2323  	-0.1580  	0.46080  	-0.1322  	0.05837  	-0.2401  	0.17471  	0.16299  	-0.0303  	0.03587  	-0.1423  	-0.0493  	-0.0524  	-0.0308  	-0.0214  	-0.0299  	-0.0201  	-0.0184  	-0.0178  	0.01651  	-0.0020  	0.00504  	-0.0036  	-0.0034  	0.00217  	0.02620  	0.01302  	0.08411  	0.01040  	0.00532  	0.01241  	0.03785  	-0.7581  	
-0.5650  	-0.1888  	-0.8503  	-0.4814  	-0.0523  	-0.5770  	-0.0310  	-0.1806  	-0.0136  	0.09428  	-0.4046  	-0.4916  	0.15117  	-0.1379  	-0.0884  	0.67445  	-0.0680  	0.02806  	0.30673  	0.57575  	0.00706  	0.36485  	-0.4927  	0.29319  	0.81625  	-0.2002  	0.10364  	0.19423  	0.31971  	0.25304  	-0.1561  	0.17612  	0.06307  	-0.0353  	0.45033  	0.09375  	0.09761  	-0.2170  	-0.1628  	0.45414  	-0.1344  	0.05337  	-0.2297  	0.18543  	0.15914  	-0.0322  	0.03860  	-0.1469  	-0.0526  	-0.0594  	-0.0353  	-0.0187  	-0.0280  	-0.0175  	-0.0223  	-0.0238  	0.01524  	-0.0008  	0.00375  	-0.0011  	-0.0009  	0.00242  	0.02245  	0.01116  	0.08411  	0.01040  	0.00532  	0.01241  	0.03785  	-0.7581  	
-0.5954  	-0.2067  	-0.9010  	-0.5085  	-0.0612  	-0.6077  	-0.0322  	-0.1997  	-0.0121  	0.12035  	-0.3718  	-0.4702  	0.14820  	-0.1940  	-0.1336  	0.66889  	-0.0656  	0.03845  	0.29923  	0.58658  	-0.0078  	0.35469  	-0.4914  	0.28269  	0.78970  	-0.1862  	0.07579  	0.22280  	0.32564  	0.24619  	-0.1478  	0.17241  	0.06138  	-0.0424  	0.43006  	0.09926  	0.09017  	-0.2150  	-0.1595  	0.45503  	-0.1258  	0.04992  	-0.2267  	0.18635  	0.16030  	-0.0340  	0.04177  	-0.1459  	-0.0487  	-0.0583  	-0.0356  	-0.0180  	-0.0275  	-0.0144  	-0.0202  	-0.0264  	0.01639  	-0.0026  	0.00462  	0.00094  	-0.0024  	0.00163  	0.02192  	0.01196  	0.08411  	0.01040  	0.00532  	0.01241  	0.03785  	-0.7581  	
-0.6012  	-0.2053  	-0.9070  	-0.5059  	-0.0516  	-0.6019  	-0.0340  	-0.2026  	-0.0112  	0.12214  	-0.3707  	-0.4593  	0.14910  	-0.1857  	-0.1266  	0.66026  	-0.0613  	0.03832  	0.29555  	0.58577  	-0.0014  	0.35123  	-0.5007  	0.28002  	0.78071  	-0.1847  	0.07509  	0.23301  	0.32468  	0.24620  	-0.1406  	0.17007  	0.06616  	-0.0412  	0.43350  	0.09437  	0.08363  	-0.2221  	-0.1606  	0.45065  	-0.1266  	0.04799  	-0.2251  	0.18218  	0.16383  	-0.0355  	0.04133  	-0.1480  	-0.0488  	-0.0545  	-0.0351  	-0.0183  	-0.0273  	-0.0157  	-0.0197  	-0.0254  	0.01615  	-0.0030  	0.00375  	0.00058  	-0.0037  	0.00324  	0.02267  	0.01312  	0.08411  	0.01040  	0.00532  	0.01241  	0.03785  	-0.7581  	
-0.5936  	-0.1969  	-0.8926  	-0.4958  	-0.0495  	-0.5927  	-0.0353  	-0.1950  	-0.0080  	0.12449  	-0.3714  	-0.4525  	0.15190  	-0.1630  	-0.1097  	0.65827  	-0.0646  	0.03625  	0.28908  	0.58719  	0.00157  	0.35651  	-0.5069  	0.27669  	0.77467  	-0.1838  	0.06825  	0.23865  	0.32588  	0.24658  	-0.1383  	0.16922  	0.07255  	-0.0384  	0.43340  	0.08891  	0.07987  	-0.2251  	-0.1588  	0.44852  	-0.1314  	0.04916  	-0.2237  	0.17959  	0.16534  	-0.0352  	0.03955  	-0.1504  	-0.0509  	-0.0515  	-0.0370  	-0.0189  	-0.0285  	-0.0169  	-0.0183  	-0.0249  	0.01567  	-0.0038  	0.00281  	0.00039  	-0.0049  	0.00452  	0.02386  	0.01481  	0.08411  	0.01040  	0.00532  	0.01241  	0.03785  	-0.7581  	
-0.5914  	-0.1850  	-0.8886  	-0.4988  	-0.0434  	-0.5991  	-0.0379  	-0.1911  	-0.0051  	0.12527  	-0.3731  	-0.4433  	0.14901  	-0.1485  	-0.1085  	0.65794  	-0.0673  	0.03607  	0.29138  	0.58778  	0.01093  	0.35203  	-0.5112  	0.27450  	0.76260  	-0.1839  	0.06293  	0.24142  	0.32182  	0.24335  	-0.1357  	0.16825  	0.07753  	-0.0360  	0.43717  	0.08247  	0.07884  	-0.2265  	-0.1576  	0.44942  	-0.1321  	0.04862  	-0.2246  	0.17976  	0.16522  	-0.0339  	0.03988  	-0.1490  	-0.0515  	-0.0511  	-0.0374  	-0.0193  	-0.0284  	-0.0174  	-0.0191  	-0.0247  	0.01434  	-0.0040  	0.00129  	-0.0001  	-0.0045  	0.00350  	0.02344  	0.01415  	0.08411  	0.01040  	0.00532  	0.01241  	0.03785  	-0.7581  	
-0.5848  	-0.1827  	-0.8834  	-0.4919  	-0.0412  	-0.5848  	-0.0345  	-0.1871  	-0.0044  	0.11903  	-0.3785  	-0.4468  	0.14996  	-0.1442  	-0.1018  	0.65232  	-0.0677  	0.03212  	0.29162  	0.58203  	0.01181  	0.35739  	-0.5124  	0.27503  	0.76776  	-0.1865  	0.06815  	0.23926  	0.32182  	0.24564  	-0.1373  	0.16780  	0.07736  	-0.0369  	0.43759  	0.08124  	0.08269  	-0.2266  	-0.1554  	0.44666  	-0.1320  	0.04949  	-0.2245  	0.18004  	0.16472  	-0.0342  	0.03899  	-0.1495  	-0.0506  	-0.0511  	-0.0367  	-0.0193  	-0.0283  	-0.0180  	-0.0194  	-0.0247  	0.01568  	-0.0036  	0.00090  	-0.0001  	-0.0047  	0.00332  	0.02367  	0.01457  	0.08411  	0.01040  	0.00532  	0.01241  	0.03785  	-0.7581  	
-0.5051  	-0.1586  	-0.8443  	-0.4206  	-0.0003  	-0.5447  	-0.0354  	-0.1488  	0.02229  	0.08112  	-0.3938  	-0.4072  	0.16124  	-0.0679  	-0.0170  	0.65621  	-0.0718  	0.01055  	0.29643  	0.58330  	0.06264  	0.35917  	-0.5186  	0.32044  	0.75144  	-0.1926  	0.08840  	0.19509  	0.28210  	0.24040  	-0.1452  	0.17584  	0.09465  	-0.0364  	0.48036  	0.04225  	0.11042  	-0.2256  	-0.1670  	0.44408  	-0.1428  	0.04961  	-0.2393  	0.18159  	0.15803  	-0.0319  	0.03747  	-0.1433  	-0.0545  	-0.0494  	-0.0372  	-0.0187  	-0.0311  	-0.0208  	-0.0205  	-0.0219  	0.01560  	-0.0045  	-0.0039  	-0.0020  	-0.0013  	0.00178  	0.01872  	0.01337  	0.08411  	0.01040  	0.00532  	0.01241  	0.03785  	-0.7581  	
-0.4052  	-0.1221  	-0.7827  	-0.3578  	-0.0074  	-0.4885  	-0.0224  	-0.1048  	0.02664  	0.05679  	-0.3766  	-0.4292  	0.17850  	0.00801  	0.07109  	0.67662  	-0.0733  	-0.0257  	0.29458  	0.58179  	0.13623  	0.36034  	-0.5084  	0.35877  	0.76079  	-0.2096  	0.13713  	0.11872  	0.22091  	0.23548  	-0.1522  	0.18432  	0.08863  	-0.0412  	0.53222  	0.01286  	0.15857  	-0.2127  	-0.1995  	0.43611  	-0.1670  	0.05183  	-0.2469  	0.17207  	0.15415  	-0.0338  	0.03989  	-0.1410  	-0.0485  	-0.0532  	-0.0345  	-0.0181  	-0.0302  	-0.0171  	-0.0199  	-0.0184  	0.01162  	-0.0094  	0.00172  	0.00250  	-0.0012  	0.00271  	0.01950  	0.01150  	0.08411  	0.01040  	0.00532  	0.01241  	0.03785  	-0.7581  	
-0.2481  	-0.0847  	-0.6937  	-0.2954  	0.01847  	-0.4125  	0.01208  	-0.0392  	0.07386  	0.06270  	-0.4271  	-0.4420  	0.23751  	0.10120  	0.12973  	0.75984  	-0.0772  	-0.0361  	0.32124  	0.56806  	0.16786  	0.38278  	-0.5247  	0.38859  	0.79755  	-0.2263  	0.19663  	0.04568  	0.18462  	0.24234  	-0.1665  	0.19910  	0.10148  	-0.0501  	0.57041  	0.01133  	0.18758  	-0.1944  	-0.1944  	0.44235  	-0.2037  	0.05647  	-0.2427  	0.17302  	0.15753  	-0.0347  	0.03276  	-0.1332  	-0.0408  	-0.0499  	-0.0290  	-0.0185  	-0.0328  	-0.0132  	-0.0197  	-0.0121  	0.01296  	-0.0047  	0.00015  	-0.0003  	-0.0012  	0.00721  	0.02219  	0.01047  	0.08411  	0.01040  	0.00532  	0.01241  	0.03785  	-0.7581  	
-0.2153  	-0.0780  	-0.6621  	-0.1747  	0.08252  	-0.2957  	0.03481  	-0.0470  	0.05149  	0.05830  	-0.5695  	-0.4860  	0.30024  	0.21467  	0.18700  	0.68689  	-0.0726  	-0.0296  	0.29854  	0.55981  	0.07818  	0.41256  	-0.5519  	0.36554  	0.88685  	-0.2439  	0.20364  	0.12621  	0.28003  	0.29339  	-0.1791  	0.18293  	0.09443  	-0.0394  	0.53436  	0.04320  	0.11032  	-0.2491  	-0.1400  	0.47725  	-0.2048  	0.06858  	-0.2380  	0.18149  	0.16115  	-0.0315  	0.02347  	-0.1155  	-0.0293  	-0.0567  	-0.0229  	-0.0222  	-0.0303  	-0.0219  	-0.0244  	-0.0074  	0.01306  	-0.0056  	-0.0004  	0.00403  	-0.0008  	0.00218  	0.02261  	0.00724  	0.08411  	0.01040  	0.00532  	0.01241  	0.03785  	-0.7581  	
-0.2349  	-0.0846  	-0.7742  	-0.0169  	0.18653  	-0.3387  	0.05321  	-0.0693  	0.04758  	0.09392  	-0.6794  	-0.4585  	0.32923  	0.25613  	0.25211  	0.63352  	-0.0865  	-0.0213  	0.29048  	0.56898  	0.00412  	0.43613  	-0.5572  	0.32441  	0.92261  	-0.2461  	0.22191  	0.15576  	0.37741  	0.34362  	-0.1837  	0.16238  	0.08967  	-0.0322  	0.51805  	0.05985  	0.04780  	-0.2669  	-0.1189  	0.49755  	-0.2222  	0.08114  	-0.2390  	0.18488  	0.16213  	-0.0305  	0.02316  	-0.1171  	-0.0289  	-0.0592  	-0.0275  	-0.0238  	-0.0323  	-0.0190  	-0.0228  	-0.0060  	0.01405  	-0.0053  	0.00147  	0.00565  	-0.0028  	0.00601  	0.01706  	0.00389  	0.08411  	0.01040  	0.00532  	0.01241  	0.03785  	-0.7581  	
-0.4194  	-0.1459  	-0.8197  	-0.2896  	0.06823  	-0.5137  	0.04201  	-0.1264  	0.03281  	0.11051  	-0.4408  	-0.4349  	0.23028  	0.07569  	-0.0003  	0.66995  	-0.1070  	0.03661  	0.28751  	0.61620  	0.05674  	0.38104  	-0.5651  	0.33334  	0.85476  	-0.2088  	0.16148  	0.19590  	0.29195  	0.26152  	-0.1467  	0.16915  	0.09061  	-0.0427  	0.50602  	0.06769  	0.10243  	-0.2414  	-0.1373  	0.48250  	-0.1906  	0.05863  	-0.2368  	0.17355  	0.16490  	-0.0345  	0.03708  	-0.1246  	-0.0416  	-0.0553  	-0.0260  	-0.0198  	-0.0339  	-0.0170  	-0.0180  	-0.0126  	0.01296  	-0.0051  	0.00517  	0.00960  	-0.0028  	0.00409  	0.01893  	0.01406  	0.08411  	0.01040  	0.00532  	0.01241  	0.03785  	-0.7581  	
-0.5707  	-0.1860  	-0.8596  	-0.5937  	-0.0655  	-0.5984  	0.01646  	-0.1729  	0.00232  	0.13189  	-0.3590  	-0.5047  	0.16934  	-0.1220  	-0.1680  	0.62224  	-0.0775  	0.05551  	0.31278  	0.61616  	0.02486  	0.35591  	-0.5302  	0.33421  	0.83577  	-0.2088  	0.16324  	0.17588  	0.28243  	0.24429  	-0.1324  	0.16957  	0.07537  	-0.0440  	0.47491  	0.09579  	0.10398  	-0.2317  	-0.1612  	0.46281  	-0.1763  	0.05477  	-0.2467  	0.17195  	0.16362  	-0.0323  	0.03178  	-0.1315  	-0.0422  	-0.0576  	-0.0355  	-0.0208  	-0.0315  	-0.0130  	-0.0176  	-0.0220  	0.01780  	-0.0077  	0.00223  	0.00235  	-0.0020  	-0.0033  	0.02477  	0.01542  	0.08411  	0.01040  	0.00532  	0.01241  	0.03785  	-0.7581  	
-0.6118  	-0.2126  	-0.8699  	-0.5968  	-0.1138  	-0.5794  	-0.0171  	-0.1774  	-0.0171  	0.07611  	-0.3602  	-0.5493  	0.13848  	-0.1656  	-0.1363  	0.64635  	-0.0466  	0.01982  	0.31604  	0.58281  	0.00729  	0.37536  	-0.4554  	0.33552  	0.81773  	-0.1913  	0.14741  	0.18343  	0.28516  	0.24286  	-0.1358  	0.17573  	0.04945  	-0.0501  	0.43624  	0.09891  	0.10373  	-0.2159  	-0.1670  	0.44382  	-0.1368  	0.04757  	-0.2302  	0.18491  	0.16003  	-0.0371  	0.03942  	-0.1407  	-0.0521  	-0.0575  	-0.0403  	-0.0127  	-0.0286  	-0.0134  	-0.0158  	-0.0240  	0.01569  	-0.0054  	0.00515  	-0.0007  	-0.0018  	-0.0007  	0.02228  	0.01207  	0.08411  	0.01040  	0.00532  	0.01241  	0.03785  	-0.7581  	
-0.4549  	-0.1619  	-0.8055  	-0.4819  	-0.0792  	-0.5138  	-0.0160  	-0.1783  	0.01287  	0.12072  	-0.4215  	-0.4645  	0.18586  	-0.1229  	-0.1174  	0.71601  	-0.0756  	0.04992  	0.32239  	0.61534  	0.01796  	0.35610  	-0.5180  	0.29280  	0.79897  	-0.1974  	0.07446  	0.19679  	0.29604  	0.23236  	-0.1302  	0.18210  	0.09327  	-0.0346  	0.43488  	0.07404  	0.08620  	-0.2222  	-0.1483  	0.47030  	-0.1291  	0.04186  	-0.2161  	0.1937  	0.15586  	-0.0389  	0.03505  	-0.1322  	-0.0491  	-0.0640  	-0.0382  	-0.0180  	-0.0323  	-0.0173  	-0.0184  	-0.0211  	0.01459  	-0.0097  	-3.5968  	-0.0020  	-0.0028  	0.00017  	0.01777  	0.01686  	0.08411  	0.01040  	0.00532  	0.01241  	0.03785  	-0.7581  	
-0.4474  	-0.1566  	-0.7995  	-0.5140  	-0.0891  	-0.5582  	0.00989  	-0.1820  	0.03181  	0.18447  	-0.3726  	-0.4646  	0.20907  	-0.0710  	-0.2038  	0.71469  	-0.1119  	0.07695  	0.29874  	0.67145  	-0.0644  	0.33035  	-0.5619  	0.26099  	0.81089  	-0.2038  	0.03343  	0.27652  	0.34827  	0.23738  	-0.1360  	0.16335  	0.09691  	-0.0322  	0.40766  	0.11683  	0.02277  	-0.2373  	-0.1280  	0.48212  	-0.1065  	0.04057  	-0.1992  	0.18163  	0.14294  	-0.0379  	0.03944  	-0.1119  	-0.0434  	-0.0555  	-0.0265  	-0.0174  	-0.0294  	-0.0173  	-0.0170  	-0.0214  	0.01604  	-0.0114  	-0.0022  	0.00138  	-0.0013  	0.00520  	0.02522  	0.01374  	0.08411  	0.01040  	0.00532  	0.01241  	0.03785  	-0.7581  	
-0.5970  	-0.2009  	-0.8671  	-0.5788  	-0.1018  	-0.5477  	-0.0099  	-0.2139  	-0.0217  	0.12754  	-0.3720  	-0.5271  	0.13247  	-0.2027  	-0.1882  	0.68525  	-0.0616  	0.04156  	0.32612  	0.59289  	0.00510  	0.35363  	-0.5232  	0.32973  	0.86586  	-0.2105  	0.17225  	0.17209  	0.29808  	0.23912  	-0.1470  	0.19979  	0.05823  	-0.0487  	0.45356  	0.12513  	0.10364  	-0.2162  	-0.1673  	0.45725  	-0.1348  	0.04688  	-0.2222  	0.18594  	0.15913  	-0.0357  	0.03714  	-0.1433  	-0.0485  	-0.0591  	-0.0281  	-0.0159  	-0.0225  	-0.0136  	-0.0148  	-0.0245  	0.01480  	-0.0038  	0.00675  	0.00539  	-0.0041  	-0.0037  	0.02341  	0.01152  	0.08411  	0.01040  	0.00532  	0.01241  	0.03785  	-0.7581  	
-0.5756  	-0.2205  	-0.8848  	-0.5712  	-0.0920  	-0.5678  	-0.0049  	-0.2152  	-0.0243  	0.10111  	-0.3679  	-0.5488  	0.14186  	-0.2033  	-0.1769  	0.64143  	-0.0725  	0.05420  	0.30889  	0.63809  	0.00438  	0.37209  	-0.5167  	0.31959  	0.86265  	-0.2023  	0.14240  	0.19468  	0.31321  	0.24847  	-0.1485  	0.17957  	0.05061  	-0.0468  	0.43661  	0.12043  	0.09303  	-0.2199  	-0.1608  	0.45908  	-0.1499  	0.05147  	-0.2451  	0.17284  	0.16158  	-0.0373  	0.04030  	-0.1388  	-0.0511  	-0.0632  	-0.0336  	-0.0176  	-0.0256  	-0.0165  	-0.0179  	-0.0235  	0.02004  	-0.0048  	0.00476  	0.00592  	-0.0046  	-0.0111  	0.02363  	0.01514  	0.08411  	0.01040  	0.00532  	0.01241  	0.03785  	-0.7581  	
-0.5859  	-0.2292  	-0.9243  	-0.4260  	0.01561  	-0.5987  	-0.0155  	-0.1601  	0.00096  	0.09473  	-0.3613  	-0.4293  	0.16574  	-0.1125  	-0.0705  	0.67347  	-0.0890  	0.05051  	0.31108  	0.64184  	-0.0019  	0.34645  	-0.5598  	0.34375  	0.80457  	-0.1996  	0.11445  	0.21433  	0.30742  	0.25455  	-0.1574  	0.18010  	0.07356  	-0.0477  	0.47153  	0.09777  	0.08139  	-0.2385  	-0.1494  	0.47320  	-0.1819  	0.06022  	-0.2576  	0.17036  	0.16536  	-0.0327  	0.03989  	-0.1404  	-0.0483  	-0.0553  	-0.0326  	-0.0195  	-0.0314  	-0.0148  	-0.0193  	-0.0216  	0.02171  	-0.0058  	0.00636  	0.00500  	-0.0064  	-0.0050  	0.01833  	0.01335  	0.08411  	0.01040  	0.00532  	0.01241  	0.03785  	-0.7581  	
-0.3743  	-0.1572  	-0.8143  	-0.2409  	0.14065  	-0.5053  	0.00504  	-0.1136  	0.01981  	0.08015  	-0.4737  	-0.3887  	0.26268  	0.11541  	0.20716  	0.71990  	-0.1191  	0.00475  	0.29473  	0.62143  	0.04167  	0.37997  	-0.5860  	0.39640  	0.75703  	-0.1819  	0.14208  	0.19252  	0.24983  	0.25775  	-0.1345  	0.18101  	0.11468  	-0.0313  	0.52011  	0.02832  	0.10324  	-0.2539  	-0.1757  	0.47922  	-0.1908  	0.07388  	-0.2334  	0.17456  	0.15640  	-0.0378  	0.04071  	-0.1259  	-0.0382  	-0.0582  	-0.0328  	-0.0228  	-0.0366  	-0.0252  	-0.0220  	-0.0152  	0.00952  	-0.0152  	0.00795  	0.00196  	-0.0003  	0.00191  	0.00557  	0.00557  	0.08411  	0.01040  	0.00532  	0.01241  	0.03785  	-0.7581  	
-0.1242  	-0.1016  	-0.6482  	-0.1562  	0.09831  	-0.3054  	0.05501  	-0.0759  	0.05240  	0.09154  	-0.7053  	-0.5629  	0.34009  	0.25475  	0.33225  	0.60844  	-0.0834  	-0.0529  	0.28605  	0.50671  	0.06219  	0.42785  	-0.4775  	0.32655  	0.86483  	-0.2212  	0.20786  	0.06416  	0.32592  	0.31101  	-0.1539  	0.15931  	0.08879  	-0.0285  	0.52432  	0.04471  	0.08096  	-0.2556  	-0.1198  	0.48410  	-0.2077  	0.07380  	-0.2227  	0.19773  	0.15092  	-0.0309  	0.02329  	-0.1096  	-0.0262  	-0.0608  	-0.0260  	-0.0223  	-0.0320  	-0.0165  	-0.0161  	-0.0040  	0.00980  	-0.0064  	-0.0045  	-0.0001  	-0.0007  	0.00615  	0.01599  	0.00255  	0.08411  	0.01040  	0.00532  	0.01241  	0.03785  	-0.7581  	
-0.1885  	-0.0406  	-0.6696  	-0.3701  	-0.0196  	-0.3932  	0.11414  	-0.0477  	0.06510  	0.16589  	-0.6382  	-0.6365  	0.34447  	0.28218  	0.22036  	0.54911  	-0.0908  	-0.0673  	0.27975  	0.42992  	0.07654  	0.49433  	-0.4683  	0.40133  	0.93433  	-0.2312  	0.28177  	0.04371  	0.30666  	0.30571  	-0.1479  	0.17345  	0.07852  	-0.0574  	0.52679  	0.04528  	0.12405  	-0.2421  	-0.1601  	0.50286  	-0.2088  	0.07911  	-0.2218  	0.18129  	0.13701  	-0.0296  	0.02299  	-0.1065  	-0.0235  	-0.0602  	-0.0221  	-0.0183  	-0.0336  	-0.0204  	-0.0227  	-0.0109  	0.00255  	-0.0118  	0.00234  	0.00943  	-0.0022  	0.01078  	0.01748  	0.00252  	0.08411  	0.01040  	0.00532  	0.01241  	0.03785  	-0.7581  	
-0.5623  	-0.1452  	-0.8832  	-0.5359  	-0.0236  	-0.6704  	0.03562  	-0.1412  	0.00633  	0.11260  	-0.2935  	-0.5676  	0.18749  	0.04401  	-0.0041  	0.56570  	-0.0648  	0.00462  	0.28445  	0.59513  	0.14591  	0.34725  	-0.5536  	0.45688  	0.81777  	-0.2226  	0.25713  	0.00940  	0.16204  	0.23798  	-0.1535  	0.19850  	0.10279  	-0.0507  	0.59744  	0.05351  	0.18457  	-0.2354  	-0.2055  	0.51358  	-0.1881  	0.08280  	-0.2897  	0.15089  	0.16189  	-0.0400  	0.04822  	-0.1409  	-0.0521  	-0.0470  	-0.0316  	-0.0221  	-0.0453  	-0.0145  	-0.0223  	-0.0226  	0.00678  	-0.0064  	-0.0013  	0.00387  	-0.0035  	-0.0063  	0.01593  	0.00868  	0.08411  	0.01040  	0.00532  	0.01241  	0.03785  	-0.7581  	
-0.7586  	-0.2955  	-0.9917  	-0.5496  	-0.0138  	-0.7249  	0.00710  	-0.1985  	-0.0449  	0.13324  	-0.2027  	-0.5025  	0.12601  	-0.1511  	-0.1309  	0.56824  	-0.0747  	0.03280  	0.27395  	0.67682  	0.10563  	0.29224  	-0.5601  	0.36194  	0.75721  	-0.1989  	0.12042  	0.15860  	0.21374  	0.21019  	-0.1446  	0.15138  	0.10346  	-0.0433  	0.56778  	0.07386  	0.12157  	-0.2458  	-0.1905  	0.46646  	-0.2057  	0.06999  	-0.2696  	0.15935  	0.17694  	-0.0309  	0.04655  	-0.1571  	-0.0620  	-0.0429  	-0.0317  	-0.0189  	-0.0382  	-0.0135  	-0.0230  	-0.0252  	0.01569  	-0.0103  	-0.0063  	0.00389  	-0.0079  	-0.0039  	0.02336  	0.01545  	0.08411  	0.01040  	0.00532  	0.01241  	0.03785  	-0.7581  	
-0.5583  	-0.1947  	-0.9566  	-0.3463  	0.07530  	-0.6871  	-0.0058  	-0.1207  	-0.0085  	0.11082  	-0.2468  	-0.3297  	0.20204  	-0.0318  	-0.0479  	0.64036  	-0.1310  	0.06087  	0.27974  	0.73476  	0.07674  	0.32339  	-0.6274  	0.37818  	0.78014  	-0.2116  	0.08986  	0.25377  	0.25629  	0.24745  	-0.1409  	0.15150  	0.10915  	-0.0324  	0.53558  	0.07488  	0.06314  	-0.2650  	-0.1523  	0.46235  	-0.2173  	0.08373  	-0.2737  	0.14722  	0.16388  	-0.0251  	0.04130  	-0.1405  	-0.0411  	-0.0602  	-0.0297  	-0.0223  	-0.0322  	-0.0223  	-0.0304  	-0.0207  	0.02080  	-0.0013  	-0.0009  	0.00012  	-0.0024  	-0.0029  	0.00877  	0.00481  	0.08411  	0.01040  	0.00532  	0.01241  	0.03785  	-0.7581  	
-0.4614  	-0.1854  	-0.9034  	-0.1596  	0.20154  	-0.5327  	0.02622  	-0.1212  	0.02101  	0.09809  	-0.4937  	-0.2999  	0.27433  	0.12418  	0.12703  	0.71699  	-0.1703  	0.03999  	0.27051  	0.70347  	-0.0654  	0.33366  	-0.6861  	0.35310  	0.81912  	-0.2090  	0.03423  	0.33961  	0.39795  	0.29951  	-0.1683  	0.15753  	0.10968  	-0.0174  	0.51226  	0.07611  	-0.0082  	-0.2834  	-0.1285  	0.53247  	-0.2071  	0.07620  	-0.2691  	0.17950  	0.16261  	-0.0402  	0.04484  	-0.1377  	-0.0460  	-0.0522  	-0.0279  	-0.0327  	-0.0476  	-0.0166  	-0.0220  	-0.0243  	0.02032  	-0.0054  	-0.0021  	0.00281  	-0.0035  	-0.0105  	0.01667  	0.00774  	0.08411  	0.01040  	0.00532  	0.01241  	0.03785  	-0.7581  	
-0.2950  	-0.1143  	-0.8045  	0.01973  	0.23912  	-0.3997  	0.04311  	-0.1078  	0.04242  	0.02838  	-0.7073  	-0.3807  	0.32667  	0.25959  	0.36839  	0.61110  	-0.1066  	-0.0053  	0.25608  	0.67613  	-0.0971  	0.40320  	-0.6688  	0.33648  	0.91371  	-0.2154  	0.09239  	0.34841  	0.43867  	0.33328  	-0.1915  	0.15165  	0.11405  	-0.0101  	0.49624  	0.07597  	-0.0264  	-0.2850  	-0.0736  	0.54347  	-0.2173  	0.07839  	-0.2627  	0.16894  	0.17176  	-0.0375  	0.03277  	-0.1260  	-0.0360  	-0.0605  	-0.0219  	-0.0231  	-0.0362  	-0.0227  	-0.0184  	-0.0150  	0.01944  	-0.0091  	0.00452  	0.01153  	-0.0067  	0.00043  	0.02298  	0.00858  	0.08411  	0.01040  	0.00532  	0.01241  	0.03785  	-0.7581  	
-0.2029  	-0.0753  	-0.7942  	0.03545  	0.25017  	-0.3597  	0.06247  	-0.0828  	0.02435  	0.05955  	-0.7634  	-0.4932  	0.32922  	0.25527  	0.39361  	0.60381  	-0.1069  	-0.0313  	0.26711  	0.58219  	-0.0336  	0.42342  	-0.5999  	0.32511  	0.96688  	-0.2456  	0.23548  	0.24800  	0.46651  	0.36797  	-0.2030  	0.16242  	0.07778  	-0.0134  	0.51936  	0.07504  	0.00285  	-0.2816  	-0.0765  	0.50817  	-0.2515  	0.08389  	-0.2528  	0.17501  	0.16578  	-0.0318  	0.02108  	-0.1191  	-0.0278  	-0.0620  	-0.0249  	-0.0236  	-0.0321  	-0.0223  	-0.0148  	-0.0063  	0.01648  	-0.0025  	0.00745  	0.00046  	-0.0048  	0.00364  	0.01245  	0.00483  	0.08411  	0.01040  	0.00532  	0.01241  	0.03785  	-0.7581  	
-0.1710  	-0.0585  	-0.8264  	0.12365  	0.27190  	-0.3792  	0.05927  	-0.0838  	0.03373  	0.06325  	-0.8725  	-0.5659  	0.38374  	0.33023  	0.42318  	0.57982  	-0.1149  	-0.0381  	0.28098  	0.52187  	-0.0608  	0.48245  	-0.5998  	0.32159  	0.99435  	-0.2451  	0.26052  	0.17390  	0.48318  	0.41539  	-0.1900  	0.16017  	0.06802  	-0.0229  	0.50921  	0.04558  	0.00738  	-0.2818  	-0.0990  	0.51770  	-0.2569  	0.09161  	-0.2541  	0.18152  	0.15357  	-0.0272  	0.01978  	-0.1102  	-0.0261  	-0.0635  	-0.0271  	-0.0185  	-0.0298  	-0.0171  	-0.0176  	-0.0033  	0.00798  	-0.0061  	0.00707  	0.00539  	-0.0024  	0.00401  	0.00549  	0.00108  	0.08411  	0.01040  	0.00532  	0.01241  	0.03785  	-0.7581  	
-0.2696  	-0.0917  	-0.8970  	0.22618  	0.35940  	-0.4647  	0.01617  	-0.0529  	0.06751  	0.08648  	-0.7046  	-0.4260  	0.35163  	0.40234  	0.41078  	0.60641  	-0.1476  	-0.0529  	0.26534  	0.62558  	-0.0459  	0.46536  	-0.6763  	0.39538  	0.99915  	-0.2491  	0.18778  	0.22435  	0.43554  	0.38167  	-0.1832  	0.14516  	0.08547  	-0.0282  	0.57350  	0.04201  	-0.0090  	-0.3070  	-0.1171  	0.53332  	-0.2999  	0.10000  	-0.2874  	0.17021  	0.16235  	-0.0349  	0.03338  	-0.1272  	-0.0335  	-0.0604  	-0.0263  	-0.0230  	-0.0361  	-0.0165  	-0.0241  	-0.0184  	0.01769  	-0.0057  	-0.0016  	0.00208  	-0.0053  	0.00300  	0.00609  	0.00830  	0.08411  	0.01040  	0.00532  	0.01241  	0.03785  	-0.7581  	
-0.4481  	-0.1625  	-0.9682  	-0.0356  	0.27921  	-0.6743  	0.02914  	-0.1145  	0.02101  	0.12005  	-0.5475  	-0.3771  	0.27917  	0.18707  	0.19888  	0.64251  	-0.1444  	-0.0052  	0.26217  	0.67712  	-0.0296  	0.39081  	-0.6898  	0.38317  	0.87236  	-0.2342  	0.13950  	0.25458  	0.34993  	0.30843  	-0.1847  	0.15616  	0.10212  	-0.0200  	0.58258  	0.06745  	0.00469  	-0.2947  	-0.1362  	0.53559  	-0.2630  	0.08660  	-0.3027  	0.16920  	0.16492  	-0.0328  	0.03432  	-0.1317  	-0.0406  	-0.0609  	-0.0335  	-0.0188  	-0.0362  	-0.0124  	-0.0187  	-0.0214  	0.02018  	-0.0097  	0.00330  	0.00227  	-0.0009  	0.00163  	0.01734  	0.00764  	0.08411  	0.01040  	0.00532  	0.01241  	0.03785  	-0.7581  	
-0.4903  	-0.1638  	-0.8758  	-0.3667  	0.10695  	-0.5428  	0.05932  	-0.1525  	0.02652  	0.09417  	-0.4555  	-0.4017  	0.20285  	-0.0192  	0.00732  	0.67914  	-0.1048  	0.07168  	0.29059  	0.64734  	0.00703  	0.37382  	-0.5940  	0.37076  	0.79526  	-0.2184  	0.11839  	0.24079  	0.30314  	0.25911  	-0.1547  	0.19018  	0.11396  	-0.0277  	0.50830  	0.06804  	0.05659  	-0.2456  	-0.1679  	0.48150  	-0.2072  	0.06210  	-0.2523  	0.18563  	0.15632  	-0.0306  	0.03320  	-0.1256  	-0.0412  	-0.0593  	-0.0278  	-0.0249  	-0.0344  	-0.0166  	-0.0211  	-0.0156  	0.01622  	-0.0052  	0.00296  	-0.0012  	0.00102  	-0.0068  	0.01157  	0.00350  	0.08411  	0.01040  	0.00532  	0.01241  	0.03785  	-0.7581  	
-0.4089  	-0.1757  	-0.8036  	-0.3797  	0.00853  	-0.4517  	0.02081  	-0.1788  	0.01132  	0.06583  	-0.4763  	-0.4762  	0.18111  	-0.0917  	0.04865  	0.68769  	-0.0786  	0.05137  	0.29823  	0.59152  	0.05335  	0.36305  	-0.4989  	0.35097  	0.82355  	-0.2080  	0.14069  	0.16142  	0.24956  	0.26550  	-0.1638  	0.19145  	0.09172  	-0.0390  	0.47696  	0.06694  	0.09107  	-0.2279  	-0.1758  	0.46806  	-0.1721  	0.05964  	-0.2333  	0.19196  	0.15165  	-0.0350  	0.03115  	-0.1446  	-0.0404  	-0.0609  	-0.0277  	-0.0149  	-0.0210  	-0.0165  	-0.0157  	-0.0140  	0.01329  	-0.0046  	0.00437  	0.00280  	-0.0046  	-0.0017  	0.01896  	0.01225  	0.08411  	0.01040  	0.00532  	0.01241  	0.03785  	-0.7581  	
-0.2903  	-0.1308  	-0.7499  	-0.2471  	0.01201  	-0.3703  	-0.0020  	-0.1242  	0.02738  	0.02823  	-0.4988  	-0.4543  	0.22574  	-0.0254  	0.12235  	0.70415  	-0.0729  	0.01267  	0.30864  	0.60737  	0.12279  	0.37929  	-0.5126  	0.33306  	0.84121  	-0.2309  	0.15051  	0.13903  	0.25494  	0.25899  	-0.1542  	0.20072  	0.08131  	-0.0346  	0.52166  	0.05385  	0.13574  	-0.2186  	-0.1509  	0.45359  	-0.1885  	0.04639  	-0.2223  	0.17936  	0.15669  	-0.0319  	0.02730  	-0.1291  	-0.0437  	-0.0628  	-0.0315  	-0.0209  	-0.0298  	-0.0178  	-0.0195  	-0.0120  	0.01882  	-0.0021  	0.00340  	0.00031  	-0.0051  	-0.0003  	0.01755  	0.01146  	0.08411  	0.01040  	0.00532  	0.01241  	0.03785  	-0.7581  	
-0.1931  	-0.0783  	-0.6494  	-0.2630  	0.01967  	-0.3173  	0.03937  	-0.0445  	0.06226  	0.04338  	-0.4247  	-0.4675  	0.21685  	0.06967  	0.10442  	0.77566  	-0.0865  	-0.0610  	0.30543  	0.57230  	0.20682  	0.40597  	-0.5071  	0.38825  	0.82690  	-0.2412  	0.22528  	0.03887  	0.16709  	0.25097  	-0.1749  	0.21686  	0.09743  	-0.0471  	0.56782  	0.02131  	0.20589  	-0.2015  	-0.1810  	0.43400  	-0.1916  	0.05168  	-0.2381  	0.18604  	0.15845  	-0.0330  	0.02365  	-0.1205  	-0.0338  	-0.0538  	-0.0323  	-0.0181  	-0.0288  	-0.0157  	-0.0168  	-0.0076  	0.01546  	-0.0056  	0.00117  	0.00660  	-0.0006  	0.00578  	0.02870  	0.01082  	0.08411  	0.01040  	0.00532  	0.01241  	0.03785  	-0.7581  	
-0.1338  	-0.0724  	-0.5763  	-0.3071  	-0.0450  	-0.3670  	0.01374  	-0.0292  	0.08106  	0.08004  	-0.2836  	-0.4668  	0.18508  	0.04407  	0.01193  	0.83808  	-0.0676  	-0.0660  	0.33582  	0.54388  	0.29669  	0.38478  	-0.4889  	0.44758  	0.80176  	-0.2331  	0.25181  	-0.0815  	0.07212  	0.24191  	-0.1725  	0.22550  	0.08790  	-0.0383  	0.60858  	-0.0020  	0.26772  	-0.1768  	-0.2180  	0.40913  	-0.2302  	0.05800  	-0.2323  	0.18187  	0.16565  	-0.0286  	0.02224  	-0.1231  	-0.0367  	-0.0493  	-0.0294  	-0.0205  	-0.0249  	-0.0161  	-0.0196  	-0.0039  	0.00968  	-0.0030  	0.00102  	0.00794  	-0.0072  	0.00170  	0.02295  	0.00880  	0.08411  	0.01040  	0.00532  	0.01241  	0.03785  	-0.7581  	
-0.1327  	-0.0799  	-0.5609  	-0.4192  	-0.0588  	-0.4148  	0.01912  	0.04021  	0.07850  	0.06980  	-0.2703  	-0.4045  	0.23746  	-0.0168  	-0.0852  	0.84806  	-0.0488  	-0.1216  	0.37200  	0.42977  	0.29484  	0.18954  	-0.7155  	0.33769  	0.77676  	-0.1710  	0.18667  	-0.0064  	0.21367  	0.22042  	-0.0764  	0.16950  	0.05221  	-0.1665  	0.50956  	0.00744  	0.14985  	-0.1963  	-0.2735  	0.35131  	-0.1235  	0.14522  	-0.2971  	0.24259  	0.11419  	-0.0191  	0.01208  	-0.0988  	-0.0404  	-0.0708  	-0.0291  	-0.0176  	-0.0246  	-0.0027  	-0.0156  	-0.0104  	0.00995  	-0.0123  	-0.0053  	0.01101  	-0.0006  	-0.0059  	0.01590  	0.00843  	0.08411  	0.01040  	0.00532  	0.01241  	0.03785  	-0.7581  	
-0.2833  	-0.0909  	-0.5590  	-0.4732  	-0.0835  	-0.5135  	0.01767  	0.02888  	0.05128  	0.13953  	-0.3486  	-0.4234  	0.25929  	-0.0002  	-0.0600  	0.76005  	0.00317  	-0.2054  	0.41947  	0.30736  	0.28190  	0.06747  	-0.9116  	0.31733  	0.83238  	-0.1344  	0.19064  	-0.0474  	0.32913  	0.21212  	-0.0148  	0.14300  	-0.0289  	-0.2596  	0.42973  	0.04364  	0.05197  	-0.2171  	-0.3036  	0.35799  	-0.0780  	0.22081  	-0.3780  	0.29727  	0.08194  	-0.0095  	-0.0003  	-0.0949  	-0.0456  	-0.0796  	-0.0198  	-0.0161  	-0.0303  	0.00405  	-0.0094  	-0.0154  	0.01378  	-0.0204  	-0.0006  	0.02158  	0.00202  	-0.0113  	0.00437  	0.01327  	0.08411  	0.01040  	0.00532  	0.01241  	0.03785  	-0.7581  	
-0.5017  	-0.1523  	-0.7185  	-0.3691  	0.00066  	-0.5296  	-0.0319  	-0.0467  	-0.0078  	0.10103  	-0.3361  	-0.4534  	0.26532  	-0.0945  	-0.0428  	0.62052  	0.04210  	-0.2202  	0.43336  	0.23732  	0.19405  	0.03501  	-0.8969  	0.39814  	0.77289  	-0.1015  	0.19106  	-0.0187  	0.34245  	0.22846  	0.01038  	0.12113  	-0.0508  	-0.2918  	0.44357  	0.04915  	0.00861  	-0.2266  	-0.3361  	0.34634  	-0.0839  	0.24743  	-0.4204  	0.29333  	0.07388  	-0.0041  	-0.0042  	-0.1132  	-0.0655  	-0.0768  	-0.0177  	-0.0125  	-0.0296  	0.01302  	-0.0142  	-0.0188  	0.01513  	-0.0210  	0.00777  	0.02175  	0.00696  	-0.0060  	-0.0037  	0.01065  	0.08411  	0.01040  	0.00532  	0.01241  	0.03785  	-0.7581  	
-0.5586  	-0.1924  	-0.8114  	-0.4975  	-0.0605  	-0.5474  	-0.1028  	-0.0571  	-0.0360  	0.00698  	-0.3158  	-0.4937  	0.21003  	-0.1927  	0.04512  	0.58426  	0.06767  	-0.2432  	0.42525  	0.23283  	0.24853  	0.06604  	-0.8034  	0.40925  	0.70405  	-0.0938  	0.22831  	-0.0766  	0.27606  	0.20490  	-0.0012  	0.13046  	-0.0656  	-0.2766  	0.45183  	0.00835  	0.06428  	-0.2155  	-0.3577  	0.34312  	-0.0939  	0.21690  	-0.4219  	0.27653  	0.08904  	-0.0061  	0.00881  	-0.1307  	-0.0698  	-0.0739  	-0.0335  	-0.0105  	-0.0323  	0.00797  	-0.0113  	-0.0227  	0.01441  	-0.0214  	0.00840  	0.01440  	0.00236  	-0.0099  	-0.0009  	0.01032  	0.08411  	0.01040  	0.00532  	0.01241  	0.03785  	-0.7581  	
-0.3346  	-0.1038  	-0.6806  	-0.4073  	-0.0303  	-0.4385  	-0.0510  	-0.0391  	0.02940  	0.05114  	-0.3712  	-0.4576  	0.25132  	-0.0315  	0.09604  	0.69098  	-0.0153  	-0.1725  	0.36926  	0.34426  	0.22859  	0.21161  	-0.6566  	0.39991  	0.73904  	-0.1490  	0.21101  	-0.0513  	0.22755  	0.20592  	-0.0687  	0.16806  	0.03380  	-0.1666  	0.51700  	0.00411  	0.14981  	-0.2109  	-0.2818  	0.38456  	-0.1132  	0.15141  	-0.3236  	0.24167  	0.11020  	-0.0164  	0.01782  	-0.1193  	-0.0560  	-0.0663  	-0.0334  	-0.0130  	-0.0270  	-0.0012  	-0.0194  	-0.0177  	0.00121  	-0.0181  	0.00348  	0.01275  	0.00810  	-0.0015  	0.00936  	0.01041  	0.08411  	0.01040  	0.00532  	0.01241  	0.03785  	-0.7581  	
-0.1646  	-0.0800  	-0.5986  	-0.4042  	-0.0727  	-0.4018  	0.00884  	-0.0369  	0.04757  	0.08085  	-0.2799  	-0.4108  	0.19253  	0.00787  	-0.0351  	0.79882  	-0.0966  	-0.0580  	0.31888  	0.55799  	0.22703  	0.36923  	-0.4731  	0.38481  	0.78500  	-0.2264  	0.18340  	-0.0120  	0.10629  	0.24321  	-0.1431  	0.21075  	0.09663  	-0.0507  	0.57395  	0.01458  	0.23818  	-0.1886  	-0.2073  	0.40841  	-0.1980  	0.06397  	-0.2137  	0.17899  	0.14683  	-0.0255  	0.03296  	-0.1283  	-0.0317  	-0.0527  	-0.0365  	-0.0147  	-0.0271  	-0.0114  	-0.0196  	-0.0109  	0.00788  	-0.0074  	-0.0032  	0.00387  	-0.0064  	0.00376  	0.02520  	0.00672  	0.08411  	0.01040  	0.00532  	0.01241  	0.03785  	-0.7581  	
-0.1444  	-0.0778  	-0.6141  	-0.3795  	-0.0362  	-0.3794  	0.01213  	-0.0047  	0.06618  	0.06287  	-0.2940  	-0.4476  	0.19472  	0.03583  	-0.0015  	0.84686  	-0.0822  	-0.0629  	0.32924  	0.54275  	0.28153  	0.35455  	-0.4893  	0.41428  	0.81064  	-0.2352  	0.25981  	-0.0458  	0.07366  	0.23733  	-0.1616  	0.22224  	0.10414  	-0.0513  	0.59895  	-0.0004  	0.26684  	-0.1793  	-0.2175  	0.39831  	-0.2081  	0.05997  	-0.2232  	0.18433  	0.15594  	-0.0269  	0.02529  	-0.1232  	-0.0322  	-0.0550  	-0.0337  	-0.0165  	-0.0230  	-0.0115  	-0.0197  	-0.0075  	0.00962  	-0.0067  	-0.0009  	0.00531  	-0.0017  	-0.0034  	0.02415  	0.00669  	0.08411  	0.01040  	0.00532  	0.01241  	0.03785  	-0.7581  	
-0.1728  	-0.0631  	-0.6007  	-0.4002  	-0.0345  	-0.3701  	0.02982  	-0.0111  	0.06855  	0.05393  	-0.3533  	-0.4387  	0.21198  	0.07712  	-0.0215  	0.82046  	-0.1074  	-0.0322  	0.30466  	0.58102  	0.21667  	0.38641  	-0.5152  	0.36167  	0.81716  	-0.2362  	0.19223  	0.04174  	0.14934  	0.23301  	-0.1642  	0.20753  	0.12375  	-0.0503  	0.54692  	0.00152  	0.21187  	-0.2002  	-0.1903  	0.42335  	-0.1833  	0.06005  	-0.2149  	0.18458  	0.15352  	-0.0304  	0.02682  	-0.1197  	-0.0307  	-0.0569  	-0.0314  	-0.0185  	-0.0287  	-0.0130  	-0.0235  	-0.0116  	0.01297  	-0.0070  	-0.0017  	0.00238  	-0.0029  	-0.0020  	0.02619  	0.00587  	0.08411  	0.01040  	0.00532  	0.01241  	0.03785  	-0.7581  	
-0.2736  	-0.1121  	-0.6338  	-0.4008  	-0.0288  	-0.4218  	0.03792  	-0.0658  	0.04817  	0.12424  	-0.3948  	-0.4954  	0.19182  	0.04545  	-0.0693  	0.80901  	-0.0992  	0.00306  	0.32817  	0.62474  	0.16752  	0.35511  	-0.5613  	0.36014  	0.88415  	-0.2491  	0.18212  	0.06287  	0.20615  	0.25465  	-0.1680  	0.20250  	0.07846  	-0.0494  	0.53984  	0.06652  	0.17306  	-0.2050  	-0.1635  	0.44297  	-0.1819  	0.05226  	-0.2251  	0.17707  	0.15513  	-0.0346  	0.02477  	-0.1240  	-0.0335  	-0.0646  	-0.0247  	-0.0219  	-0.0278  	-0.0162  	-0.0211  	-0.0113  	0.01448  	-0.0053  	-0.0015  	0.00979  	-0.0087  	-0.0027  	0.03121  	0.01147  	0.08411  	0.01040  	0.00532  	0.01241  	0.03785  	-0.7581  	
-0.3811  	-0.1645  	-0.7243  	-0.3048  	0.02341  	-0.3997  	0.00017  	-0.1131  	0.01090  	0.07154  	-0.4347  	-0.4791  	0.19229  	0.00310  	-0.0322  	0.73313  	-0.0635  	-0.0144  	0.33288  	0.57576  	0.12771  	0.39458  	-0.5198  	0.38820  	0.87786  	-0.2345  	0.24958  	0.07953  	0.22511  	0.27236  	-0.1797  	0.21120  	0.05948  	-0.0553  	0.52115  	0.06790  	0.18491  	-0.2136  	-0.1977  	0.45711  	-0.2155  	0.05184  	-0.2409  	0.19062  	0.14958  	-0.0389  	0.03195  	-0.1299  	-0.0354  	-0.0542  	-0.0300  	-0.0206  	-0.0290  	-0.0095  	-0.0189  	-0.0173  	0.01495  	-0.0036  	0.00897  	0.01028  	-0.0066  	-0.0072  	0.02250  	0.00929  	0.08411  	0.01040  	0.00532  	0.01241  	0.03785  	-0.7581  	
-0.4410  	-0.1750  	-0.8200  	-0.3823  	-0.0202  	-0.4640  	-0.0059  	-0.1600  	0.01032  	0.06829  	-0.4567  	-0.5020  	0.16327  	-0.1147  	-0.0052  	0.69963  	-0.0806  	0.00845  	0.31588  	0.59189  	0.04936  	0.37658  	-0.5043  	0.34760  	0.85267  	-0.2083  	0.15594  	0.13634  	0.29393  	0.26645  	-0.1630  	0.19817  	0.07022  	-0.0498  	0.48193  	0.08264  	0.11460  	-0.2172  	-0.1707  	0.45080  	-0.1595  	0.04925  	-0.2353  	0.18734  	0.15614  	-0.0333  	0.03494  	-0.1377  	-0.0430  	-0.0586  	-0.0297  	-0.0200  	-0.0288  	-0.0160  	-0.0162  	-0.0261  	0.01348  	-0.0037  	0.00746  	0.00178  	-0.0122  	-0.0061  	0.02312  	0.01287  	0.08411  	0.01040  	0.00532  	0.01241  	0.03785  	-0.7581  	
-0.5493  	-0.1737  	-0.8422  	-0.5232  	-0.0522  	-0.5582  	0.03225  	-0.2121  	0.01273  	0.12506  	-0.4348  	-0.5207  	0.19029  	-0.1224  	-0.1586  	0.65402  	-0.0793  	0.04686  	0.30575  	0.62050  	-0.0640  	0.37037  	-0.5299  	0.29034  	0.85268  	-0.2011  	0.07094  	0.26049  	0.36022  	0.25500  	-0.1475  	0.16454  	0.06478  	-0.0416  	0.39465  	0.12345  	0.05601  	-0.2371  	-0.1409  	0.47548  	-0.1218  	0.04066  	-0.2267  	0.17869  	0.15586  	-0.0359  	0.03186  	-0.1286  	-0.0431  	-0.0608  	-0.0329  	-0.0198  	-0.0299  	-0.0149  	-0.0150  	-0.0222  	0.01964  	-0.0030  	0.00266  	-0.0009  	-0.0016  	-0.0019  	0.02236  	0.01533  	0.08411  	0.01040  	0.00532  	0.01241  	0.03785  	-0.7581  	
-0.5990  	-0.1980  	-0.8679  	-0.5477  	-0.0672  	-0.5768  	0.02026  	-0.1992  	0.01100  	0.12155  	-0.3709  	-0.5553  	0.15953  	-0.1441  	-0.1635  	0.67033  	-0.0718  	0.03620  	0.30844  	0.62465  	-0.0125  	0.36341  	-0.5387  	0.31819  	0.85050  	-0.2038  	0.11861  	0.21647  	0.31385  	0.25363  	-0.1457  	0.17925  	0.06748  	-0.0418  	0.44467  	0.12737  	0.08184  	-0.2364  	-0.1599  	0.46066  	-0.1392  	0.05053  	-0.2296  	0.17868  	0.15850  	-0.0350  	0.03554  	-0.1402  	-0.0418  	-0.0631  	-0.0292  	-0.0174  	-0.0282  	-0.0133  	-0.0160  	-0.0211  	0.01380  	-0.0037  	0.00631  	0.00184  	-0.0043  	-0.0013  	0.01898  	0.01091  	0.08411  	0.01040  	0.00532  	0.01241  	0.03785  	-0.7581  	
-0.6658  	-0.2321  	-0.9374  	-0.5803  	-0.0765  	-0.6271  	-0.0040  	-0.2104  	-0.0163  	0.14477  	-0.3504  	-0.5163  	0.13004  	-0.1726  	-0.1740  	0.63696  	-0.0834  	0.05329  	0.31820  	0.62621  	-0.0273  	0.34983  	-0.5256  	0.30342  	0.81975  	-0.1938  	0.10538  	0.20305  	0.33311  	0.25372  	-0.1398  	0.16769  	0.05865  	-0.0384  	0.42896  	0.12655  	0.06932  	-0.2385  	-0.1498  	0.46375  	-0.1423  	0.05174  	-0.2410  	0.18151  	0.16313  	-0.0347  	0.03508  	-0.1442  	-0.0501  	-0.0613  	-0.0388  	-0.0148  	-0.0312  	-0.0171  	-0.0191  	-0.0246  	0.01702  	-0.0059  	0.00131  	-0.0014  	-0.0032  	-0.0041  	0.02235  	0.01029  	0.08411  	0.01040  	0.00532  	0.01241  	0.03785  	-0.7581  	
-0.6280  	-0.2348  	-0.9246  	-0.4500  	0.00471  	-0.6149  	-0.0142  	-0.1940  	-0.0019  	0.12373  	-0.3463  	-0.4357  	0.16288  	-0.1175  	-0.1054  	0.65620  	-0.0854  	0.04572  	0.29997  	0.64969  	-0.0270  	0.33390  	-0.5507  	0.30975  	0.78096  	-0.1857  	0.07614  	0.23891  	0.34319  	0.26046  	-0.1370  	0.16843  	0.08116  	-0.0419  	0.44243  	0.10357  	0.05541  	-0.2518  	-0.1440  	0.46663  	-0.1671  	0.05474  	-0.2429  	0.17798  	0.16280  	-0.0361  	0.03906  	-0.1442  	-0.0480  	-0.0579  	-0.0301  	-0.0219  	-0.0357  	-0.0168  	-0.0182  	-0.0196  	0.01922  	-0.0062  	5.29119  	0.00175  	-0.0034  	-0.0003  	0.02032  	0.01092  	0.08411  	0.01040  	0.00532  	0.01241  	0.03785  	-0.7581  	
-0.3690  	-0.1452  	-0.8007  	-0.1971  	0.13551  	-0.4651  	-0.0104  	-0.1053  	0.01399  	0.07678  	-0.5388  	-0.3809  	0.26957  	0.11388  	0.20082  	0.70205  	-0.1038  	-0.0083  	0.29424  	0.62598  	0.03939  	0.39404  	-0.5816  	0.38551  	0.77332  	-0.1982  	0.13225  	0.19942  	0.26467  	0.27228  	-0.1381  	0.18038  	0.10198  	-0.0345  	0.51665  	0.04500  	0.08311  	-0.2575  	-0.1647  	0.48159  	-0.1960  	0.06288  	-0.2440  	0.18428  	0.15088  	-0.0335  	0.03670  	-0.1289  	-0.0413  	-0.0622  	-0.0394  	-0.0223  	-0.0359  	-0.0162  	-0.0212  	-0.0218  	0.01451  	-0.0093  	0.00593  	0.00016  	0.00029  	0.00249  	0.01013  	0.00881  	0.08411  	0.01040  	0.00532  	0.01241  	0.03785  	-0.7581  	
-0.1083  	-0.1093  	-0.6694  	-0.1029  	0.13448  	-0.3066  	0.06537  	-0.0856  	0.04032  	0.10239  	-0.7443  	-0.5699  	0.33740  	0.27370  	0.37859  	0.58202  	-0.0829  	-0.0567  	0.27714  	0.49418  	0.03421  	0.44823  	-0.4934  	0.35041  	0.88138  	-0.2260  	0.21993  	0.05600  	0.35066  	0.32895  	-0.1645  	0.17043  	0.07956  	-0.0278  	0.51789  	0.04652  	0.06769  	-0.2590  	-0.1203  	0.49204  	-0.2084  	0.07301  	-0.2327  	0.19573  	0.15314  	-0.0316  	0.02168  	-0.1143  	-0.0258  	-0.0601  	-0.0316  	-0.0218  	-0.0337  	-0.0188  	-0.0173  	-0.0071  	0.00746  	-0.0038  	-0.0034  	-0.0016  	-0.0011  	0.00632  	0.01544  	0.00337  	0.08411  	0.01040  	0.00532  	0.01241  	0.03785  	-0.7581  	
-0.0816  	-0.0290  	-0.5992  	-0.2901  	0.05923  	-0.3292  	0.11328  	-0.0392  	0.06460  	0.11584  	-0.7653  	-0.6618  	0.34427  	0.28337  	0.27959  	0.56995  	-0.0763  	-0.0530  	0.29845  	0.34387  	0.03768  	0.53035  	-0.4029  	0.33158  	0.96214  	-0.2382  	0.27692  	0.02424  	0.37002  	0.33239  	-0.1398  	0.17447  	0.07630  	-0.0346  	0.46265  	0.03651  	0.10055  	-0.2464  	-0.1159  	0.47832  	-0.2019  	0.06971  	-0.1964  	0.19406  	0.14198  	-0.0395  	0.01216  	-0.0965  	-0.0134  	-0.0664  	-0.0314  	-0.0185  	-0.0257  	-0.0153  	-0.0214  	-0.0007  	0.00619  	-0.0125  	-0.0023  	0.00752  	0.00160  	0.01156  	0.02155  	0.00732  	0.08411  	0.01040  	0.00532  	0.01241  	0.03785  	-0.7581  	
-0.3495  	-0.0888  	-0.7093  	-0.3323  	0.04321  	-0.5302  	0.09678  	-0.0704  	0.04329  	0.17596  	-0.5883  	-0.6420  	0.32831  	0.30333  	0.19555  	0.57493  	-0.1268  	-0.0950  	0.25411  	0.55041  	0.08471  	0.47656  	-0.5965  	0.47146  	0.95786  	-0.2509  	0.31292  	-0.0074  	0.25554  	0.31828  	-0.1286  	0.16270  	0.07842  	-0.0665  	0.59014  	0.03008  	0.14366  	-0.2640  	-0.1760  	0.49518  	-0.2193  	0.10948  	-0.2541  	0.18121  	0.15534  	-0.0334  	0.01966  	-0.1301  	-0.0327  	-0.0537  	-0.0240  	-0.0185  	-0.0261  	-0.0105  	-0.0229  	-0.0076  	0.01291  	-0.0106  	0.00190  	0.01680  	-0.0045  	0.02351  	0.01881  	0.01381  	0.08411  	0.01040  	0.00532  	0.01241  	0.03785  	-0.7581  	
-0.6687  	-0.1901  	-0.9571  	-0.4424  	0.03667  	-0.6465  	0.02613  	-0.1599  	-0.0014  	0.11428  	-0.2578  	-0.4160  	0.16796  	-0.0505  	0.00708  	0.61243  	-0.1406  	0.01840  	0.30102  	0.68096  	0.13219  	0.36701  	-0.5292  	0.42383  	0.72511  	-0.2078  	0.08137  	0.15802  	0.18099  	0.22273  	-0.1349  	0.17174  	0.10472  	-0.0516  	0.55899  	0.01527  	0.15398  	-0.2475  	-0.1917  	0.49106  	-0.2005  	0.06956  	-0.3051  	0.15931  	0.14721  	-0.0284  	0.02815  	-0.1503  	-0.0498  	-0.0430  	-0.0201  	-0.0112  	-0.0303  	-0.0168  	-0.0272  	-0.0211  	0.00576  	-0.0078  	0.01032  	-0.0006  	0.00051  	0.00506  	0.01489  	0.00296  	0.08411  	0.01040  	0.00532  	0.01241  	0.03785  	-0.7581  	
-0.7387  	-0.2823  	-0.9578  	-0.6266  	-0.0374  	-0.7275  	0.03306  	-0.1781  	-0.0003  	0.17523  	-0.1948  	-0.4813  	0.14499  	-0.1491  	-0.2187  	0.61093  	-0.1115  	0.02921  	0.30396  	0.67113  	0.04050  	0.32557  	-0.5224  	0.35093  	0.76989  	-0.1895  	0.10427  	0.18326  	0.23798  	0.22007  	-0.1344  	0.15604  	0.07970  	-0.0372  	0.51316  	0.07017  	0.10154  	-0.2299  	-0.1808  	0.43185  	-0.1835  	0.05785  	-0.2640  	0.17554  	0.16788  	-0.0373  	0.04052  	-0.1578  	-0.0547  	-0.0501  	-0.0303  	-0.0210  	-0.0356  	-0.0148  	-0.0243  	-0.0233  	0.01921  	0.00059  	-0.0058  	-0.0012  	-0.0024  	-0.0027  	0.02634  	0.01159  	0.08411  	0.01040  	0.00532  	0.01241  	0.03785  	-0.7581  	
-0.4918  	-0.1761  	-0.8850  	-0.4037  	0.00823  	-0.5883  	0.00076  	-0.1149  	0.02557  	0.12102  	-0.3690  	-0.3513  	0.23056  	-0.0057  	-0.0409  	0.65879  	-0.1230  	0.04361  	0.28188  	0.69210  	0.05689  	0.32663  	-0.5944  	0.34299  	0.78106  	-0.2125  	0.12081  	0.23151  	0.25248  	0.25558  	-0.1544  	0.16033  	0.11095  	-0.0267  	0.50144  	0.05878  	0.06951  	-0.2410  	-0.1371  	0.48269  	-0.2110  	0.07889  	-0.2489  	0.16323  	0.17229  	-0.0356  	0.03934  	-0.1333  	-0.0498  	-0.0479  	-0.0343  	-0.0231  	-0.0376  	-0.0151  	-0.0284  	-0.0239  	0.01641  	-0.0043  	-0.0040  	0.00012  	-0.0023  	-0.0001  	0.01413  	0.01490  	0.08411  	0.01040  	0.00532  	0.01241  	0.03785  	-0.7581  	
-0.3887  	-0.1228  	-0.8075  	-0.2535  	0.08679  	-0.4492  	0.02587  	-0.0889  	0.03899  	0.08388  	-0.5998  	-0.4590  	0.28478  	0.12655  	0.18491  	0.61773  	-0.0895  	0.00421  	0.29180  	0.62673  	0.02100  	0.39709  	-0.5563  	0.35255  	0.83430  	-0.1881  	0.13204  	0.19801  	0.30832  	0.26755  	-0.1441  	0.15945  	0.09610  	-0.0238  	0.48692  	0.02320  	0.05573  	-0.2595  	-0.1141  	0.48995  	-0.1987  	0.04792  	-0.2218  	0.18317  	0.16391  	-0.0425  	0.03203  	-0.1149  	-0.0388  	-0.0519  	-0.0222  	-0.0211  	-0.0359  	-0.0231  	-0.0190  	-0.0115  	0.01225  	-0.0073  	0.00193  	0.00658  	-0.0007  	0.00388  	0.01453  	0.01284  	0.08411  	0.01040  	0.00532  	0.01241  	0.03785  	-0.7581  	
-0.3294  	-0.1072  	-0.8078  	-0.2084  	0.11855  	-0.4464  	0.04461  	-0.1116  	0.02553  	0.07181  	-0.6285  	-0.5241  	0.28642  	0.17881  	0.23011  	0.55898  	-0.0917  	-0.0152  	0.28762  	0.58277  	-9.8229  	0.40645  	-0.5492  	0.32369  	0.89966  	-0.2092  	0.17016  	0.14225  	0.31031  	0.29772  	-0.1533  	0.15560  	0.09346  	-0.0259  	0.51245  	0.02906  	0.05497  	-0.2581  	-0.1294  	0.51074  	-0.2003  	0.06020  	-0.2423  	0.19580  	0.15605  	-0.0429  	0.02489  	-0.1138  	-0.0347  	-0.0653  	-0.0295  	-0.0228  	-0.0392  	-0.0149  	-0.0220  	-0.0103  	0.01361  	-0.0060  	-0.0021  	-0.0017  	0.00395  	0.00777  	0.01612  	0.00397  	0.08411  	0.01040  	0.00532  	0.01241  	0.03785  	-0.7581  	
-0.4866  	-0.1834  	-0.8918  	-0.3412  	0.09351  	-0.6040  	0.03086  	-0.1535  	-0.0127  	0.09000  	-0.4038  	-0.4482  	0.22992  	0.08426  	0.03418  	0.61713  	-0.1028  	0.00043  	0.28538  	0.61461  	0.08932  	0.38358  	-0.5888  	0.41266  	0.84239  	-0.2291  	0.19058  	0.14922  	0.28204  	0.25967  	-0.1661  	0.16846  	0.07882  	-0.0425  	0.56660  	0.05825  	0.12701  	-0.2517  	-0.1832  	0.47736  	-0.2057  	0.06888  	-0.2712  	0.17109  	0.16749  	-0.0310  	0.03141  	-0.1304  	-0.0429  	-0.0557  	-0.0277  	-0.0182  	-0.0379  	-0.0196  	-0.0182  	-0.0153  	0.01378  	-0.0048  	0.00534  	0.00355  	0.00324  	-0.0025  	0.01646  	0.00698  	0.08411  	0.01040  	0.00532  	0.01241  	0.03785  	-0.7581  	
-0.6648  	-0.2235  	-0.9025  	-0.4971  	0.00611  	-0.6409  	-0.0019  	-0.1161  	0.01129  	0.10801  	-0.2864  	-0.4166  	0.17922  	-0.0678  	-0.0451  	0.60832  	-0.1021  	0.01615  	0.31574  	0.68173  	0.07503  	0.34730  	-0.5375  	0.37970  	0.76921  	-0.2037  	0.15501  	0.17935  	0.21853  	0.22641  	-0.1365  	0.16732  	0.09681  	-0.0424  	0.51687  	0.05742  	0.09456  	-0.2291  	-0.1724  	0.43702  	-0.1822  	0.05865  	-0.2685  	0.16439  	0.17553  	-0.0396  	0.03818  	-0.1487  	-0.0548  	-0.0561  	-0.0402  	-0.0172  	-0.0327  	-0.0182  	-0.0226  	-0.0304  	0.02118  	0.00191  	0.00548  	0.00446  	-0.0069  	-0.0009  	0.02042  	0.01208  	0.08411  	0.01040  	0.00532  	0.01241  	0.03785  	-0.7581  	
-0.3135  	-0.1043  	-0.7292  	-0.3650  	-0.0226  	-0.4276  	0.01442  	-0.0936  	0.03921  	0.07825  	-0.4416  	-0.4184  	0.24840  	0.09636  	0.18157  	0.65989  	-0.0730  	-0.0360  	0.29908  	0.56369  	0.14417  	0.39365  	-0.5026  	0.36776  	0.78195  	-0.2112  	0.16568  	0.08133  	0.20233  	0.23185  	-0.1463  	0.18500  	0.10428  	-0.0596  	0.53432  	-0.0076  	0.15523  	-0.2391  	-0.1768  	0.48074  	-0.1830  	0.05409  	-0.2495  	0.18408  	0.15884  	-0.0345  	0.02657  	-0.1268  	-0.0412  	-0.0467  	-0.0329  	-0.0198  	-0.0387  	-0.0173  	-0.0214  	-0.0152  	0.00942  	-0.0124  	-0.0060  	0.00155  	0.00096  	0.00734  	0.02129  	0.01480  	0.08411  	0.01040  	0.00532  	0.01241  	0.03785  	-0.7581  	
-0.2087  	-0.1000  	-0.6003  	-0.3883  	-0.0615  	-0.3887  	0.02544  	-0.0444  	0.06203  	0.04484  	-0.5090  	-0.5456  	0.26674  	0.11234  	0.12840  	0.73247  	-0.0744  	-0.0285  	0.31857  	0.55577  	0.16589  	0.40524  	-0.4799  	0.33683  	0.81678  	-0.2232  	0.15988  	0.05171  	0.23264  	0.26490  	-0.1497  	0.20556  	0.09085  	-0.0399  	0.50036  	0.00228  	0.17145  	-0.2191  	-0.1623  	0.44103  	-0.1758  	0.04278  	-0.2093  	0.19313  	0.15824  	-0.0332  	0.02804  	-0.1170  	-0.0318  	-0.0588  	-0.0385  	-0.0212  	-0.0308  	-0.0188  	-0.0156  	-0.0138  	0.00794  	-0.0038  	-0.0064  	0.00276  	0.00389  	-0.0013  	0.01970  	0.00609  	0.08411  	0.01040  	0.00532  	0.01241  	0.03785  	-0.7581  	
-0.2272  	-0.0697  	-0.6915  	-0.1942  	0.07804  	-0.3806  	0.03276  	-0.0738  	0.04932  	0.07412  	-0.5377  	-0.5091  	0.22324  	0.12507  	0.19590  	0.72594  	-0.0684  	-0.0702  	0.30688  	0.56579  	0.15247  	0.42240  	-0.5231  	0.39336  	0.92914  	-0.2354  	0.25135  	0.05773  	0.24553  	0.29851  	-0.2071  	0.20189  	0.07518  	-0.0409  	0.55150  	0.03522  	0.18935  	-0.2161  	-0.1521  	0.47032  	-0.2237  	0.06377  	-0.2312  	0.18845  	0.15461  	-0.0367  	0.02308  	-0.1084  	-0.0268  	-0.0681  	-0.0301  	-0.0203  	-0.0315  	-0.0131  	-0.0184  	-0.0083  	0.01151  	-0.0093  	0.00298  	0.00826  	-0.0032  	-0.0028  	0.02019  	0.00998  	0.08411  	0.01040  	0.00532  	0.01241  	0.03785  	-0.7581  	
-0.3061  	-0.1233  	-0.8399  	-0.0220  	0.20091  	-0.4181  	0.01265  	-0.1337  	0.02226  	0.06185  	-0.6138  	-0.3968  	0.25977  	0.14548  	0.20654  	0.69308  	-0.0794  	-0.0164  	0.29083  	0.58861  	0.03320  	0.42755  	-0.5874  	0.32879  	0.91930  	-0.2320  	0.21081  	0.20930  	0.36448  	0.33114  	-0.1918  	0.17516  	0.06826  	-0.0300  	0.53480  	0.05333  	0.06771  	-0.2564  	-0.1225  	0.47797  	-0.2252  	0.07544  	-0.2546  	0.17759  	0.15215  	-0.0385  	0.02479  	-0.1271  	-0.0333  	-0.0628  	-0.0275  	-0.0228  	-0.0349  	-0.0146  	-0.0204  	-0.0099  	0.01919  	-0.0042  	0.00641  	-0.0022  	-0.0038  	0.00366  	0.02154  	0.00552  	0.08411  	0.01040  	0.00532  	0.01241  	0.03785  	-0.7581  	
-0.3081  	-0.1001  	-0.8725  	0.00815  	0.23915  	-0.3882  	0.01699  	-0.1166  	0.02077  	0.03804  	-0.6577  	-0.3960  	0.28334  	0.17416  	0.25910  	0.65657  	-0.0982  	-0.0166  	0.27598  	0.62081  	-0.0310  	0.44539  	-0.6097  	0.32624  	0.92871  	-0.2259  	0.16570  	0.29239  	0.44690  	0.35164  	-0.2050  	0.15379  	0.07611  	-0.0170  	0.51665  	0.08277  	-0.0108  	-0.2749  	-0.0995  	0.49655  	-0.2525  	0.07357  	-0.2495  	0.17292  	0.16200  	-0.0367  	0.03640  	-0.1207  	-0.0377  	-0.0687  	-0.0194  	-0.0224  	-0.0297  	-0.0187  	-0.0213  	-0.0108  	0.02314  	-0.0047  	0.00817  	-0.0017  	-0.0043  	-0.0058  	0.01896  	0.00393  	0.08411  	0.01040  	0.00532  	0.01241  	0.03785  	-0.7581  	
-0.3373  	-0.1082  	-0.8366  	-0.0898  	0.15648  	-0.3711  	-0.0009  	-0.0845  	0.03459  	0.03358  	-0.6325  	-0.4118  	0.27349  	0.10424  	0.22116  	0.68395  	-0.0747  	0.00182  	0.29026  	0.62758  	-0.0003  	0.42645  	-0.5698  	0.33032  	0.86913  	-0.2124  	0.14047  	0.28024  	0.39931  	0.32297  	-0.1981  	0.15123  	0.09012  	-0.0183  	0.48092  	0.05546  	0.03416  	-0.2703  	-0.1103  	0.48550  	-0.2261  	0.06808  	-0.2400  	0.18063  	0.16398  	-0.0386  	0.03466  	-0.1236  	-0.0379  	-0.0651  	-0.0281  	-0.0214  	-0.0337  	-0.0155  	-0.0181  	-0.0130  	0.02200  	-0.0037  	0.00422  	-0.0008  	-0.0041  	-0.0022  	0.02051  	0.00667  	0.08411  	0.01040  	0.00532  	0.01241  	0.03785  	-0.7581  	
-0.3161  	-0.1019  	-0.7900  	-0.1661  	0.10794  	-0.3438  	-0.0004  	-0.0681  	0.04448  	0.04369  	-0.6133  	-0.4607  	0.25466  	0.06198  	0.23469  	0.69367  	-0.0690  	-0.0171  	0.29273  	0.61299  	0.06539  	0.41353  	-0.5175  	0.34932  	0.84925  	-0.2146  	0.16240  	0.18805  	0.33415  	0.30055  	-0.1833  	0.15852  	0.09302  	-0.0301  	0.48392  	0.03788  	0.09412  	-0.2516  	-0.1344  	0.47083  	-0.1998  	0.07303  	-0.2377  	0.18178  	0.15752  	-0.0350  	0.03127  	-0.1210  	-0.0406  	-0.0641  	-0.0396  	-0.0210  	-0.0316  	-0.0150  	-0.0177  	-0.0156  	0.01707  	-0.0034  	0.00163  	-0.0018  	-0.0060  	0.00357  	0.01731  	0.00958  	0.08411  	0.01040  	0.00532  	0.01241  	0.03785  	-0.7581  	
-0.3300  	-0.1000  	-0.7739  	-0.2629  	0.05435  	-0.3936  	-0.0114  	-0.0578  	0.04702  	0.04671  	-0.5203  	-0.4482  	0.23294  	0.01603  	0.17513  	0.70109  	-0.0742  	0.00646  	0.28863  	0.61508  	0.09032  	0.38267  	-0.5069  	0.33182  	0.80976  	-0.2174  	0.13165  	0.15561  	0.27876  	0.26657  	-0.1680  	0.16916  	0.10789  	-0.0279  	0.50191  	0.02135  	0.11200  	-0.2268  	-0.1605  	0.45676  	-0.1757  	0.05892  	-0.2327  	0.17783  	0.15600  	-0.0321  	0.03537  	-0.1264  	-0.0373  	-0.0646  	-0.0344  	-0.0236  	-0.0302  	-0.0171  	-0.0240  	-0.0140  	0.01401  	-0.0030  	0.00277  	0.00247  	-0.0044  	0.00588  	0.01689  	0.00767  	0.08411  	0.01040  	0.00532  	0.01241  	0.03785  	-0.7581  	
-0.4730  	-0.1412  	-0.8118  	-0.4281  	-0.0015  	-0.5087  	-0.0181  	-0.1052  	0.03574  	0.09445  	-0.4192  	-0.4527  	0.20807  	-0.0529  	-0.0459  	0.71469  	-0.0871  	0.04331  	0.30276  	0.61056  	0.04044  	0.35267  	-0.5270  	0.28945  	0.77144  	-0.1975  	0.08294  	0.21239  	0.31715  	0.24029  	-0.1431  	0.16369  	0.09258  	-0.0326  	0.46286  	0.06732  	0.07065  	-0.2391  	-0.1636  	0.45958  	-0.1398  	0.04816  	-0.2216  	0.17334  	0.15941  	-0.0330  	0.03933  	-0.1381  	-0.0438  	-0.0568  	-0.0379  	-0.0211  	-0.0318  	-0.0205  	-0.0188  	-0.0194  	0.01304  	-0.0050  	0.00114  	-0.0017  	-0.0003  	0.00422  	0.01699  	0.01257  	0.08411  	0.01040  	0.00532  	0.01241  	0.03785  	-0.7581  	
-0.5157  	-0.1607  	-0.8464  	-0.4364  	-0.0167  	-0.5614  	-0.0332  	-0.1652  	0.02083  	0.11024  	-0.3844  	-0.4334  	0.17008  	-0.0820  	-0.0679  	0.67740  	-0.0861  	0.02953  	0.30544  	0.60500  	0.03138  	0.36197  	-0.5203  	0.30201  	0.77795  	-0.1965  	0.07917  	0.22907  	0.29612  	0.24316  	-0.1448  	0.17033  	0.08071  	-0.0337  	0.45828  	0.07145  	0.09082  	-0.2308  	-0.1646  	0.45898  	-0.1395  	0.05545  	-0.2385  	0.17632  	0.15565  	-0.0319  	0.03831  	-0.1435  	-0.0521  	-0.0579  	-0.0406  	-0.0180  	-0.0309  	-0.0138  	-0.0216  	-0.0199  	0.01691  	-0.0081  	0.00163  	-0.0014  	-5.6431  	0.00571  	0.01405  	0.00967  	0.08411  	0.01040  	0.00532  	0.01241  	0.03785  	-0.7581  	
-0.5143  	-0.1789  	-0.8692  	-0.4134  	0.00574  	-0.5669  	-0.0269  	-0.1801  	0.01602  	0.09758  	-0.3878  	-0.4280  	0.16778  	-0.0908  	-0.0637  	0.66634  	-0.0841  	0.02848  	0.29635  	0.60209  	0.02801  	0.35752  	-0.5241  	0.29751  	0.77494  	-0.1938  	0.08054  	0.23832  	0.30754  	0.24379  	-0.1525  	0.16599  	0.07780  	-0.0332  	0.46018  	0.07873  	0.08896  	-0.2281  	-0.1640  	0.45938  	-0.1402  	0.05951  	-0.2348  	0.17366  	0.16335  	-0.0324  	0.03752  	-0.1462  	-0.0508  	-0.0550  	-0.0370  	-0.0192  	-0.0296  	-0.0136  	-0.0202  	-0.0192  	0.02063  	-0.0048  	0.00613  	0.00218  	-0.0027  	0.00459  	0.01833  	0.01144  	0.08411  	0.01040  	0.00532  	0.01241  	0.03785  	-0.7581  	
-0.5300  	-0.1824  	-0.8717  	-0.4493  	-0.0134  	-0.5590  	-0.0267  	-0.1803  	0.01000  	0.10624  	-0.3825  	-0.4391  	0.16384  	-0.1012  	-0.0752  	0.67014  	-0.0793  	0.02862  	0.29483  	0.59793  	0.01877  	0.35834  	-0.5220  	0.29603  	0.77776  	-0.1932  	0.08568  	0.23747  	0.30855  	0.24447  	-0.1517  	0.16660  	0.07146  	-0.0345  	0.45420  	0.08383  	0.08835  	-0.2259  	-0.1641  	0.45320  	-0.1411  	0.05944  	-0.2307  	0.17280  	0.16478  	-0.0325  	0.03737  	-0.1480  	-0.0505  	-0.0533  	-0.0376  	-0.0180  	-0.0295  	-0.0148  	-0.0189  	-0.0205  	0.01906  	-0.0044  	0.00616  	0.00040  	-0.0032  	0.00426  	0.01955  	0.01192  	0.08411  	0.01040  	0.00532  	0.01241  	0.03785  	-0.7581  	
-0.5453  	-0.1851  	-0.8794  	-0.4505  	-0.0193  	-0.5568  	-0.0279  	-0.1828  	0.00243  	0.10042  	-0.3888  	-0.4491  	0.16190  	-0.1207  	-0.0709  	0.66730  	-0.0766  	0.02412  	0.29570  	0.59381  	0.01673  	0.36266  	-0.5116  	0.29420  	0.78358  	-0.1934  	0.08802  	0.23235  	0.31267  	0.25030  	-0.1504  	0.16796  	0.06782  	-0.0342  	0.45178  	0.08794  	0.08783  	-0.2239  	-0.1658  	0.44990  	-0.1385  	0.05772  	-0.2304  	0.17500  	0.16476  	-0.0322  	0.03672  	-0.1503  	-0.0506  	-0.0543  	-0.0371  	-0.0180  	-0.0283  	-0.0147  	-0.0193  	-0.0206  	0.01920  	-0.0036  	0.00658  	0.00022  	-0.0026  	0.00359  	0.01961  	0.01234  	0.08411  	0.01040  	0.00532  	0.01241  	0.03785  	-0.7581  	
-0.5611  	-0.1881  	-0.8861  	-0.4667  	-0.0356  	-0.5616  	-0.0302  	-0.1852  	-0.0020  	0.10075  	-0.3836  	-0.4616  	0.15534  	-0.1438  	-0.0805  	0.66450  	-0.0708  	0.02666  	0.29636  	0.59004  	0.01371  	0.35999  	-0.5047  	0.29077  	0.78492  	-0.1894  	0.08787  	0.22901  	0.31282  	0.25017  	-0.1502  	0.16972  	0.06566  	-0.0363  	0.44439  	0.09301  	0.09013  	-0.2227  	-0.1653  	0.44810  	-0.1364  	0.05411  	-0.2277  	0.17659  	0.16531  	-0.0331  	0.03727  	-0.1513  	-0.0505  	-0.0547  	-0.0374  	-0.0180  	-0.0283  	-0.0137  	-0.0196  	-0.0217  	0.01851  	-0.0039  	0.00671  	0.00071  	-0.0031  	0.00391  	0.01989  	0.01288  	0.08411  	0.01040  	0.00532  	0.01241  	0.03785  	-0.7581  	
-0.5613  	-0.1914  	-0.8916  	-0.4722  	-0.0363  	-0.5676  	-0.0270  	-0.1869  	-0.0017  	0.10261  	-0.3794  	-0.4652  	0.15821  	-0.1442  	-0.0859  	0.65831  	-0.0705  	0.02895  	0.29452  	0.59181  	0.01273  	0.36039  	-0.5068  	0.29171  	0.78430  	-0.1873  	0.08801  	0.22826  	0.31519  	0.25012  	-0.1516  	0.16853  	0.06851  	-0.0375  	0.44071  	0.09346  	0.09027  	-0.2238  	-0.1644  	0.44955  	-0.1354  	0.05380  	-0.2265  	0.17580  	0.16545  	-0.0329  	0.03774  	-0.1507  	-0.0495  	-0.0550  	-0.0375  	-0.0178  	-0.0277  	-0.0135  	-0.0198  	-0.0221  	0.01803  	-0.0040  	0.00684  	0.00090  	-0.0033  	0.00282  	0.01913  	0.01290  	0.08411  	0.01040  	0.00532  	0.01241  	0.03785  	-0.7581  	
-0.5648  	-0.1946  	-0.9020  	-0.4682  	-0.0306  	-0.5661  	-0.0260  	-0.1906  	-0.0023  	0.10463  	-0.3794  	-0.4605  	0.15355  	-0.1504  	-0.0915  	0.65932  	-0.0707  	0.03069  	0.29558  	0.59936  	0.01096  	0.35482  	-0.5138  	0.28763  	0.78433  	-0.1861  	0.08643  	0.23903  	0.32154  	0.25163  	-0.1499  	0.16761  	0.06686  	-0.0367  	0.44125  	0.09739  	0.08360  	-0.2270  	-0.1631  	0.45175  	-0.1388  	0.05490  	-0.2286  	0.17735  	0.16620  	-0.0341  	0.03776  	-0.1506  	-0.0499  	-0.0541  	-0.0357  	-0.0182  	-0.0279  	-0.0140  	-0.0190  	-0.0211  	0.01871  	-0.0035  	0.00633  	0.00081  	-0.0043  	0.00288  	0.01915  	0.01314  	0.08411  	0.01040  	0.00532  	0.01241  	0.03785  	-0.7581  	
-0.5478  	-0.1870  	-0.8923  	-0.4493  	-0.0165  	-0.5540  	-0.0220  	-0.1871  	-1.0868  	0.09530  	-0.3841  	-0.4537  	0.15538  	-0.1332  	-0.0690  	0.65487  	-0.0728  	0.02783  	0.29403  	0.59328  	0.02071  	0.35928  	-0.5161  	0.29101  	0.78207  	-0.1893  	0.09287  	0.23677  	0.31616  	0.25282  	-0.1486  	0.16781  	0.06896  	-0.0365  	0.45349  	0.08753  	0.08812  	-0.2265  	-0.1662  	0.44760  	-0.1415  	0.06060  	-0.2320  	0.17608  	0.16538  	-0.0353  	0.03638  	-0.1515  	-0.0510  	-0.0531  	-0.0352  	-0.0188  	-0.0283  	-0.0148  	-0.0184  	-0.0198  	0.02166  	-0.0027  	0.00595  	0.00029  	-0.0048  	0.00539  	0.02014  	0.01421  	0.08411  	0.01040  	0.00532  	0.01241  	0.03785  	-0.7581  	
-0.5277  	-0.1773  	-0.8757  	-0.4310  	-0.0058  	-0.5402  	-0.0234  	-0.1747  	0.00755  	0.09281  	-0.3897  	-0.4425  	0.15695  	-0.1074  	-0.0480  	0.65920  	-0.0771  	0.02602  	0.29102  	0.59383  	0.03206  	0.36155  	-0.5215  	0.29661  	0.77679  	-0.1919  	0.09296  	0.23164  	0.30831  	0.25080  	-0.1484  	0.16854  	0.07390  	-0.0337  	0.46296  	0.07649  	0.09460  	-0.2251  	-0.1678  	0.44616  	-0.1441  	0.05967  	-0.2347  	0.17708  	0.16276  	-0.0343  	0.03651  	-0.1494  	-0.0532  	-0.0526  	-0.0378  	-0.0188  	-0.0286  	-0.0152  	-0.0184  	-0.0201  	0.02088  	-0.0033  	0.00329  	-0.0011  	-0.0035  	0.00475  	0.01907  	0.01433  	0.08411  	0.01040  	0.00532  	0.01241  	0.03785  	-0.7581  	
-0.5153  	-0.1696  	-0.8588  	-0.4214  	0.00112  	-0.5331  	-0.0303  	-0.1649  	0.01534  	0.09334  	-0.3918  	-0.4334  	0.15502  	-0.0903  	-0.0338  	0.66985  	-0.0773  	0.02258  	0.29062  	0.59046  	0.04561  	0.36199  	-0.5218  	0.30300  	0.77085  	-0.1928  	0.09324  	0.21884  	0.29706  	0.24885  	-0.1472  	0.17227  	0.07998  	-0.0336  	0.46645  	0.06323  	0.10310  	-0.2228  	-0.1698  	0.44752  	-0.1432  	0.05683  	-0.2362  	0.17821  	0.15911  	-0.0334  	0.03745  	-0.1462  	-0.0552  	-0.0537  	-0.0404  	-0.0175  	-0.0302  	-0.0151  	-0.0190  	-0.0198  	0.01846  	-0.0047  	0.00070  	-0.0025  	-0.0016  	0.00396  	0.01751  	0.01320  	0.08411  	0.01040  	0.00532  	0.01241  	0.03785  	-0.7581  	
-0.4872  	-0.1570  	-0.8536  	-0.3776  	0.03178  	-0.5316  	-0.0210  	-0.1495  	0.02092  	0.07554  	-0.3903  	-0.4110  	0.15398  	-0.0564  	0.01066  	0.66657  	-0.0757  	0.01728  	0.28886  	0.60108  	0.06644  	0.35457  	-0.5301  	0.33478  	0.74987  	-0.1936  	0.09181  	0.20620  	0.28700  	0.24259  	-0.1518  	0.17729  	0.08680  	-0.0319  	0.48804  	0.04204  	0.10545  	-0.2285  	-0.1717  	0.44908  	-0.1491  	0.05631  	-0.2456  	0.18031  	0.15763  	-0.0317  	0.03564  	-0.1439  	-0.0538  	-0.0532  	-0.0382  	-0.0193  	-0.0307  	-0.0178  	-0.0208  	-0.0197  	0.01866  	-0.0049  	-0.0015  	-0.0027  	-0.0007  	0.00171  	0.01547  	0.01088  	0.08411  	0.01040  	0.00532  	0.01241  	0.03785  	-0.7581  	
-0.3486  	-0.1188  	-0.7712  	-0.3141  	0.00671  	-0.4693  	-0.0144  	-0.0967  	0.03146  	0.06306  	-0.4132  	-0.4458  	0.20063  	0.04636  	0.12500  	0.68235  	-0.0654  	-0.0439  	0.29653  	0.57183  	0.13222  	0.36223  	-0.5047  	0.37335  	0.77015  	-0.2143  	0.16003  	0.09198  	0.19531  	0.23591  	-0.1705  	0.19326  	0.08559  	-0.0474  	0.55842  	0.00485  	0.17621  	-0.2068  	-0.2012  	0.43798  	-0.1845  	0.05425  	-0.2394  	0.17352  	0.15806  	-0.0316  	0.03710  	-0.1376  	-0.0461  	-0.0535  	-0.0332  	-0.0177  	-0.0294  	-0.0154  	-0.0210  	-0.0159  	0.01054  	-0.0101  	0.00289  	0.00171  	-0.0004  	0.00433  	0.01769  	0.00878  	0.08411  	0.01040  	0.00532  	0.01241  	0.03785  	-0.7581  	
-0.2529  	-0.0992  	-0.7095  	-0.2236  	0.08769  	-0.3702  	0.02146  	-0.0731  	0.03350  	0.05296  	-0.5391  	-0.4705  	0.28464  	0.18364  	0.20294  	0.69066  	-0.0774  	-0.0347  	0.29746  	0.56796  	0.09663  	0.39956  	-0.5621  	0.38719  	0.86675  	-0.2364  	0.21899  	0.10582  	0.26048  	0.29898  	-0.1821  	0.19117  	0.08914  	-0.0418  	0.56547  	0.03611  	0.13527  	-0.2317  	-0.1724  	0.46631  	-0.2132  	0.07622  	-0.2443  	0.17987  	0.16239  	-0.0343  	0.02933  	-0.1239  	-0.0371  	-0.0547  	-0.0272  	-0.0196  	-0.0314  	-0.0184  	-0.0203  	-0.0105  	0.01460  	-0.0064  	-0.0037  	0.00152  	-0.0021  	0.00173  	0.01612  	0.00847  	0.08411  	0.01040  	0.00532  	0.01241  	0.03785  	-0.7581  	
-0.2556  	-0.1077  	-0.7513  	-0.0717  	0.15334  	-0.3352  	0.04283  	-0.0498  	0.02969  	0.04443  	-0.6320  	-0.4781  	0.30718  	0.26007  	0.28282  	0.63358  	-0.0863  	-0.0365  	0.29185  	0.56684  	0.03918  	0.43212  	-0.5674  	0.34440  	0.90923  	-0.2462  	0.22638  	0.15397  	0.35069  	0.33613  	-0.1952  	0.17691  	0.08622  	-0.0324  	0.54034  	0.04914  	0.07830  	-0.2600  	-0.1354  	0.49275  	-0.2263  	0.08749  	-0.2521  	0.17965  	0.16523  	-0.0280  	0.02536  	-0.1157  	-0.0351  	-0.0582  	-0.0262  	-0.0194  	-0.0316  	-0.0226  	-0.0218  	-0.0095  	0.01526  	-0.0066  	-0.0003  	0.00299  	-0.0045  	-1.3660  	0.01413  	0.00549  	0.08411  	0.01040  	0.00532  	0.01241  	0.03785  	-0.7581  	
-0.2340  	-0.0956  	-0.8281  	0.09629  	0.24606  	-0.3106  	0.05835  	-0.0513  	0.03545  	0.05804  	-0.7166  	-0.4024  	0.34426  	0.29264  	0.30151  	0.63530  	-0.0930  	-0.0333  	0.27476  	0.58161  	-0.0393  	0.43951  	-0.6054  	0.32832  	0.94039  	-0.2443  	0.22018  	0.23461  	0.41100  	0.36225  	-0.2096  	0.16320  	0.09618  	-0.0289  	0.52292  	0.05736  	0.00394  	-0.2914  	-0.0874  	0.50159  	-0.2501  	0.09177  	-0.2474  	0.17862  	0.17273  	-0.0265  	0.02522  	-0.1186  	-0.0301  	-0.0551  	-0.0283  	-0.0220  	-0.0317  	-0.0256  	-0.0218  	-0.0090  	0.01607  	-0.0078  	0.00690  	0.00333  	-0.0041  	-0.0014  	0.01656  	0.00453  	0.08411  	0.01040  	0.00532  	0.01241  	0.03785  	-0.7581  	
-0.3448  	-0.1149  	-0.8500  	-0.1308  	0.14175  	-0.4895  	0.02049  	-0.1022  	0.03874  	0.10079  	-0.5479  	-0.4178  	0.29047  	0.18962  	0.14184  	0.68318  	-0.1287  	0.01217  	0.27926  	0.62147  	0.03228  	0.43984  	-0.6092  	0.33306  	0.89106  	-0.2332  	0.14706  	0.19499  	0.34738  	0.31282  	-0.1593  	0.15795  	0.08725  	-0.0385  	0.52595  	0.04787  	0.05329  	-0.2648  	-0.1342  	0.50110  	-0.1930  	0.06658  	-0.2486  	0.17172  	0.16233  	-0.0348  	0.03251  	-0.1236  	-0.0426  	-0.0632  	-0.0215  	-0.0238  	-0.0327  	-0.0233  	-0.0226  	-0.0132  	0.01559  	-0.0049  	0.00163  	0.00308  	-0.0039  	0.00401  	0.01465  	0.00981  	0.08411  	0.01040  	0.00532  	0.01241  	0.03785  	-0.7581  	
-0.5011  	-0.1831  	-0.8613  	-0.3953  	0.04687  	-0.5982  	0.03330  	-0.1685  	0.01524  	0.14032  	-0.4006  	-0.4269  	0.21238  	-0.0203  	-0.0805  	0.65891  	-0.1257  	0.04389  	0.29587  	0.66567  	0.01676  	0.36201  	-0.5934  	0.35852  	0.82941  	-0.2224  	0.13015  	0.20727  	0.29356  	0.26116  	-0.1264  	0.16593  	0.08920  	-0.0281  	0.49849  	0.09653  	0.09677  	-0.2468  	-0.1481  	0.48466  	-0.1962  	0.06309  	-0.2492  	0.18182  	0.16108  	-0.0346  	0.02960  	-0.1251  	-0.0378  	-0.0640  	-0.0326  	-0.0233  	-0.0323  	-0.0148  	-0.0214  	-0.0158  	0.02029  	-0.0055  	0.00525  	0.00483  	-5.0917  	0.00527  	0.02057  	0.01562  	0.08411  	0.01040  	0.00532  	0.01241  	0.03785  	-0.7581  	
-0.6554  	-0.2092  	-0.8842  	-0.6474  	-0.0942  	-0.6220  	0.01506  	-0.2097  	-0.0220  	0.16770  	-0.3126  	-0.5336  	0.14261  	-0.1784  	-0.2488  	0.60055  	-0.0885  	0.05697  	0.31751  	0.61620  	0.01153  	0.34180  	-0.5218  	0.31863  	0.83943  	-0.1977  	0.12178  	0.18549  	0.28139  	0.23881  	-0.1218  	0.16579  	0.06136  	-0.0415  	0.44516  	0.11848  	0.09562  	-0.2273  	-0.1615  	0.44795  	-0.1389  	0.04844  	-0.2467  	0.17192  	0.16162  	-0.0346  	0.02947  	-0.1420  	-0.0579  	-0.0564  	-0.0357  	-0.0185  	-0.0302  	-0.0171  	-0.0222  	-0.0234  	0.01927  	-0.0051  	0.00014  	0.00127  	0.00177  	-0.0007  	0.03035  	0.01262  	0.08411  	0.01040  	0.00532  	0.01241  	0.03785  	-0.7581  	
-0.6605  	-0.2519  	-0.9393  	-0.6251  	-0.0941  	-0.6260  	-0.0129  	-0.1863  	-0.0163  	0.14262  	-0.2928  	-0.5259  	0.13509  	-0.2107  	-0.2329  	0.66323  	-0.0714  	0.03396  	0.32892  	0.61319  	0.00196  	0.32414  	-0.5055  	0.33013  	0.81519  	-0.1836  	0.12035  	0.18011  	0.28400  	0.23565  	-0.1243  	0.18148  	0.06280  	-0.0490  	0.44013  	0.11368  	0.08681  	-0.2289  	-0.1626  	0.44818  	-0.1341  	0.05404  	-0.2432  	0.17811  	0.16299  	-0.0352  	0.03751  	-0.1428  	-0.0553  	-0.0559  	-0.0399  	-0.0142  	-0.0308  	-0.0192  	-0.0186  	-0.0229  	0.01575  	-0.0055  	-1.2268  	-0.0035  	0.00020  	-0.0020  	0.02087  	0.01200  	0.08411  	0.01040  	0.00532  	0.01241  	0.03785  	-0.7581  	
-0.3420  	-0.1375  	-0.7445  	-0.2757  	0.07843  	-0.4423  	-0.0131  	-0.0483  	0.00932  	0.03637  	-0.4307  	-0.4311  	0.26612  	0.04329  	0.13513  	0.74886  	-0.0844  	0.01582  	0.30663  	0.60796  	0.11798  	0.33658  	-0.5544  	0.41254  	0.73578  	-0.2059  	0.16114  	0.12378  	0.22800  	0.24595  	-0.1233  	0.19238  	0.11027  	-0.0483  	0.52180  	0.02527  	0.13234  	-0.2362  	-0.1703  	0.46002  	-0.1840  	0.06224  	-0.2294  	0.17429  	0.15172  	-0.0269  	0.02321  	-0.1338  	-0.0461  	-0.0638  	-0.0354  	-0.0222  	-0.0363  	-0.0239  	-0.0205  	-0.0126  	0.01979  	-0.0102  	0.00510  	-0.0031  	-0.0008  	0.01207  	0.01633  	0.00925  	0.08411  	0.01040  	0.00532  	0.01241  	0.03785  	-0.7581  	
-0.1419  	-0.0638  	-0.6076  	-0.3951  	-0.0398  	-0.3977  	0.04318  	-0.0291  	0.04476  	0.00734  	-0.4530  	-0.4725  	0.26823  	0.11036  	0.10605  	0.76104  	-0.0861  	-0.0138  	0.32632  	0.55753  	0.15095  	0.39191  	-0.5273  	0.33436  	0.81442  	-0.2263  	0.15421  	0.08386  	0.23477  	0.23860  	-0.1366  	0.19808  	0.10605  	-0.0365  	0.52097  	0.03450  	0.16668  	-0.2150  	-0.1420  	0.43656  	-0.1597  	0.04809  	-0.2217  	0.18531  	0.14197  	-0.0321  	0.01962  	-0.1036  	-0.0300  	-0.0621  	-0.0306  	-0.0166  	-0.0254  	-0.0177  	-0.0200  	-0.0074  	0.00838  	-0.0083  	-0.0015  	0.00432  	0.00040  	0.00634  	0.02190  	0.00256  	0.08411  	0.01040  	0.00532  	0.01241  	0.03785  	-0.7581  	
-0.2128  	-0.0681  	-0.6476  	-0.2437  	0.05833  	-0.4032  	0.01510  	-0.0386  	0.05504  	0.09512  	-0.4589  	-0.4890  	0.25868  	0.11961  	0.18342  	0.80203  	-0.0699  	-0.0804  	0.32213  	0.55944  	0.20588  	0.39601  	-0.5705  	0.35327  	0.91085  	-0.2457  	0.26173  	0.02042  	0.24004  	0.30464  	-0.1718  	0.20237  	0.07846  	-0.0409  	0.58397  	0.05774  	0.18095  	-0.2171  	-0.1695  	0.46935  	-0.2061  	0.06931  	-0.2287  	0.17340  	0.15029  	-0.0339  	0.02500  	-0.1070  	-0.0253  	-0.0622  	-0.0266  	-0.0168  	-0.0262  	-0.0094  	-0.0188  	-0.0128  	0.00989  	-0.0060  	-0.0030  	0.00795  	-0.0068  	-0.0022  	0.02537  	0.00535  	0.08411  	0.01040  	0.00532  	0.01241  	0.03785  	-0.7581  	
-0.2416  	-0.0793  	-0.8100  	0.20105  	0.34165  	-0.4027  	0.02119  	-0.0642  	0.02802  	0.06832  	-0.6433  	-0.3749  	0.36149  	0.24433  	0.39062  	0.59317  	-0.0234  	-0.2073  	0.33787  	0.39718  	0.06654  	0.27078  	-0.8237  	0.40428  	0.95381  	-0.1884  	0.26047  	0.12925  	0.41387  	0.35196  	-0.1418  	0.13349  	0.00878  	-0.1570  	0.54133  	0.05383  	0.00013  	-0.2774  	-0.2204  	0.44932  	-0.2432  	0.18875  	-0.3581  	0.23638  	0.12004  	-0.0274  	0.01240  	-0.1021  	-0.0318  	-0.0732  	-0.0259  	-0.0201  	-0.0295  	-0.0071  	-0.0157  	-0.0156  	0.02880  	-0.0122  	-0.0025  	0.00646  	-0.0010  	-0.0100  	0.00910  	0.01176  	0.08411  	0.01040  	0.00532  	0.01241  	0.03785  	-0.7581  	
-0.2984  	-0.0962  	-0.8643  	0.24989  	0.37535  	-0.4852  	-0.0123  	-0.0164  	0.01592  	0.03116  	-0.6580  	-0.3675  	0.38542  	0.27784  	0.40999  	0.54779  	-0.0020  	-0.2720  	0.35223  	0.30059  	0.04661  	0.12720  	-1.0383  	0.38449  	0.87487  	-0.1134  	0.16411  	0.12669  	0.52260  	0.34331  	-0.0576  	0.10157  	-0.0438  	-0.2305  	0.49965  	0.02960  	-0.1263  	-0.2931  	-0.2597  	0.41878  	-0.1844  	0.25611  	-0.4350  	0.27053  	0.10067  	-0.0086  	-0.0029  	-0.1046  	-0.0632  	-0.0704  	-0.0139  	-0.0146  	-0.0323  	0.00227  	-0.0160  	-0.0160  	0.01737  	-0.0181  	-0.0018  	0.01098  	0.00378  	-0.0044  	-0.0085  	0.00466  	0.08411  	0.01040  	0.00532  	0.01241  	0.03785  	-0.7581  	
-0.4002  	-0.1309  	-0.8632  	-0.0378  	0.26316  	-0.6491  	-0.0253  	-0.0387  	-0.0064  	0.05525  	-0.5544  	-0.3391  	0.36732  	0.11137  	0.25780  	0.58471  	-0.0054  	-0.2433  	0.36532  	0.27823  	0.08477  	0.07802  	-1.0410  	0.38952  	0.77887  	-0.0845  	0.13963  	0.12286  	0.48308  	0.28435  	-0.0200  	0.08949  	-0.0353  	-0.2493  	0.47316  	0.02852  	-0.1162  	-0.2919  	-0.3085  	0.39753  	-0.1438  	0.27247  	-0.4572  	0.28267  	0.07595  	-0.0037  	0.00212  	-0.0975  	-0.0571  	-0.0837  	-0.0234  	-0.0145  	-0.0309  	0.01354  	-0.0130  	-0.0201  	0.01053  	-0.0285  	0.01057  	0.01497  	0.00417  	-0.0036  	-0.0086  	0.00786  	0.08411  	0.01040  	0.00532  	0.01241  	0.03785  	-0.7581  	
-0.5182  	-0.1622  	-0.8157  	-0.3894  	0.03931  	-0.6298  	0.01169  	-0.1112  	0.00341  	0.11720  	-0.3783  	-0.3878  	0.25850  	-0.1409  	-0.0204  	0.59833  	0.01333  	-0.1473  	0.39024  	0.31591  	0.09214  	0.05545  	-0.9275  	0.35553  	0.70732  	-0.0852  	0.08531  	0.12176  	0.40274  	0.22054  	0.02448  	0.12281  	-0.0297  	-0.2473  	0.38720  	0.06289  	-0.0499  	-0.2549  	-0.2990  	0.38656  	-0.0926  	0.22116  	-0.3972  	0.28158  	0.08607  	-0.0017  	-0.0031  	-0.1050  	-0.0628  	-0.0641  	-0.0218  	-0.0129  	-0.0314  	0.00696  	-0.0103  	-0.0248  	0.01236  	-0.0204  	0.00534  	0.01494  	0.00607  	0.00157  	-0.0077  	0.00758  	0.08411  	0.01040  	0.00532  	0.01241  	0.03785  	-0.7581  	
-0.7061  	-0.2484  	-0.8885  	-0.6390  	-0.0761  	-0.6594  	0.03037  	-0.1790  	-0.0240  	0.14694  	-0.2568  	-0.5036  	0.16828  	-0.2242  	-0.2310  	0.57369  	-0.0310  	-0.0487  	0.36286  	0.45048  	0.04612  	0.14809  	-0.7312  	0.34745  	0.79348  	-0.1310  	0.07079  	0.15010  	0.37317  	0.21905  	-0.0577  	0.11436  	-0.0006  	-0.1619  	0.40207  	0.10394  	0.01166  	-0.2480  	-0.2280  	0.40656  	-0.0828  	0.14318  	-0.3356  	0.23125  	0.12320  	-0.0142  	0.00985  	-0.1333  	-0.0671  	-0.0630  	-0.0267  	-0.0169  	-0.0327  	-0.0101  	-0.0177  	-0.0224  	0.01647  	-0.0098  	-0.0025  	0.01203  	-0.0012  	-0.0097  	0.00843  	0.00742  	0.08411  	0.01040  	0.00532  	0.01241  	0.03785  	-0.7581  	
-0.7812  	-0.2778  	-1.0036  	-0.6902  	-0.0949  	-0.7474  	-0.0011  	-0.2264  	-0.0135  	0.17596  	-0.2154  	-0.5369  	0.12511  	-0.2635  	-0.2467  	0.62903  	-0.0727  	0.02307  	0.31249  	0.65234  	0.03725  	0.33220  	-0.5242  	0.31855  	0.81634  	-0.2024  	0.11662  	0.19618  	0.29338  	0.24334  	-0.1454  	0.16951  	0.06059  	-0.0445  	0.46925  	0.12411  	0.09202  	-0.2293  	-0.1629  	0.44693  	-0.1440  	0.05478  	-0.2675  	0.16800  	0.16837  	-0.0310  	0.03850  	-0.1561  	-0.0569  	-0.0545  	-0.0356  	-0.0179  	-0.0288  	-0.0139  	-0.0212  	-0.0234  	0.01657  	-0.0028  	0.00167  	0.00296  	-0.0034  	-0.0004  	0.01791  	0.00951  	0.08411  	0.01040  	0.00532  	0.01241  	0.03785  	-0.7581  	
-0.7818  	-0.2848  	-0.9883  	-0.6597  	-0.0919  	-0.7624  	-0.0152  	-0.2207  	-0.0100  	0.15680  	-0.2017  	-0.4990  	0.14063  	-0.2094  	-0.2133  	0.62377  	-0.0606  	0.00964  	0.29547  	0.66857  	0.05133  	0.33587  	-0.5117  	0.34357  	0.77687  	-0.1869  	0.08391  	0.18873  	0.24108  	0.21984  	-0.1253  	0.16773  	0.07373  	-0.0433  	0.45841  	0.08773  	0.09414  	-0.2357  	-0.1609  	0.43590  	-0.1635  	0.05677  	-0.2531  	0.16537  	0.16299  	-0.0327  	0.04030  	-0.1486  	-0.0505  	-0.0582  	-0.0375  	-0.0174  	-0.0347  	-0.0152  	-0.0212  	-0.0239  	0.01512  	-0.0027  	-0.0050  	-0.0014  	-0.0022  	-6.1763  	0.02653  	0.01351  	0.08411  	0.01040  	0.00532  	0.01241  	0.03785  	-0.7581  	
-0.6707  	-0.2272  	-0.9513  	-0.5412  	-0.0241  	-0.7037  	-0.0257  	-0.1487  	-0.0066  	0.12435  	-0.2141  	-0.4338  	0.16800  	-0.1025  	-0.1530  	0.61712  	-0.0796  	0.01133  	0.28641  	0.68253  	0.08485  	0.32369  	-0.5666  	0.37022  	0.77673  	-0.1989  	0.10461  	0.16334  	0.23337  	0.21863  	-0.1339  	0.16182  	0.09040  	-0.0450  	0.48977  	0.07454  	0.09265  	-0.2422  	-0.1491  	0.44369  	-0.1950  	0.06838  	-0.2635  	0.15548  	0.16366  	-0.0332  	0.04388  	-0.1509  	-0.0515  	-0.0570  	-0.0324  	-0.0191  	-0.0369  	-0.0170  	-0.0246  	-0.0230  	0.01569  	-0.0032  	-0.0026  	0.00053  	-0.0023  	-0.0010  	0.02171  	0.01173  	0.08411  	0.01040  	0.00532  	0.01241  	0.03785  	-0.7581  	
-0.3338  	-0.0989  	-0.7394  	-0.3033  	0.05204  	-0.4276  	0.01196  	-0.0638  	0.04703  	0.05325  	-0.4479  	-0.3955  	0.28631  	0.16462  	0.16184  	0.68593  	-0.1000  	-0.0312  	0.29815  	0.58422  	0.12591  	0.37954  	-0.5183  	0.38040  	0.69845  	-0.2085  	0.15848  	0.11969  	0.22662  	0.25275  	-0.1216  	0.19503  	0.12296  	-0.0493  	0.52073  	0.01843  	0.10343  	-0.2445  	-0.1636  	0.45405  	-0.1680  	0.04795  	-0.2216  	0.18416  	0.16415  	-0.0317  	0.03426  	-0.1172  	-0.0375  	-0.0489  	-0.0369  	-0.0226  	-0.0380  	-0.0202  	-0.0248  	-0.0141  	0.00995  	-0.0072  	0.00724  	0.00538  	0.00424  	0.00563  	0.02213  	0.00729  	0.08411  	0.01040  	0.00532  	0.01241  	0.03785  	-0.7581  	
-0.1614  	-0.0752  	-0.6359  	-0.2805  	0.01078  	-0.3408  	0.01742  	-0.0504  	0.07273  	0.07549  	-0.6107  	-0.4858  	0.29093  	0.17909  	0.24567  	0.67902  	-0.0748  	-0.0314  	0.31048  	0.50645  	0.11330  	0.42191  	-0.4576  	0.37114  	0.79206  	-0.2135  	0.18527  	0.03157  	0.19565  	0.28099  	-0.1473  	0.19482  	0.10179  	-0.0443  	0.53397  	0.00939  	0.13893  	-0.2199  	-0.1890  	0.46094  	-0.1965  	0.04956  	-0.2213  	0.18786  	0.14256  	-0.0326  	0.02637  	-0.1116  	-0.0303  	-0.0567  	-0.0384  	-0.0209  	-0.0373  	-0.0181  	-0.0202  	-0.0105  	0.00490  	-0.0042  	-0.0040  	-8.7471  	-0.0021  	0.00541  	0.02152  	0.00201  	0.08411  	0.01040  	0.00532  	0.01241  	0.03785  	-0.7581  	
-0.1859  	-0.0808  	-0.6478  	-0.2795  	0.00867  	-0.3910  	0.03937  	-0.0272  	0.06103  	0.07960  	-0.4790  	-0.5362  	0.24624  	0.04123  	0.05491  	0.75331  	-0.0804  	-0.0332  	0.32700  	0.50940  	0.15825  	0.39909  	-0.4762  	0.39203  	0.82929  	-0.2231  	0.18707  	0.01216  	0.19056  	0.25403  	-0.1666  	0.21205  	0.09345  	-0.0457  	0.56431  	0.02466  	0.17243  	-0.2055  	-0.1913  	0.44580  	-0.2133  	0.05957  	-0.2196  	0.19697  	0.15059  	-0.0273  	0.02588  	-0.1243  	-0.0353  	-0.0531  	-0.0312  	-0.0194  	-0.0272  	-0.0202  	-0.0146  	-0.0139  	0.01509  	-0.0033  	-0.0056  	-0.0001  	-0.0025  	0.00575  	0.02128  	0.01037  	0.08411  	0.01040  	0.00532  	0.01241  	0.03785  	-0.7581  	
-0.3299  	-0.1423  	-0.7058  	-0.4203  	-0.0147  	-0.4506  	0.01739  	-0.1511  	-0.0021  	0.17774  	-0.3945  	-0.5114  	0.16229  	-0.1286  	-0.1607  	0.79503  	-0.1051  	0.06588  	0.33462  	0.64030  	-0.0099  	0.36539  	-0.6104  	0.32942  	0.85650  	-0.2323  	0.14129  	0.20092  	0.32082  	0.25501  	-0.1601  	0.18463  	0.07816  	-0.0325  	0.50001  	0.14925  	0.08825  	-0.2258  	-0.1443  	0.49168  	-0.1613  	0.05071  	-0.2285  	0.19044  	0.15670  	-0.0375  	0.03059  	-0.1203  	-0.0401  	-0.0618  	-0.0286  	-0.0198  	-0.0314  	-0.0166  	-0.0099  	-0.0237  	0.01380  	-0.0057  	-0.0039  	0.00437  	-0.0099  	-0.0032  	0.02856  	0.01271  	0.08411  	0.01040  	0.00532  	0.01241  	0.03785  	-0.7581  	
-0.4834  	-0.1787  	-0.8198  	-0.4840  	-0.0762  	-0.5830  	0.02415  	-0.2178  	-0.0219  	0.15280  	-0.4374  	-0.5519  	0.14479  	-0.1817  	-0.1881  	0.73176  	-0.1081  	0.05718  	0.31507  	0.63646  	-0.0608  	0.37694  	-0.5812  	0.27658  	0.87328  	-0.2188  	0.11246  	0.24683  	0.37533  	0.26757  	-0.1520  	0.18309  	0.04692  	-0.0441  	0.45051  	0.18759  	0.04068  	-0.2399  	-0.1363  	0.48254  	-0.1411  	0.04884  	-0.2324  	0.18765  	0.15741  	-0.0412  	0.03420  	-0.1288  	-0.0441  	-0.0615  	-0.0207  	-0.0159  	-0.0278  	-0.0224  	-0.0172  	-0.0252  	0.01815  	-0.0008  	-0.0007  	0.00404  	-0.0020  	-0.0056  	0.03185  	0.01615  	0.08411  	0.01040  	0.00532  	0.01241  	0.03785  	-0.7581  	
-0.6773  	-0.2437  	-0.9799  	-0.5717  	-0.0473  	-0.6922  	0.01186  	-0.2415  	-0.0175  	0.15841  	-0.3275  	-0.5049  	0.14958  	-0.1731  	-0.1955  	0.63614  	-0.0808  	0.03775  	0.29929  	0.61638  	-0.0320  	0.35490  	-0.5398  	0.33377  	0.87931  	-0.2040  	0.12510  	0.21748  	0.33012  	0.26210  	-0.1543  	0.16686  	0.05208  	-0.0417  	0.46982  	0.14694  	0.08354  	-0.2389  	-0.1693  	0.45924  	-0.1663  	0.05858  	-0.2594  	0.16770  	0.17126  	-0.0386  	0.03352  	-0.1397  	-0.0520  	-0.0634  	-0.0305  	-0.0170  	-0.0314  	-0.0164  	-0.0159  	-0.0236  	0.01795  	-0.0055  	0.00189  	0.00270  	-0.0050  	-0.0056  	0.02665  	0.01338  	0.08411  	0.01040  	0.00532  	0.01241  	0.03785  	-0.7581  	
-0.7351  	-0.2743  	-0.9710  	-0.5865  	-0.0550  	-0.7304  	-0.0094  	-0.1860  	-0.0086  	0.15321  	-0.2702  	-0.4872  	0.13725  	-0.1262  	-0.1387  	0.60884  	-0.0798  	-0.0051  	0.29410  	0.65116  	0.04374  	0.33764  	-0.5470  	0.35707  	0.82845  	-0.1959  	0.13389  	0.18058  	0.28666  	0.23284  	-0.1485  	0.17009  	0.07693  	-0.0432  	0.49456  	0.10035  	0.10800  	-0.2290  	-0.1703  	0.44981  	-0.1751  	0.05797  	-0.2623  	0.17072  	0.16939  	-0.0358  	0.04537  	-0.1519  	-0.0539  	-0.0532  	-0.0374  	-0.0160  	-0.0294  	-0.0141  	-0.0185  	-0.0252  	0.01729  	-0.0053  	-0.0029  	0.00404  	-0.0040  	-0.0018  	0.02408  	0.01453  	0.08411  	0.01040  	0.00532  	0.01241  	0.03785  	-0.7581  	
-0.7640  	-0.2292  	-0.9311  	-0.6869  	-0.1287  	-0.7197  	-0.0062  	-0.1955  	-0.0216  	0.14720  	-0.2469  	-0.5499  	0.11236  	-0.1771  	-0.1404  	0.58157  	-0.0546  	-0.0154  	0.30749  	0.59433  	0.07021  	0.34961  	-0.4826  	0.34300  	0.81444  	-0.1835  	0.15090  	0.13081  	0.24209  	0.21825  	-0.1321  	0.16559  	0.06935  	-0.0524  	0.46506  	0.08128  	0.13484  	-0.2306  	-0.1764  	0.42253  	-0.1451  	0.05868  	-0.2459  	0.17233  	0.16804  	-0.0370  	0.03901  	-0.1558  	-0.0582  	-0.0558  	-0.0453  	-0.0168  	-0.0313  	-0.0150  	-0.0191  	-0.0224  	0.01120  	-0.0034  	0.00205  	0.00548  	-0.0031  	0.00330  	0.01946  	0.01051  	0.08411  	0.01040  	0.00532  	0.01241  	0.03785  	-0.7581  	
-0.5592  	-0.1988  	-0.8086  	-0.5730  	-0.0858  	-0.5257  	-0.0048  	-0.1718  	0.01970  	0.09636  	-0.3710  	-0.5233  	0.15110  	-0.1656  	-0.1673  	0.71211  	-0.0454  	0.01291  	0.32118  	0.58139  	0.02975  	0.33829  	-0.4890  	0.33258  	0.81040  	-0.1924  	0.12531  	0.17440  	0.27557  	0.23433  	-0.1453  	0.19239  	0.08039  	-0.0404  	0.44353  	0.08762  	0.11135  	-0.2261  	-0.1709  	0.44731  	-0.1234  	0.04416  	-0.2332  	0.18447  	0.16332  	-0.0331  	0.03453  	-0.1362  	-0.0497  	-0.0547  	-0.0376  	-0.0176  	-0.0308  	-0.0175  	-0.0183  	-0.0247  	0.01494  	-0.0053  	-0.0004  	0.00389  	-0.0032  	0.00190  	0.02758  	0.01656  	0.08411  	0.01040  	0.00532  	0.01241  	0.03785  	-0.7581  	
-0.4552  	-0.1771  	-0.7587  	-0.4735  	-0.0445  	-0.5111  	0.00224  	-0.1668  	0.00950  	0.14066  	-0.4155  	-0.4898  	0.15924  	-0.1918  	-0.1556  	0.74805  	-0.0775  	0.03199  	0.32125  	0.61508  	-0.0120  	0.35453  	-0.5265  	0.29847  	0.82080  	-0.2054  	0.09880  	0.24095  	0.30980  	0.23745  	-0.1416  	0.17829  	0.05608  	-0.0425  	0.42886  	0.11101  	0.09177  	-0.2237  	-0.1582  	0.47435  	-0.1191  	0.03508  	-0.2207  	0.19870  	0.15466  	-0.0361  	0.03562  	-0.1273  	-0.0453  	-0.0653  	-0.0283  	-0.0184  	-0.0318  	-0.0223  	-0.0160  	-0.0239  	0.02134  	-0.0073  	-0.0021  	-0.0007  	-0.0004  	-0.0031  	0.02792  	0.01636  	0.08411  	0.01040  	0.00532  	0.01241  	0.03785  	-0.7581  	
-0.3935  	-0.1592  	-0.7567  	-0.4359  	-0.0120  	-0.4901  	0.02530  	-0.1909  	0.01813  	0.17296  	-0.3796  	-0.4782  	0.16200  	-0.1706  	-0.1753  	0.77421  	-0.1144  	0.06145  	0.30296  	0.64865  	-0.0370  	0.33171  	-0.5958  	0.26885  	0.83585  	-0.2238  	0.09694  	0.27745  	0.33687  	0.25474  	-0.1632  	0.19253  	0.06487  	-0.0288  	0.47749  	0.15134  	0.05699  	-0.2334  	-0.1425  	0.47654  	-0.1547  	0.05592  	-0.2298  	0.18092  	0.15364  	-0.0365  	0.02923  	-0.1322  	-0.0441  	-0.0592  	-0.0228  	-0.0197  	-0.0267  	-0.0169  	-0.0155  	-0.0190  	0.02124  	-0.0040  	0.00364  	-0.0017  	-0.0060  	-0.0006  	0.02453  	0.01353  	0.08411  	0.01040  	0.00532  	0.01241  	0.03785  	-0.7581  	
-0.3851  	-0.1701  	-0.7807  	-0.4267  	0.00464  	-0.4812  	0.02041  	-0.1933  	-0.0101  	0.18154  	-0.3588  	-0.4869  	0.14004  	-0.1697  	-0.2040  	0.80522  	-0.1201  	0.05269  	0.30785  	0.62995  	-0.0149  	0.34403  	-0.5996  	0.30234  	0.84662  	-0.2276  	0.13611  	0.23332  	0.31934  	0.26089  	-0.1690  	0.20064  	0.05739  	-0.0377  	0.49507  	0.16970  	0.08807  	-0.2342  	-0.1569  	0.47361  	-0.1669  	0.05776  	-0.2377  	0.18993  	0.16145  	-0.0381  	0.03035  	-0.1344  	-0.0412  	-0.0585  	-0.0241  	-0.0217  	-0.0250  	-0.0189  	-0.0140  	-0.0211  	0.02198  	-0.0035  	0.00328  	-7.5439  	-0.0080  	-0.0033  	0.02768  	0.01515  	0.08411  	0.01040  	0.00532  	0.01241  	0.03785  	-0.7581  	
-0.3744  	-0.1778  	-0.7826  	-0.4090  	0.01881  	-0.4764  	0.01308  	-0.1928  	-0.0113  	0.18621  	-0.3572  	-0.4727  	0.14854  	-0.1787  	-0.2170  	0.81038  	-0.1226  	0.04056  	0.31023  	0.64013  	-0.0191  	0.35787  	-0.6143  	0.31845  	0.86650  	-0.2331  	0.15173  	0.22387  	0.29805  	0.26556  	-0.1696  	0.20946  	0.05281  	-0.0402  	0.50407  	0.17063  	0.09337  	-0.2276  	-0.1635  	0.47636  	-0.1641  	0.06013  	-0.2356  	0.18996  	0.16072  	-0.0383  	0.02923  	-0.1337  	-0.0401  	-0.0578  	-0.0220  	-0.0213  	-0.0251  	-0.0186  	-0.0146  	-0.0210  	0.02389  	-0.0029  	0.00263  	0.00223  	-0.0091  	-0.0036  	0.02532  	0.01319  	0.08411  	0.01040  	0.00532  	0.01241  	0.03785  	-0.7581  	
-0.3772  	-0.1889  	-0.7818  	-0.3636  	0.05014  	-0.4907  	0.01755  	-0.2143  	-0.0144  	0.20126  	-0.3959  	-0.4736  	0.15268  	-0.1688  	-0.2139  	0.81818  	-0.1251  	0.03906  	0.30787  	0.64850  	-0.0517  	0.36593  	-0.6292  	0.32474  	0.89910  	-0.2350  	0.15914  	0.25129  	0.32343  	0.28790  	-0.1748  	0.21445  	0.04370  	-0.0358  	0.49390  	0.18680  	0.07587  	-0.2302  	-0.1538  	0.48199  	-0.1672  	0.06114  	-0.2294  	0.19401  	0.15763  	-0.0360  	0.02670  	-0.1238  	-0.0349  	-0.0620  	-0.0162  	-0.0216  	-0.0257  	-0.0159  	-0.0142  	-0.0184  	0.02500  	-0.0031  	0.00326  	0.00468  	-0.0079  	-0.0049  	0.02737  	0.01325  	0.08411  	0.01040  	0.00532  	0.01241  	0.03785  	-0.7581  	
-0.3891  	-0.1939  	-0.7867  	-0.3309  	0.06119  	-0.4949  	0.01174  	-0.2224  	-0.0230  	0.20848  	-0.4161  	-0.4740  	0.14729  	-0.1794  	-0.2130  	0.82394  	-0.1229  	0.03821  	0.31438  	0.63904  	-0.0740  	0.37710  	-0.6211  	0.33699  	0.92446  	-0.2349  	0.17050  	0.25226  	0.33906  	0.30260  	-0.1777  	0.21793  	0.03391  	-0.0400  	0.47767  	0.20048  	0.06511  	-0.2289  	-0.1459  	0.48152  	-0.1718  	0.06427  	-0.2273  	0.19275  	0.15562  	-0.0350  	0.02501  	-0.1221  	-0.0320  	-0.0677  	-0.0157  	-0.0224  	-0.0246  	-0.0149  	-0.0140  	-0.0179  	0.02574  	-0.0035  	0.00539  	0.00568  	-0.0082  	-0.0043  	0.02851  	0.01347  	0.08411  	0.01040  	0.00532  	0.01241  	0.03785  	-0.7581  	
-0.4005  	-0.2111  	-0.8004  	-0.3453  	0.05072  	-0.4999  	0.02333  	-0.2537  	-0.0194  	0.20226  	-0.4444  	-0.4836  	0.14981  	-0.2214  	-0.2253  	0.83171  	-0.1243  	0.05483  	0.31027  	0.63204  	-0.1036  	0.37139  	-0.6256  	0.33236  	0.93468  	-0.2270  	0.17260  	0.28125  	0.37067  	0.30841  	-0.1724  	0.21597  	0.02708  	-0.0366  	0.45443  	0.20565  	0.04467  	-0.2289  	-0.1423  	0.48713  	-0.1552  	0.05760  	-0.2232  	0.19485  	0.15360  	-0.0383  	0.02184  	-0.1169  	-0.0300  	-0.0714  	-0.0149  	-0.0240  	-0.0243  	-0.0132  	-0.0145  	-0.0160  	0.02499  	-0.0070  	0.00694  	0.00613  	-0.0073  	-0.0087  	0.02794  	0.01555  	0.08411  	0.01040  	0.00532  	0.01241  	0.03785  	-0.7581  	
-0.4315  	-0.2163  	-0.8421  	-0.4219  	0.01346  	-0.4984  	0.01860  	-0.2535  	-0.0218  	0.16227  	-0.4694  	-0.5198  	0.15407  	-0.2342  	-0.1870  	0.78890  	-0.0904  	0.08060  	0.31299  	0.62255  	-0.0821  	0.37290  	-0.5935  	0.31272  	0.91573  	-0.2273  	0.17532  	0.30043  	0.36849  	0.30695  	-0.1623  	0.22132  	0.02944  	-0.0364  	0.44577  	0.18347  	0.05020  	-0.2398  	-0.1372  	0.47815  	-0.1501  	0.05721  	-0.2304  	0.19049  	0.15743  	-0.0345  	0.02127  	-0.1297  	-0.0384  	-0.0640  	-0.0182  	-0.0211  	-0.0258  	-0.0109  	-0.0166  	-0.0151  	0.02303  	-0.0068  	0.00645  	0.00537  	-0.0061  	-0.0057  	0.02392  	0.01319  	0.08411  	0.01040  	0.00532  	0.01241  	0.03785  	-0.7581  	
-0.5126  	-0.2131  	-0.9142  	-0.3521  	0.03800  	-0.5072  	0.00499  	-0.2254  	-0.0296  	0.11326  	-0.5095  	-0.5031  	0.16643  	-0.1323  	-0.1680  	0.70793  	-0.0766  	0.04742  	0.30851  	0.60681  	-0.0680  	0.36588  	-0.5778  	0.38247  	0.91982  	-0.2251  	0.18862  	0.27874  	0.34790  	0.29624  	-0.1809  	0.21079  	0.02985  	-0.0576  	0.45538  	0.18374  	0.03479  	-0.2488  	-0.1435  	0.49518  	-0.1882  	0.06276  	-0.2413  	0.17802  	0.15703  	-0.0335  	0.02943  	-0.1336  	-0.0482  	-0.0666  	-0.0206  	-0.0155  	-0.0303  	-0.0164  	-0.0182  	-0.0185  	0.02738  	-0.0041  	0.00749  	0.00095  	-0.0124  	-0.0098  	0.02195  	0.01216  	0.08411  	0.01040  	0.00532  	0.01241  	0.03785  	-0.7581  	
-0.5130  	-0.2059  	-0.9501  	-0.2785  	0.08389  	-0.5354  	0.00523  	-0.1726  	-0.0156  	0.08876  	-0.4554  	-0.4335  	0.16989  	-0.0618  	-0.0371  	0.67605  	-0.0921  	0.02868  	0.30839  	0.63759  	-0.0080  	0.37424  	-0.5982  	0.36922  	0.91292  	-0.2289  	0.17607  	0.24592  	0.32558  	0.28685  	-0.1737  	0.19074  	0.05414  	-0.0507  	0.48577  	0.13539  	0.05314  	-0.2593  	-0.1446  	0.45210  	-0.2172  	0.06804  	-0.2636  	0.17364  	0.16969  	-0.0338  	0.03085  	-0.1397  	-0.0402  	-0.0669  	-0.0290  	-0.0218  	-0.0290  	-0.0170  	-0.0200  	-0.0237  	0.02635  	-0.0013  	0.00654  	0.00030  	-0.0075  	-0.0127  	0.02185  	0.01025  	0.08411  	0.01040  	0.00532  	0.01241  	0.03785  	-0.7581  	
-0.4097  	-0.1762  	-0.9030  	-0.1520  	0.18432  	-0.4724  	0.01318  	-0.1134  	0.01342  	0.06897  	-0.5309  	-0.3646  	0.24351  	0.05987  	0.10622  	0.71372  	-0.1063  	0.02377  	0.29665  	0.64431  	-0.0189  	0.37189  	-0.6169  	0.35253  	0.88738  	-0.2126  	0.14607  	0.27592  	0.37239  	0.29705  	-0.1850  	0.16391  	0.07110  	-0.0344  	0.51514  	0.09703  	0.01572  	-0.2691  	-0.1270  	0.49262  	-0.2289  	0.07723  	-0.2536  	0.17237  	0.16645  	-0.0366  	0.03278  	-0.1330  	-0.0385  	-0.0676  	-0.0320  	-0.0213  	-0.0318  	-0.0217  	-0.0194  	-0.0197  	0.02424  	-0.0065  	0.00870  	0.00055  	-0.0102  	-0.0087  	0.01543  	0.00876  	0.08411  	0.01040  	0.00532  	0.01241  	0.03785  	-0.7581  	
-0.3564  	-0.1220  	-0.8584  	-0.0241  	0.21230  	-0.4064  	0.00898  	-0.1008  	0.02393  	0.03658  	-0.6257  	-0.4142  	0.30294  	0.18443  	0.25687  	0.66421  	-0.0948  	-0.0066  	0.28005  	0.65167  	-0.0289  	0.40676  	-0.6532  	0.32794  	0.92858  	-0.2265  	0.13679  	0.28652  	0.41356  	0.34315  	-0.1891  	0.16587  	0.07819  	-0.0216  	0.51314  	0.06861  	0.01386  	-0.2763  	-0.1107  	0.49008  	-0.2241  	0.07161  	-0.2516  	0.15619  	0.16661  	-0.0346  	0.02805  	-0.1333  	-0.0354  	-0.0660  	-0.0276  	-0.0215  	-0.0347  	-0.0242  	-0.0190  	-0.0157  	0.01562  	-0.0038  	0.00642  	0.00210  	-0.0044  	0.00033  	0.01989  	0.00812  	0.08411  	0.01040  	0.00532  	0.01241  	0.03785  	-0.7581  	
-0.3393  	-0.1157  	-0.8475  	-0.0486  	0.16253  	-0.3988  	-0.0060  	-0.1057  	0.02520  	0.02379  	-0.6546  	-0.4159  	0.29432  	0.14463  	0.25784  	0.68253  	-0.0775  	0.00697  	0.28720  	0.61444  	0.01920  	0.41674  	-0.5802  	0.32569  	0.90118  	-0.2183  	0.14921  	0.23550  	0.39053  	0.32502  	-0.1871  	0.16791  	0.07225  	-0.0268  	0.50910  	0.03251  	0.03231  	-0.2598  	-0.1104  	0.48807  	-0.2134  	0.06471  	-0.2367  	0.17494  	0.16010  	-0.0359  	0.02624  	-0.1328  	-0.0374  	-0.0653  	-0.0308  	-0.0209  	-0.0347  	-0.0192  	-0.0169  	-0.0156  	0.01879  	-0.0027  	0.00658  	9.16407  	-0.0051  	0.00349  	0.02127  	0.00666  	0.08411  	0.01040  	0.00532  	0.01241  	0.03785  	-0.7581  	
-0.3720  	-0.1396  	-0.8103  	-0.1810  	0.09458  	-0.3729  	0.01464  	-0.1228  	0.01324  	0.05286  	-0.6027  	-0.4294  	0.23019  	0.00512  	0.11906  	0.72222  	-0.0660  	0.01432  	0.30782  	0.60909  	0.04864  	0.42052  	-0.5389  	0.36341  	0.84998  	-0.2115  	0.13808  	0.20949  	0.33669  	0.26758  	-0.1825  	0.18199  	0.07259  	-0.0378  	0.47271  	0.06555  	0.07517  	-0.2449  	-0.1496  	0.48060  	-0.2032  	0.06258  	-0.2373  	0.19213  	0.15021  	-0.0365  	0.03115  	-0.1129  	-0.0400  	-0.0622  	-0.0310  	-0.0201  	-0.0327  	-0.0159  	-0.0187  	-0.0202  	0.02026  	-0.0057  	0.00807  	0.00075  	-0.0026  	-0.0020  	0.02140  	0.00748  	0.08411  	0.01040  	0.00532  	0.01241  	0.03785  	-0.7581  	
-0.3476  	-0.1601  	-0.7864  	-0.3671  	0.03854  	-0.4027  	0.02108  	-0.1381  	0.02444  	0.06929  	-0.4512  	-0.4754  	0.16355  	-0.0841  	-0.0151  	0.77445  	-0.0991  	0.02732  	0.31603  	0.62522  	0.06169  	0.39314  	-0.5481  	0.37060  	0.82663  	-0.2181  	0.16354  	0.15681  	0.27224  	0.25713  	-0.1588  	0.20843  	0.08091  	-0.0346  	0.50131  	0.08082  	0.12912  	-0.2384  	-0.1711  	0.45046  	-0.1759  	0.05219  	-0.2219  	0.18198  	0.16058  	-0.0343  	0.03152  	-0.1318  	-0.0363  	-0.0562  	-0.0285  	-0.0198  	-0.0304  	-0.0203  	-0.0194  	-0.0198  	0.02172  	-0.0073  	0.00183  	-0.0043  	-0.0080  	-0.0035  	0.02530  	0.01047  	0.08411  	0.01040  	0.00532  	0.01241  	0.03785  	-0.7581  	
-0.3357  	-0.1667  	-0.7565  	-0.3626  	0.02894  	-0.4468  	0.03019  	-0.1701  	0.01653  	0.11412  	-0.4378  	-0.4704  	0.15304  	-0.1130  	-0.0929  	0.76527  	-0.1063  	0.05117  	0.31234  	0.61488  	0.02909  	0.38347  	-0.5304  	0.37192  	0.83692  	-0.2301  	0.17474  	0.17631  	0.30103  	0.26870  	-0.1683  	0.20724  	0.06190  	-0.0446  	0.50832  	0.11442  	0.11193  	-0.2375  	-0.1704  	0.48114  	-0.1720  	0.06113  	-0.2331  	0.19115  	0.15436  	-0.0339  	0.03311  	-0.1356  	-0.0350  	-0.0638  	-0.0227  	-0.0196  	-0.0289  	-0.0178  	-0.0171  	-0.0213  	0.02368  	-0.0025  	0.00432  	-0.0002  	-0.0080  	-0.0066  	0.02509  	0.00758  	0.08411  	0.01040  	0.00532  	0.01241  	0.03785  	-0.7581  	
-0.3343  	-0.1826  	-0.7539  	-0.4193  	0.02564  	-0.4828  	0.05673  	-0.1993  	0.01098  	0.16843  	-0.4141  	-0.4996  	0.15820  	-0.1410  	-0.1661  	0.79243  	-0.1376  	0.06812  	0.30344  	0.65400  	-0.0493  	0.35724  	-0.6086  	0.29491  	0.87124  	-0.2246  	0.11717  	0.26841  	0.36812  	0.26944  	-0.1582  	0.18914  	0.05890  	-0.0295  	0.46583  	0.16375  	0.06125  	-0.2358  	-0.1406  	0.50118  	-0.1615  	0.05526  	-0.2249  	0.20179  	0.15295  	-0.0369  	0.03465  	-0.1223  	-0.0399  	-0.0606  	-0.0196  	-0.0188  	-0.0275  	-0.0192  	-0.0098  	-0.0237  	0.01943  	-0.0059  	0.00047  	0.00020  	-0.0096  	-0.0047  	0.02527  	0.01092  	0.08411  	0.01040  	0.00532  	0.01241  	0.03785  	-0.7581  	
-0.3717  	-0.1823  	-0.7386  	-0.4679  	-0.0043  	-0.4730  	0.04466  	-0.2143  	0.00859  	0.15319  	-0.3942  	-0.5197  	0.16881  	-0.1472  	-0.1993  	0.79743  	-0.1282  	0.05569  	0.31037  	0.64912  	-0.0547  	0.35771  	-0.5914  	0.30299  	0.85446  	-0.2177  	0.10899  	0.25436  	0.34400  	0.26087  	-0.1528  	0.19047  	0.06421  	-0.0297  	0.46514  	0.16931  	0.06936  	-0.2318  	-0.1559  	0.49693  	-0.1446  	0.05696  	-0.2266  	0.18646  	0.15432  	-0.0348  	0.03178  	-0.1261  	-0.0417  	-0.0555  	-0.0214  	-0.0191  	-0.0270  	-0.0183  	-0.0135  	-0.0248  	0.02172  	-0.0034  	0.00133  	0.00076  	-0.0069  	-0.0065  	0.02524  	0.01168  	0.08411  	0.01040  	0.00532  	0.01241  	0.03785  	-0.7581  	
-0.4635  	-0.1906  	-0.8069  	-0.5022  	-0.0419  	-0.5253  	0.02245  	-0.2291  	-0.0014  	0.12192  	-0.4125  	-0.5266  	0.14053  	-0.1894  	-0.1977  	0.74966  	-0.0953  	0.04292  	0.31734  	0.63574  	-0.0424  	0.34821  	-0.5900  	0.32168  	0.86902  	-0.2126  	0.14785  	0.26251  	0.31011  	0.26062  	-0.1579  	0.21086  	0.06016  	-0.0421  	0.47156  	0.16307  	0.08598  	-0.2377  	-0.1627  	0.48549  	-0.1469  	0.05610  	-0.2337  	0.19365  	0.15726  	-0.0368  	0.02801  	-0.1334  	-0.0441  	-0.0566  	-0.0236  	-0.0162  	-0.0288  	-0.0161  	-0.0173  	-0.0229  	0.01853  	-0.0044  	0.00182  	0.00198  	-0.0068  	-0.0011  	0.02526  	0.01376  	0.08411  	0.01040  	0.00532  	0.01241  	0.03785  	-0.7581  	
-0.5383  	-0.2199  	-0.9048  	-0.4043  	-0.0111  	-0.5447  	0.00994  	-0.1954  	-0.0188  	0.08432  	-0.4333  	-0.5058  	0.15057  	-0.1326  	-0.1066  	0.70028  	-0.0827  	0.02425  	0.31539  	0.60508  	-0.0085  	0.35701  	-0.5600  	0.35322  	0.87976  	-0.2149  	0.18487  	0.21200  	0.30370  	0.26837  	-0.1777  	0.20733  	0.04123  	-0.0461  	0.47455  	0.14948  	0.08816  	-0.2306  	-0.1671  	0.46624  	-0.1796  	0.05409  	-0.2440  	0.18402  	0.16097  	-0.0420  	0.03118  	-0.1379  	-0.0427  	-0.0682  	-0.0259  	-0.0189  	-0.0271  	-0.0152  	-0.0195  	-0.0256  	0.02089  	-0.0045  	0.00181  	-0.0010  	-0.0054  	-0.0097  	0.02699  	0.01361  	0.08411  	0.01040  	0.00532  	0.01241  	0.03785  	-0.7581  	
-0.4453  	-0.1924  	-0.8629  	-0.2817  	0.06427  	-0.4799  	0.00018  	-0.1435  	0.00707  	0.06691  	-0.4557  	-0.4136  	0.18685  	-0.0270  	0.03050  	0.70886  	-0.0738  	0.01627  	0.31061  	0.61624  	0.02965  	0.36896  	-0.5586  	0.37706  	0.85015  	-0.2152  	0.16675  	0.21314  	0.32016  	0.28430  	-0.1814  	0.19009  	0.07202  	-0.0387  	0.48607  	0.09344  	0.08631  	-0.2475  	-0.1639  	0.45424  	-0.1920  	0.06060  	-0.2505  	0.17312  	0.16318  	-0.0384  	0.02925  	-0.1390  	-0.0366  	-0.0736  	-0.0323  	-0.0232  	-0.0347  	-0.0218  	-0.0207  	-0.0170  	0.02354  	-0.0058  	0.00178  	-0.0040  	-0.0065  	-0.0032  	0.01837  	0.00942  	0.08411  	0.01040  	0.00532  	0.01241  	0.03785  	-0.7581  	
-0.3406  	-0.1672  	-0.8257  	-0.1227  	0.16053  	-0.4408  	-0.0019  	-0.1232  	0.02724  	0.07282  	-0.5447  	-0.3530  	0.25699  	0.05839  	0.10829  	0.73643  	-0.1044  	0.01034  	0.29572  	0.63006  	-0.0049  	0.39905  	-0.6187  	0.33373  	0.89096  	-0.2180  	0.13806  	0.24820  	0.35373  	0.29768  	-0.1699  	0.17469  	0.07532  	-0.0342  	0.48557  	0.08317  	0.03796  	-0.2633  	-0.1190  	0.49130  	-0.2145  	0.06965  	-0.2357  	0.17994  	0.15505  	-0.0392  	0.03153  	-0.1335  	-0.0376  	-0.0634  	-0.0250  	-0.0213  	-0.0349  	-0.0201  	-0.0171  	-0.0169  	0.02819  	-0.0040  	0.00646  	-0.0029  	-0.0077  	-0.0032  	0.01958  	0.01310  	0.08411  	0.01040  	0.00532  	0.01241  	0.03785  	-0.7581  	
-0.3358  	-0.1641  	-0.8716  	-0.0767  	0.19671  	-0.4427  	-0.0034  	-0.1232  	0.02362  	0.08934  	-0.5529  	-0.3661  	0.27170  	0.10131  	0.15062  	0.73819  	-0.1174  	0.00162  	0.29161  	0.64122  	-0.0215  	0.39425  	-0.6647  	0.37007  	0.89642  	-0.2132  	0.14816  	0.24656  	0.36539  	0.31415  	-0.1702  	0.17220  	0.08233  	-0.0372  	0.52380  	0.07792  	0.05189  	-0.2751  	-0.1301  	0.48594  	-0.2325  	0.07954  	-0.2629  	0.16702  	0.15672  	-0.0339  	0.03025  	-0.1359  	-0.0373  	-0.0533  	-0.0200  	-0.0214  	-0.0306  	-0.0198  	-0.0174  	-0.0098  	0.02042  	-0.0084  	0.00998  	0.00193  	-0.0061  	0.00045  	0.00585  	0.00737  	0.08411  	0.01040  	0.00532  	0.01241  	0.03785  	-0.7581  	
-0.3297  	-0.1422  	-0.8648  	-0.0609  	0.22277  	-0.4200  	-0.0196  	-0.1481  	0.01409  	0.06326  	-0.6291  	-0.3720  	0.28563  	0.16716  	0.26318  	0.65241  	-0.1083  	-0.0572  	0.29462  	0.61962  	-0.0117  	0.40276  	-0.6068  	0.39486  	0.85781  	-0.2042  	0.19617  	0.25304  	0.29603  	0.31813  	-0.1721  	0.17780  	0.09554  	-0.0363  	0.55496  	0.03824  	0.05758  	-0.2708  	-0.1574  	0.50058  	-0.2511  	0.08254  	-0.2706  	0.17474  	0.15159  	-0.0386  	0.03412  	-0.1337  	-0.0419  	-0.0528  	-0.0219  	-0.0213  	-0.0331  	-0.0177  	-0.0237  	-0.0123  	0.01938  	-0.0127  	0.00944  	0.00803  	-0.0046  	0.00362  	0.01144  	-0.0007  	0.08411  	0.01040  	0.00532  	0.01241  	0.03785  	-0.7581  	
-0.2147  	-0.0983  	-0.7360  	-0.0902  	0.16027  	-0.3247  	0.05023  	-0.0913  	0.02281  	0.08286  	-0.7104  	-0.5020  	0.31526  	0.26152  	0.39185  	0.58920  	-0.1081  	-0.0340  	0.27064  	0.55594  	0.03403  	0.44885  	-0.5548  	0.34894  	0.88957  	-0.2437  	0.20564  	0.16215  	0.35910  	0.31717  	-0.1772  	0.17272  	0.08147  	-0.0177  	0.53682  	0.04989  	0.04186  	-0.2648  	-0.1219  	0.51974  	-0.2309  	0.08482  	-0.2526  	0.18196  	0.16053  	-0.0311  	0.02560  	-0.1219  	-0.0287  	-0.0604  	-0.0269  	-0.0198  	-0.0336  	-0.0201  	-0.0202  	-0.0095  	0.01498  	-0.0055  	0.00505  	0.00339  	-0.0024  	0.00390  	0.01479  	0.00471  	0.08411  	0.01040  	0.00532  	0.01241  	0.03785  	-0.7581  	
-0.1347  	-0.0740  	-0.6878  	-0.0988  	0.13894  	-0.3081  	0.05145  	-0.1050  	0.03764  	0.10068  	-0.7582  	-0.5982  	0.33483  	0.24657  	0.31331  	0.59454  	-0.0782  	-0.0475  	0.27541  	0.51181  	-0.0100  	0.47195  	-0.5254  	0.34904  	0.94952  	-0.2358  	0.21895  	0.11538  	0.39442  	0.35404  	-0.1622  	0.16376  	0.07116  	-0.0260  	0.49300  	0.04391  	0.05641  	-0.2833  	-0.1034  	0.51849  	-0.2061  	0.06975  	-0.2357  	0.19028  	0.15220  	-0.0303  	0.01639  	-0.1026  	-0.0254  	-0.0606  	-0.0239  	-0.0172  	-0.0278  	-0.0200  	-0.0207  	-0.0060  	0.00904  	-0.0080  	0.00135  	0.00525  	-0.0036  	-0.0003  	0.01293  	0.00254  	0.08411  	0.01040  	0.00532  	0.01241  	0.03785  	-0.7581  	
-0.2254  	-0.0730  	-0.7818  	-0.2083  	0.08927  	-0.5042  	0.08639  	-0.1014  	0.00991  	0.15565  	-0.6905  	-0.6510  	0.28976  	0.22880  	0.30252  	0.49711  	-0.0683  	-0.0747  	0.28869  	0.50471  	0.00078  	0.49620  	-0.5458  	0.43987  	1.04738  	-0.2457  	0.39487  	0.03590  	0.34215  	0.34584  	-0.1754  	0.18461  	0.04196  	-0.0424  	0.54992  	0.06471  	0.08432  	-0.2578  	-0.1399  	0.50854  	-0.2586  	0.07260  	-0.2612  	0.19235  	0.15734  	-0.0451  	0.02186  	-0.1006  	-0.0218  	-0.0605  	-0.0236  	-0.0216  	-0.0397  	-0.0205  	-0.0251  	-0.0170  	0.01133  	-0.0075  	0.00424  	0.00238  	-0.0058  	0.00153  	0.01813  	0.00277  	0.08411  	0.01040  	0.00532  	0.01241  	0.03785  	-0.7581  	
-0.3117  	-0.1285  	-0.9067  	0.01592  	0.26626  	-0.4757  	0.06381  	-0.0927  	0.02503  	0.06903  	-0.6091  	-0.4233  	0.30368  	0.22353  	0.29191  	0.62714  	-0.0907  	-0.0736  	0.28626  	0.58544  	0.00860  	0.43958  	-0.6012  	0.41696  	0.94089  	-0.2287  	0.26580  	0.16939  	0.33429  	0.33602  	-0.2029  	0.17965  	0.08393  	-0.0253  	0.59146  	0.04134  	0.05316  	-0.2698  	-0.1461  	0.49430  	-0.2522  	0.09905  	-0.2695  	0.17785  	0.15809  	-0.0327  	0.02896  	-0.1259  	-0.0308  	-0.0593  	-0.0203  	-0.0233  	-0.0349  	-0.0203  	-0.0218  	-0.0087  	0.01819  	-0.0085  	0.00378  	0.00075  	-0.0041  	0.00611  	0.01385  	-0.0015  	0.08411  	0.01040  	0.00532  	0.01241  	0.03785  	-0.7581  	
-0.3104  	-0.1259  	-0.8876  	0.12489  	0.31107  	-0.3881  	0.03791  	-0.0893  	0.02476  	0.05234  	-0.6706  	-0.3590  	0.33137  	0.25525  	0.32295  	0.68014  	-0.0907  	-0.0576  	0.26391  	0.60525  	-0.0288  	0.44139  	-0.6297  	0.37657  	0.89598  	-0.2171  	0.17617  	0.23092  	0.36160  	0.34107  	-0.1864  	0.17432  	0.09042  	-0.0100  	0.56919  	0.05549  	0.01163  	-0.2755  	-0.1112  	0.48294  	-0.2495  	0.08567  	-0.2500  	0.16462  	0.16186  	-0.0344  	0.03435  	-0.1281  	-0.0319  	-0.0639  	-0.0319  	-0.0235  	-0.0348  	-0.0227  	-0.0223  	-0.0166  	0.02148  	-0.0011  	0.00214  	-0.0035  	-0.0017  	0.00149  	0.01950  	0.00407  	0.08411  	0.01040  	0.00532  	0.01241  	0.03785  	-0.7581  	
-0.4053  	-0.1587  	-0.9010  	-0.1074  	0.24026  	-0.5485  	0.03178  	-0.1298  	0.01764  	0.11982  	-0.5602  	-0.3293  	0.29091  	0.14668  	0.14040  	0.70392  	-0.1356  	0.00514  	0.27028  	0.64804  	-0.0193  	0.41120  	-0.6526  	0.37130  	0.86311  	-0.2255  	0.14535  	0.24233  	0.35587  	0.31359  	-0.1821  	0.16006  	0.09555  	-0.0167  	0.54126  	0.07609  	0.02522  	-0.2738  	-0.1388  	0.50733  	-0.2388  	0.07346  	-0.2673  	0.17599  	0.15642  	-0.0345  	0.03360  	-0.1247  	-0.0331  	-0.0692  	-0.0360  	-0.0240  	-0.0309  	-0.0116  	-0.0182  	-0.0185  	0.01530  	-0.0106  	0.00911  	0.00146  	-0.0010  	0.00185  	0.01268  	0.01003  	0.08411  	0.01040  	0.00532  	0.01241  	0.03785  	-0.7581  	
-0.5519  	-0.1749  	-0.8745  	-0.5366  	0.00136  	-0.5946  	0.02082  	-0.1857  	0.00538  	0.12597  	-0.3785  	-0.4649  	0.18022  	-0.1037  	-0.1045  	0.64013  	-0.0933  	0.07372  	0.30383  	0.65149  	0.01954  	0.35864  	-0.5306  	0.35275  	0.80136  	-0.2132  	0.11733  	0.23258  	0.28442  	0.24128  	-0.1537  	0.17638  	0.09372  	-0.0417  	0.48155  	0.07905  	0.07664  	-0.2427  	-0.1684  	0.47717  	-0.1818  	0.05821  	-0.2484  	0.17489  	0.15983  	-0.0309  	0.03625  	-0.1385  	-0.0486  	-0.0509  	-0.0280  	-0.0203  	-0.0311  	-0.0186  	-0.0186  	-0.0236  	0.02527  	-0.0037  	0.00170  	0.00177  	-0.0032  	-0.0031  	0.01523  	0.01070  	0.08411  	0.01040  	0.00532  	0.01241  	0.03785  	-0.7581  	
-0.5217  	-0.2046  	-0.8101  	-0.4937  	-0.0770  	-0.5024  	0.00492  	-0.1971  	0.00469  	0.07417  	-0.4051  	-0.5298  	0.15092  	-0.1827  	-0.1054  	0.68300  	-0.0635  	0.03844  	0.31108  	0.61823  	0.00801  	0.34797  	-0.5020  	0.32256  	0.82604  	-0.1993  	0.13856  	0.20300  	0.29446  	0.24155  	-0.1544  	0.19710  	0.08553  	-0.0345  	0.44273  	0.10075  	0.09547  	-0.2223  	-0.1662  	0.46668  	-0.1379  	0.04206  	-0.2319  	0.19030  	0.15510  	-0.0352  	0.03290  	-0.1371  	-0.0518  	-0.0617  	-0.0340  	-0.0149  	-0.0295  	-0.0153  	-0.0214  	-0.0215  	0.01495  	-0.0028  	0.00150  	0.00213  	-0.0014  	-0.0003  	0.02479  	0.01276  	0.08411  	0.01040  	0.00532  	0.01241  	0.03785  	-0.7581  	
-0.3977  	-0.1683  	-0.7699  	-0.3992  	0.00638  	-0.4974  	0.05039  	-0.1819  	0.00999  	0.12942  	-0.4395  	-0.4814  	0.17817  	-0.1092  	-0.0770  	0.75361  	-0.1193  	0.05836  	0.29887  	0.64789  	-0.0560  	0.34689  	-0.5612  	0.31106  	0.82282  	-0.2074  	0.09712  	0.26003  	0.33419  	0.25388  	-0.1532  	0.18919  	0.08379  	-0.0305  	0.46157  	0.12286  	0.06519  	-0.2325  	-0.1481  	0.48283  	-0.1509  	0.04741  	-0.2287  	0.19356  	0.15097  	-0.0440  	0.03571  	-0.1317  	-0.0378  	-0.0606  	-0.0283  	-0.0199  	-0.0301  	-0.0129  	-0.0160  	-0.0245  	0.01763  	-0.0055  	-0.0011  	0.00293  	-0.0090  	0.00032  	0.02735  	0.01250  	0.08411  	0.01040  	0.00532  	0.01241  	0.03785  	-0.7581  	
-0.3885  	-0.1625  	-0.7657  	-0.4193  	-0.0077  	-0.4965  	0.04514  	-0.1880  	0.02485  	0.16218  	-0.4056  	-0.4643  	0.18266  	-0.1415  	-0.1333  	0.74697  	-0.1066  	0.07755  	0.30057  	0.68586  	-0.0687  	0.33303  	-0.6279  	0.26645  	0.83303  	-0.2217  	0.05477  	0.31780  	0.37319  	0.25264  	-0.1567  	0.18483  	0.07070  	-0.0266  	0.45589  	0.14766  	0.02889  	-0.2459  	-0.1210  	0.49147  	-0.1450  	0.04907  	-0.2315  	0.18300  	0.15572  	-0.0371  	0.03470  	-0.1286  	-0.0414  	-0.0612  	-0.0215  	-0.0190  	-0.0283  	-0.0194  	-0.0116  	-0.0232  	0.02292  	-0.0024  	0.00320  	-0.0002  	-0.0050  	-0.0037  	0.02543  	0.01404  	0.08411  	0.01040  	0.00532  	0.01241  	0.03785  	-0.7581  	
-0.3710  	-0.1780  	-0.7382  	-0.4726  	-0.0269  	-0.4819  	0.04774  	-0.2125  	0.01314  	0.15517  	-0.3878  	-0.5063  	0.17764  	-0.1635  	-0.1938  	0.78286  	-0.1234  	0.07797  	0.30739  	0.65490  	-0.0832  	0.34200  	-0.6047  	0.27382  	0.83617  	-0.2171  	0.08601  	0.28614  	0.36908  	0.26085  	-0.1492  	0.18437  	0.06985  	-0.0285  	0.45219  	0.16900  	0.03993  	-0.2341  	-0.1421  	0.50028  	-0.1373  	0.05171  	-0.2264  	0.18519  	0.15151  	-0.0366  	0.03372  	-0.1250  	-0.0385  	-0.0567  	-0.0205  	-0.0183  	-0.0281  	-0.0175  	-0.0135  	-0.0235  	0.01985  	-0.0035  	-8.1513  	-7.0659  	-0.0074  	-0.0034  	0.02543  	0.01098  	0.08411  	0.01040  	0.00532  	0.01241  	0.03785  	-0.7581  	
-0.4496  	-0.1826  	-0.7834  	-0.5131  	-0.0436  	-0.5158  	0.02573  	-0.2217  	-0.0022  	0.12480  	-0.4023  	-0.5437  	0.14321  	-0.1841  	-0.1866  	0.74465  	-0.0994  	0.04689  	0.31081  	0.63883  	-0.0439  	0.34381  	-0.5706  	0.31467  	0.85353  	-0.2084  	0.12592  	0.25933  	0.31625  	0.25331  	-0.1554  	0.19839  	0.06487  	-0.0408  	0.46186  	0.15145  	0.08801  	-0.2370  	-0.1604  	0.48595  	-0.1414  	0.05614  	-0.2299  	0.19470  	0.15629  	-0.0371  	0.03035  	-0.1337  	-0.0454  	-0.0551  	-0.0251  	-0.0179  	-0.0276  	-0.0156  	-0.0160  	-0.0236  	0.01858  	-0.0060  	-0.0001  	0.00218  	-0.0069  	-0.0023  	0.02644  	0.01585  	0.08411  	0.01040  	0.00532  	0.01241  	0.03785  	-0.7581  	
-0.5297  	-0.1993  	-0.8681  	-0.3707  	0.01229  	-0.5514  	-0.0224  	-0.1559  	-0.0252  	0.05236  	-0.4420  	-0.4853  	0.19585  	-0.1706  	-0.0381  	0.64773  	-0.0128  	-0.0999  	0.36868  	0.41008  	0.03569  	0.20057  	-0.7342  	0.34834  	0.82895  	-0.1388  	0.17636  	0.16487  	0.36677  	0.25436  	-0.0853  	0.16639  	-0.0253  	-0.1618  	0.42980  	0.12189  	0.01856  	-0.2355  	-0.2527  	0.40568  	-0.1248  	0.15019  	-0.3265  	0.24621  	0.11621  	-0.0295  	0.01252  	-0.1259  	-0.0540  	-0.0768  	-0.0187  	-0.0167  	-0.0280  	-0.0049  	-0.0134  	-0.0246  	0.02082  	-0.0109  	0.00389  	0.00500  	-0.0014  	-0.0098  	0.01651  	0.01451  	0.08411  	0.01040  	0.00532  	0.01241  	0.03785  	-0.7581  	
-0.4393  	-0.1694  	-0.8019  	-0.2499  	0.08449  	-0.5085  	-0.0457  	-0.0818  	-0.0229  	0.02340  	-0.4518  	-0.3941  	0.25306  	-0.0929  	0.10161  	0.60602  	0.04824  	-0.2017  	0.40239  	0.26895  	0.10619  	0.08130  	-0.8876  	0.35715  	0.76685  	-0.0829  	0.15906  	0.12029  	0.43892  	0.25779  	-0.0290  	0.12377  	-0.0496  	-0.2504  	0.40235  	0.06045  	-0.0353  	-0.2537  	-0.3089  	0.34637  	-0.0899  	0.22625  	-0.3913  	0.28429  	0.08595  	-0.0125  	-0.0016  	-0.1130  	-0.0606  	-0.0856  	-0.0200  	-0.0177  	-0.0334  	0.00181  	-0.0116  	-0.0179  	0.01846  	-0.0205  	0.00356  	0.00835  	0.00045  	-0.0043  	-0.0049  	0.01140  	0.08411  	0.01040  	0.00532  	0.01241  	0.03785  	-0.7581  	
-0.3914  	-0.1463  	-0.7973  	-0.1291  	0.17141  	-0.4736  	-0.0501  	-0.0437  	0.00246  	0.02375  	-0.5085  	-0.3314  	0.31436  	-0.0358  	0.18421  	0.63426  	0.04103  	-0.2239  	0.39294  	0.25325  	0.09962  	0.04824  	-0.9634  	0.34869  	0.77261  	-0.0653  	0.12741  	0.12848  	0.46951  	0.25701  	0.00142  	0.09941  	-0.0495  	-0.2671  	0.39249  	0.04320  	-0.0972  	-0.2708  	-0.2895  	0.36773  	-0.1056  	0.26484  	-0.4122  	0.28936  	0.07439  	-0.0062  	-0.0015  	-0.1068  	-0.0612  	-0.0774  	-0.0192  	-0.0144  	-0.0354  	0.00466  	-0.0106  	-0.0212  	0.02221  	-0.0184  	0.00429  	0.00715  	0.00098  	-0.0081  	-0.0059  	0.01403  	0.08411  	0.01040  	0.00532  	0.01241  	0.03785  	-0.7581  	
-0.3896  	-0.1254  	-0.8161  	-0.0804  	0.18036  	-0.4626  	-0.0509  	-0.0249  	0.00634  	0.01899  	-0.5376  	-0.3470  	0.32065  	0.00223  	0.23206  	0.63543  	0.01945  	-0.1963  	0.39394  	0.30824  	0.08083  	0.08269  	-0.9507  	0.34364  	0.78111  	-0.0798  	0.12091  	0.15259  	0.46569  	0.27522  	-0.0180  	0.09921  	-0.0431  	-0.2407  	0.41509  	0.03420  	-0.0907  	-0.2682  	-0.2668  	0.38725  	-0.1292  	0.24307  	-0.3990  	0.27101  	0.08481  	-0.0086  	0.00178  	-0.1034  	-0.0634  	-0.0751  	-0.0202  	-0.0111  	-0.0289  	0.00390  	-0.0114  	-0.0179  	0.01883  	-0.0231  	0.01030  	0.01455  	-0.0011  	-0.0075  	-0.0072  	0.01049  	0.08411  	0.01040  	0.00532  	0.01241  	0.03785  	-0.7581  	
-0.3579  	-0.1169  	-0.7907  	-0.1208  	0.12712  	-0.4123  	-0.0406  	-0.0532  	0.02251  	0.00684  	-0.5732  	-0.3887  	0.29086  	0.06587  	0.24224  	0.62331  	-0.0272  	-0.1413  	0.34367  	0.44471  	0.08327  	0.22347  	-0.7613  	0.36362  	0.78454  	-0.1370  	0.15140  	0.15983  	0.38305  	0.29479  	-0.0808  	0.14373  	0.01248  	-0.1561  	0.46808  	0.01696  	0.00317  	-0.2543  	-0.2234  	0.42534  	-0.1585  	0.14909  	-0.3226  	0.24474  	0.11643  	-0.0218  	0.01589  	-0.1154  	-0.0515  	-0.0661  	-0.0220  	-0.0177  	-0.0312  	-0.0044  	-0.0158  	-0.0191  	0.01608  	-0.0133  	0.00327  	0.00809  	-0.0028  	0.00033  	0.00461  	0.00814  	0.08411  	0.01040  	0.00532  	0.01241  	0.03785  	-0.7581  	
-0.2023  	-0.0701  	-0.6377  	-0.2660  	0.02159  	-0.3437  	0.02661  	-0.0531  	0.06883  	0.05786  	-0.4635  	-0.4647  	0.23641  	0.12391  	0.14455  	0.73792  	-0.0798  	-0.0509  	0.30614  	0.55845  	0.18341  	0.40414  	-0.5259  	0.41672  	0.82997  	-0.2389  	0.22454  	0.04783  	0.18312  	0.25527  	-0.1800  	0.21980  	0.09326  	-0.0486  	0.58134  	0.01392  	0.18205  	-0.2155  	-0.1797  	0.45117  	-0.2121  	0.05996  	-0.2446  	0.18115  	0.15870  	-0.0304  	0.02036  	-0.1163  	-0.0328  	-0.0522  	-0.0273  	-0.0207  	-0.0295  	-0.0181  	-0.0195  	-0.0059  	0.01202  	-0.0069  	0.00284  	0.00671  	-0.0023  	0.00381  	0.02369  	0.01157  	0.08411  	0.01040  	0.00532  	0.01241  	0.03785  	-0.7581  	
-0.1527  	-0.0580  	-0.6147  	-0.3180  	0.00033  	-0.3672  	0.00544  	-0.0441  	0.06185  	0.08267  	-0.3987  	-0.4449  	0.20411  	0.07220  	0.06068  	0.83258  	-0.0761  	-0.0528  	0.32249  	0.53509  	0.20804  	0.38936  	-0.5103  	0.40860  	0.82738  	-0.2343  	0.24933  	-0.0078  	0.14039  	0.26243  	-0.1731  	0.22320  	0.08998  	-0.0387  	0.58702  	0.00240  	0.21035  	-0.1948  	-0.1927  	0.42817  	-0.2233  	0.06347  	-0.2282  	0.17609  	0.15297  	-0.0319  	0.02003  	-0.1150  	-0.0332  	-0.0577  	-0.0342  	-0.0187  	-0.0278  	-0.0156  	-0.0210  	-0.0089  	0.00913  	-0.0079  	0.00055  	0.00644  	-0.0062  	0.00059  	0.02430  	0.00772  	0.08411  	0.01040  	0.00532  	0.01241  	0.03785  	-0.7581  	
-0.1721  	-0.0839  	-0.5715  	-0.4172  	-0.1003  	-0.3964  	0.03564  	-0.0053  	0.09021  	0.10435  	-0.2931  	-0.4175  	0.19489  	0.03506  	-0.0488  	0.84685  	-0.0874  	-0.0313  	0.34495  	0.57625  	0.24940  	0.37023  	-0.5053  	0.34587  	0.82797  	-0.2468  	0.19749  	0.00263  	0.14785  	0.22065  	-0.1640  	0.21610  	0.10569  	-0.0474  	0.53858  	-0.0022  	0.23722  	-0.1840  	-0.1755  	0.42337  	-0.1867  	0.05145  	-0.2092  	0.19423  	0.16227  	-0.0352  	0.02162  	-0.1107  	-0.0270  	-0.0533  	-0.0309  	-0.0216  	-0.0309  	-0.0128  	-0.0189  	-0.0065  	0.00833  	-0.0030  	-0.0056  	0.00825  	-0.0044  	-0.0047  	0.02325  	0.01070  	0.08411  	0.01040  	0.00532  	0.01241  	0.03785  	-0.7581  	
-0.2628  	-0.0822  	-0.6260  	-0.3126  	-0.0098  	-0.4409  	0.03163  	-0.0406  	0.08074  	0.14770  	-0.3914  	-0.4406  	0.20927  	0.12204  	0.09519  	0.83781  	-0.0585  	-0.0450  	0.32678  	0.59987  	0.18272  	0.38969  	-0.5905  	0.37135  	0.94578  	-0.2482  	0.25095  	0.01259  	0.23422  	0.27171  	-0.2038  	0.21744  	0.08949  	-0.0466  	0.55110  	0.04824  	0.18684  	-0.2111  	-0.1451  	0.48254  	-0.2082  	0.06678  	-0.2265  	0.18562  	0.15834  	-0.0469  	0.02581  	-0.1058  	-0.0214  	-0.0684  	-0.0240  	-0.0200  	-0.0311  	-0.0057  	-0.0173  	-0.0110  	0.00615  	-0.0066  	-0.0001  	0.01296  	-0.0035  	-0.0025  	0.02753  	0.01041  	0.08411  	0.01040  	0.00532  	0.01241  	0.03785  	-0.7581  	
-0.2819  	-0.0991  	-0.8018  	0.18415  	0.30182  	-0.3930  	0.04793  	-0.1271  	0.04654  	0.09189  	-0.6307  	-0.4070  	0.28509  	0.28563  	0.32474  	0.63668  	-0.0783  	-0.0530  	0.29204  	0.58075  	0.01698  	0.41340  	-0.6130  	0.39311  	0.99886  	-0.2525  	0.23979  	0.19643  	0.36355  	0.34503  	-0.2265  	0.17614  	0.06977  	-0.0377  	0.57574  	0.07887  	0.06296  	-0.2784  	-0.1286  	0.51664  	-0.2761  	0.08759  	-0.2745  	0.17512  	0.16376  	-0.0401  	0.01877  	-0.1163  	-0.0282  	-0.0581  	-0.0324  	-0.0232  	-0.0284  	-0.0156  	-0.0193  	-0.0145  	0.03172  	-0.0054  	0.00017  	0.00537  	-0.0057  	-1.5739  	0.02478  	0.01285  	0.08411  	0.01040  	0.00532  	0.01241  	0.03785  	-0.7581  	
-0.2905  	-0.0956  	-0.8645  	0.24249  	0.37595  	-0.3913  	0.03874  	-0.0936  	0.04302  	0.03631  	-0.7103  	-0.4061  	0.30911  	0.32023  	0.36532  	0.66639  	-0.1147  	-0.0456  	0.25173  	0.65592  	-0.0276  	0.41391  	-0.6779  	0.40552  	0.96545  	-0.2482  	0.16722  	0.26514  	0.43961  	0.37362  	-0.2334  	0.17060  	0.06169  	-0.0119  	0.57356  	0.09138  	-0.0169  	-0.2853  	-0.0992  	0.52118  	-0.2852  	0.07544  	-0.2793  	0.16990  	0.18011  	-0.0407  	0.02215  	-0.1261  	-0.0312  	-0.0633  	-0.0285  	-0.0278  	-0.0279  	-0.0190  	-0.0239  	-0.0207  	0.02497  	-0.0002  	-0.0026  	-0.0027  	-0.0053  	-0.0051  	0.02140  	0.02069  	0.08411  	0.01040  	0.00532  	0.01241  	0.03785  	-0.7581  	
-0.3458  	-0.1140  	-0.8717  	0.06086  	0.25699  	-0.4010  	0.00744  	-0.1113  	0.02033  	0.03815  	-0.6889  	-0.3869  	0.31458  	0.23428  	0.29546  	0.68713  	-0.1144  	-0.0044  	0.26772  	0.64235  	-0.0411  	0.42361  	-0.6379  	0.35299  	0.90772  	-0.2271  	0.15507  	0.29545  	0.43700  	0.34995  	-0.2078  	0.16241  	0.08509  	-0.0060  	0.53451  	0.06932  	-0.0265  	-0.2836  	-0.1131  	0.48516  	-0.2280  	0.07213  	-0.2601  	0.16863  	0.16029  	-0.0361  	0.02967  	-0.1223  	-0.0303  	-0.0675  	-0.0242  	-0.0214  	-0.0227  	-0.0168  	-0.0221  	-0.0114  	0.01785  	-0.0037  	0.00692  	-0.0002  	-0.0002  	-0.0028  	0.02111  	0.00576  	0.08411  	0.01040  	0.00532  	0.01241  	0.03785  	-0.7581  	
-0.3959  	-0.1142  	-0.8380  	-0.1343  	0.15071  	-0.3900  	-0.0083  	-0.1316  	0.02521  	0.03335  	-0.6587  	-0.4096  	0.25820  	0.06660  	0.17150  	0.71368  	-0.0940  	0.02812  	0.31458  	0.62428  	-0.0103  	0.42437  	-0.5547  	0.35847  	0.83481  	-0.1991  	0.13799  	0.26014  	0.38620  	0.30255  	-0.2015  	0.15410  	0.07965  	-0.0046  	0.48499  	0.07564  	0.02017  	-0.2625  	-0.1186  	0.48541  	-0.1997  	0.06553  	-0.2423  	0.19742  	0.14999  	-0.0382  	0.02904  	-0.1083  	-0.0395  	-0.0676  	-0.0330  	-0.0240  	-0.0257  	-0.0186  	-0.0177  	-0.0144  	0.01924  	0.00210  	0.00496  	-0.0015  	-0.0002  	-0.0077  	0.01638  	0.00823  	0.08411  	0.01040  	0.00532  	0.01241  	0.03785  	-0.7581  	
-0.3204  	-0.1220  	-0.7548  	-0.1862  	0.11206  	-0.3451  	0.00628  	-0.1112  	0.02098  	0.02227  	-0.6633  	-0.5126  	0.22229  	0.05411  	0.21792  	0.69871  	-0.0685  	-0.0131  	0.28853  	0.57959  	0.05316  	0.42100  	-0.5001  	0.37819  	0.84038  	-0.2184  	0.20038  	0.14226  	0.32921  	0.30046  	-0.1955  	0.17888  	0.07432  	-0.0182  	0.50849  	0.04955  	0.06454  	-0.2424  	-0.1464  	0.48487  	-0.2063  	0.06760  	-0.2298  	0.17829  	0.14921  	-0.0367  	0.03059  	-0.1066  	-0.0394  	-0.0621  	-0.0326  	-0.0191  	-0.0293  	-0.0154  	-0.0174  	-0.0156  	0.01426  	-0.0045  	0.00055  	-0.0028  	0.00129  	-0.0015  	0.02079  	0.00873  	0.08411  	0.01040  	0.00532  	0.01241  	0.03785  	-0.7581  	
-0.2645  	-0.1247  	-0.7241  	-0.2827  	0.04329  	-0.4133  	0.03000  	-0.1360  	0.02641  	0.08791  	-0.5326  	-0.5214  	0.22200  	-0.0045  	0.09096  	0.72827  	-0.0837  	0.01742  	0.32328  	0.60916  	0.06339  	0.39384  	-0.5379  	0.35628  	0.87294  	-0.2317  	0.18784  	0.10354  	0.27303  	0.27238  	-0.1816  	0.20481  	0.06109  	-0.0379  	0.53894  	0.08636  	0.12110  	-0.2301  	-0.1779  	0.47157  	-0.2066  	0.06468  	-0.2371  	0.18750  	0.15168  	-0.0319  	0.02065  	-0.1284  	-0.0338  	-0.0565  	-0.0272  	-0.0206  	-0.0315  	-0.0117  	-0.0141  	-0.0082  	0.01629  	-0.0037  	-0.0004  	0.00365  	-0.0062  	-0.0004  	0.01824  	0.00545  	0.08411  	0.01040  	0.00532  	0.01241  	0.03785  	-0.7581  	
-0.3531  	-0.1476  	-0.7355  	-0.4407  	-0.0182  	-0.4876  	0.04652  	-0.1907  	0.01003  	0.18252  	-0.4103  	-0.4900  	0.18040  	-0.1121  	-0.1672  	0.80829  	-0.1169  	0.07451  	0.29812  	0.65006  	-0.0925  	0.36545  	-0.6258  	0.29053  	0.84333  	-0.2147  	0.07755  	0.24933  	0.36451  	0.25931  	-0.1506  	0.18297  	0.08140  	-0.0301  	0.45389  	0.15027  	0.03756  	-0.2451  	-0.1279  	0.49888  	-0.1378  	0.04459  	-0.2119  	0.18948  	0.15377  	-0.0387  	0.03456  	-0.1176  	-0.0396  	-0.0630  	-0.0252  	-0.0212  	-0.0297  	-0.0210  	-0.0077  	-0.0274  	0.01815  	-0.0058  	-0.0030  	-0.0021  	-0.0092  	-0.0025  	0.02740  	0.01593  	0.08411  	0.01040  	0.00532  	0.01241  	0.03785  	-0.7581  	
-0.5428  	-0.2025  	-0.8431  	-0.5778  	-0.1194  	-0.6343  	0.03690  	-0.2235  	-0.0118  	0.18112  	-0.3732  	-0.5660  	0.20433  	-0.1473  	-0.2288  	0.72025  	-0.1152  	0.06726  	0.30319  	0.64314  	-0.0812  	0.35711  	-0.5851  	0.29249  	0.85736  	-0.1950  	0.10309  	0.27840  	0.37157  	0.25084  	-0.1365  	0.18386  	0.06500  	-0.0421  	0.45040  	0.20238  	0.00842  	-0.2391  	-0.1381  	0.48147  	-0.1132  	0.06141  	-0.2170  	0.18593  	0.15677  	-0.0494  	0.03620  	-0.1293  	-0.0466  	-0.0646  	-0.0213  	-0.0129  	-0.0337  	-0.0192  	-0.0114  	-0.0233  	0.01486  	-0.0024  	0.00331  	0.00086  	-0.0006  	-0.0018  	0.02842  	0.01736  	0.08411  	0.01040  	0.00532  	0.01241  	0.03785  	-0.7581  	
-0.7159  	-0.2430  	-0.9890  	-0.6025  	-0.0759  	-0.7103  	-0.0105  	-0.2599  	-0.0401  	0.19040  	-0.2864  	-0.5192  	0.15353  	-0.2090  	-0.2571  	0.68113  	-0.0812  	0.02851  	0.32243  	0.62862  	-0.0329  	0.36809  	-0.5554  	0.33880  	0.90867  	-0.1972  	0.13948  	0.18106  	0.30627  	0.26158  	-0.1414  	0.17174  	0.05591  	-0.0491  	0.48179  	0.16846  	0.06822  	-0.2443  	-0.1786  	0.45890  	-0.1697  	0.07325  	-0.2514  	0.16615  	0.17272  	-0.0344  	0.04058  	-0.1487  	-0.0547  	-0.0544  	-0.0291  	-0.0146  	-0.0360  	-0.0207  	-0.0221  	-0.0203  	0.01793  	-0.0079  	0.00650  	0.00830  	-0.0086  	-0.0069  	0.02507  	0.00991  	0.08411  	0.01040  	0.00532  	0.01241  	0.03785  	-0.7581  	
-0.7616  	-0.2816  	-0.9860  	-0.6840  	-0.1487  	-0.7296  	-0.0504  	-0.1982  	-0.0172  	0.16309  	-0.2205  	-0.5155  	0.14093  	-0.1602  	-0.1663  	0.55674  	-0.0611  	-0.0078  	0.30827  	0.62155  	0.07632  	0.31552  	-0.4838  	0.35307  	0.82892  	-0.1879  	0.13612  	0.16652  	0.26701  	0.23138  	-0.1250  	0.17785  	0.08088  	-0.0640  	0.46976  	0.09706  	0.13425  	-0.2266  	-0.1872  	0.43309  	-0.1732  	0.04340  	-0.2628  	0.17447  	0.16730  	-0.0330  	0.04676  	-0.1608  	-0.0531  	-0.0597  	-0.0387  	-0.0219  	-0.0283  	-0.0186  	-0.0197  	-0.0286  	0.01460  	-0.0006  	-0.0028  	0.00763  	-0.0024  	-0.0014  	0.02179  	0.01287  	0.08411  	0.01040  	0.00532  	0.01241  	0.03785  	-0.7581  	
-0.7573  	-0.2505  	-0.9215  	-0.7088  	-0.1710  	-0.6894  	-0.0199  	-0.2076  	-0.0129  	0.19614  	-0.2269  	-0.5340  	0.15751  	-0.1401  	-0.1922  	0.59394  	-0.0462  	0.01434  	0.29679  	0.61461  	0.03425  	0.34372  	-0.4888  	0.33845  	0.80194  	-0.1872  	0.09581  	0.17349  	0.28842  	0.19884  	-0.1379  	0.15833  	0.06793  	-0.0446  	0.42169  	0.09447  	0.08274  	-0.2287  	-0.1526  	0.43383  	-0.1522  	0.05299  	-0.2444  	0.16601  	0.15860  	-0.0344  	0.03852  	-0.1436  	-0.0483  	-0.0598  	-0.0346  	-0.0186  	-0.0312  	-0.0170  	-0.0198  	-0.0224  	0.01361  	-0.0065  	0.00052  	0.00074  	0.00080  	0.00406  	0.02133  	0.01487  	0.08411  	0.01040  	0.00532  	0.01241  	0.03785  	-0.7581  	
-0.6479  	-0.2096  	-0.9088  	-0.6233  	-0.1070  	-0.5618  	-0.0128  	-0.2063  	-0.0216  	0.11530  	-0.3565  	-0.4948  	0.13673  	-0.2223  	-0.1957  	0.67650  	-0.0609  	0.05477  	0.32912  	0.61174  	-0.0310  	0.37585  	-0.4708  	0.31094  	0.83087  	-0.1861  	0.08093  	0.24128  	0.33615  	0.23846  	-0.1168  	0.15641  	0.07122  	-0.0486  	0.36757  	0.09431  	0.05067  	-0.2481  	-0.1366  	0.46313  	-0.1173  	0.05116  	-0.2192  	0.18394  	0.15620  	-0.0353  	0.03531  	-0.1294  	-0.0546  	-0.0552  	-0.0405  	-0.0158  	-0.0354  	-0.0202  	-0.0225  	-0.0246  	0.01925  	-0.0068  	0.00235  	-0.0007  	-0.0001  	-0.0005  	0.02548  	0.01321  	0.08411  	0.01040  	0.00532  	0.01241  	0.03785  	-0.7581  	
-0.5407  	-0.1983  	-0.8614  	-0.5236  	-0.0430  	-0.5275  	-0.0257  	-0.1880  	-0.0130  	0.10670  	-0.4377  	-0.4409  	0.17002  	-0.2272  	-0.1675  	0.70234  	-0.0722  	0.05098  	0.30869  	0.61697  	-0.0860  	0.35649  	-0.5168  	0.28552  	0.81498  	-0.1916  	0.06962  	0.28008  	0.36358  	0.22798  	-0.1326  	0.17072  	0.08165  	-0.0362  	0.39990  	0.12127  	0.03393  	-0.2395  	-0.1157  	0.48405  	-0.1163  	0.04789  	-0.2005  	0.19358  	0.15624  	-0.0323  	0.03756  	-0.1253  	-0.0446  	-0.0562  	-0.0323  	-0.0186  	-0.0345  	-0.0191  	-0.0163  	-0.0285  	0.02397  	-0.0018  	-7.5399  	0.00048  	0.00115  	-0.0072  	0.02947  	0.01606  	0.08411  	0.01040  	0.00532  	0.01241  	0.03785  	-0.7581  	
-0.4639  	-0.1705  	-0.7864  	-0.4467  	0.01091  	-0.5358  	0.01654  	-0.1935  	0.00222  	0.15816  	-0.4141  	-0.4523  	0.15739  	-0.2086  	-0.1463  	0.76558  	-0.1062  	0.06066  	0.30286  	0.64005  	-0.0895  	0.34478  	-0.5550  	0.26599  	0.82389  	-0.2168  	0.06953  	0.30151  	0.35595  	0.25110  	-0.1450  	0.17768  	0.07150  	-0.0333  	0.44069  	0.14208  	0.04039  	-0.2421  	-0.1316  	0.47524  	-0.1283  	0.05025  	-0.2209  	0.18340  	0.15212  	-0.0350  	0.03741  	-0.1214  	-0.0425  	-0.0643  	-0.0238  	-0.0182  	-0.0267  	-0.0194  	-0.0160  	-0.0232  	0.02238  	-0.0034  	-0.0013  	0.00358  	-0.0025  	-0.0068  	0.03028  	0.01666  	0.08411  	0.01040  	0.00532  	0.01241  	0.03785  	-0.7581  	
-0.4023  	-0.1696  	-0.7931  	-0.4219  	0.01942  	-0.5099  	0.02889  	-0.1986  	-0.0004  	0.18314  	-0.3623  	-0.4686  	0.14078  	-0.1964  	-0.1780  	0.79768  	-0.1168  	0.08109  	0.29783  	0.65216  	-0.0678  	0.33163  	-0.5914  	0.27592  	0.84127  	-0.2336  	0.09468  	0.29727  	0.35448  	0.26323  	-0.1699  	0.19215  	0.06138  	-0.0315  	0.48423  	0.15766  	0.05356  	-0.2410  	-0.1460  	0.47664  	-0.1615  	0.05162  	-0.2333  	0.18920  	0.16042  	-0.0325  	0.02817  	-0.1308  	-0.0410  	-0.0568  	-0.0227  	-0.0193  	-0.0262  	-0.0193  	-0.0166  	-0.0192  	0.02322  	-0.0020  	-0.0007  	-0.0003  	-0.0043  	-0.0080  	0.02596  	0.01357  	0.08411  	0.01040  	0.00532  	0.01241  	0.03785  	-0.7581  	
-0.4106  	-0.1859  	-0.7936  	-0.4643  	-0.0073  	-0.4980  	0.01606  	-0.2168  	-0.0099  	0.18416  	-0.3536  	-0.4811  	0.14039  	-0.2093  	-0.2235  	0.80589  	-0.1149  	0.05902  	0.30829  	0.64319  	-0.0428  	0.32920  	-0.5966  	0.30434  	0.82266  	-0.2268  	0.11933  	0.25430  	0.32524  	0.25791  	-0.1683  	0.19964  	0.06073  	-0.0331  	0.49648  	0.16139  	0.07269  	-0.2377  	-0.1574  	0.48281  	-0.1596  	0.06082  	-0.2352  	0.18697  	0.16401  	-0.0341  	0.02875  	-0.1371  	-0.0433  	-0.0551  	-0.0253  	-0.0205  	-0.0290  	-0.0178  	-0.0183  	-0.0168  	0.02127  	-0.0017  	-0.0020  	0.00183  	-0.0071  	-0.0061  	0.02423  	0.01354  	0.08411  	0.01040  	0.00532  	0.01241  	0.03785  	-0.7581  	
-0.2941  	-0.1451  	-0.7206  	-0.3531  	0.02757  	-0.4248  	-0.0051  	-0.1663  	0.00368  	0.13179  	-0.4346  	-0.5304  	0.17935  	-0.0422  	0.00594  	0.76352  	-0.0820  	-0.0615  	0.32864  	0.55475  	0.14836  	0.38946  	-0.5372  	0.43030  	0.78127  	-0.2251  	0.23491  	3.82053  	0.12191  	0.24076  	-0.1745  	0.24034  	0.06109  	-0.0612  	0.59995  	0.07588  	0.20338  	-0.2182  	-0.2145  	0.47559  	-0.1961  	0.06891  	-0.2483  	0.18797  	0.16179  	-0.0360  	0.03164  	-0.1369  	-0.0389  	-0.0535  	-0.0291  	-0.0176  	-0.0351  	-0.0178  	-0.0220  	-0.0233  	0.00789  	-0.0077  	-0.0038  	0.00157  	-0.0022  	0.00331  	0.02249  	0.00521  	0.08411  	0.01040  	0.00532  	0.01241  	0.03785  	-0.7581  	
-0.1533  	-0.0688  	-0.6549  	-0.2126  	0.04814  	-0.3652  	0.05229  	-0.1143  	0.03127  	0.17374  	-0.5477  	-0.5078  	0.27378  	0.13663  	0.21496  	0.62677  	-0.1020  	-0.0468  	0.30719  	0.53089  	0.07979  	0.43102  	-0.5270  	0.39425  	0.86830  	-0.2254  	0.23602  	0.01324  	0.26577  	0.28237  	-0.1662  	0.19949  	0.06710  	-0.0458  	0.56440  	0.06560  	0.12276  	-0.2305  	-0.1525  	0.49481  	-0.2123  	0.07023  	-0.2289  	0.19389  	0.15430  	-0.0379  	0.02345  	-0.1093  	-0.0314  	-0.0616  	-0.0172  	-0.0205  	-0.0295  	-0.0227  	-0.0159  	-0.0116  	0.01336  	-0.0032  	-0.0056  	0.00383  	-0.0024  	-0.0010  	0.01937  	0.01060  	0.08411  	0.01040  	0.00532  	0.01241  	0.03785  	-0.7581  	
-0.0953  	-0.0562  	-0.6120  	-0.2495  	0.05906  	-0.3277  	0.06597  	-0.0791  	0.04527  	0.16795  	-0.6909  	-0.5916  	0.36501  	0.23874  	0.24380  	0.60734  	-0.0823  	-0.0587  	0.31438  	0.47581  	0.01263  	0.50382  	-0.4890  	0.33925  	0.94038  	-0.2377  	0.26941  	0.02891  	0.31886  	0.32390  	-0.1412  	0.17493  	0.06538  	-0.0306  	0.47024  	0.05844  	0.09457  	-0.2417  	-0.1177  	0.48183  	-0.1921  	0.06266  	-0.2033  	0.21462  	0.14431  	-0.0389  	0.01845  	-0.0935  	-0.0099  	-0.0642  	-0.0304  	-0.0158  	-0.0288  	-0.0159  	-0.0168  	-0.0106  	0.00859  	-0.0064  	-0.0040  	0.00070  	-0.0010  	0.00423  	0.02231  	0.00061  	0.08411  	0.01040  	0.00532  	0.01241  	0.03785  	-0.7581  	
-0.2256  	-0.0783  	-0.6883  	-0.2660  	0.08562  	-0.4570  	0.07432  	-0.1002  	0.03812  	0.19857  	-0.5936  	-0.5572  	0.30627  	0.16968  	0.17585  	0.61306  	-0.0556  	-0.0822  	0.30288  	0.51972  	0.00879  	0.46118  	-0.5405  	0.35630  	1.02068  	-0.2484  	0.33191  	0.04944  	0.31237  	0.33073  	-0.1699  	0.19612  	0.05817  	-0.0467  	0.51423  	0.08443  	0.09859  	-0.2488  	-0.1154  	0.49410  	-0.2222  	0.07592  	-0.2311  	0.19535  	0.15985  	-0.0439  	0.01543  	-0.1035  	-0.0189  	-0.0600  	-0.0266  	-0.0213  	-0.0323  	-0.0143  	-0.0153  	-0.0092  	0.01674  	-0.0071  	0.00047  	0.00772  	0.00174  	0.00091  	0.02725  	0.00644  	0.08411  	0.01040  	0.00532  	0.01241  	0.03785  	-0.7581  	
-0.3031  	-0.1345  	-0.7833  	-0.0630  	0.17214  	-0.4294  	0.04970  	-0.1061  	0.03628  	0.17216  	-0.5099  	-0.4485  	0.26585  	0.18547  	0.26899  	0.73287  	-0.0785  	-0.0294  	0.29726  	0.61347  	0.05644  	0.41909  	-0.5906  	0.40235  	0.91742  	-0.2233  	0.23538  	0.12399  	0.23963  	0.32483  	-0.1524  	0.18969  	0.09262  	-0.0342  	0.59617  	0.03713  	0.13112  	-0.2591  	-0.1736  	0.48468  	-0.2510  	0.06685  	-0.2757  	0.19061  	0.16006  	-0.0288  	0.02113  	-0.1332  	-0.0422  	-0.0598  	-0.0325  	-0.0203  	-0.0309  	-0.0167  	-0.0225  	-0.0172  	0.02125  	-0.0081  	-0.0009  	-0.0010  	-0.0016  	0.00422  	0.02371  	-0.0007  	0.08411  	0.01040  	0.00532  	0.01241  	0.03785  	-0.7581  	
-0.5246  	-0.2104  	-0.9495  	-0.2765  	0.12810  	-0.6640  	0.04230  	-0.2008  	0.01392  	0.15344  	-0.3767  	-0.2889  	0.24327  	0.02286  	0.00782  	0.64615  	-0.1393  	0.07391  	0.27545  	0.71447  	0.01174  	0.37062  	-0.6040  	0.37710  	0.77119  	-0.2184  	0.03699  	0.23580  	0.26750  	0.25889  	-0.1377  	0.14326  	0.11085  	-0.0137  	0.54509  	0.05661  	0.04167  	-0.2406  	-0.1518  	0.46146  	-0.2086  	0.06039  	-0.2739  	0.15085  	0.15403  	-0.0386  	0.03361  	-0.1308  	-0.0542  	-0.0492  	-0.0196  	-0.0191  	-0.0310  	-0.0188  	-0.0230  	-0.0182  	0.02114  	-0.0033  	-0.0068  	-0.0040  	0.00139  	0.00835  	0.03105  	0.00422  	0.08411  	0.01040  	0.00532  	0.01241  	0.03785  	-0.7581  	
-0.6793  	-0.1875  	-1.0010  	-0.5015  	0.07329  	-0.7896  	0.04653  	-0.2595  	-0.0223  	0.18342  	-0.3016  	-0.4226  	0.18523  	-0.0749  	-0.1390  	0.59341  	-0.1379  	0.09439  	0.31104  	0.72139  	-0.0009  	0.32126  	-0.6007  	0.35765  	0.80394  	-0.2013  	0.05358  	0.23748  	0.26620  	0.21960  	-0.1556  	0.13245  	0.09507  	-0.0368  	0.50919  	0.10506  	0.06452  	-0.2517  	-0.1389  	0.47430  	-0.1918  	0.08046  	-0.2610  	0.16224  	0.15837  	-0.0304  	0.03475  	-0.1422  	-0.0461  	-0.0590  	-0.0219  	-0.0236  	-0.0344  	-0.0080  	-0.0156  	-0.0138  	0.01787  	-0.0097  	-0.0052  	-0.0006  	-0.0053  	0.00210  	0.01020  	0.01155  	0.08411  	0.01040  	0.00532  	0.01241  	0.03785  	-0.7581  	
-0.7087  	-0.2395  	-0.9797  	-0.5370  	0.01367  	-0.6709  	0.03278  	-0.1948  	-0.0107  	0.15227  	-0.2880  	-0.4867  	0.15235  	-0.1392  	-0.2069  	0.62562  	-0.0954  	0.04937  	0.29834  	0.68669  	0.00436  	0.33766  	-0.5445  	0.32796  	0.79797  	-0.1900  	0.07423  	0.24808  	0.32080  	0.23637  	-0.1458  	0.15872  	0.07505  	-0.0279  	0.45943  	0.10352  	0.05870  	-0.2455  	-0.1408  	0.45441  	-0.1627  	0.06067  	-0.2586  	0.16515  	0.16376  	-0.0348  	0.03739  	-0.1562  	-0.0494  	-0.0577  	-0.0293  	-0.0172  	-0.0352  	-0.0147  	-0.0156  	-0.0209  	0.01426  	8.14488  	-0.0009  	0.00117  	-0.0017  	-0.0042  	0.02304  	0.01101  	0.08411  	0.01040  	0.00532  	0.01241  	0.03785  	-0.7581  	
-0.7070  	-0.2228  	-0.9201  	-0.5931  	-0.0813  	-0.6620  	0.00130  	-0.1946  	-0.0215  	0.15546  	-0.3236  	-0.5281  	0.16801  	-0.1768  	-0.1832  	0.61236  	-0.0714  	0.03267  	0.29754  	0.63563  	5.18828  	0.37157  	-0.5208  	0.30385  	0.81737  	-0.1902  	0.09491  	0.21038  	0.30302  	0.23527  	-0.1327  	0.16417  	0.07347  	-0.0419  	0.42174  	0.10352  	0.06118  	-0.2393  	-0.1266  	0.44766  	-0.1613  	0.05194  	-0.2317  	0.17021  	0.16483  	-0.0364  	0.03901  	-0.1462  	-0.0543  	-0.0509  	-0.0366  	-0.0182  	-0.0340  	-0.0144  	-0.0170  	-0.0255  	0.01723  	-0.0034  	0.00198  	0.00503  	-0.0057  	0.00123  	0.02207  	0.01706  	0.08411  	0.01040  	0.00532  	0.01241  	0.03785  	-0.7581  	
-0.5984  	-0.2136  	-0.8503  	-0.5361  	-0.0954  	-0.5663  	-0.0007  	-0.1783  	0.01086  	0.11587  	-0.4205  	-0.5153  	0.17516  	-0.1715  	-0.1136  	0.64419  	-0.0525  	0.03772  	0.31691  	0.62077  	-5.9439  	0.36839  	-0.5046  	0.28075  	0.81827  	-0.1842  	0.10418  	0.21560  	0.31259  	0.23739  	-0.1317  	0.17602  	0.07768  	-0.0395  	0.39427  	0.07625  	0.07812  	-0.2357  	-0.1432  	0.44370  	-0.1322  	0.03746  	-0.2205  	0.18643  	0.16059  	-0.0376  	0.03714  	-0.1369  	-0.0488  	-0.0611  	-0.0391  	-0.0174  	-0.0317  	-0.0179  	-0.0183  	-0.0253  	0.01663  	-0.0038  	0.00089  	0.00379  	-0.0013  	-0.0009  	0.02507  	0.01671  	0.08411  	0.01040  	0.00532  	0.01241  	0.03785  	-0.7581  	
-0.4929  	-0.1644  	-0.8129  	-0.5007  	-0.0626  	-0.5171  	0.01943  	-0.1591  	0.02861  	0.10855  	-0.4592  	-0.5100  	0.19323  	-0.1437  	-0.0873  	0.67145  	-0.0701  	0.06878  	0.30740  	0.63334  	-0.0396  	0.36725  	-0.5508  	0.24337  	0.79032  	-0.1928  	0.05866  	0.27862  	0.34777  	0.23033  	-0.1397  	0.16477  	0.08479  	-0.0312  	0.40044  	0.08992  	0.05064  	-0.2310  	-0.1304  	0.47053  	-0.0953  	0.04277  	-0.2077  	0.19419  	0.14541  	-0.0391  	0.02729  	-0.1255  	-0.0481  	-0.0572  	-0.0339  	-0.0172  	-0.0302  	-0.0155  	-0.0159  	-0.0189  	0.01890  	-0.0100  	-0.0003  	5.09650  	0.00036  	0.00637  	0.02112  	0.01554  	0.08411  	0.01040  	0.00532  	0.01241  	0.03785  	-0.7581  	
-0.4757  	-0.1489  	-0.8220  	-0.4128  	-0.0278  	-0.4636  	-0.0231  	-0.1349  	0.01928  	0.08246  	-0.4272  	-0.4968  	0.16162  	-0.0983  	-0.0393  	0.67830  	-0.0796  	0.03491  	0.30509  	0.60830  	0.06606  	0.35213  	-0.5243  	0.28628  	0.78169  	-0.2004  	0.12028  	0.19921  	0.30363  	0.24359  	-0.1546  	0.18309  	0.08892  	-0.0448  	0.47337  	0.07850  	0.09153  	-0.2306  	-0.1579  	0.45516  	-0.1355  	0.05073  	-0.2215  	0.18782  	0.15604  	-0.0354  	0.03273  	-0.1423  	-0.0539  	-0.0617  	-0.0319  	-0.0208  	-0.0270  	-0.0175  	-0.0160  	-0.0244  	0.01943  	-0.0041  	0.00304  	0.00077  	-0.0082  	0.00359  	0.02356  	0.01478  	0.08411  	0.01040  	0.00532  	0.01241  	0.03785  	-0.7581  	
-0.4652  	-0.1511  	-0.7972  	-0.3764  	-0.0368  	-0.4503  	-0.0251  	-0.1178  	0.02496  	0.05493  	-0.4336  	-0.5049  	0.16836  	-0.0786  	0.01771  	0.68599  	-0.0742  	-0.0054  	0.30145  	0.57886  	0.09899  	0.37639  	-0.4916  	0.32501  	0.79407  	-0.2048  	0.14393  	0.12475  	0.25628  	0.25391  	-0.1492  	0.19752  	0.08367  	-0.0406  	0.49011  	0.06153  	0.14202  	-0.2208  	-0.1730  	0.44060  	-0.1501  	0.05183  	-0.2326  	0.17761  	0.15972  	-0.0347  	0.03658  	-0.1442  	-0.0498  	-0.0544  	-0.0348  	-0.0181  	-0.0260  	-0.0165  	-0.0210  	-0.0211  	0.01487  	-0.0029  	0.00261  	0.00218  	-0.0023  	0.00189  	0.02062  	0.01478  	0.08411  	0.01040  	0.00532  	0.01241  	0.03785  	-0.7581  	
-0.4637  	-0.1633  	-0.8209  	-0.4130  	-0.0206  	-0.5097  	-0.0103  	-0.1601  	0.02532  	0.08614  	-0.4115  	-0.4744  	0.18517  	-0.0823  	-0.0543  	0.67459  	-0.0904  	0.04296  	0.29659  	0.61824  	0.01363  	0.37304  	-0.5332  	0.29677  	0.79210  	-0.1978  	0.08838  	0.23024  	0.32793  	0.24762  	-0.1430  	0.17442  	0.09429  	-0.0381  	0.45819  	0.08785  	0.07509  	-0.2403  	-0.1571  	0.45906  	-0.1291  	0.05030  	-0.2259  	0.17794  	0.16183  	-0.0356  	0.04073  	-0.1365  	-0.0475  	-0.0554  	-0.0337  	-0.0188  	-0.0275  	-0.0202  	-0.0201  	-0.0219  	0.01590  	-0.0044  	0.00081  	-0.0007  	-0.0046  	0.00642  	0.02100  	0.01438  	0.08411  	0.01040  	0.00532  	0.01241  	0.03785  	-0.7581  	
-0.5254  	-0.1778  	-0.8420  	-0.4863  	-0.0363  	-0.5574  	-0.0230  	-0.1731  	0.02039  	0.11809  	-0.4086  	-0.4715  	0.18925  	-0.0818  	-0.1100  	0.67920  	-0.0857  	0.04408  	0.31081  	0.62322  	-0.0216  	0.35355  	-0.5390  	0.27165  	0.80558  	-0.1992  	0.06048  	0.25938  	0.33462  	0.24610  	-0.1287  	0.16820  	0.08230  	-0.0317  	0.42585  	0.09815  	0.04539  	-0.2465  	-0.1427  	0.46618  	-0.1281  	0.04836  	-0.2227  	0.17459  	0.16035  	-0.0302  	0.03649  	-0.1363  	-0.0479  	-0.0519  	-0.0355  	-0.0217  	-0.0341  	-0.0216  	-0.0220  	-0.0210  	0.01167  	-0.0049  	0.00240  	-0.0037  	-0.0018  	0.00861  	0.02065  	0.01049  	0.08411  	0.01040  	0.00532  	0.01241  	0.03785  	-0.7581  	
-0.5567  	-0.1941  	-0.8755  	-0.4776  	-0.0501  	-0.5778  	-0.0298  	-0.1855  	-0.0111  	0.11177  	-0.3940  	-0.4712  	0.15794  	-0.1571  	-0.1129  	0.68602  	-0.0791  	0.04403  	0.30312  	0.59433  	-0.0213  	0.35302  	-0.5102  	0.28390  	0.80121  	-0.1949  	0.08198  	0.23929  	0.34447  	0.25254  	-0.1489  	0.17383  	0.06389  	-0.0328  	0.42548  	0.10640  	0.06743  	-0.2241  	-0.1481  	0.46311  	-0.1290  	0.04858  	-0.2275  	0.18468  	0.15730  	-0.0311  	0.03795  	-0.1421  	-0.0515  	-0.0566  	-0.0368  	-0.0200  	-0.0290  	-0.0186  	-0.0222  	-0.0257  	0.01678  	-0.0025  	0.00558  	-0.0010  	-0.0014  	0.00236  	0.02177  	0.01085  	0.08411  	0.01040  	0.00532  	0.01241  	0.03785  	-0.7581  	
-0.5808  	-0.2091  	-0.9019  	-0.5029  	-0.0670  	-0.5904  	-0.0289  	-0.1952  	-0.0123  	0.11205  	-0.3735  	-0.4789  	0.14672  	-0.1981  	-0.1245  	0.67610  	-0.0642  	0.03554  	0.30349  	0.58861  	-0.0043  	0.35087  	-0.4902  	0.28441  	0.79227  	-0.1854  	0.07979  	0.22147  	0.32217  	0.24637  	-0.1523  	0.17480  	0.05769  	-0.0424  	0.43020  	0.09974  	0.09108  	-0.2125  	-0.1624  	0.45374  	-0.1238  	0.04976  	-0.2292  	0.18711  	0.16064  	-0.0336  	0.03985  	-0.1453  	-0.0499  	-0.0590  	-0.0363  	-0.0176  	-0.0264  	-0.0147  	-0.0209  	-0.0252  	0.01803  	-0.0028  	0.00495  	0.00068  	-0.0009  	0.00042  	0.02029  	0.01162  	0.08411  	0.01040  	0.00532  	0.01241  	0.03785  	-0.7581  	
-0.5839  	-0.2073  	-0.8984  	-0.5003  	-0.0616  	-0.5872  	-0.0315  	-0.1999  	-0.0102  	0.11629  	-0.3692  	-0.4728  	0.15052  	-0.1819  	-0.1228  	0.66620  	-0.0607  	0.03710  	0.29745  	0.58927  	0.00400  	0.34979  	-0.4981  	0.28553  	0.78365  	-0.1845  	0.07680  	0.22873  	0.31513  	0.24424  	-0.1462  	0.17367  	0.06061  	-0.0423  	0.43269  	0.09430  	0.08806  	-0.2179  	-0.1628  	0.44891  	-0.1277  	0.04956  	-0.2280  	0.18216  	0.16361  	-0.0346  	0.03928  	-0.1470  	-0.0500  	-0.0545  	-0.0372  	-0.0180  	-0.0272  	-0.0146  	-0.0199  	-0.0242  	0.01799  	-0.0035  	0.00461  	0.00070  	-0.0021  	0.00157  	0.02191  	0.01309  	0.08411  	0.01040  	0.00532  	0.01241  	0.03785  	-0.7581  	
-0.5816  	-0.2002  	-0.8864  	-0.4842  	-0.0493  	-0.5840  	-0.0328  	-0.1935  	-0.0069  	0.11399  	-0.3780  	-0.4656  	0.15644  	-0.1569  	-0.1019  	0.65992  	-0.0649  	0.03192  	0.29194  	0.58830  	0.00579  	0.35472  	-0.5058  	0.28491  	0.78208  	-0.1848  	0.07743  	0.23071  	0.31745  	0.24668  	-0.1452  	0.17142  	0.06837  	-0.0406  	0.43271  	0.09089  	0.08650  	-0.2221  	-0.1632  	0.45056  	-0.1329  	0.05088  	-0.2258  	0.17764  	0.16473  	-0.0341  	0.03947  	-0.1483  	-0.0507  	-0.0530  	-0.0381  	-0.0179  	-0.0287  	-0.0144  	-0.0202  	-0.0244  	0.01710  	-0.0046  	0.00457  	0.00079  	-0.0031  	0.00196  	0.02234  	0.01386  	0.08411  	0.01040  	0.00532  	0.01241  	0.03785  	-0.7581  	
-0.5734  	-0.1956  	-0.8811  	-0.4811  	-0.0486  	-0.5820  	-0.0329  	-0.1881  	-0.0050  	0.11136  	-0.3769  	-0.4680  	0.15797  	-0.1492  	-0.0938  	0.66071  	-0.0666  	0.02896  	0.29071  	0.58585  	0.00819  	0.35989  	-0.5036  	0.28766  	0.78292  	-0.1854  	0.07978  	0.22818  	0.31645  	0.24742  	-0.1493  	0.17213  	0.06981  	-0.0405  	0.43347  	0.09023  	0.09090  	-0.2202  	-0.1640  	0.45124  	-0.1347  	0.05193  	-0.2260  	0.17629  	0.16385  	-0.0330  	0.03946  	-0.1484  	-0.0503  	-0.0536  	-0.0385  	-0.0179  	-0.0288  	-0.0137  	-0.0203  	-0.0246  	0.01678  	-0.0050  	0.00564  	0.00118  	-0.0029  	0.00208  	0.02136  	0.01378  	0.08411  	0.01040  	0.00532  	0.01241  	0.03785  	-0.7581  	
-0.5806  	-0.1959  	-0.8884  	-0.4942  	-0.0531  	-0.5853  	-0.0301  	-0.1894  	-0.0069  	0.11207  	-0.3698  	-0.4723  	0.15236  	-0.1599  	-0.1003  	0.65905  	-0.0670  	0.02895  	0.29139  	0.59026  	0.00876  	0.35790  	-0.5022  	0.29088  	0.78253  	-0.1848  	0.08558  	0.22438  	0.31470  	0.24680  	-0.1473  	0.17297  	0.06708  	-0.0393  	0.43665  	0.09378  	0.09107  	-0.2186  	-0.1658  	0.44865  	-0.1325  	0.05229  	-0.2262  	0.17904  	0.16404  	-0.0340  	0.03988  	-0.1492  	-0.0492  	-0.0542  	-0.0384  	-0.0174  	-0.0279  	-0.0129  	-0.0201  	-0.0247  	0.01683  	-0.0038  	0.00570  	0.00063  	-0.0028  	0.00263  	0.02092  	0.01317  	0.08411  	0.01040  	0.00532  	0.01241  	0.03785  	-0.7581  	
-0.5948  	-0.2032  	-0.8974  	-0.5040  	-0.0531  	-0.5926  	-0.0276  	-0.1930  	-0.0074  	0.11919  	-0.3713  	-0.4722  	0.15158  	-0.1650  	-0.1117  	0.65813  	-0.0686  	0.03018  	0.29355  	0.59441  	0.00112  	0.36081  	-0.5013  	0.28925  	0.78160  	-0.1838  	0.08122  	0.22741  	0.31934  	0.24642  	-0.1466  	0.17011  	0.06434  	-0.0387  	0.43069  	0.09708  	0.08544  	-0.2205  	-0.1606  	0.44953  	-0.1319  	0.05052  	-0.2268  	0.18127  	0.16358  	-0.0349  	0.03991  	-0.1474  	-0.0475  	-0.0557  	-0.0385  	-0.0168  	-0.0276  	-0.0131  	-0.0190  	-0.0265  	0.01638  	-0.0029  	0.00528  	0.00074  	-0.0029  	0.00144  	0.02176  	0.01320  	0.08411  	0.01040  	0.00532  	0.01241  	0.03785  	-0.7581  	
-0.6062  	-0.2094  	-0.9087  	-0.5117  	-0.0485  	-0.6000  	-0.0268  	-0.1995  	-0.0093  	0.12590  	-0.3712  	-0.4716  	0.14979  	-0.1757  	-0.1224  	0.65974  	-0.0694  	0.03322  	0.29694  	0.59861  	-0.0093  	0.35760  	-0.5029  	0.28609  	0.78114  	-0.1840  	0.07369  	0.23744  	0.32234  	0.24587  	-0.1451  	0.16902  	0.06259  	-0.0385  	0.42712  	0.09934  	0.07794  	-0.2242  	-0.1560  	0.45125  	-0.1305  	0.04841  	-0.2283  	0.18271  	0.16326  	-0.0359  	0.04013  	-0.1462  	-0.0468  	-0.0567  	-0.0380  	-0.0168  	-0.0276  	-0.0141  	-0.0188  	-0.0271  	0.01633  	-0.0023  	0.00464  	0.00049  	-0.0028  	0.00090  	0.02231  	0.01286  	0.08411  	0.01040  	0.00532  	0.01241  	0.03785  	-0.7581  	
-0.6043  	-0.2065  	-0.9109  	-0.5019  	-0.0375  	-0.5963  	-0.0293  	-0.2000  	-0.0091  	0.12674  	-0.3812  	-0.4654  	0.15251  	-0.1663  	-0.1161  	0.65593  	-0.0695  	0.03224  	0.29702  	0.59730  	-0.0075  	0.35399  	-0.5084  	0.28536  	0.77999  	-0.1856  	0.07321  	0.24158  	0.32262  	0.24647  	-0.1433  	0.16737  	0.06455  	-0.0382  	0.43030  	0.09717  	0.07421  	-0.2282  	-0.1569  	0.45424  	-0.1312  	0.04826  	-0.2294  	0.18101  	0.16399  	-0.0361  	0.04021  	-0.1467  	-0.0469  	-0.0552  	-0.0367  	-0.0171  	-0.0277  	-0.0146  	-0.0199  	-0.0261  	0.01724  	-0.0024  	0.00397  	0.00074  	-0.0029  	0.00051  	0.02266  	0.01243  	0.08411  	0.01040  	0.00532  	0.01241  	0.03785  	-0.7581  	
-0.5940  	-0.2004  	-0.9176  	-0.4864  	-0.0231  	-0.5880  	-0.0276  	-0.1959  	-0.0101  	0.11982  	-0.3877  	-0.4573  	0.15471  	-0.1535  	-0.0981  	0.64944  	-0.0720  	0.03088  	0.29949  	0.59776  	-0.0025  	0.35490  	-0.5224  	0.28417  	0.77786  	-0.1883  	0.07701  	0.24806  	0.32799  	0.24827  	-0.1424  	0.16599  	0.07032  	-0.0374  	0.43600  	0.09340  	0.07127  	-0.2343  	-0.1578  	0.45555  	-0.1346  	0.04832  	-0.2292  	0.17962  	0.16514  	-0.0356  	0.03974  	-0.1483  	-0.0483  	-0.0537  	-0.0344  	-0.0184  	-0.0276  	-0.0157  	-0.0212  	-0.0244  	0.01857  	-0.0026  	0.00370  	0.00114  	-0.0031  	0.00101  	0.02122  	0.01265  	0.08411  	0.01040  	0.00532  	0.01241  	0.03785  	-0.7581  	
-0.5240  	-0.1690  	-0.8738  	-0.4339  	0.00159  	-0.5568  	-0.0191  	-0.1640  	0.00953  	0.09061  	-0.3790  	-0.4301  	0.15813  	-0.0891  	-0.0442  	0.64797  	-0.0789  	0.01472  	0.29108  	0.59373  	0.04853  	0.35320  	-0.5270  	0.31103  	0.75654  	-0.1940  	0.08898  	0.21839  	0.29524  	0.24448  	-0.1494  	0.17023  	0.08424  	-0.0343  	0.47709  	0.06289  	0.09744  	-0.2311  	-0.1683  	0.44158  	-0.1433  	0.05715  	-0.2359  	0.17611  	0.16419  	-0.0327  	0.03509  	-0.1462  	-0.0507  	-0.0508  	-0.0369  	-0.0208  	-0.0274  	-0.0183  	-0.0216  	-0.0214  	0.02065  	-0.0033  	0.00109  	-0.0009  	-0.0030  	0.00218  	0.01964  	0.01513  	0.08411  	0.01040  	0.00532  	0.01241  	0.03785  	-0.7581  	
-0.4223  	-0.1357  	-0.8126  	-0.3760  	1.55588  	-0.5042  	-0.0187  	-0.1302  	0.02758  	0.06245  	-0.3663  	-0.4298  	0.16927  	-0.0274  	0.05290  	0.66944  	-0.0701  	-0.0206  	0.29829  	0.59286  	0.11645  	0.34798  	-0.5133  	0.34843  	0.76521  	-0.2079  	0.12890  	0.13186  	0.23962  	0.23917  	-0.1550  	0.18451  	0.09282  	-0.0398  	0.51916  	0.01936  	0.15381  	-0.2125  	-0.1937  	0.44034  	-0.1615  	0.05092  	-0.2494  	0.17599  	0.15760  	-0.0313  	0.03818  	-0.1432  	-0.0486  	-0.0547  	-0.0341  	-0.0180  	-0.0334  	-0.0176  	-0.0200  	-0.0189  	0.01055  	-0.0079  	0.00054  	0.00047  	0.00045  	-0.0008  	0.01976  	0.01040  	0.08411  	0.01040  	0.00532  	0.01241  	0.03785  	-0.7581  	
-0.2533  	-0.0803  	-0.6945  	-0.3027  	0.02008  	-0.4069  	0.00862  	-0.0549  	0.07362  	0.06648  	-0.4336  	-0.4428  	0.23806  	0.10362  	0.13493  	0.74841  	-0.0646  	-0.0503  	0.31606  	0.56148  	0.16518  	0.38181  	-0.5160  	0.39920  	0.79243  	-0.2208  	0.20751  	0.03634  	0.16689  	0.24133  	-0.1669  	0.19926  	0.09734  	-0.0486  	0.57800  	0.00409  	0.18967  	-0.1962  	-0.1998  	0.44935  	-0.2125  	0.06006  	-0.2448  	0.17560  	0.15587  	-0.0350  	0.03180  	-0.1340  	-0.0425  	-0.0502  	-0.0299  	-0.0178  	-0.0336  	-0.0125  	-0.0211  	-0.0104  	0.01305  	-0.0078  	-0.0006  	0.00018  	0.00015  	0.00664  	0.02200  	0.01097  	0.08411  	0.01040  	0.00532  	0.01241  	0.03785  	-0.7581  	
-0.1515  	-0.0699  	-0.6064  	-0.2570  	0.03521  	-0.3310  	0.04050  	-0.0333  	0.06729  	0.07392  	-0.5401  	-0.5070  	0.27149  	0.17462  	0.14039  	0.71197  	-0.0652  	-0.0531  	0.31288  	0.51999  	0.12311  	0.42251  	-0.5179  	0.36367  	0.89756  	-0.2394  	0.24003  	0.06197  	0.23482  	0.27951  	-0.1808  	0.19942  	0.09108  	-0.0422  	0.54279  	0.04557  	0.14726  	-0.2219  	-0.1522  	0.46072  	-0.1971  	0.06057  	-0.2239  	0.18447  	0.15552  	-0.0358  	0.01748  	-0.1026  	-0.0224  	-0.0562  	-0.0238  	-0.0210  	-0.0307  	-0.0156  	-0.0211  	-0.0031  	0.01098  	-0.0062  	0.00057  	0.00562  	-0.0031  	0.00022  	0.02747  	0.00870  	0.08411  	0.01040  	0.00532  	0.01241  	0.03785  	-0.7581  	
-0.1940  	-0.0880  	-0.6982  	-0.1531  	0.11506  	-0.3600  	0.05638  	-0.0507  	0.06675  	0.11251  	-0.5816  	-0.4824  	0.28929  	0.21133  	0.19753  	0.68108  	-0.0765  	-0.0644  	0.29630  	0.55289  	0.10658  	0.45645  	-0.5266  	0.35747  	0.93804  	-0.2475  	0.25423  	0.07014  	0.29085  	0.31029  	-0.1825  	0.18043  	0.08149  	-0.0384  	0.53680  	0.04830  	0.12188  	-0.2412  	-0.1463  	0.48262  	-0.2264  	0.07706  	-0.2409  	0.19137  	0.16368  	-0.0387  	0.02342  	-0.1119  	-0.0238  	-0.0611  	-0.0244  	-0.0222  	-0.0263  	-0.0157  	-0.0203  	-0.0055  	0.01557  	-0.0071  	0.00097  	0.00498  	-0.0017  	0.00254  	0.02263  	0.00960  	0.08411  	0.01040  	0.00532  	0.01241  	0.03785  	-0.7581  	
-0.2934  	-0.1551  	-0.8550  	-0.0357  	0.17638  	-0.4146  	0.02259  	-0.1315  	0.03987  	0.09665  	-0.5624  	-0.4251  	0.25401  	0.10185  	0.31028  	0.67728  	-0.0608  	-0.0814  	0.31559  	0.57101  	0.02819  	0.46451  	-0.5439  	0.40441  	0.89480  	-0.2237  	0.29607  	0.09339  	0.24454  	0.31976  	-0.1769  	0.21074  	0.07914  	-0.0255  	0.60272  	0.02334  	0.11409  	-0.2453  	-0.1681  	0.49258  	-0.2579  	0.08299  	-0.2786  	0.19206  	0.15631  	-0.0395  	0.01809  	-0.1364  	-0.0410  	-0.0573  	-0.0230  	-0.0213  	-0.0321  	-0.0144  	-0.0181  	-0.0086  	0.01840  	-0.0052  	0.00516  	0.00363  	-0.0035  	0.00673  	0.00638  	0.00538  	0.08411  	0.01040  	0.00532  	0.01241  	0.03785  	-0.7581  	
-0.2145  	-0.1239  	-0.7693  	-0.1234  	0.14573  	-0.3410  	0.02926  	-0.0766  	0.00952  	0.04166  	-0.6533  	-0.4976  	0.30430  	0.20653  	0.37089  	0.59926  	-0.0919  	-0.0815  	0.29566  	0.51214  	0.07982  	0.46368  	-0.4763  	0.41784  	0.83443  	-0.2378  	0.28318  	0.04934  	0.26900  	0.30096  	-0.1906  	0.19447  	0.07529  	-0.0414  	0.58267  	0.02675  	0.10898  	-0.2462  	-0.1819  	0.49697  	-0.2472  	0.08839  	-0.2558  	0.17885  	0.15667  	-0.0330  	0.02791  	-0.1186  	-0.0318  	-0.0665  	-0.0330  	-0.0201  	-0.0340  	-0.0211  	-0.0196  	-0.0107  	0.01300  	-0.0084  	0.00160  	-0.0023  	0.00355  	0.00232  	0.01457  	0.00422  	0.08411  	0.01040  	0.00532  	0.01241  	0.03785  	-0.7581  	
-0.1165  	-0.0868  	-0.6478  	-0.1513  	0.10532  	-0.3040  	0.07064  	-0.0735  	0.03725  	0.10809  	-0.7145  	-0.6035  	0.34117  	0.26831  	0.31045  	0.59927  	-0.0821  	-0.0375  	0.27965  	0.47877  	0.02502  	0.46078  	-0.5092  	0.35596  	0.93861  	-0.2380  	0.24590  	0.05241  	0.36070  	0.32092  	-0.1686  	0.17864  	0.07399  	-0.0349  	0.52585  	0.05071  	0.06497  	-0.2522  	-0.1055  	0.50736  	-0.1986  	0.07352  	-0.2305  	0.19250  	0.14866  	-0.0298  	0.01597  	-0.0998  	-0.0205  	-0.0692  	-0.0264  	-0.0131  	-0.0274  	-0.0206  	-0.0155  	-0.0056  	0.00810  	-0.0091  	0.00083  	0.00283  	-0.0007  	0.00325  	0.01687  	0.00174  	0.08411  	0.01040  	0.00532  	0.01241  	0.03785  	-0.7581  	
-0.1245  	-0.0722  	-0.6583  	-0.2569  	0.07790  	-0.3387  	0.10083  	-0.0746  	0.02398  	0.17593  	-0.7163  	-0.6777  	0.34891  	0.26503  	0.29106  	0.56520  	-0.0931  	-0.0575  	0.28711  	0.45670  	0.02827  	0.50822  	-0.5146  	0.39423  	1.00671  	-0.2457  	0.31261  	0.01248  	0.33615  	0.33367  	-0.1521  	0.17750  	0.03868  	-0.0465  	0.49997  	0.05843  	0.09460  	-0.2502  	-0.1197  	0.51234  	-0.2162  	0.07096  	-0.2254  	0.19824  	0.14204  	-0.0351  	0.01349  	-0.0963  	-0.0227  	-0.0640  	-0.0247  	-0.0152  	-0.0292  	-0.0208  	-0.0164  	-0.0131  	0.00662  	-0.0114  	0.00128  	0.00513  	-0.0041  	0.00262  	0.01830  	0.00511  	0.08411  	0.01040  	0.00532  	0.01241  	0.03785  	-0.7581  	
-0.2533  	-0.0833  	-0.7709  	-0.2399  	0.09053  	-0.5068  	0.07379  	-0.1044  	0.01864  	0.14710  	-0.6667  	-0.6229  	0.29167  	0.17431  	0.21577  	0.54519  	-0.0816  	-0.0677  	0.28114  	0.53887  	0.01616  	0.46231  	-0.5539  	0.43934  	1.01235  	-0.2394  	0.36801  	0.06616  	0.31175  	0.33863  	-0.1745  	0.19151  	0.04763  	-0.0468  	0.55069  	0.05494  	0.09065  	-0.2533  	-0.1554  	0.50010  	-0.2448  	0.08064  	-0.2504  	0.20027  	0.16183  	-0.0414  	0.02063  	-0.1106  	-0.0271  	-0.0570  	-0.0237  	-0.0239  	-0.0366  	-0.0176  	-0.0250  	-0.0209  	0.01150  	-0.0071  	0.00158  	-0.0010  	-0.0073  	0.00072  	0.01859  	0.00375  	0.08411  	0.01040  	0.00532  	0.01241  	0.03785  	-0.7581  	
-0.4039  	-0.1745  	-0.8880  	-0.1333  	0.16738  	-0.5478  	0.03061  	-0.0910  	0.01927  	0.08707  	-0.4670  	-0.3760  	0.27887  	0.17574  	0.14715  	0.68990  	-0.1314  	-0.0155  	0.28033  	0.63903  	0.09397  	0.40549  	-0.6434  	0.36698  	0.84254  	-0.2316  	0.16313  	0.17803  	0.30490  	0.29142  	-0.1577  	0.17084  	0.09549  	-0.0335  	0.59746  	0.04686  	0.09460  	-0.2603  	-0.1706  	0.48650  	-0.2249  	0.06828  	-0.2614  	0.17962  	0.16006  	-0.0347  	0.03959  	-0.1345  	-0.0338  	-0.0627  	-0.0283  	-0.0279  	-0.0389  	-0.0193  	-0.0219  	-0.0151  	0.01381  	-0.0090  	-0.0026  	0.00177  	0.00411  	0.00024  	0.01612  	0.00811  	0.08411  	0.01040  	0.00532  	0.01241  	0.03785  	-0.7581  	
-0.6214  	-0.2084  	-0.9679  	-0.3792  	0.08139  	-0.7259  	0.00694  	-0.1938  	-0.0020  	0.15975  	-0.3492  	-0.3542  	0.21325  	-0.0518  	-0.0669  	0.62741  	-0.1330  	0.07163  	0.28778  	0.70838  	0.01681  	0.33556  	-0.5888  	0.35692  	0.77155  	-0.2043  	0.05994  	0.23977  	0.25984  	0.24009  	-0.1208  	0.14931  	0.10140  	-0.0219  	0.53540  	0.07077  	0.05605  	-0.2446  	-0.1544  	0.47543  	-0.2140  	0.06951  	-0.2675  	0.16125  	0.16375  	-0.0394  	0.03460  	-0.1397  	-0.0484  	-0.0489  	-0.0340  	-0.0234  	-0.0283  	-0.0129  	-0.0250  	-0.0244  	0.02384  	-0.0031  	-0.0035  	0.00311  	-0.0046  	0.00336  	0.02411  	0.01217  	0.08411  	0.01040  	0.00532  	0.01241  	0.03785  	-0.7581  	
-0.6902  	-0.2017  	-0.8605  	-0.7012  	-0.1144  	-0.6488  	-0.0146  	-0.2104  	-0.0397  	0.16768  	-0.2726  	-0.5647  	0.13984  	-0.2027  	-0.1568  	0.58924  	-0.0594  	0.03117  	0.31027  	0.59259  	0.05399  	0.34740  	-0.5085  	0.31935  	0.83661  	-0.1955  	0.15270  	0.15508  	0.24574  	0.23809  	-0.1345  	0.17415  	0.06599  	-0.0515  	0.46813  	0.09232  	0.11989  	-0.2335  	-0.1782  	0.42706  	-0.1666  	0.05048  	-0.2565  	0.15611  	0.17127  	-0.0345  	0.03994  	-0.1699  	-0.0586  	-0.0510  	-0.0396  	-0.0214  	-0.0310  	-0.0136  	-0.0191  	-0.0239  	0.01590  	-0.0066  	0.00060  	0.00731  	-0.0072  	0.00585  	0.02412  	0.01331  	0.08411  	0.01040  	0.00532  	0.01241  	0.03785  	-0.7581  	
-0.6360  	-0.2355  	-0.8652  	-0.6716  	-0.1353  	-0.5397  	-0.0050  	-0.2267  	-0.0102  	0.08188  	-0.3255  	-0.5865  	0.12971  	-0.2492  	-0.2184  	0.67332  	-0.0349  	0.03778  	0.31007  	0.58630  	0.00869  	0.34203  	-0.5129  	0.33797  	0.84014  	-0.1807  	0.17008  	0.18632  	0.27407  	0.23668  	-0.1237  	0.18666  	0.06164  	-0.0398  	0.42282  	0.11874  	0.08481  	-0.2373  	-0.1671  	0.44431  	-0.1280  	0.05345  	-0.2315  	0.18669  	0.17346  	-0.0380  	0.02964  	-0.1532  	-0.0590  	-0.0533  	-0.0353  	-0.0172  	-0.0320  	-0.0150  	-0.0145  	-0.0196  	0.01273  	-0.0044  	0.00172  	0.00436  	-0.0055  	0.00080  	0.03021  	0.02088  	0.08411  	0.01040  	0.00532  	0.01241  	0.03785  	-0.7581  	
-0.5042  	-0.1957  	-0.8000  	-0.5163  	-0.0612  	-0.5627  	-0.0059  	-0.2080  	0.00875  	0.13673  	-0.3888  	-0.4956  	0.14326  	-0.2628  	-0.2132  	0.74824  	-0.0686  	0.05257  	0.32248  	0.63942  	-0.0466  	0.33191  	-0.5462  	0.30349  	0.81518  	-0.1925  	0.07913  	0.25458  	0.32204  	0.22837  	-0.1332  	0.18211  	0.06906  	-0.0359  	0.44184  	0.13592  	0.06898  	-0.2340  	-0.1504  	0.47165  	-0.1108  	0.03848  	-0.2246  	0.19074  	0.16413  	-0.0318  	0.03555  	-0.1288  	-0.0467  	-0.0580  	-0.0223  	-0.0180  	-0.0295  	-0.0228  	-0.0159  	-0.0258  	0.01997  	-0.0053  	-0.0009  	0.00120  	-0.0007  	-0.0092  	0.02915  	0.02165  	0.08411  	0.01040  	0.00532  	0.01241  	0.03785  	-0.7581  	
-0.4377  	-0.1860  	-0.7552  	-0.5352  	-0.0817  	-0.5566  	0.01959  	-0.2044  	0.00262  	0.19070  	-0.3505  	-0.4873  	0.15169  	-0.2441  	-0.2461  	0.79446  	-0.1117  	0.08491  	0.30678  	0.65871  	-0.1120  	0.32066  	-0.6100  	0.24646  	0.81240  	-0.2139  	0.05503  	0.28064  	0.34730  	0.25078  	-0.1475  	0.19401  	0.07524  	-0.0317  	0.45274  	0.17596  	0.03664  	-0.2375  	-0.1324  	0.48018  	-0.1229  	0.04831  	-0.2209  	0.17887  	0.15044  	-0.0376  	0.03309  	-0.1328  	-0.0408  	-0.0563  	-0.0237  	-0.0202  	-0.0283  	-0.0140  	-0.0137  	-0.0204  	0.01990  	-0.0044  	-0.0030  	-0.0006  	-0.0026  	0.00206  	0.02839  	0.01634  	0.08411  	0.01040  	0.00532  	0.01241  	0.03785  	-0.7581  	
-0.5254  	-0.2004  	-0.8358  	-0.5615  	-0.1054  	-0.5851  	-0.0050  	-0.2368  	-0.0236  	0.16517  	-0.3578  	-0.5528  	0.13335  	-0.2467  	-0.2608  	0.73173  	-0.0999  	0.05806  	0.31962  	0.63829  	-0.0411  	0.33169  	-0.5722  	0.30364  	0.82900  	-0.1955  	0.10764  	0.26281  	0.31894  	0.23668  	-0.1385  	0.19766  	0.06221  	-0.0412  	0.44898  	0.15811  	0.07633  	-0.2394  	-0.1590  	0.47008  	-0.1508  	0.04854  	-0.2296  	0.18856  	0.16458  	-0.0357  	0.03278  	-0.1386  	-0.0434  	-0.0502  	-0.0243  	-0.0195  	-0.0238  	-0.0144  	-0.0183  	-0.0233  	0.01953  	-0.0015  	0.00561  	0.00329  	-0.0067  	-0.0024  	0.02312  	0.01424  	0.08411  	0.01040  	0.00532  	0.01241  	0.03785  	-0.7581  	
-0.4760  	-0.1954  	-0.8426  	-0.3576  	-0.0171  	-0.4863  	-0.0181  	-0.1440  	-0.0061  	0.05455  	-0.4238  	-0.4456  	0.14833  	-0.1296  	0.02078  	0.69548  	-0.0721  	-0.0164  	0.32301  	0.59287  	0.04584  	0.36907  	-0.5213  	0.39349  	0.82277  	-0.2177  	0.21501  	0.12294  	0.23150  	0.25530  	-0.1569  	0.20542  	0.06151  	-0.0453  	0.53826  	0.08782  	0.13482  	-0.2124  	-0.2074  	0.45324  	-0.1936  	0.04773  	-0.2528  	0.17695  	0.15851  	-0.0400  	0.03575  	-0.1444  	-0.0416  	-0.0590  	-0.0243  	-0.0201  	-0.0320  	-0.0164  	-0.0180  	-0.0206  	0.02091  	-0.0029  	-0.0001  	-0.0009  	-0.0040  	-0.0027  	0.02637  	0.01134  	0.08411  	0.01040  	0.00532  	0.01241  	0.03785  	-0.7581  	
-0.3111  	-0.1153  	-0.7655  	-0.2464  	0.08880  	-0.3884  	0.01628  	-0.0949  	0.02783  	0.06536  	-0.5796  	-0.4771  	0.26805  	0.07477  	0.22423  	0.65474  	-0.0683  	-0.0264  	0.30444  	0.55732  	0.09348  	0.41443  	-0.5317  	0.37210  	0.87399  	-0.2209  	0.22427  	0.07851  	0.24885  	0.28450  	-0.1629  	0.19068  	0.07994  	-0.0388  	0.56374  	0.05327  	0.13098  	-0.2351  	-0.1740  	0.48580  	-0.2179  	0.07271  	-0.2394  	0.18513  	0.15602  	-0.0316  	0.02912  	-0.1236  	-0.0370  	-0.0655  	-0.0308  	-0.0206  	-0.0324  	-0.0214  	-0.0167  	-0.0118  	0.01242  	-0.0067  	0.00040  	0.00407  	-0.0036  	-0.0003  	0.01431  	0.01044  	0.08411  	0.01040  	0.00532  	0.01241  	0.03785  	-0.7581  	
-0.2214  	-0.0856  	-0.6964  	-0.1219  	0.10870  	-0.3093  	0.03954  	-0.0769  	0.05057  	0.09079  	-0.6385  	-0.5290  	0.31253  	0.18395  	0.23787  	0.64481  	-0.0662  	-0.0346  	0.29104  	0.54618  	0.05690  	0.43908  	-0.5320  	0.33384  	0.93197  	-0.2382  	0.20182  	0.09979  	0.31319  	0.31443  	-0.1634  	0.16819  	0.07634  	-0.0351  	0.51312  	0.05582  	0.08928  	-0.2607  	-0.1043  	0.49979  	-0.2047  	0.06566  	-0.2275  	0.18321  	0.15224  	-0.0351  	0.02243  	-0.1076  	-0.0284  	-0.0617  	-0.0265  	-0.0215  	-0.0309  	-0.0156  	-0.0156  	-0.0050  	0.00980  	-0.0069  	-0.0002  	0.00693  	-0.0016  	0.00477  	0.01718  	0.00625  	0.08411  	0.01040  	0.00532  	0.01241  	0.03785  	-0.7581  	
-0.3353  	-0.1196  	-0.7707  	-0.3121  	0.04413  	-0.4959  	0.01685  	-0.1201  	0.01560  	0.12534  	-0.5196  	-0.5200  	0.26256  	0.09584  	0.10457  	0.61902  	-0.0893  	-0.0222  	0.30785  	0.55680  	0.10132  	0.41659  	-0.5174  	0.38599  	0.87212  	-0.2282  	0.21849  	0.07204  	0.23774  	0.28161  	-0.1515  	0.18593  	0.08010  	-0.0399  	0.55289  	0.03388  	0.13760  	-0.2302  	-0.1867  	0.48776  	-0.1928  	0.06158  	-0.2374  	0.18271  	0.15472  	-0.0344  	0.03107  	-0.1231  	-0.0409  	-0.0608  	-0.0342  	-0.0162  	-0.0350  	-0.0192  	-0.0187  	-0.0205  	0.01453  	-0.0076  	-0.0002  	0.00091  	0.00140  	4.67777  	0.01685  	0.00472  	0.08411  	0.01040  	0.00532  	0.01241  	0.03785  	-0.7581  	
-0.5653  	-0.2122  	-0.8583  	-0.5403  	-0.0442  	-0.6087  	0.01308  	-0.1707  	-0.0055  	0.13881  	-0.3420  	-0.5252  	0.17648  	-0.0960  	-0.1263  	0.65326  	-0.0893  	0.03639  	0.30280  	0.63246  	0.06527  	0.34590  	-0.5134  	0.35615  	0.79327  	-0.2119  	0.10919  	0.16571  	0.25869  	0.22742  	-0.1513  	0.15806  	0.08240  	-0.0434  	0.48547  	0.08792  	0.11773  	-0.2374  	-0.1727  	0.46961  	-0.1724  	0.05124  	-0.2498  	0.18061  	0.15583  	-0.0317  	0.04111  	-0.1275  	-0.0483  	-0.0527  	-0.0314  	-0.0256  	-0.0312  	-0.0162  	-0.0183  	-0.0240  	0.01713  	-0.0102  	0.00118  	0.00665  	-0.0020  	0.00449  	0.02110  	0.01549  	0.08411  	0.01040  	0.00532  	0.01241  	0.03785  	-0.7581  	
-0.6102  	-0.2421  	-0.8817  	-0.5695  	-0.0651  	-0.5788  	0.00827  	-0.1720  	-0.0046  	0.12100  	-0.3001  	-0.5211  	0.16163  	-0.1459  	-0.1819  	0.64515  	-0.0725  	0.02685  	0.30438  	0.64338  	0.01237  	0.33645  	-0.5176  	0.33117  	0.79968  	-0.1940  	0.11986  	0.18136  	0.28272  	0.24096  	-0.1233  	0.16822  	0.07515  	-0.0395  	0.47124  	0.09687  	0.09732  	-0.2282  	-0.1532  	0.44016  	-0.1607  	0.04595  	-0.2462  	0.17511  	0.16496  	-0.0371  	0.03607  	-0.1449  	-0.0538  	-0.0560  	-0.0317  	-0.0179  	-0.0344  	-0.0191  	-0.0193  	-0.0223  	0.01634  	-0.0058  	0.00276  	0.00133  	-0.0017  	-0.0008  	0.02479  	0.01517  	0.08411  	0.01040  	0.00532  	0.01241  	0.03785  	-0.7581  	
-0.5919  	-0.2126  	-0.8782  	-0.4939  	-0.0633  	-0.5269  	-0.0141  	-0.1713  	0.00183  	0.08477  	-0.4066  	-0.4894  	0.17209  	-0.1591  	-0.1338  	0.66719  	-0.0495  	0.03572  	0.30482  	0.60614  	-0.0441  	0.36695  	-0.4802  	0.30914  	0.82791  	-0.1849  	0.10234  	0.24817  	0.35029  	0.25657  	-0.1279  	0.15731  	0.06423  	-0.0447  	0.39061  	0.09542  	0.05576  	-0.2407  	-0.1493  	0.46143  	-0.1311  	0.04745  	-0.2180  	0.19106  	0.16241  	-0.0398  	0.03641  	-0.1326  	-0.0446  	-0.0574  	-0.0363  	-0.0172  	-0.0344  	-0.0143  	-0.0149  	-0.0199  	0.02026  	-0.0092  	0.00355  	-0.0001  	-0.0039  	-0.0022  	0.02099  	0.01356  	0.08411  	0.01040  	0.00532  	0.01241  	0.03785  	-0.7581  	
-0.4899  	-0.1574  	-0.8169  	-0.3713  	0.00286  	-0.5152  	-0.0488  	-0.1214  	-0.0109  	0.05640  	-0.4700  	-0.4302  	0.22526  	-0.1502  	-0.0274  	0.64100  	-0.0126  	-0.0750  	0.36172  	0.45145  	-0.0066  	0.20684  	-0.7192  	0.30938  	0.77831  	-0.1203  	0.08022  	0.19586  	0.42091  	0.23804  	-0.0615  	0.12843  	0.01088  	-0.1519  	0.38386  	0.09559  	-0.0387  	-0.2428  	-0.2220  	0.42522  	-0.0988  	0.14431  	-0.3014  	0.24890  	0.10903  	-0.0258  	0.01799  	-0.1059  	-0.0492  	-0.0732  	-0.0224  	-0.0167  	-0.0273  	-0.0015  	-0.0107  	-0.0219  	0.01848  	-0.0139  	0.00632  	0.00907  	-0.0020  	-0.0113  	0.00387  	0.01277  	0.08411  	0.01040  	0.00532  	0.01241  	0.03785  	-0.7581  	
-0.3825  	-0.1507  	-0.7326  	-0.3397  	0.03969  	-0.5381  	-0.0260  	-0.1243  	-0.0272  	0.12473  	-0.4171  	-0.4140  	0.22803  	-0.2263  	-0.0090  	0.69685  	0.00781  	-0.1510  	0.38214  	0.31103  	-0.0036  	0.05744  	-0.9104  	0.28909  	0.72876  	-0.0872  	0.06618  	0.15275  	0.47958  	0.23223  	-0.0007  	0.12245  	-0.0427  	-0.2414  	0.37884  	0.10086  	-0.0967  	-0.2491  	-0.2773  	0.37670  	-0.0440  	0.21539  	-0.3712  	0.28999  	0.08071  	-0.0130  	0.00354  	-0.1013  	-0.0557  	-0.0753  	-0.0169  	-0.0152  	-0.0245  	0.00200  	-0.0073  	-0.0255  	0.01861  	-0.0181  	0.00194  	0.01499  	0.00055  	-0.0105  	0.00842  	0.01558  	0.08411  	0.01040  	0.00532  	0.01241  	0.03785  	-0.7581  	
-0.3946  	-0.1494  	-0.7217  	-0.3207  	0.08066  	-0.5548  	-0.0041  	-0.1282  	-0.0434  	0.17742  	-0.3888  	-0.4266  	0.20552  	-0.2602  	-0.0917  	0.72828  	0.01435  	-0.1529  	0.38254  	0.30157  	-0.0219  	0.00977  	-1.0048  	0.28165  	0.76149  	-0.0792  	0.08926  	0.18291  	0.52050  	0.24262  	-0.0060  	0.11439  	-0.0749  	-0.2635  	0.36751  	0.13516  	-0.1194  	-0.2545  	-0.2914  	0.37222  	-0.0430  	0.24630  	-0.3904  	0.30847  	0.07456  	-0.0056  	-0.0055  	-0.0930  	-0.0580  	-0.0766  	-0.0127  	-0.0162  	-0.0245  	0.00457  	-0.0026  	-0.0188  	0.02101  	-0.0198  	0.00170  	0.01877  	0.00181  	-0.0118  	0.00633  	0.01609  	0.08411  	0.01040  	0.00532  	0.01241  	0.03785  	-0.7581  	
-0.3708  	-0.1491  	-0.7179  	-0.3448  	0.04062  	-0.4996  	-0.0196  	-0.1286  	-0.0441  	0.13754  	-0.3881  	-0.4859  	0.20707  	-0.2261  	-0.0624  	0.70684  	0.02669  	-0.1719  	0.39339  	0.29048  	0.08652  	0.06009  	-0.9240  	0.35738  	0.75874  	-0.1040  	0.17606  	0.06209  	0.39195  	0.23222  	-0.0278  	0.16390  	-0.0670  	-0.2564  	0.42778  	0.13566  	-0.0151  	-0.2356  	-0.3259  	0.38620  	-0.0680  	0.23411  	-0.3869  	0.29316  	0.08593  	-0.0078  	-0.0019  	-0.1085  	-0.0572  	-0.0753  	-0.0193  	-0.0153  	-0.0233  	0.00679  	-0.0070  	-0.0203  	0.02206  	-0.0164  	0.00155  	0.01518  	-0.0002  	-0.0121  	0.00433  	0.01034  	0.08411  	0.01040  	0.00532  	0.01241  	0.03785  	-0.7581  	
-0.3507  	-0.1616  	-0.7146  	-0.2608  	0.08885  	-0.4555  	-0.0181  	-0.1451  	-0.0335  	0.13619  	-0.4344  	-0.4460  	0.18996  	-0.1845  	-0.0987  	0.78769  	-0.0514  	-0.0809  	0.37473  	0.45862  	0.02626  	0.21208  	-0.8094  	0.37861  	0.83779  	-0.1579  	0.20750  	0.15647  	0.37069  	0.23622  	-0.1007  	0.18198  	-0.0159  	-0.1753  	0.45265  	0.13486  	0.02279  	-0.2382  	-0.2305  	0.41418  	-0.1118  	0.16444  	-0.3088  	0.23620  	0.12279  	-0.0236  	0.01156  	-0.1081  	-0.0409  	-0.0785  	-0.0149  	-0.0204  	-0.0258  	-0.0075  	-0.0078  	-0.0217  	0.02485  	-0.0117  	-0.0006  	0.01269  	-0.0035  	-0.0066  	0.00926  	0.01572  	0.08411  	0.01040  	0.00532  	0.01241  	0.03785  	-0.7581  	
-0.1769  	-0.1330  	-0.7030  	-0.2471  	0.11585  	-0.4316  	0.03870  	-0.1021  	0.03628  	0.14312  	-0.3893  	-0.3685  	0.19016  	-0.0808  	-0.1327  	0.88566  	-0.1295  	0.03703  	0.33552  	0.65471  	0.01435  	0.39220  	-0.6319  	0.34799  	0.93575  	-0.2407  	0.19269  	0.22813  	0.28514  	0.26922  	-0.1895  	0.21099  	0.06611  	-0.0513  	0.52171  	0.13359  	0.10409  	-0.2317  	-0.1454  	0.46022  	-0.1863  	0.06373  	-0.2200  	0.19380  	0.15561  	-0.0447  	0.02696  	-0.1119  	-0.0220  	-0.0779  	-0.0160  	-0.0251  	-0.0223  	-0.0152  	-0.0228  	-0.0110  	0.01710  	-0.0091  	0.00702  	0.00697  	-0.0108  	0.00397  	0.03144  	0.00409  	0.08411  	0.01040  	0.00532  	0.01241  	0.03785  	-0.7581  	
-0.3046  	-0.1348  	-0.7554  	-0.2875  	0.06621  	-0.4556  	0.02379  	-0.1277  	0.03829  	0.12697  	-0.4037  	-0.3930  	0.25016  	0.06748  	-0.1522  	0.77533  	-0.1287  	0.02981  	0.31051  	0.62097  	-0.0026  	0.38407  	-0.6257  	0.39101  	0.91986  	-0.2130  	0.18229  	0.17105  	0.27227  	0.27687  	-0.1670  	0.18224  	0.07408  	-0.0410  	0.51654  	0.10408  	0.08562  	-0.2619  	-0.1265  	0.43272  	-0.1772  	0.07898  	-0.2321  	0.17340  	0.15254  	-0.0406  	0.03258  	-0.1269  	-0.0308  	-0.0713  	-0.0354  	-0.0228  	-0.0277  	-0.0121  	-0.0217  	-0.0198  	0.01812  	-0.0054  	0.00469  	0.00256  	-0.0076  	-0.0045  	0.02553  	0.01288  	0.08411  	0.01040  	0.00532  	0.01241  	0.03785  	-0.7581  	
-0.6212  	-0.1865  	-0.9373  	-0.4181  	0.06903  	-0.6985  	0.02536  	-0.1752  	-0.0022  	0.15464  	-0.2681  	-0.4272  	0.18344  	0.01114  	-0.1345  	0.64872  	-0.1322  	0.03356  	0.29042  	0.67833  	0.02702  	0.36288  	-0.5859  	0.40572  	0.83451  	-0.2175  	0.10354  	0.15917  	0.26364  	0.23707  	-0.1317  	0.13962  	0.12649  	-0.0291  	0.53825  	0.08460  	0.12024  	-0.2601  	-0.1526  	0.46185  	-0.2050  	0.06889  	-0.2925  	0.15685  	0.16207  	-0.0255  	0.03753  	-0.1274  	-0.0531  	-0.0497  	-0.0223  	-0.0177  	-0.0269  	-0.0202  	-0.0253  	-0.0129  	0.01378  	-0.0096  	-0.0044  	0.00743  	0.00245  	0.00795  	0.01006  	0.00722  	0.08411  	0.01040  	0.00532  	0.01241  	0.03785  	-0.7581  	
-0.8181  	-0.2918  	-1.0027  	-0.7342  	-0.0396  	-0.7897  	-0.0040  	-0.2481  	-0.0590  	0.11513  	-0.1814  	-0.5118  	0.13606  	-0.1263  	-0.1934  	0.51696  	-0.0875  	0.01258  	0.30295  	0.63081  	0.09401  	0.29190  	-0.5541  	0.41405  	0.82231  	-0.1956  	0.15425  	0.14407  	0.20840  	0.20821  	-0.1379  	0.14490  	0.08062  	-0.0549  	0.55630  	0.10349  	0.13025  	-0.2487  	-0.2055  	0.44466  	-0.2012  	0.05504  	-0.2877  	0.16339  	0.17699  	-0.0315  	0.03762  	-0.1729  	-0.0565  	-0.0548  	-0.0237  	-0.0197  	-0.0413  	-0.0230  	-0.0240  	-0.0175  	0.01289  	-0.0075  	-0.0062  	0.00039  	-0.0059  	0.00011  	0.02777  	0.01251  	0.08411  	0.01040  	0.00532  	0.01241  	0.03785  	-0.7581  	
-0.5026  	-0.1746  	-0.8342  	-0.4750  	0.04960  	-0.6489  	-0.0394  	-0.0784  	0.01439  	0.14622  	-0.2519  	-0.4081  	0.20996  	0.06149  	0.09595  	0.59852  	-0.0713  	-0.0529  	0.31122  	0.60506  	0.19990  	0.31270  	-0.5764  	0.45893  	0.72432  	-0.2056  	0.21080  	0.12151  	0.10778  	0.19975  	-0.1140  	0.18530  	0.11907  	-0.0378  	0.54171  	0.00782  	0.15624  	-0.2277  	-0.2204  	0.48037  	-0.2088  	0.06558  	-0.2608  	0.17543  	0.16506  	-0.0334  	0.04758  	-0.1340  	-0.0350  	-0.0434  	-0.0344  	-0.0257  	-0.0510  	-0.0241  	-0.0281  	-0.0334  	0.01667  	0.00066  	-0.0068  	-0.0060  	-0.0074  	0.00462  	0.01564  	0.01133  	0.08411  	0.01040  	0.00532  	0.01241  	0.03785  	-0.7581  	
-0.1213  	-0.0717  	-0.5976  	-0.2515  	0.07202  	-0.3902  	0.05256  	-0.0720  	0.05415  	0.09786  	-0.7455  	-0.4994  	0.30321  	0.27599  	0.33931  	0.55122  	-0.0655  	-0.0654  	0.27868  	0.46233  	0.04804  	0.42016  	-0.4634  	0.39832  	0.81239  	-0.2096  	0.27701  	-0.0041  	0.21759  	0.29739  	-0.1203  	0.18376  	0.09040  	-0.0334  	0.55672  	0.02617  	0.11710  	-0.2386  	-0.1689  	0.45568  	-0.1990  	0.06247  	-0.2155  	0.19726  	0.15172  	-0.0256  	0.03155  	-0.1015  	-0.0251  	-0.0560  	-0.0340  	-0.0164  	-0.0395  	-0.0226  	-0.0181  	-0.0121  	0.00329  	-0.0101  	-0.0024  	-0.0079  	-0.0042  	0.01225  	0.01978  	0.00328  	0.08411  	0.01040  	0.00532  	0.01241  	0.03785  	-0.7581  	
-0.1624  	-0.0719  	-0.6358  	-0.2821  	0.03570  	-0.3666  	0.09261  	-0.1027  	0.03028  	0.15016  	-0.7534  	-0.6985  	0.36166  	0.23416  	0.27984  	0.53396  	-0.0631  	-0.0903  	0.29679  	0.41475  	0.01804  	0.50154  	-0.4395  	0.36306  	0.96996  	-0.2196  	0.31733  	0.00261  	0.32005  	0.33813  	-0.1219  	0.18471  	0.05411  	-0.0286  	0.47694  	0.03815  	0.09630  	-0.2416  	-0.1246  	0.47138  	-0.1910  	0.06835  	-0.2017  	0.19589  	0.14668  	-0.0393  	0.02068  	-0.0977  	-0.0209  	-0.0606  	-0.0286  	-0.0169  	-0.0317  	-0.0121  	-0.0171  	-0.0116  	0.00345  	-0.0077  	-0.0064  	0.00497  	-0.0003  	0.00391  	0.02001  	0.00200  	0.08411  	0.01040  	0.00532  	0.01241  	0.03785  	-0.7581  	
-0.3101  	-0.0784  	-0.7895  	-0.1673  	0.08963  	-0.4799  	0.04976  	-0.1251  	0.00225  	0.14846  	-0.6633  	-0.5957  	0.27072  	0.15145  	0.26345  	0.56735  	-0.0475  	-0.0946  	0.30461  	0.51697  	0.05919  	0.46315  	-0.5174  	0.41441  	1.01134  	-0.2428  	0.38731  	0.03669  	0.30432  	0.35202  	-0.1866  	0.19067  	0.03309  	-0.0480  	0.55076  	0.06290  	0.12708  	-0.2587  	-0.1496  	0.48472  	-0.2549  	0.08732  	-0.2580  	0.18693  	0.15707  	-0.0358  	0.01420  	-0.1087  	-0.0270  	-0.0660  	-0.0274  	-0.0213  	-0.0389  	-0.0176  	-0.0206  	-0.0100  	0.01867  	-0.0079  	0.01107  	0.00123  	-0.0023  	-0.0012  	0.01354  	0.00176  	0.08411  	0.01040  	0.00532  	0.01241  	0.03785  	-0.7581  	
-0.3147  	-0.1137  	-0.8772  	-0.0190  	0.23797  	-0.4209  	0.02821  	-0.1084  	0.02005  	0.04938  	-0.6396  	-0.3900  	0.31072  	0.14573  	0.24624  	0.66246  	-0.0831  	-0.0515  	0.29250  	0.58356  	0.00586  	0.44503  	-0.5749  	0.34204  	0.90089  	-0.2168  	0.22008  	0.20730  	0.34328  	0.32917  	-0.1832  	0.17234  	0.08372  	-0.0280  	0.54543  	0.04909  	0.04173  	-0.2657  	-0.1124  	0.49005  	-0.2221  	0.08167  	-0.2409  	0.17650  	0.15980  	-0.0323  	0.02789  	-0.1267  	-0.0348  	-0.0655  	-0.0276  	-0.0243  	-0.0359  	-0.0258  	-0.0210  	-0.0072  	0.02369  	-0.0068  	0.00723  	-0.0026  	-0.0035  	0.00815  	0.01748  	0.00465  	0.08411  	0.01040  	0.00532  	0.01241  	0.03785  	-0.7581  	
-0.3298  	-0.1145  	-0.8633  	-0.0456  	0.19746  	-0.4674  	0.03475  	-0.0960  	0.02681  	0.05031  	-0.6065  	-0.3856  	0.29290  	0.17419  	0.20918  	0.65059  	-0.1012  	0.01280  	0.27352  	0.62044  	-0.0051  	0.43205  	-0.6149  	0.33068  	0.88350  	-0.2160  	0.16124  	0.24224  	0.38949  	0.32773  	-0.1829  	0.15078  	0.08126  	-0.0289  	0.51888  	0.05056  	0.01317  	-0.2765  	-0.0953  	0.51500  	-0.2249  	0.06495  	-0.2479  	0.16960  	0.16895  	-0.0361  	0.03327  	-0.1264  	-0.0366  	-0.0621  	-0.0223  	-0.0234  	-0.0339  	-0.0213  	-0.0160  	-0.0129  	0.01502  	-0.0095  	0.00383  	0.00546  	-0.0011  	0.00142  	0.01681  	0.01011  	0.08411  	0.01040  	0.00532  	0.01241  	0.03785  	-0.7581  	
-0.5204  	-0.1762  	-0.9024  	-0.3859  	0.07458  	-0.6113  	0.02396  	-0.1690  	0.00185  	0.11043  	-0.4132  	-0.4214  	0.20922  	0.00434  	-0.0612  	0.64840  	-0.1118  	0.05640  	0.29849  	0.65432  	0.00728  	0.34947  	-0.5858  	0.35333  	0.83411  	-0.2165  	0.12544  	0.23951  	0.31254  	0.26097  	-0.1353  	0.15640  	0.09448  	-0.0366  	0.50629  	0.08243  	0.07786  	-0.2598  	-0.1460  	0.48255  	-0.2134  	0.06592  	-0.2504  	0.17759  	0.16659  	-0.0330  	0.03278  	-0.1265  	-0.0450  	-0.0574  	-0.0300  	-0.0206  	-0.0364  	-0.0165  	-0.0226  	-0.0176  	0.02036  	-0.0087  	0.00141  	0.00369  	-0.0032  	0.00064  	0.02160  	0.01194  	0.08411  	0.01040  	0.00532  	0.01241  	0.03785  	-0.7581  	
-0.6645  	-0.2261  	-0.8784  	-0.6572  	-0.1148  	-0.5913  	0.00875  	-0.2045  	-0.0204  	0.13096  	-0.3373  	-0.5549  	0.14690  	-0.2312  	-0.2198  	0.63064  	-0.0741  	0.05281  	0.32133  	0.63838  	-0.0182  	0.34378  	-0.5010  	0.31281  	0.83220  	-0.1828  	0.09417  	0.21574  	0.31301  	0.23734  	-0.1365  	0.16468  	0.06533  	-0.0350  	0.42331  	0.11543  	0.07900  	-0.2305  	-0.1475  	0.45718  	-0.1405  	0.04069  	-0.2395  	0.17993  	0.16318  	-0.0358  	0.03662  	-0.1499  	-0.0617  	-0.0530  	-0.0352  	-0.0174  	-0.0299  	-0.0186  	-0.0204  	-0.0260  	0.01996  	-0.0038  	-0.0051  	0.00361  	-0.0011  	-0.0004  	0.02657  	0.01509  	0.08411  	0.01040  	0.00532  	0.01241  	0.03785  	-0.7581  	
-0.6450  	-0.2309  	-0.8733  	-0.6306  	-0.1625  	-0.5809  	0.02501  	-0.2245  	0.01755  	0.14037  	-0.3760  	-0.5669  	0.16515  	-0.2101  	-0.2226  	0.62196  	-0.0591  	0.06164  	0.30012  	0.63640  	-0.0498  	0.35236  	-0.5022  	0.25937  	0.82122  	-0.1802  	0.05840  	0.27622  	0.34413  	0.23856  	-0.1209  	0.16523  	0.05712  	-0.0352  	0.35330  	0.11920  	0.05629  	-0.2317  	-0.1287  	0.44832  	-0.1018  	0.03637  	-0.2091  	0.19041  	0.16097  	-0.0412  	0.03604  	-0.1413  	-0.0464  	-0.0512  	-0.0366  	-0.0212  	-0.0284  	-0.0151  	-0.0110  	-0.0240  	0.01282  	-0.0022  	0.00251  	0.00181  	-0.0002  	0.00582  	0.02274  	0.01656  	0.08411  	0.01040  	0.00532  	0.01241  	0.03785  	-0.7581  	
-0.6327  	-0.2094  	-0.8605  	-0.5559  	-0.0919  	-0.5702  	-0.0017  	-0.2014  	0.01042  	0.12687  	-0.3987  	-0.5163  	0.16235  	-0.1923  	-0.1920  	0.67090  	-0.0558  	0.04474  	0.30563  	0.60886  	-0.0425  	0.34373  	-0.5016  	0.27575  	0.79833  	-0.1850  	0.07642  	0.26934  	0.35131  	0.24015  	-0.1265  	0.16781  	0.06499  	-0.0361  	0.39065  	0.11219  	0.06091  	-0.2372  	-0.1383  	0.45216  	-0.1087  	0.03880  	-0.2128  	0.18798  	0.15714  	-0.0383  	0.03783  	-0.1290  	-0.0506  	-0.0512  	-0.0362  	-0.0198  	-0.0297  	-0.0167  	-0.0173  	-0.0245  	0.01508  	-0.0049  	0.00273  	0.00032  	-0.0014  	0.00212  	0.02269  	0.01454  	0.08411  	0.01040  	0.00532  	0.01241  	0.03785  	-0.7581  	
-0.5161  	-0.1876  	-0.8540  	-0.4343  	-0.0357  	-0.4965  	-0.0339  	-0.1411  	0.01373  	0.07989  	-0.4175  	-0.4514  	0.17987  	-0.1369  	-0.0607  	0.66485  	-0.0452  	0.00103  	0.30555  	0.59894  	0.03573  	0.33790  	-0.4730  	0.33801  	0.76463  	-0.1804  	0.12375  	0.18636  	0.25695  	0.22613  	-0.1327  	0.18313  	0.10144  	-0.0478  	0.44682  	0.04994  	0.09278  	-0.2335  	-0.1582  	0.45963  	-0.1414  	0.04141  	-0.2216  	0.19259  	0.15961  	-0.0353  	0.03580  	-0.1373  	-0.0551  	-0.0530  	-0.0389  	-0.0194  	-0.0333  	-0.0171  	-0.0221  	-0.0214  	0.01785  	-0.0062  	-0.0024  	-0.0026  	-0.0010  	0.00336  	0.01737  	0.01248  	0.08411  	0.01040  	0.00532  	0.01241  	0.03785  	-0.7581  	
-0.2993  	-0.0949  	-0.6737  	-0.3628  	-0.0435  	-0.3671  	0.02174  	-0.0502  	0.05606  	0.06796  	-0.4283  	-0.4505  	0.21206  	0.05617  	0.09303  	0.71680  	-0.0598  	-0.0279  	0.30932  	0.56632  	0.19214  	0.39387  	-0.4775  	0.38550  	0.78814  	-0.2175  	0.19453  	0.05472  	0.18114  	0.22809  	-0.1425  	0.20309  	0.09458  	-0.0493  	0.52515  	0.02218  	0.19301  	-0.2041  	-0.1878  	0.44341  	-0.1656  	0.04566  	-0.2245  	0.18659  	0.15546  	-0.0332  	0.03401  	-0.1318  	-0.0451  	-0.0555  	-0.0384  	-0.0174  	-0.0311  	-0.0139  	-0.0184  	-0.0129  	0.01216  	-0.0081  	-0.0020  	0.00198  	1.20612  	0.00516  	0.02436  	0.01002  	0.08411  	0.01040  	0.00532  	0.01241  	0.03785  	-0.7581  	
-0.3443  	-0.1143  	-0.6998  	-0.3663  	-0.0075  	-0.3989  	0.01271  	-0.0910  	0.05460  	0.09111  	-0.4688  	-0.4795  	0.22958  	0.02614  	-0.0263  	0.78407  	-0.0818  	0.00928  	0.32091  	0.60637  	0.09313  	0.35584  	-0.5462  	0.34362  	0.83276  	-0.2231  	0.11268  	0.14639  	0.28242  	0.24825  	-0.1546  	0.19324  	0.09629  	-0.0440  	0.47929  	0.06410  	0.12884  	-0.2121  	-0.1646  	0.45386  	-0.1329  	0.02803  	-0.2063  	0.18695  	0.14744  	-0.0323  	0.03249  	-0.1248  	-0.0406  	-0.0546  	-0.0340  	-0.0201  	-0.0295  	-0.0167  	-0.0198  	-0.0200  	0.01495  	-0.0063  	0.00448  	0.00300  	-0.0074  	0.00016  	0.02452  	0.00889  	0.08411  	0.01040  	0.00532  	0.01241  	0.03785  	-0.7581  	
-0.4746  	-0.1840  	-0.8386  	-0.3919  	0.00416  	-0.4814  	0.01647  	-0.1935  	-0.0012  	0.10890  	-0.5089  	-0.4996  	0.18234  	-0.1109  	-0.1246  	0.65365  	-0.1120  	0.05951  	0.30226  	0.64548  	-0.0543  	0.38072  	-0.5936  	0.28133  	0.88095  	-0.2194  	0.12794  	0.27785  	0.37389  	0.27972  	-0.1552  	0.17293  	0.05612  	-0.0276  	0.42907  	0.12858  	0.04944  	-0.2387  	-0.1149  	0.47033  	-0.1388  	0.03982  	-0.2203  	0.19256  	0.15972  	-0.0375  	0.03156  	-0.1248  	-0.0443  	-0.0677  	-0.0247  	-0.0201  	-0.0309  	-0.0162  	-0.0151  	-0.0219  	0.02251  	0.00038  	-0.0042  	0.00169  	-0.0046  	-0.0036  	0.02590  	0.01391  	0.08411  	0.01040  	0.00532  	0.01241  	0.03785  	-0.7581  	
-0.5048  	-0.1638  	-0.9029  	-0.2847  	0.09578  	-0.5091  	-0.0086  	-0.1783  	-0.0116  	0.09300  	-0.5000  	-0.4357  	0.18905  	-0.0440  	-0.0216  	0.63939  	-0.0862  	0.05424  	0.29498  	0.65702  	-0.0402  	0.40185  	-0.5890  	0.31805  	0.89626  	-0.2315  	0.12946  	0.29771  	0.40813  	0.29545  	-0.1726  	0.17568  	0.07194  	-0.0276  	0.44698  	0.12394  	0.03241  	-0.2568  	-0.1239  	0.47233  	-0.1855  	0.04697  	-0.2500  	0.17235  	0.16656  	-0.0369  	0.03907  	-0.1337  	-0.0390  	-0.0744  	-0.0264  	-0.0240  	-0.0339  	-0.0161  	-0.0188  	-0.0204  	0.02023  	-0.0031  	0.00461  	0.00273  	-0.0097  	-0.0017  	0.02370  	0.01402  	0.08411  	0.01040  	0.00532  	0.01241  	0.03785  	-0.7581  	
-0.4213  	-0.1471  	-0.8888  	-0.2028  	0.14926  	-0.4718  	-0.0058  	-0.1407  	0.01423  	0.08177  	-0.5241  	-0.3824  	0.22355  	0.02649  	0.06184  	0.67632  	-0.0835  	0.02348  	0.28284  	0.62155  	-0.0097  	0.39253  	-0.5868  	0.31255  	0.86247  	-0.2186  	0.12891  	0.28068  	0.38663  	0.29072  	-0.1803  	0.17403  	0.08260  	-0.0287  	0.47138  	0.09067  	0.02711  	-0.2628  	-0.1214  	0.48511  	-0.1906  	0.05669  	-0.2405  	0.17094  	0.16531  	-0.0345  	0.03675  	-0.1345  	-0.0409  	-0.0574  	-0.0255  	-0.0245  	-0.0358  	-0.0163  	-0.0164  	-0.0210  	0.02355  	-0.0021  	0.00697  	-0.0017  	-0.0080  	0.00062  	0.02212  	0.01433  	0.08411  	0.01040  	0.00532  	0.01241  	0.03785  	-0.7581  	
-0.3763  	-0.1480  	-0.8372  	-0.1422  	0.16390  	-0.4248  	0.00885  	-0.1234  	0.03474  	0.08531  	-0.5331  	-0.3230  	0.26220  	0.09615  	0.14111  	0.71260  	-0.0977  	0.01106  	0.30395  	0.63053  	0.01783  	0.38991  	-0.5988  	0.32510  	0.87258  	-0.2163  	0.12440  	0.24046  	0.36563  	0.30740  	-0.1648  	0.16441  	0.08390  	-0.0300  	0.48995  	0.06096  	0.04099  	-0.2600  	-0.1235  	0.46540  	-0.2137  	0.06991  	-0.2418  	0.17326  	0.16098  	-0.0358  	0.03875  	-0.1301  	-0.0365  	-0.0640  	-0.0271  	-0.0259  	-0.0321  	-0.0199  	-0.0186  	-0.0152  	0.02612  	-0.0045  	0.00682  	0.00044  	-0.0036  	-0.0015  	0.01796  	0.01200  	0.08411  	0.01040  	0.00532  	0.01241  	0.03785  	-0.7581  	
-0.4264  	-0.1311  	-0.8821  	-0.1975  	0.13096  	-0.4091  	-0.0003  	-0.1489  	0.00240  	0.06885  	-0.5865  	-0.3880  	0.21775  	0.01421  	0.12514  	0.66492  	-0.0735  	0.02999  	0.32940  	0.60320  	-0.0063  	0.38669  	-0.5618  	0.35870  	0.89128  	-0.2095  	0.14465  	0.24452  	0.37245  	0.30419  	-0.1640  	0.16550  	0.06933  	-0.0382  	0.47205  	0.07149  	0.03934  	-0.2564  	-0.1169  	0.48370  	-0.2144  	0.06140  	-0.2431  	0.18502  	0.16338  	-0.0324  	0.02797  	-0.1295  	-0.0443  	-0.0624  	-0.0340  	-0.0222  	-0.0297  	-0.0229  	-0.0185  	-0.0176  	0.02395  	-0.0013  	0.00935  	0.00231  	-0.0051  	-0.0046  	0.01670  	0.00896  	0.08411  	0.01040  	0.00532  	0.01241  	0.03785  	-0.7581  	
-0.4401  	-0.1586  	-0.8327  	-0.3386  	0.03818  	-0.4518  	-0.0111  	-0.1803  	-0.0081  	0.06033  	-0.5171  	-0.4729  	0.18619  	-0.1046  	0.00946  	0.67724  	-0.0816  	0.04122  	0.30187  	0.62859  	-0.0106  	0.37856  	-0.5506  	0.34335  	0.86179  	-0.2063  	0.12611  	0.23527  	0.33655  	0.27771  	-0.1737  	0.19195  	0.08355  	-0.0320  	0.45538  	0.08247  	0.07000  	-0.2353  	-0.1571  	0.47886  	-0.1689  	0.05653  	-0.2306  	0.18849  	0.15500  	-0.0375  	0.03443  	-0.1340  	-0.0349  	-0.0604  	-0.0250  	-0.0180  	-0.0280  	-0.0211  	-0.0162  	-0.0182  	0.02354  	-0.0036  	0.00539  	0.00216  	-0.0072  	-0.0046  	0.01874  	0.01246  	0.08411  	0.01040  	0.00532  	0.01241  	0.03785  	-0.7581  	
-0.4006  	-0.1633  	-0.8125  	-0.3769  	0.01663  	-0.4935  	-0.0087  	-0.2083  	-0.0148  	0.14049  	-0.4164  	-0.4580  	0.15390  	-0.1739  	-0.1605  	0.77337  	-0.1023  	0.05576  	0.32558  	0.63425  	-0.0229  	0.35567  	-0.5799  	0.33231  	0.84334  	-0.2296  	0.12061  	0.20833  	0.31911  	0.27473  	-0.1705  	0.19031  	0.06263  	-0.0409  	0.48328  	0.13609  	0.08022  	-0.2408  	-0.1608  	0.47429  	-0.1726  	0.05314  	-0.2359  	0.18263  	0.15751  	-0.0307  	0.02842  	-0.1321  	-0.0395  	-0.0575  	-0.0217  	-0.0197  	-0.0294  	-0.0200  	-0.0189  	-0.0196  	0.02176  	-0.0025  	0.00508  	-7.4378  	-0.0102  	-0.0083  	0.02651  	0.00744  	0.08411  	0.01040  	0.00532  	0.01241  	0.03785  	-0.7581  	
-0.4560  	-0.1883  	-0.7844  	-0.4266  	0.01826  	-0.5290  	0.01130  	-0.1999  	-0.0055  	0.20747  	-0.3664  	-0.4653  	0.14034  	-0.2351  	-0.2528  	0.83974  	-0.1199  	0.07850  	0.32738  	0.64527  	-0.0649  	0.37641  	-0.6153  	0.31848  	0.88498  	-0.2212  	0.13499  	0.26261  	0.34275  	0.26622  	-0.1754  	0.19235  	0.05329  	-0.0447  	0.46868  	0.17987  	0.05853  	-0.2445  	-0.1445  	0.48395  	-0.1650  	0.06781  	-0.2355  	0.18955  	0.15862  	-0.0317  	0.03317  	-0.1248  	-0.0411  	-0.0581  	-0.0165  	-0.0185  	-0.0267  	-0.0198  	-0.0124  	-0.0210  	0.02152  	-0.0035  	0.00126  	0.00261  	-0.0056  	-0.0118  	0.02230  	0.01429  	0.08411  	0.01040  	0.00532  	0.01241  	0.03785  	-0.7581  	
-0.5347  	-0.2068  	-0.8445  	-0.5199  	-0.0737  	-0.5729  	0.00254  	-0.2173  	-0.0214  	0.15991  	-0.3974  	-0.5562  	0.13434  	-0.2439  	-0.1974  	0.76782  	-0.0981  	0.06587  	0.33098  	0.62115  	-0.0689  	0.36947  	-0.5633  	0.29925  	0.87735  	-0.2063  	0.12134  	0.25514  	0.34801  	0.25489  	-0.1514  	0.19328  	0.04124  	-0.0489  	0.43837  	0.17737  	0.04405  	-0.2366  	-0.1443  	0.48854  	-0.1387  	0.04267  	-0.2196  	0.19500  	0.15512  	-0.0372  	0.03484  	-0.1348  	-0.0506  	-0.0553  	-0.0228  	-0.0147  	-0.0262  	-0.0197  	-0.0176  	-0.0260  	0.01700  	-0.0032  	0.00379  	0.00567  	-0.0014  	-0.0082  	0.02391  	0.01714  	0.08411  	0.01040  	0.00532  	0.01241  	0.03785  	-0.7581  	
-0.6137  	-0.2131  	-0.9021  	-0.5691  	-0.1274  	-0.5596  	-0.0027  	-0.2494  	-0.0346  	0.09625  	-0.4276  	-0.5529  	0.10691  	-0.2752  	-0.1732  	0.66048  	-0.0496  	0.03742  	0.30802  	0.59735  	-0.0483  	0.34144  	-0.4985  	0.30263  	0.86821  	-0.1974  	0.15951  	0.20693  	0.36283  	0.24961  	-0.1488  	0.19695  	0.03758  	-0.0374  	0.40862  	0.14133  	0.08570  	-0.2134  	-0.1533  	0.45687  	-0.1243  	0.04048  	-0.2230  	0.19453  	0.16594  	-0.0385  	0.03180  	-0.1486  	-0.0531  	-0.0590  	-0.0302  	-0.0160  	-0.0254  	-0.0148  	-0.0159  	-0.0228  	0.01567  	-0.0047  	0.00452  	0.00145  	-0.0019  	-0.0095  	0.02386  	0.01189  	0.08411  	0.01040  	0.00532  	0.01241  	0.03785  	-0.7581  	
-0.6055  	-0.2031  	-0.8734  	-0.5864  	-0.1263  	-0.5453  	-0.0029  	-0.2378  	-0.0333  	0.09259  	-0.4532  	-0.5714  	0.11991  	-0.2625  	-0.1679  	0.64382  	-0.0546  	0.04480  	0.31180  	0.59541  	-0.0608  	0.35962  	-0.4696  	0.28700  	0.84828  	-0.1891  	0.12666  	0.20917  	0.34929  	0.25048  	-0.1433  	0.19182  	0.04489  	-0.0417  	0.37972  	0.12745  	0.07572  	-0.2112  	-0.1454  	0.45855  	-0.1121  	0.03376  	-0.2213  	0.19236  	0.15584  	-0.0368  	0.02797  	-0.1429  	-0.0545  	-0.0620  	-0.0359  	-0.0162  	-0.0255  	-0.0160  	-0.0186  	-0.0265  	0.01204  	-0.0060  	0.00133  	0.00097  	-0.0013  	-0.0058  	0.02488  	0.01378  	0.08411  	0.01040  	0.00532  	0.01241  	0.03785  	-0.7581  	
-0.6058  	-0.2220  	-0.8975  	-0.5752  	-0.0711  	-0.5662  	-4.7136  	-0.2031  	-0.0212  	0.10777  	-0.4250  	-0.4919  	0.15122  	-0.2206  	-0.1729  	0.67719  	-0.0689  	0.05736  	0.31151  	0.59287  	-0.0710  	0.37171  	-0.5020  	0.29369  	0.83021  	-0.1900  	0.09530  	0.24410  	0.37168  	0.25321  	-0.1405  	0.16747  	0.05208  	-0.0429  	0.36967  	0.12775  	0.05336  	-0.2340  	-0.1379  	0.47566  	-0.1243  	0.04895  	-0.2258  	0.18924  	0.15583  	-0.0356  	0.03635  	-0.1369  	-0.0518  	-0.0533  	-0.0406  	-0.0172  	-0.0290  	-0.0153  	-0.0189  	-0.0279  	0.01395  	-0.0038  	0.00111  	-0.0015  	-0.0050  	-0.0031  	0.02286  	0.01401  	0.08411  	0.01040  	0.00532  	0.01241  	0.03785  	-0.7581  	
-0.5798  	-0.2155  	-0.8980  	-0.4116  	0.02860  	-0.5942  	-0.0212  	-0.1057  	0.00570  	0.09723  	-0.3418  	-0.3851  	0.18867  	-0.0769  	0.00234  	0.69024  	-0.0793  	0.02672  	0.30969  	0.63291  	0.04880  	0.34784  	-0.5290  	0.38877  	0.71134  	-0.1876  	0.10109  	0.19533  	0.27043  	0.21338  	-0.1598  	0.18647  	0.11003  	-0.0457  	0.48304  	0.05206  	0.09635  	-0.2332  	-0.1531  	0.48274  	-0.1577  	0.04695  	-0.2562  	0.17438  	0.15606  	-0.0309  	0.03879  	-0.1360  	-0.0505  	-0.0507  	-0.0349  	-0.0199  	-0.0342  	-0.0139  	-0.0239  	-0.0229  	0.01808  	-0.0105  	0.00667  	0.00343  	-0.0048  	0.00171  	0.01336  	0.01447  	0.08411  	0.01040  	0.00532  	0.01241  	0.03785  	-0.7581  	
-0.2787  	-0.1152  	-0.7298  	-0.1860  	0.11966  	-0.3813  	0.03941  	-0.0972  	0.02386  	0.07825  	-0.5976  	-0.4101  	0.29151  	0.17287  	0.24850  	0.66640  	-0.0946  	-0.0458  	0.30205  	0.58653  	0.06340  	0.43544  	-0.5382  	0.39093  	0.76628  	-0.2155  	0.18523  	0.12002  	0.23506  	0.26565  	-0.1451  	0.19176  	0.10577  	-0.0437  	0.53700  	0.03088  	0.10836  	-0.2582  	-0.1578  	0.49640  	-0.2042  	0.06186  	-0.2509  	0.18738  	0.16164  	-0.0351  	0.02715  	-0.1120  	-0.0315  	-0.0634  	-0.0354  	-0.0243  	-0.0399  	-0.0212  	-0.0230  	-0.0151  	0.01660  	-0.0108  	-0.0016  	-0.0014  	-0.0052  	0.00746  	0.00749  	0.00811  	0.08411  	0.01040  	0.00532  	0.01241  	0.03785  	-0.7581  	
-0.1079  	-0.1129  	-0.6686  	-0.0975  	0.09581  	-0.2907  	0.06157  	-0.0791  	0.05187  	0.07401  	-0.6988  	-0.5700  	0.33851  	0.23949  	0.25776  	0.61304  	-0.0518  	-0.0713  	0.29368  	0.49741  	0.04909  	0.46056  	-0.4924  	0.36405  	0.90930  	-0.2415  	0.25156  	0.05348  	0.32606  	0.32537  	-0.1614  	0.17565  	0.06811  	-0.0277  	0.51390  	0.04054  	0.09094  	-0.2545  	-0.1053  	0.49132  	-0.1947  	0.06875  	-0.2305  	0.19534  	0.15349  	-0.0348  	0.02140  	-0.0977  	-0.0209  	-0.0629  	-0.0310  	-0.0159  	-0.0285  	-0.0134  	-0.0139  	-0.0073  	0.00667  	-0.0065  	-0.0034  	0.00207  	-0.0022  	0.00122  	0.01912  	0.00334  	0.08411  	0.01040  	0.00532  	0.01241  	0.03785  	-0.7581  	
-0.1103  	-0.0660  	-0.6368  	-0.2133  	0.06086  	-0.3273  	0.09847  	-0.0731  	0.04270  	0.14235  	-0.7145  	-0.6533  	0.32545  	0.22390  	0.25873  	0.57045  	-0.0635  	-0.0653  	0.29839  	0.44020  	0.02905  	0.50404  	-0.4840  	0.37772  	0.96231  	-0.2425  	0.31594  	0.00946  	0.33004  	0.34076  	-0.1561  	0.19200  	0.04716  	-0.0337  	0.49011  	0.05179  	0.10515  	-0.2365  	-0.1267  	0.49240  	-0.2104  	0.06577  	-0.2146  	0.18995  	0.14424  	-0.0329  	0.01612  	-0.0919  	-0.0188  	-0.0644  	-0.0348  	-0.0194  	-0.0307  	-0.0159  	-0.0163  	-0.0132  	0.00624  	-0.0103  	-0.0047  	0.00677  	-0.0008  	0.00074  	0.01991  	0.00511  	0.08411  	0.01040  	0.00532  	0.01241  	0.03785  	-0.7581  	
-0.3488  	-0.1056  	-0.7863  	-0.4220  	-0.0370  	-0.5712  	0.05209  	-0.1380  	0.00989  	0.18065  	-0.5873  	-0.6307  	0.28077  	0.15106  	0.12763  	0.53621  	-0.0932  	-0.0395  	0.27166  	0.55717  	0.05460  	0.42041  	-0.5291  	0.43781  	0.92063  	-0.2219  	0.28967  	0.02792  	0.25607  	0.31296  	-0.1430  	0.17920  	0.05408  	-0.0409  	0.55363  	0.03334  	0.10742  	-0.2465  	-0.1696  	0.49936  	-0.2054  	0.07073  	-0.2531  	0.19280  	0.15306  	-0.0372  	0.02198  	-0.1186  	-0.0413  	-0.0633  	-0.0354  	-0.0207  	-0.0339  	-0.0117  	-0.0209  	-0.0222  	0.00985  	-0.0117  	-0.0031  	0.00813  	-0.0068  	0.00633  	0.01562  	0.00631  	0.08411  	0.01040  	0.00532  	0.01241  	0.03785  	-0.7581  	
-0.5755  	-0.1936  	-0.8895  	-0.5161  	-0.0266  	-0.6240  	0.00793  	-0.1363  	0.00375  	0.12488  	-0.3079  	-0.5171  	0.19954  	-0.0300  	-0.0919  	0.62363  	-0.0944  	0.02305  	0.29766  	0.65754  	0.10828  	0.33888  	-0.5547  	0.37898  	0.78353  	-0.2236  	0.11985  	0.15317  	0.24101  	0.22885  	-0.1442  	0.15480  	0.08967  	-0.0429  	0.52416  	0.06869  	0.12738  	-0.2488  	-0.1875  	0.47086  	-0.1923  	0.05439  	-0.2612  	0.17162  	0.15793  	-0.0314  	0.04045  	-0.1360  	-0.0507  	-0.0530  	-0.0263  	-0.0238  	-0.0346  	-0.0206  	-0.0213  	-0.0205  	0.01813  	-0.0106  	-0.0051  	0.00528  	-0.0057  	0.00613  	0.01968  	0.01513  	0.08411  	0.01040  	0.00532  	0.01241  	0.03785  	-0.7581  	
-0.6267  	-0.2336  	-0.9306  	-0.5008  	0.01199  	-0.6295  	0.01326  	-0.1923  	-0.0134  	0.14450  	-0.3055  	-0.4551  	0.15932  	-0.1558  	-0.1697  	0.66666  	-0.0928  	0.04398  	0.29291  	0.65431  	-0.0096  	0.33423  	-0.5448  	0.31828  	0.76783  	-0.1942  	0.08345  	0.23148  	0.30855  	0.24428  	-0.1428  	0.16756  	0.08446  	-0.0280  	0.45436  	0.11716  	0.07132  	-0.2413  	-0.1531  	0.45723  	-0.1606  	0.04903  	-0.2538  	0.17727  	0.16194  	-0.0328  	0.04416  	-0.1486  	-0.0466  	-0.0581  	-0.0330  	-0.0204  	-0.0308  	-0.0146  	-0.0168  	-0.0306  	0.01885  	-0.0023  	0.00281  	0.00171  	-0.0038  	-0.0037  	0.02403  	0.00927  	0.08411  	0.01040  	0.00532  	0.01241  	0.03785  	-0.7581  	
-0.5543  	-0.1938  	-0.9065  	-0.4349  	0.02698  	-0.5545  	-0.0100  	-0.1594  	0.01779  	0.11828  	-0.3660  	-0.4114  	0.15708  	-0.0872  	-0.0638  	0.67563  	-0.0832  	0.04065  	0.30062  	0.62846  	0.03513  	0.35681  	-0.5403  	0.30816  	0.77636  	-0.1897  	0.06556  	0.22888  	0.34760  	0.24371  	-0.1386  	0.15374  	0.08099  	-0.0291  	0.44280  	0.07623  	0.06232  	-0.2512  	-0.1357  	0.45737  	-0.1394  	0.05240  	-0.2256  	0.18397  	0.16232  	-0.0333  	0.03612  	-0.1418  	-0.0469  	-0.0571  	-0.0352  	-0.0218  	-0.0325  	-0.0173  	-0.0149  	-0.0196  	0.01944  	-0.0053  	0.00331  	-0.0004  	-0.0066  	-0.0003  	0.02137  	0.01401  	0.08411  	0.01040  	0.00532  	0.01241  	0.03785  	-0.7581  	
-0.4934  	-0.1691  	-0.8625  	-0.3646  	0.02559  	-0.4928  	-0.0366  	-0.1443  	0.02122  	0.08033  	-0.4273  	-0.4174  	0.16344  	-0.0903  	-0.0031  	0.68550  	-0.0649  	0.03722  	0.34504  	0.61151  	0.06830  	0.36394  	-0.5197  	0.31180  	0.79967  	-0.1979  	0.09741  	0.20725  	0.29812  	0.25450  	-0.1319  	0.16558  	0.08412  	-0.0369  	0.45320  	0.05220  	0.09877  	-0.2354  	-0.1369  	0.44219  	-0.1395  	0.05720  	-0.2298  	0.18743  	0.15996  	-0.0302  	0.03264  	-0.1382  	-0.0536  	-0.0594  	-0.0327  	-0.0168  	-0.0335  	-0.0204  	-0.0155  	-0.0159  	0.02058  	-0.0005  	0.00044  	-0.0016  	-0.0012  	0.00091  	0.01800  	0.01102  	0.08411  	0.01040  	0.00532  	0.01241  	0.03785  	-0.7581  	
-0.4791  	-0.1864  	-0.8232  	-0.3911  	-0.0061  	-0.4664  	-0.0484  	-0.1377  	0.00760  	0.04169  	-0.4505  	-0.4861  	0.14979  	-0.1229  	0.00531  	0.70767  	-0.0604  	0.03189  	0.32828  	0.61184  	0.06457  	0.35157  	-0.5128  	0.34302  	0.83549  	-0.1987  	0.15515  	0.16886  	0.24532  	0.24721  	-0.1522  	0.19112  	0.07700  	-0.0499  	0.47371  	0.06128  	0.13628  	-0.2193  	-0.1775  	0.42785  	-0.1709  	0.05791  	-0.2233  	0.19175  	0.16088  	-0.0334  	0.03722  	-0.1375  	-0.0473  	-0.0551  	-0.0377  	-0.0154  	-0.0278  	-0.0175  	-0.0165  	-0.0212  	0.02148  	-0.0033  	-0.0021  	0.00176  	-0.0061  	-0.0002  	0.02189  	0.01573  	0.08411  	0.01040  	0.00532  	0.01241  	0.03785  	-0.7581  	
-0.4140  	-0.1737  	-0.8127  	-0.4079  	-0.0083  	-0.4538  	-0.0260  	-0.1657  	-0.0103  	0.05628  	-0.4143  	-0.4734  	0.14091  	-0.1729  	-0.0670  	0.75811  	-0.0766  	0.05712  	0.32724  	0.65311  	0.04516  	0.33930  	-0.5402  	0.34329  	0.83685  	-0.2134  	0.13465  	0.21482  	0.28977  	0.24361  	-0.1567  	0.18519  	0.05611  	-0.0475  	0.47292  	0.11039  	0.10923  	-0.2232  	-0.1731  	0.45365  	-0.1615  	0.04632  	-0.2313  	0.18335  	0.15569  	-0.0297  	0.03314  	-0.1321  	-0.0465  	-0.0621  	-0.0316  	-0.0219  	-0.0299  	-0.0201  	-0.0177  	-0.0170  	0.02538  	-0.0008  	-0.0013  	0.00168  	-0.0079  	-0.0072  	0.02257  	0.01200  	0.08411  	0.01040  	0.00532  	0.01241  	0.03785  	-0.7581  	
-0.3960  	-0.1866  	-0.7698  	-0.3924  	0.00327  	-0.4859  	0.02293  	-0.1822  	0.01413  	0.13676  	-0.4241  	-0.4819  	0.14512  	-0.1634  	-0.1012  	0.79179  	-0.1073  	0.06577  	0.31190  	0.64665  	-0.0407  	0.36047  	-0.5649  	0.31085  	0.85928  	-0.2168  	0.11375  	0.26994  	0.33367  	0.26775  	-0.1585  	0.19300  	0.06208  	-0.0356  	0.47795  	0.13493  	0.07294  	-0.2326  	-0.1493  	0.47177  	-0.1544  	0.04861  	-0.2269  	0.19492  	0.14992  	-0.0345  	0.03363  	-0.1271  	-0.0421  	-0.0570  	-0.0190  	-0.0167  	-0.0268  	-0.0178  	-0.0156  	-0.0193  	0.02325  	-0.0033  	-0.0010  	0.00316  	-0.0053  	-0.0104  	0.02059  	0.00967  	0.08411  	0.01040  	0.00532  	0.01241  	0.03785  	-0.7581  	
-0.3728  	-0.1976  	-0.7333  	-0.4937  	-0.0360  	-0.4999  	0.05826  	-0.2213  	0.01370  	0.15822  	-0.4031  	-0.5160  	0.17630  	-0.2121  	-0.1912  	0.81460  	-0.1295  	0.08637  	0.29860  	0.65899  	-0.1071  	0.34485  	-0.6027  	0.25485  	0.83124  	-0.2154  	0.08404  	0.29569  	0.37431  	0.26753  	-0.1536  	0.18134  	0.06487  	-0.0192  	0.45052  	0.17010  	0.03788  	-0.2325  	-0.1344  	0.50339  	-0.1313  	0.05273  	-0.2221  	0.19130  	0.14634  	-0.0369  	0.03176  	-0.1257  	-0.0393  	-0.0550  	-0.0189  	-0.0190  	-0.0285  	-0.0135  	-0.0160  	-0.0176  	0.01727  	-0.0083  	-0.0068  	-0.0022  	-0.0041  	-0.0014  	0.02601  	0.01278  	0.08411  	0.01040  	0.00532  	0.01241  	0.03785  	-0.7581  	
-0.5068  	-0.2153  	-0.8317  	-0.5521  	-0.1048  	-0.5783  	0.02333  	-0.2213  	-0.0203  	0.13682  	-0.4051  	-0.5693  	0.16902  	-0.2287  	-0.1862  	0.71019  	-0.0985  	0.05228  	0.30877  	0.60485  	-0.0493  	0.35873  	-0.5337  	0.29262  	0.83648  	-0.1938  	0.11868  	0.28848  	0.34704  	0.24530  	-0.1409  	0.19311  	0.06310  	-0.0365  	0.45361  	0.16797  	0.05277  	-0.2388  	-0.1586  	0.48150  	-0.1410  	0.05998  	-0.2291  	0.19359  	0.15874  	-0.0368  	0.03553  	-0.1410  	-0.0443  	-0.0557  	-0.0276  	-0.0167  	-0.0277  	-0.0168  	-0.0189  	-0.0243  	0.01754  	-0.0033  	0.00875  	0.00178  	-0.0051  	-0.0006  	0.01942  	0.01613  	0.08411  	0.01040  	0.00532  	0.01241  	0.03785  	-0.7581  	
-0.5851  	-0.2368  	-0.9010  	-0.4271  	-0.0554  	-0.5572  	-0.0277  	-0.1849  	-0.0302  	0.06437  	-0.3669  	-0.5028  	0.16153  	-0.1747  	-0.0585  	0.64446  	-0.0575  	-0.0202  	0.32582  	0.57412  	0.04026  	0.35491  	-0.4844  	0.35667  	0.84246  	-0.2052  	0.19779  	0.15000  	0.25054  	0.25767  	-0.1505  	0.20672  	0.05397  	-0.0472  	0.51573  	0.12499  	0.12378  	-0.2176  	-0.2044  	0.45410  	-0.1873  	0.05399  	-0.2534  	0.19244  	0.16775  	-0.0381  	0.03074  	-0.1475  	-0.0532  	-0.0583  	-0.0276  	-0.0179  	-0.0296  	-0.0184  	-0.0209  	-0.0216  	0.01751  	-0.0010  	0.00452  	0.00101  	-0.0060  	-0.0131  	0.02700  	0.01135  	0.08411  	0.01040  	0.00532  	0.01241  	0.03785  	-0.7581  	
-0.3147  	-0.1251  	-0.7344  	-0.3699  	0.00148  	-0.4079  	0.02032  	-0.1015  	0.04499  	0.07692  	-0.4781  	-0.4836  	0.25247  	0.05931  	0.14759  	0.65915  	-0.0503  	-0.0328  	0.29839  	0.52914  	0.14114  	0.39635  	-0.4956  	0.40558  	0.81972  	-0.2109  	0.21157  	0.05496  	0.17937  	0.24080  	-0.1407  	0.20625  	0.07414  	-0.0563  	0.57382  	0.03771  	0.17242  	-0.2304  	-0.1933  	0.48093  	-0.2007  	0.06535  	-0.2360  	0.17595  	0.15224  	-0.0285  	0.03222  	-0.1323  	-0.0436  	-0.0489  	-0.0292  	-0.0219  	-0.0354  	-0.0197  	-0.0177  	-0.0145  	0.01387  	-0.0073  	0.00047  	0.00374  	-0.0071  	0.00460  	0.01632  	0.00967  	0.08411  	0.01040  	0.00532  	0.01241  	0.03785  	-0.7581  	
-0.2697  	-0.0962  	-0.6821  	-0.2756  	0.00806  	-0.3561  	0.02390  	-0.0584  	0.05037  	0.05737  	-0.5199  	-0.4933  	0.25292  	0.13863  	0.19154  	0.68492  	-0.0618  	-0.0304  	0.31434  	0.54234  	0.14857  	0.42244  	-0.4861  	0.36389  	0.82841  	-0.2174  	0.19861  	0.04808  	0.23169  	0.27052  	-0.1536  	0.19202  	0.09861  	-0.0415  	0.55001  	0.02213  	0.15904  	-0.2283  	-0.1622  	0.45419  	-0.1916  	0.05668  	-0.2230  	0.18891  	0.15699  	-0.0381  	0.03107  	-0.1205  	-0.0306  	-0.0600  	-0.0318  	-0.0187  	-0.0286  	-0.0158  	-0.0172  	-0.0078  	0.01009  	-0.0073  	-0.0062  	0.00439  	-0.0001  	0.00561  	0.01473  	0.00849  	0.08411  	0.01040  	0.00532  	0.01241  	0.03785  	-0.7581  	
-0.3036  	-0.0905  	-0.7222  	-0.2727  	0.04443  	-0.4234  	-0.0369  	-0.0232  	0.03031  	0.04355  	-0.4405  	-0.4325  	0.26840  	0.01759  	0.10287  	0.66469  	-0.0106  	-0.1289  	0.36171  	0.37692  	0.19774  	0.21862  	-0.6839  	0.37786  	0.74502  	-0.1484  	0.17787  	0.02945  	0.27636  	0.22496  	-0.0714  	0.14908  	0.02583  	-0.1605  	0.49433  	-0.0058  	0.08770  	-0.2295  	-0.2628  	0.39843  	-0.1180  	0.15140  	-0.3201  	0.24292  	0.11048  	-0.0151  	0.01438  	-0.1047  	-0.0558  	-0.0587  	-0.0285  	-0.0163  	-0.0288  	-0.0058  	-0.0183  	-0.0156  	0.01205  	-0.0158  	0.00457  	0.01076  	0.00093  	0.01045  	0.00391  	0.00544  	0.08411  	0.01040  	0.00532  	0.01241  	0.03785  	-0.7581  	
-0.4744  	-0.1418  	-0.7844  	-0.4149  	-0.0115  	-0.5600  	-0.0459  	-0.0568  	-0.0101  	0.07961  	-0.3996  	-0.4395  	0.26624  	-0.1265  	0.00126  	0.61015  	0.01809  	-0.1495  	0.39693  	0.28851  	0.10876  	0.06878  	-0.8822  	0.32020  	0.70271  	-0.0751  	0.06636  	0.10159  	0.43772  	0.22054  	0.03781  	0.10723  	-0.0211  	-0.2504  	0.34395  	0.03264  	-0.0714  	-0.2453  	-0.2910  	0.37288  	-0.0301  	0.20710  	-0.3816  	0.28079  	0.08268  	-0.0041  	0.00908  	-0.1125  	-0.0689  	-0.0713  	-0.0272  	-0.0149  	-0.0339  	-0.0026  	-0.0134  	-0.0262  	0.01400  	-0.0182  	-0.0001  	0.00662  	0.00450  	-0.0016  	-0.0024  	0.01136  	0.08411  	0.01040  	0.00532  	0.01241  	0.03785  	-0.7581  	
-0.5496  	-0.1614  	-0.8077  	-0.4685  	-0.0394  	-0.6084  	-0.0570  	-0.0924  	-0.0241  	0.08204  	-0.4019  	-0.4793  	0.25449  	-0.2005  	-0.0392  	0.57638  	0.04628  	-0.1934  	0.40496  	0.24657  	0.07019  	0.01779  	-0.9085  	0.28706  	0.71304  	-0.0566  	0.07075  	0.12212  	0.46643  	0.22783  	0.03760  	0.09517  	-0.0637  	-0.2644  	0.31853  	0.06370  	-0.0932  	-0.2443  	-0.3032  	0.34636  	-0.0212  	0.23278  	-0.3917  	0.29471  	0.07040  	0.00071  	0.00016  	-0.1142  	-0.0726  	-0.0714  	-0.0228  	-0.0133  	-0.0279  	0.00452  	-0.0134  	-0.0259  	0.01107  	-0.0197  	0.00377  	0.01289  	0.00669  	6.26061  	-0.0040  	0.01173  	0.08411  	0.01040  	0.00532  	0.01241  	0.03785  	-0.7581  	
-0.5861  	-0.1848  	-0.8357  	-0.4917  	-0.0556  	-0.6244  	-0.0641  	-0.1146  	-0.0367  	0.08854  	-0.3718  	-0.4729  	0.21928  	-0.2293  	-0.0583  	0.59943  	0.04107  	-0.1703  	0.40366  	0.26260  	0.06439  	0.04953  	-0.8462  	0.29403  	0.70573  	-0.0619  	0.08605  	0.11996  	0.44961  	0.22523  	0.00700  	0.10692  	-0.0630  	-0.2452  	0.34616  	0.07514  	-0.0544  	-0.2310  	-0.2970  	0.35259  	-0.0256  	0.21673  	-0.3770  	0.29068  	0.07817  	-0.0071  	0.00537  	-0.1179  	-0.0716  	-0.0747  	-0.0280  	-0.0107  	-0.0270  	0.00554  	-0.0113  	-0.0289  	0.00983  	-0.0178  	0.00479  	0.01260  	0.00489  	-0.0027  	-0.0022  	0.01166  	0.08411  	0.01040  	0.00532  	0.01241  	0.03785  	-0.7581  	
-0.6124  	-0.2048  	-0.8788  	-0.5183  	-0.0662  	-0.6349  	-0.0444  	-0.1482  	-0.0229  	0.09682  	-0.3567  	-0.4753  	0.17411  	-0.2377  	-0.0991  	0.63013  	-0.0017  	-0.0893  	0.36231  	0.40308  	0.03531  	0.18692  	-0.6737  	0.28976  	0.73949  	-0.1103  	0.08965  	0.14534  	0.38472  	0.23225  	-0.0674  	0.13195  	-0.0144  	-0.1576  	0.38277  	0.08496  	0.02518  	-0.2195  	-0.2439  	0.38970  	-0.0688  	0.14373  	-0.3151  	0.24515  	0.11837  	-0.0205  	0.02295  	-0.1282  	-0.0612  	-0.0709  	-0.0327  	-0.0133  	-0.0262  	-0.0020  	-0.0136  	-0.0269  	0.01374  	-0.0112  	0.00419  	0.00684  	0.00244  	-0.0045  	0.00752  	0.01288  	0.08411  	0.01040  	0.00532  	0.01241  	0.03785  	-0.7581  	
-0.6378  	-0.2264  	-0.9337  	-0.5573  	-0.0627  	-0.6253  	-0.0176  	-0.2068  	-0.0113  	0.12608  	-0.3589  	-0.4814  	0.14002  	-0.2092  	-0.1626  	0.66226  	-0.0698  	0.03466  	0.30904  	0.60459  	-0.0219  	0.35098  	-0.4974  	0.28117  	0.78468  	-0.1828  	0.08190  	0.22992  	0.32282  	0.24575  	-0.1438  	0.16308  	0.05672  	-0.0406  	0.42273  	0.10357  	0.07785  	-0.2276  	-0.1545  	0.44483  	-0.1243  	0.04749  	-0.2306  	0.18678  	0.16375  	-0.0373  	0.04093  	-0.1412  	-0.0485  	-0.0601  	-0.0375  	-0.0176  	-0.0263  	-0.0154  	-0.0182  	-0.0264  	0.01632  	-0.0015  	0.00224  	-0.0011  	-0.0018  	-0.0035  	0.02113  	0.01376  	0.08411  	0.01040  	0.00532  	0.01241  	0.03785  	-0.7581  	
-0.6247  	-0.2163  	-0.9265  	-0.5274  	-0.0360  	-0.6136  	-0.0222  	-0.2006  	-0.0107  	0.12866  	-0.3671  	-0.4636  	0.14979  	-0.1708  	-0.1354  	0.65270  	-0.0715  	0.03575  	0.30574  	0.60282  	-0.0156  	0.35319  	-0.5117  	0.28705  	0.77640  	-0.1884  	0.07466  	0.23729  	0.32448  	0.24448  	-0.1416  	0.16054  	0.06829  	-0.0394  	0.43007  	0.09691  	0.07061  	-0.2355  	-0.1543  	0.45157  	-0.1282  	0.04673  	-0.2303  	0.18399  	0.16365  	-0.0374  	0.04092  	-0.1433  	-0.0469  	-0.0576  	-0.0365  	-0.0188  	-0.0277  	-0.0164  	-0.0199  	-0.0265  	0.01833  	-0.0012  	0.00111  	-0.0001  	-0.0027  	-0.0011  	0.02301  	0.01385  	0.08411  	0.01040  	0.00532  	0.01241  	0.03785  	-0.7581  	
-0.5873  	-0.1977  	-0.9133  	-0.4759  	-0.0043  	-0.5929  	-0.0208  	-0.1877  	-0.0036  	0.11461  	-0.3869  	-0.4450  	0.16596  	-0.1275  	-0.0848  	0.64817  	-0.0731  	0.03036  	0.30641  	0.60162  	-0.0033  	0.35602  	-0.5296  	0.29136  	0.77293  	-0.1923  	0.07646  	0.25004  	0.33056  	0.24485  	-0.1408  	0.16078  	0.08044  	-0.0360  	0.44585  	0.08390  	0.06591  	-0.2411  	-0.1543  	0.45712  	-0.1369  	0.04840  	-0.2267  	0.18017  	0.16510  	-0.0361  	0.04070  	-0.1445  	-0.0473  	-0.0543  	-0.0326  	-0.0192  	-0.0286  	-0.0176  	-0.0206  	-0.0239  	0.01894  	-0.0026  	0.00147  	0.00178  	-0.0035  	0.00025  	0.02186  	0.01407  	0.08411  	0.01040  	0.00532  	0.01241  	0.03785  	-0.7581  	
-0.5155  	-0.1668  	-0.8634  	-0.4016  	0.02892  	-0.5543  	-0.0175  	-0.1537  	0.01546  	0.08659  	-0.3879  	-0.4146  	0.17078  	-0.0618  	-0.0190  	0.65291  	-0.0795  	0.01500  	0.29240  	0.60559  	0.04812  	0.35213  	-0.5307  	0.32671  	0.75084  	-0.1999  	0.08190  	0.22824  	0.30124  	0.24382  	-0.1488  	0.16922  	0.09140  	-0.0314  	0.48100  	0.05421  	0.08992  	-0.2389  	-0.1623  	0.44595  	-0.1433  	0.05457  	-0.2371  	0.17576  	0.16398  	-0.0308  	0.03495  	-0.1447  	-0.0503  	-0.0512  	-0.0358  	-0.0216  	-0.0283  	-0.0191  	-0.0227  	-0.0216  	0.02147  	-0.0024  	0.00105  	0.00013  	-0.0036  	0.00223  	0.01813  	0.01481  	0.08411  	0.01040  	0.00532  	0.01241  	0.03785  	-0.7581  	
-0.3732  	-0.1249  	-0.7709  	-0.3506  	-0.0031  	-0.4900  	-0.0169  	-0.1098  	0.02683  	0.07529  	-0.3975  	-0.4470  	0.19243  	0.02193  	0.08316  	0.68633  	-0.0675  	-0.0340  	0.30312  	0.58051  	0.11890  	0.35844  	-0.5138  	0.37090  	0.77443  	-0.2119  	0.14521  	0.10543  	0.19843  	0.23576  	-0.1656  	0.18738  	0.08673  	-0.0453  	0.55008  	0.01858  	0.16021  	-0.2132  	-0.1975  	0.44178  	-0.1779  	0.05480  	-0.2406  	0.17359  	0.15603  	-0.0319  	0.03930  	-0.1369  	-0.0432  	-0.0529  	-0.0292  	-0.0159  	-0.0300  	-0.0167  	-0.0206  	-0.0177  	0.00962  	-0.0094  	0.00420  	0.00208  	-0.0023  	0.00364  	0.01900  	0.00987  	0.08411  	0.01040  	0.00532  	0.01241  	0.03785  	-0.7581  	
-0.1916  	-0.0689  	-0.6511  	-0.1753  	0.07113  	-0.3143  	0.04556  	-0.0621  	0.05801  	0.08757  	-0.6449  	-0.5481  	0.30701  	0.22582  	0.24305  	0.64874  	-0.0649  	-0.0424  	0.29200  	0.53393  	0.06705  	0.43925  	-0.5412  	0.35303  	0.92116  	-0.2398  	0.22436  	0.10208  	0.32072  	0.30612  	-0.1841  	0.17485  	0.07883  	-0.0367  	0.52912  	0.04711  	0.09750  	-0.2519  	-0.1321  	0.48950  	-0.2039  	0.07273  	-0.2303  	0.18220  	0.15650  	-0.0314  	0.02160  	-0.1063  	-0.0224  	-0.0563  	-0.0234  	-0.0195  	-0.0324  	-0.0174  	-0.0205  	-0.0037  	0.00941  	-0.0071  	0.00294  	0.00515  	-0.0022  	0.00454  	0.02341  	0.00700  	0.08411  	0.01040  	0.00532  	0.01241  	0.03785  	-0.7581  	
-0.2320  	-0.1130  	-0.8027  	0.03246  	0.19431  	-0.3736  	0.04682  	-0.0784  	0.02840  	0.07738  	-0.7017  	-0.4624  	0.32676  	0.25531  	0.30918  	0.61947  	-0.0805  	-0.0483  	0.27590  	0.56189  	0.01364  	0.46466  	-0.5466  	0.34770  	0.92907  	-0.2437  	0.23235  	0.12585  	0.35064  	0.34093  	-0.1868  	0.16810  	0.07804  	-0.0249  	0.52178  	0.05002  	0.06091  	-0.2696  	-0.1156  	0.48951  	-0.2484  	0.08876  	-0.2442  	0.17965  	0.16815  	-0.0339  	0.02650  	-0.1199  	-0.0282  	-0.0576  	-0.0254  	-0.0208  	-0.0300  	-0.0196  	-0.0220  	-0.0089  	0.01419  	-0.0047  	0.00478  	0.00240  	-0.0043  	0.00188  	0.01878  	0.00779  	0.08411  	0.01040  	0.00532  	0.01241  	0.03785  	-0.7581  	
-0.3301  	-0.1552  	-0.8077  	-0.1546  	0.14706  	-0.4330  	0.00652  	-0.1129  	0.02145  	0.07757  	-0.5695  	-0.4363  	0.25852  	0.06393  	0.20751  	0.68115  	-0.0800  	-0.0440  	0.30666  	0.59697  	0.09663  	0.42266  	-0.5306  	0.38173  	0.85922  	-0.2286  	0.24724  	0.11285  	0.24971  	0.28889  	-0.1695  	0.20473  	0.06487  	-0.0343  	0.53337  	0.02609  	0.12967  	-0.2372  	-0.1610  	0.49342  	-0.2293  	0.06782  	-0.2513  	0.20332  	0.15151  	-0.0411  	0.02528  	-0.1246  	-0.0316  	-0.0557  	-0.0277  	-0.0196  	-0.0312  	-0.0150  	-0.0196  	-0.0125  	0.01277  	-0.0089  	0.00084  	0.00216  	-0.0022  	0.00334  	0.01543  	0.00958  	0.08411  	0.01040  	0.00532  	0.01241  	0.03785  	-0.7581  	
-0.3264  	-0.1302  	-0.7489  	-0.3791  	0.00665  	-0.4035  	0.03418  	-0.1185  	0.02219  	0.04681  	-0.3856  	-0.4647  	0.17504  	-0.0333  	-0.0121  	0.72999  	-0.0849  	-0.0059  	0.32430  	0.59684  	0.13214  	0.39470  	-0.5163  	0.38098  	0.79503  	-0.2131  	0.18779  	0.09083  	0.21152  	0.24057  	-0.1636  	0.20235  	0.08048  	-0.0453  	0.53197  	0.05647  	0.18604  	-0.2161  	-0.1972  	0.46656  	-0.1792  	0.05824  	-0.2387  	0.18744  	0.15543  	-0.0419  	0.02750  	-0.1268  	-0.0388  	-0.0574  	-0.0330  	-0.0193  	-0.0326  	-0.0161  	-0.0200  	-0.0168  	0.01472  	-0.0051  	-0.0002  	-0.0008  	-0.0108  	-0.0061  	0.02558  	0.00996  	0.08411  	0.01040  	0.00532  	0.01241  	0.03785  	-0.7581  	
-0.3496  	-0.1716  	-0.7617  	-0.4563  	-0.0470  	-0.4506  	-0.0003  	-0.1683  	0.02438  	0.12428  	-0.3670  	-0.4695  	0.17911  	-0.1294  	-0.1935  	0.77996  	-0.1049  	0.03916  	0.33786  	0.62998  	0.01424  	0.35933  	-0.5658  	0.34630  	0.83958  	-0.2227  	0.12389  	0.20051  	0.27594  	0.23300  	-0.1583  	0.19581  	0.07595  	-0.0459  	0.50875  	0.11265  	0.11561  	-0.2271  	-0.1620  	0.46975  	-0.1485  	0.05204  	-0.2276  	0.17995  	0.16118  	-0.0377  	0.02758  	-0.1264  	-0.0403  	-0.0473  	-0.0186  	-0.0209  	-0.0273  	-0.0170  	-0.0181  	-0.0155  	0.01899  	-0.0066  	0.00190  	0.00416  	-0.0030  	-0.0012  	0.02217  	0.01296  	0.08411  	0.01040  	0.00532  	0.01241  	0.03785  	-0.7581  	
-0.5594  	-0.2051  	-0.8489  	-0.5634  	-0.0922  	-0.5881  	0.01133  	-0.2138  	-0.0078  	0.19307  	-0.3655  	-0.5606  	0.14682  	-0.1612  	-0.2486  	0.70998  	-0.1003  	0.05147  	0.31088  	0.63322  	-0.0446  	0.34360  	-0.5820  	0.31113  	0.88778  	-0.2115  	0.12355  	0.22245  	0.35612  	0.25602  	-0.1447  	0.17794  	0.06025  	-0.0550  	0.44973  	0.16387  	0.05766  	-0.2455  	-0.1561  	0.47505  	-0.1291  	0.05272  	-0.2308  	0.18949  	0.16008  	-0.0381  	0.03691  	-0.1367  	-0.0530  	-0.0634  	-0.0263  	-0.0167  	-0.0261  	-0.0163  	-0.0174  	-0.0248  	0.02049  	-0.0032  	0.00184  	0.00455  	-0.0018  	-0.0033  	0.02665  	0.01588  	0.08411  	0.01040  	0.00532  	0.01241  	0.03785  	-0.7581  	
-0.6666  	-0.2137  	-0.8884  	-0.6628  	-0.1639  	-0.5949  	0.00509  	-0.2391  	-0.0149  	0.15999  	-0.3366  	-0.5610  	0.10807  	-0.2550  	-0.2360  	0.66144  	-0.0615  	0.03174  	0.32619  	0.59728  	-0.0123  	0.33739  	-0.5110  	0.31649  	0.86635  	-0.2056  	0.15654  	0.16063  	0.30545  	0.24575  	-0.1378  	0.18952  	0.04836  	-0.0441  	0.43223  	0.13693  	0.10413  	-0.2202  	-0.1751  	0.44155  	-0.1203  	0.05140  	-0.2265  	0.18851  	0.16935  	-0.0373  	0.03035  	-0.1557  	-0.0556  	-0.0527  	-0.0317  	-0.0185  	-0.0254  	-0.0117  	-0.0139  	-0.0193  	0.01622  	-0.0052  	0.00647  	0.00544  	-0.0036  	0.00084  	0.02629  	0.01464  	0.08411  	0.01040  	0.00532  	0.01241  	0.03785  	-0.7581  	
-0.7158  	-0.2287  	-0.8965  	-0.7298  	-0.1812  	-0.6316  	-0.0098  	-0.2450  	-0.0188  	0.14967  	-0.3266  	-0.5931  	0.09881  	-0.2480  	-0.2648  	0.61921  	-0.0635  	0.03647  	0.32524  	0.59700  	-0.0090  	0.33053  	-0.4622  	0.28882  	0.82712  	-0.1802  	0.11599  	0.19107  	0.30089  	0.23440  	-0.1321  	0.17050  	0.05173  	-0.0409  	0.40110  	0.12687  	0.09740  	-0.2288  	-0.1697  	0.43636  	-0.1166  	0.05423  	-0.2352  	0.18190  	0.16662  	-0.0403  	0.03457  	-0.1432  	-0.0560  	-0.0579  	-0.0372  	-0.0175  	-0.0253  	-0.0158  	-0.0177  	-0.0248  	0.01594  	-0.0020  	0.00176  	0.00082  	0.00118  	-0.0042  	0.02654  	0.01611  	0.08411  	0.01040  	0.00532  	0.01241  	0.03785  	-0.7581  	
-0.7853  	-0.2327  	-0.9322  	-0.7346  	-0.1672  	-0.7384  	-0.0021  	-0.2194  	-0.0064  	0.19955  	-0.2807  	-0.5391  	0.14580  	-0.1866  	-0.2936  	0.60879  	-0.0840  	0.04094  	0.31201  	0.60993  	-0.0435  	0.35034  	-0.4778  	0.27780  	0.78892  	-0.1742  	0.06594  	0.22373  	0.34763  	0.22624  	-0.1114  	0.15920  	0.07350  	-0.0426  	0.38757  	0.12529  	0.04993  	-0.2458  	-0.1433  	0.45316  	-0.1174  	0.05170  	-0.2271  	0.18302  	0.16178  	-0.0429  	0.03718  	-0.1345  	-0.0507  	-0.0597  	-0.0391  	-0.0172  	-0.0290  	-0.0160  	-0.0173  	-0.0248  	0.01270  	-0.0072  	0.00060  	-0.0003  	0.00304  	0.00588  	0.02302  	0.01235  	0.08411  	0.01040  	0.00532  	0.01241  	0.03785  	-0.7581  	
-0.8533  	-0.2746  	-0.9875  	-0.7605  	-0.1687  	-0.8095  	-0.0198  	-0.2507  	-0.0207  	0.17393  	-0.1738  	-0.5487  	0.13838  	-0.1844  	-0.3030  	0.59394  	-0.0601  	0.03683  	0.29658  	0.63974  	0.03116  	0.32300  	-0.4847  	0.32800  	0.76125  	-0.1764  	0.02784  	0.21178  	0.29982  	0.19536  	-0.1196  	0.15503  	0.06915  	-0.0435  	0.43529  	0.10283  	0.06834  	-0.2287  	-0.1653  	0.43645  	-0.1345  	0.04776  	-0.2349  	0.16250  	0.16322  	-0.0410  	0.03710  	-0.1408  	-0.0527  	-0.0590  	-0.0405  	-0.0198  	-0.0295  	-0.0174  	-0.0173  	-0.0242  	0.01274  	-0.0032  	0.00023  	0.00152  	0.00017  	0.00766  	0.02260  	0.01429  	0.08411  	0.01040  	0.00532  	0.01241  	0.03785  	-0.7581  	
-0.9133  	-0.2897  	-1.0036  	-0.8279  	-0.1850  	-0.8516  	-0.0357  	-0.2572  	-0.0299  	0.19755  	-0.1413  	-0.5637  	0.11208  	-0.2492  	-0.3235  	0.62712  	-0.0564  	0.04400  	0.30280  	0.65058  	0.04298  	0.31890  	-0.4837  	0.30131  	0.72803  	-0.1726  	0.03416  	0.19122  	0.26892  	0.19268  	-0.1058  	0.16186  	0.08537  	-0.0412  	0.41876  	0.10012  	0.08994  	-0.2216  	-0.1701  	0.41756  	-0.1391  	0.04101  	-0.2290  	0.16510  	0.16141  	-0.0342  	0.03589  	-0.1435  	-0.0514  	-0.0586  	-0.0396  	-0.0234  	-0.0327  	-0.0182  	-0.0171  	-0.0250  	0.01429  	0.00119  	0.00171  	0.00146  	-0.0001  	0.00669  	0.02643  	0.01339  	0.08411  	0.01040  	0.00532  	0.01241  	0.03785  	-0.7581  	
-0.9211  	-0.2821  	-0.9631  	-0.8470  	-0.1771  	-0.8487  	-0.0146  	-0.2537  	-0.0241  	0.23250  	-0.1287  	-0.5850  	0.09537  	-0.2500  	-0.3533  	0.62476  	-0.0604  	0.02383  	0.30101  	0.65159  	0.04984  	0.32516  	-0.4938  	0.31959  	0.73905  	-0.1618  	0.03840  	0.14944  	0.25806  	0.18338  	-0.0926  	0.16240  	0.08763  	-0.0429  	0.41282  	0.08979  	0.10198  	-0.2181  	-0.1683  	0.41968  	-0.1271  	0.04915  	-0.2335  	0.16748  	0.15755  	-0.0400  	0.03668  	-0.1386  	-0.0548  	-0.0589  	-0.0456  	-0.0221  	-0.0310  	-0.0162  	-0.0179  	-0.0283  	0.01447  	0.00181  	-0.0040  	0.00172  	-0.0001  	0.00658  	0.02894  	0.01288  	0.08411  	0.01040  	0.00532  	0.01241  	0.03785  	-0.7581  	
-0.8771  	-0.2766  	-0.9454  	-0.8024  	-0.1569  	-0.8225  	-0.0085  	-0.2432  	-0.0220  	0.23668  	-0.1528  	-0.5744  	0.09891  	-0.2509  	-0.3344  	0.62634  	-0.0510  	0.01422  	0.30212  	0.64807  	0.04896  	0.33322  	-0.4968  	0.32872  	0.75909  	-0.1694  	0.05430  	0.14414  	0.24716  	0.19727  	-0.1047  	0.16453  	0.07875  	-0.0470  	0.41790  	0.09400  	0.10778  	-0.2242  	-0.1708  	0.41902  	-0.1314  	0.05159  	-0.2385  	0.16851  	0.15863  	-0.0369  	0.03809  	-0.1435  	-0.0553  	-0.0572  	-0.0442  	-0.0209  	-0.0311  	-0.0174  	-0.0202  	-0.0295  	0.01439  	0.00244  	-0.0042  	7.70361  	-0.0005  	0.00388  	0.02591  	0.01281  	0.08411  	0.01040  	0.00532  	0.01241  	0.03785  	-0.7581  	
-0.7769  	-0.2665  	-0.9241  	-0.7414  	-0.1581  	-0.7971  	0.00058  	-0.2241  	0.00048  	0.20954  	-0.2030  	-0.5692  	0.12481  	-0.2268  	-0.2899  	0.60747  	-0.0525  	0.00284  	0.30136  	0.63312  	0.03300  	0.34445  	-0.4990  	0.35198  	0.79677  	-0.1808  	0.09044  	0.12150  	0.24230  	0.21072  	-0.1291  	0.16675  	0.07077  	-0.0460  	0.40952  	0.08919  	0.10748  	-0.2238  	-0.1663  	0.43622  	-0.1298  	0.05193  	-0.2390  	0.17471  	0.16194  	-0.0365  	0.03748  	-0.1391  	-0.0500  	-0.0594  	-0.0424  	-0.0208  	-0.0332  	-0.0158  	-0.0221  	-0.0280  	0.01415  	-0.0009  	-0.0026  	4.71306  	-0.0024  	-0.0005  	0.02283  	0.01600  	0.08411  	0.01040  	0.00532  	0.01241  	0.03785  	-0.7581  	
-0.6515  	-0.2140  	-0.8649  	-0.7079  	-0.1670  	-0.6751  	0.00783  	-0.1722  	0.00921  	0.19364  	-0.3417  	-0.5487  	0.19033  	-0.1141  	-0.1531  	0.57728  	-0.0398  	-0.0029  	0.30607  	0.60326  	0.05033  	0.40853  	-0.4684  	0.32063  	0.82307  	-0.1788  	0.16801  	0.09734  	0.26010  	0.22095  	-0.1332  	0.14387  	0.07847  	-0.0513  	0.42461  	0.05547  	0.10213  	-0.2306  	-0.1660  	0.46342  	-0.1358  	0.05574  	-0.2250  	0.19035  	0.16243  	-0.0440  	0.04050  	-0.1275  	-0.0510  	-0.0590  	-0.0383  	-0.0179  	-0.0305  	-0.0140  	-0.0272  	-0.0189  	0.00931  	-0.0090  	-9.3576  	0.00377  	0.00105  	0.00854  	0.01272  	0.00927  	0.08411  	0.01040  	0.00532  	0.01241  	0.03785  	-0.7581  	
-0.4834  	-0.1845  	-0.7939  	-0.4541  	-0.0682  	-0.5126  	-3.9111  	-0.1442  	0.02163  	0.12939  	-0.5046  	-0.5216  	0.21508  	-0.0950  	-0.0531  	0.68447  	-0.0693  	0.04851  	0.32962  	0.59152  	-0.0248  	0.40096  	-0.4982  	0.28594  	0.79607  	-0.2027  	0.06294  	0.17260  	0.28486  	0.24139  	-0.1354  	0.17656  	0.08232  	-0.0457  	0.40412  	0.06702  	0.07041  	-0.2234  	-0.1504  	0.49810  	-0.1188  	0.03668  	-0.2067  	0.19686  	0.14154  	-0.0409  	0.02672  	-0.1279  	-0.0452  	-0.0594  	-0.0278  	-0.0188  	-0.0323  	-0.0172  	-0.0175  	-0.0165  	0.01249  	-0.0047  	0.00074  	0.00477  	0.00026  	0.00353  	0.01608  	0.01591  	0.08411  	0.01040  	0.00532  	0.01241  	0.03785  	-0.7581  	
-0.3662  	-0.1220  	-0.7605  	-0.3517  	0.03215  	-0.4775  	0.01021  	-0.1665  	0.04026  	0.14169  	-0.4749  	-0.4449  	0.21640  	-0.0895  	-0.0918  	0.74784  	-0.0821  	0.05194  	0.32558  	0.66980  	-0.0517  	0.36411  	-0.6042  	0.31035  	0.82874  	-0.2275  	0.07057  	0.27289  	0.36890  	0.25001  	-0.1673  	0.18290  	0.08250  	-0.0241  	0.45347  	0.12421  	0.02715  	-0.2465  	-0.1104  	0.50042  	-0.1329  	0.04039  	-0.2129  	0.18829  	0.15085  	-0.0362  	0.03236  	-0.1155  	-0.0435  	-0.0614  	-0.0283  	-0.0205  	-0.0335  	-0.0190  	-0.0172  	-0.0177  	0.01786  	-0.0075  	0.00402  	0.00372  	-0.0025  	0.00355  	0.01720  	0.01200  	0.08411  	0.01040  	0.00532  	0.01241  	0.03785  	-0.7581  	
-0.3515  	-0.1575  	-0.7671  	-0.3082  	0.04609  	-0.4548  	0.02627  	-0.1727  	0.02461  	0.12465  	-0.4425  	-0.4578  	0.17392  	-0.1074  	-0.0946  	0.76073  	-0.0862  	0.03707  	0.33484  	0.64058  	-0.0007  	0.35974  	-0.6090  	0.34584  	0.90867  	-0.2311  	0.16611  	0.23099  	0.31641  	0.28757  	-0.1827  	0.19985  	0.06131  	-0.0347  	0.48723  	0.13948  	0.08625  	-0.2348  	-0.1548  	0.47366  	-0.1768  	0.05494  	-0.2333  	0.18818  	0.15716  	-0.0347  	0.02590  	-0.1218  	-0.0396  	-0.0644  	-0.0252  	-0.0179  	-0.0315  	-0.0163  	-0.0167  	-0.0180  	0.02164  	-0.0022  	0.00455  	0.00178  	-0.0095  	-0.0097  	0.02105  	0.00401  	0.08411  	0.01040  	0.00532  	0.01241  	0.03785  	-0.7581  	
-0.3145  	-0.1387  	-0.7979  	-0.2305  	0.08628  	-0.4267  	0.02469  	-0.1455  	0.00747  	0.08839  	-0.4938  	-0.4526  	0.19114  	-0.0361  	-0.0347  	0.73124  	-0.0799  	0.00361  	0.29829  	0.62056  	0.02103  	0.38862  	-0.5903  	0.35025  	0.94371  	-0.2396  	0.23028  	0.19567  	0.33010  	0.30253  	-0.1870  	0.19614  	0.05812  	-0.0327  	0.50063  	0.11491  	0.09210  	-0.2533  	-0.1237  	0.47856  	-0.2123  	0.06456  	-0.2329  	0.18335  	0.16131  	-0.0346  	0.02018  	-0.1182  	-0.0391  	-0.0666  	-0.0172  	-0.0191  	-0.0292  	-0.0184  	-0.0195  	-0.0146  	0.02233  	-0.0061  	0.00369  	0.00143  	-0.0089  	-0.0114  	0.02079  	0.01218  	0.08411  	0.01040  	0.00532  	0.01241  	0.03785  	-0.7581  	
-0.2922  	-0.1171  	-0.7944  	-0.1435  	0.11440  	-0.3838  	0.03278  	-0.1130  	0.01899  	0.04765  	-0.5953  	-0.4137  	0.22205  	0.03910  	0.11734  	0.69722  	-0.0806  	0.00572  	0.31826  	0.59482  	0.03306  	0.41741  	-0.5777  	0.34297  	0.93629  	-0.2396  	0.21489  	0.20216  	0.35979  	0.31058  	-0.1970  	0.18130  	0.05746  	-0.0373  	0.49422  	0.08375  	0.06531  	-0.2485  	-0.1121  	0.49767  	-0.2104  	0.06524  	-0.2350  	0.19576  	0.15199  	-0.0381  	0.02556  	-0.1185  	-0.0311  	-0.0665  	-0.0205  	-0.0191  	-0.0275  	-0.0154  	-0.0174  	-0.0144  	0.02156  	-0.0036  	0.00545  	0.00371  	-0.0098  	-0.0069  	0.02215  	0.00930  	0.08411  	0.01040  	0.00532  	0.01241  	0.03785  	-0.7581  	
-0.3399  	-0.1351  	-0.7814  	-0.2079  	0.09362  	-0.4138  	0.00966  	-0.1192  	0.00748  	0.04253  	-0.5815  	-0.4775  	0.19724  	0.00055  	0.13536  	0.67746  	-0.0649  	0.00456  	0.31009  	0.55979  	0.06381  	0.41803  	-0.5033  	0.39593  	0.89275  	-0.2331  	0.19686  	0.14640  	0.31940  	0.27618  	-0.1914  	0.19093  	0.05713  	-0.0465  	0.49997  	0.06205  	0.11560  	-0.2521  	-0.1509  	0.48200  	-0.2008  	0.06639  	-0.2397  	0.20302  	0.14529  	-0.0363  	0.02922  	-0.1207  	-0.0440  	-0.0575  	-0.0323  	-0.0188  	-0.0295  	-0.0149  	-0.0181  	-0.0177  	0.01961  	-0.0036  	0.00327  	0.00474  	-0.0048  	-0.0072  	0.02032  	0.00795  	0.08411  	0.01040  	0.00532  	0.01241  	0.03785  	-0.7581  	
-0.3402  	-0.1405  	-0.7748  	-0.3441  	0.03249  	-0.4346  	0.02221  	-0.1323  	0.00735  	0.06395  	-0.4441  	-0.4772  	0.14765  	-0.0721  	-0.0167  	0.76240  	-0.1042  	0.03967  	0.31059  	0.60942  	0.04660  	0.40987  	-0.5408  	0.38111  	0.86091  	-0.2320  	0.16623  	0.15748  	0.31626  	0.25703  	-0.1715  	0.19748  	0.07659  	-0.0392  	0.49536  	0.08660  	0.12360  	-0.2371  	-0.1598  	0.46936  	-0.1719  	0.05070  	-0.2276  	0.19373  	0.15699  	-0.0348  	0.02920  	-0.1280  	-0.0358  	-0.0574  	-0.0265  	-0.0203  	-0.0302  	-0.0194  	-0.0179  	-0.0193  	0.02126  	-0.0057  	-0.0004  	-0.0008  	-0.0110  	-0.0093  	0.01854  	0.01016  	0.08411  	0.01040  	0.00532  	0.01241  	0.03785  	-0.7581  	
-0.3209  	-0.1631  	-0.7331  	-0.4290  	0.00244  	-0.4660  	0.05342  	-0.1801  	0.01586  	0.13708  	-0.4136  	-0.4973  	0.14075  	-0.1347  	-0.1259  	0.79051  	-0.1167  	0.08547  	0.30899  	0.63737  	-0.0384  	0.36360  	-0.5940  	0.31992  	0.86303  	-0.2320  	0.13673  	0.26104  	0.35963  	0.26810  	-0.1667  	0.19270  	0.06240  	-0.0428  	0.47000  	0.15232  	0.07790  	-0.2472  	-0.1497  	0.49859  	-0.1515  	0.05749  	-0.2307  	0.20094  	0.15357  	-0.0368  	0.02747  	-0.1199  	-0.0378  	-0.0564  	-0.0240  	-0.0191  	-0.0277  	-0.0199  	-0.0112  	-0.0171  	0.02132  	-0.0060  	-0.0003  	0.00308  	-0.0053  	-0.0058  	0.02561  	0.01185  	0.08411  	0.01040  	0.00532  	0.01241  	0.03785  	-0.7581  	
-0.4126  	-0.2083  	-0.7845  	-0.4790  	-0.0525  	-0.5184  	0.02819  	-0.2019  	-0.0110  	0.11102  	-0.4038  	-0.5462  	0.16817  	-0.1876  	-0.1353  	0.74429  	-0.1050  	0.07128  	0.30840  	0.62807  	-0.0395  	0.34282  	-0.5634  	0.30932  	0.84713  	-0.2203  	0.12631  	0.27598  	0.32796  	0.25321  	-0.1502  	0.20210  	0.06514  	-0.0432  	0.46500  	0.15345  	0.07416  	-0.2374  	-0.1607  	0.47648  	-0.1624  	0.05234  	-0.2328  	0.19089  	0.15299  	-0.0398  	0.03255  	-0.1315  	-0.0450  	-0.0548  	-0.0266  	-0.0192  	-0.0272  	-0.0189  	-0.0164  	-0.0199  	0.01818  	-0.0061  	0.00105  	0.00329  	-0.0043  	-0.0007  	0.02709  	0.01566  	0.08411  	0.01040  	0.00532  	0.01241  	0.03785  	-0.7581  	
-0.4155  	-0.1706  	-0.8296  	-0.3507  	0.00238  	-0.4457  	0.01262  	-0.1488  	0.00369  	0.04073  	-0.4263  	-0.4794  	0.16139  	-0.0930  	0.08851  	0.68784  	-0.0754  	-0.0224  	0.30608  	0.59018  	0.09645  	0.36235  	-0.4935  	0.41865  	0.83583  	-0.2165  	0.21710  	0.10811  	0.21632  	0.23646  	-0.1714  	0.20372  	0.07329  	-0.0558  	0.57181  	0.08799  	0.14840  	-0.2198  	-0.2022  	0.48012  	-0.1919  	0.06026  	-0.2679  	0.17818  	0.15741  	-0.0378  	0.03317  	-0.1362  	-0.0552  	-0.0493  	-0.0202  	-0.0211  	-0.0327  	-0.0190  	-0.0166  	-0.0172  	0.02260  	-0.0011  	-0.0002  	-0.0034  	-0.0050  	-0.0018  	0.02976  	0.01675  	0.08411  	0.01040  	0.00532  	0.01241  	0.03785  	-0.7581  	
-0.2394  	-0.1064  	-0.7140  	-0.3135  	0.00992  	-0.4047  	0.04666  	-0.0958  	0.03300  	0.08629  	-0.4797  	-0.4863  	0.25321  	0.08729  	0.14139  	0.68154  	-0.0827  	-0.0050  	0.29332  	0.56702  	0.11398  	0.41053  	-0.5386  	0.37035  	0.84396  	-0.2238  	0.19633  	0.08473  	0.23982  	0.25109  	-0.1472  	0.19792  	0.08632  	-0.0468  	0.54755  	0.05958  	0.14227  	-0.2309  	-0.1773  	0.48112  	-0.1910  	0.06538  	-0.2341  	0.18716  	0.15642  	-0.0349  	0.02882  	-0.1280  	-0.0418  	-0.0542  	-0.0294  	-0.0194  	-0.0308  	-0.0181  	-0.0165  	-0.0161  	0.01744  	-0.0065  	-0.0047  	0.00371  	-0.0050  	0.00416  	0.01558  	0.01051  	0.08411  	0.01040  	0.00532  	0.01241  	0.03785  	-0.7581  	
-0.1416  	-0.0815  	-0.5974  	-0.2127  	0.03448  	-0.2639  	0.05725  	-0.0357  	0.07136  	0.08714  	-0.6101  	-0.5643  	0.31118  	0.19328  	0.16221  	0.68769  	-0.0729  	-0.0338  	0.30345  	0.52862  	0.09499  	0.46552  	-0.5332  	0.34907  	0.92654  	-0.2463  	0.22338  	0.04369  	0.27965  	0.30952  	-0.1611  	0.17767  	0.06390  	-0.0399  	0.48681  	0.04788  	0.12714  	-0.2363  	-0.1389  	0.48691  	-0.1984  	0.06807  	-0.2199  	0.18962  	0.15193  	-0.0353  	0.01773  	-0.1020  	-0.0195  	-0.0628  	-0.0307  	-0.0204  	-0.0307  	-0.0171  	-0.0188  	-0.0098  	0.01113  	-0.0056  	-0.0017  	0.00297  	-0.0065  	0.00130  	0.01792  	0.00538  	0.08411  	0.01040  	0.00532  	0.01241  	0.03785  	-0.7581  	
-0.1718  	-0.0900  	-0.6926  	-0.2275  	0.07820  	-0.3668  	0.09796  	-0.0600  	0.04212  	0.12465  	-0.6515  	-0.6324  	0.34831  	0.31603  	0.26288  	0.56748  	-0.0900  	-0.0436  	0.29170  	0.50241  	0.06438  	0.4803  	-0.5578  	0.39778  	0.97894  	-0.2558  	0.30484  	0.00925  	0.30132  	0.31973  	-0.1521  	0.17536  	0.06397  	-0.0442  	0.54191  	0.06682  	0.09548  	-0.2581  	-0.1539  	0.50699  	-0.2310  	0.08091  	-0.2422  	0.19077  	0.15125  	-0.0350  	0.02727  	-0.1098  	-0.0210  	-0.0632  	-0.0296  	-0.0156  	-0.0322  	-0.0151  	-0.0169  	-0.0108  	0.00759  	-0.0055  	-0.0007  	0.00460  	-0.0020  	0.00815  	0.02233  	0.00199  	0.08411  	0.01040  	0.00532  	0.01241  	0.03785  	-0.7581  	
-0.4657  	-0.1751  	-0.9102  	-0.1339  	0.17537  	-0.5454  	0.05521  	-0.0964  	0.01451  	0.12173  	-0.4469  	-0.4315  	0.26901  	0.19744  	0.20563  	0.64600  	-0.0925  	-0.0474  	0.28617  	0.62156  	0.08964  	0.41352  	-0.6060  	0.46818  	0.85558  	-0.2260  	0.23317  	0.12529  	0.24511  	0.27232  	-0.1746  	0.20171  	0.09379  	-0.0403  	0.60194  	0.05703  	0.09981  	-0.2622  	-0.1891  	0.51475  	-0.2436  	0.07912  	-0.3047  	0.16610  	0.15130  	-0.0307  	0.03443  	-0.1267  	-0.0386  	-0.0543  	-0.0198  	-0.0158  	-0.0385  	-0.0168  	-0.0192  	-0.0123  	0.00593  	-0.0106  	0.00940  	0.00281  	0.01127  	0.00181  	0.00612  	0.00123  	0.08411  	0.01040  	0.00532  	0.01241  	0.03785  	-0.7581  	
-0.5489  	-0.2020  	-0.9684  	-0.1704  	0.15847  	-0.5867  	0.00514  	-0.1602  	0.01488  	0.10811  	-0.4038  	-0.2953  	0.24999  	0.06056  	0.06827  	0.67809  	-0.1196  	0.03822  	0.24639  	0.68165  	0.00562  	0.36374  	-0.6268  	0.42206  	0.78005  	-0.2021  	0.07120  	0.27495  	0.31218  	0.26407  	-0.1675  	0.16412  	0.11614  	-0.0117  	0.54428  	0.05497  	0.01525  	-0.2578  	-0.1616  	0.48830  	-0.2294  	0.06625  	-0.2962  	0.14361  	0.15324  	-0.0397  	0.03692  	-0.1383  	-0.0480  	-0.0562  	-0.0306  	-0.0249  	-0.0320  	-0.0199  	-0.0217  	-0.0213  	0.01354  	-0.0056  	-0.0023  	-0.0033  	-0.0037  	0.00694  	0.02399  	0.00765  	0.08411  	0.01040  	0.00532  	0.01241  	0.03785  	-0.7581  	
-0.4754  	-0.1636  	-0.8818  	-0.3129  	0.08144  	-0.4760  	0.00976  	-0.1303  	0.01789  	0.09993  	-0.5033  	-0.3789  	0.21301  	0.01943  	0.07867  	0.68175  	-0.1031  	0.07272  	0.30134  	0.62373  	-0.0026  	0.37362  	-0.5690  	0.32163  	0.83430  	-0.2004  	0.08324  	0.24264  	0.36659  	0.27376  	-0.1540  	0.15562  	0.08817  	-0.0387  	0.44381  	0.06238  	0.02984  	-0.2601  	-0.1340  	0.48214  	-0.1946  	0.05506  	-0.2307  	0.18141  	0.16116  	-0.0311  	0.03353  	-0.1307  	-0.0430  	-0.0710  	-0.0368  	-0.0212  	-0.0409  	-0.0189  	-0.0225  	-0.0201  	0.01913  	-0.0054  	-0.0007  	-0.0023  	-0.0047  	-0.0101  	0.02033  	0.00758  	0.08411  	0.01040  	0.00532  	0.01241  	0.03785  	-0.7581  	
-0.4271  	-0.1485  	-0.8315  	-0.3130  	0.04514  	-0.4398  	-0.0046  	-0.1655  	0.00453  	0.07665  	-0.5693  	-0.4588  	0.21133  	-0.0719  	0.07034  	0.67935  	-0.0700  	0.06796  	0.31588  	0.60403  	0.00172  	0.36532  	-0.5096  	0.29547  	0.83678  	-0.2033  	0.10588  	0.23124  	0.33933  	0.27988  	-0.1528  	0.17082  	0.08746  	-0.0343  	0.40839  	0.05479  	0.05511  	-0.2510  	-0.1465  	0.47279  	-0.1670  	0.03844  	-0.2158  	0.19001  	0.16064  	-0.0284  	0.03460  	-0.1308  	-0.0435  	-0.0591  	-0.0303  	-0.0178  	-0.0291  	-0.0242  	-0.0191  	-0.0207  	0.01406  	-0.0062  	-0.0034  	0.00087  	-0.0036  	-0.0073  	0.01692  	0.00843  	0.08411  	0.01040  	0.00532  	0.01241  	0.03785  	-0.7581  	
-0.3921  	-0.1454  	-0.8088  	-0.3797  	0.02421  	-0.4735  	-0.0268  	-0.2033  	-0.0137  	0.11080  	-0.4528  	-0.4667  	0.14801  	-0.1855  	-0.1240  	0.76817  	-0.1009  	0.05526  	0.33283  	0.64043  	-0.0128  	0.35507  	-0.5675  	0.34619  	0.83541  	-0.2208  	0.14756  	0.19476  	0.29890  	0.27626  	-0.1601  	0.19069  	0.06135  	-0.0425  	0.48710  	0.12754  	0.08215  	-0.2416  	-0.1605  	0.46953  	-0.1811  	0.05715  	-0.2400  	0.18410  	0.15816  	-0.0298  	0.02952  	-0.1358  	-0.0411  	-0.0618  	-0.0239  	-0.0210  	-0.0291  	-0.0224  	-0.0200  	-0.0172  	0.02354  	-0.0044  	0.00325  	0.00152  	-0.0081  	-0.0070  	0.02986  	0.00974  	0.08411  	0.01040  	0.00532  	0.01241  	0.03785  	-0.7581  	
-0.4013  	-0.1775  	-0.7702  	-0.3605  	0.06413  	-0.5165  	0.01348  	-0.2187  	-0.0181  	0.24206  	-0.3841  	-0.4521  	0.13858  	-0.2268  	-0.2453  	0.85630  	-0.1239  	0.07074  	0.32301  	0.65795  	-0.0818  	0.36743  	-0.6249  	0.33936  	0.91603  	-0.2387  	0.15865  	0.25430  	0.34461  	0.27717  	-0.1852  	0.19371  	0.04602  	-0.0487  	0.47383  	0.18325  	0.06154  	-0.2446  	-0.1246  	0.48078  	-0.1756  	0.06279  	-0.2345  	0.19383  	0.16254  	-0.0330  	0.02987  	-0.1183  	-0.0374  	-0.0622  	-0.0210  	-0.0198  	-0.0272  	-0.0232  	-0.0122  	-0.0194  	0.02309  	-0.0054  	-3.9908  	0.00226  	-0.0048  	-0.0138  	0.02732  	0.01361  	0.08411  	0.01040  	0.00532  	0.01241  	0.03785  	-0.7581  	
-0.4638  	-0.2088  	-0.7784  	-0.4254  	-0.0138  	-0.5393  	0.01452  	-0.2069  	-0.0227  	0.17104  	-0.4058  	-0.5259  	0.16095  	-0.2265  	-0.1747  	0.81481  	-0.1188  	0.06249  	0.33583  	0.61164  	-0.0732  	0.38636  	-0.5813  	0.31228  	0.90912  	-0.2222  	0.14597  	0.25376  	0.34140  	0.27963  	-0.1709  	0.19865  	0.03998  	-0.0447  	0.46803  	0.18249  	0.06146  	-0.2304  	-0.1518  	0.47510  	-0.1605  	0.06345  	-0.2334  	0.19072  	0.14969  	-0.0332  	0.03452  	-0.1225  	-0.0448  	-0.0603  	-0.0174  	-0.0181  	-0.0268  	-0.0196  	-0.0152  	-0.0246  	0.02032  	-0.0039  	0.00158  	0.00259  	-0.0060  	-0.0113  	0.02804  	0.01395  	0.08411  	0.01040  	0.00532  	0.01241  	0.03785  	-0.7581  	
-0.6173  	-0.2161  	-0.9098  	-0.5163  	-0.0600  	-0.5754  	0.01736  	-0.2370  	-0.0417  	0.12859  	-0.4217  	-0.5321  	0.12259  	-0.2453  	-0.1969  	0.71300  	-0.0644  	0.05002  	0.30660  	0.60589  	-0.0757  	0.35628  	-0.5505  	0.34039  	0.90935  	-0.2083  	0.15194  	0.23589  	0.37061  	0.26782  	-0.1625  	0.18925  	0.02187  	-0.0459  	0.43653  	0.17749  	0.05905  	-0.2242  	-0.1501  	0.48460  	-0.1478  	0.05269  	-0.2305  	0.19356  	0.16096  	-0.0405  	0.03396  	-0.1514  	-0.0474  	-0.0617  	-0.0244  	-0.0165  	-0.0314  	-0.0169  	-0.0093  	-0.0243  	0.02363  	-0.0028  	0.00334  	-0.0020  	-0.0041  	-0.0083  	0.02356  	0.01329  	0.08411  	0.01040  	0.00532  	0.01241  	0.03785  	-0.7581  	
-0.6201  	-0.2190  	-0.9094  	-0.6145  	-0.1256  	-0.5804  	-0.0029  	-0.1979  	-0.0338  	0.08051  	-0.3719  	-0.5590  	0.10959  	-0.2434  	-0.1543  	0.64305  	-0.0490  	0.02833  	0.32461  	0.60253  	0.02142  	0.33515  	-0.4876  	0.34406  	0.86028  	-0.1969  	0.17355  	0.15481  	0.28519  	0.24051  	-0.1430  	0.20583  	0.04243  	-0.0499  	0.44633  	0.12850  	0.12969  	-0.2097  	-0.1756  	0.43664  	-0.1425  	0.05036  	-0.2474  	0.18739  	0.16748  	-0.0378  	0.03332  	-0.1572  	-0.0498  	-0.0586  	-0.0361  	-0.0180  	-0.0234  	-0.0159  	-0.0129  	-0.0234  	0.01204  	-0.0041  	0.00500  	0.00294  	-0.0045  	-0.0059  	0.02072  	0.01317  	0.08411  	0.01040  	0.00532  	0.01241  	0.03785  	-0.7581  	
-0.5555  	-0.2073  	-0.8592  	-0.5027  	-0.0574  	-0.5495  	-0.0155  	-0.1743  	0.00083  	0.08713  	-0.4247  	-0.4927  	0.15264  	-0.1572  	-0.0672  	0.66850  	-0.0523  	0.00971  	0.30684  	0.56512  	0.00835  	0.38280  	-0.4461  	0.32077  	0.80171  	-0.1828  	0.14338  	0.15773  	0.28000  	0.24704  	-0.1407  	0.18119  	0.06047  	-0.0476  	0.45224  	0.07574  	0.09720  	-0.2162  	-0.1723  	0.45114  	-0.1493  	0.05190  	-0.2329  	0.18402  	0.15696  	-0.0363  	0.03614  	-0.1354  	-0.0545  	-0.0571  	-0.0363  	-0.0165  	-0.0305  	-0.0179  	-0.0189  	-0.0241  	0.01584  	-0.0050  	0.00073  	-0.0047  	-0.0027  	-0.0012  	0.02527  	0.01488  	0.08411  	0.01040  	0.00532  	0.01241  	0.03785  	-0.7581  	
-0.5268  	-0.1530  	-0.8251  	-0.4924  	-0.0577  	-0.5688  	-0.0028  	-0.1826  	0.01500  	0.14088  	-0.4071  	-0.4345  	0.21412  	-0.0527  	-0.0862  	0.65835  	-0.0711  	0.03401  	0.31622  	0.58117  	-0.0531  	0.37680  	-0.4864  	0.28337  	0.79467  	-0.1914  	0.07328  	0.23367  	0.32887  	0.23992  	-0.1225  	0.15353  	0.09562  	-0.0437  	0.42496  	0.07963  	0.04990  	-0.2356  	-0.1652  	0.46421  	-0.1283  	0.03862  	-0.1978  	0.18170  	0.15010  	-0.0400  	0.03884  	-0.1226  	-0.0478  	-0.0567  	-0.0374  	-0.0192  	-0.0309  	-0.0176  	-0.0144  	-0.0159  	0.01261  	-0.0113  	0.00368  	0.00070  	-0.0007  	0.01131  	0.01881  	0.01422  	0.08411  	0.01040  	0.00532  	0.01241  	0.03785  	-0.7581  	
-0.4531  	-0.1351  	-0.7574  	-0.4510  	-0.0380  	-0.5078  	0.00370  	-0.1099  	0.02629  	0.09209  	-0.3865  	-0.5145  	0.18548  	-0.0381  	-0.0407  	0.69815  	-0.0654  	-0.0194  	0.33637  	0.59406  	0.11058  	0.36463  	-0.5297  	0.36795  	0.83725  	-0.2180  	0.18992  	0.11192  	0.23365  	0.23685  	-0.1663  	0.19249  	0.08995  	-0.0451  	0.51280  	0.06038  	0.17485  	-0.2050  	-0.1982  	0.44844  	-0.1571  	0.04609  	-0.2288  	0.18090  	0.16059  	-0.0311  	0.03022  	-0.1305  	-0.0478  	-0.0554  	-0.0362  	-0.0147  	-0.0321  	-0.0146  	-0.0206  	-0.0150  	0.00788  	-0.0074  	0.00597  	0.00177  	-0.0024  	0.00422  	0.02239  	0.00792  	0.08411  	0.01040  	0.00532  	0.01241  	0.03785  	-0.7581  	
-0.3719  	-0.1644  	-0.8235  	-0.1988  	0.12778  	-0.4559  	-0.0275  	-0.1394  	-0.0021  	0.08975  	-0.5160  	-0.3891  	0.23021  	0.00989  	0.09416  	0.74971  	-0.0828  	0.00930  	0.30196  	0.61026  	0.03247  	0.35557  	-0.5961  	0.38202  	0.82770  	-0.2116  	0.16037  	0.18423  	0.27767  	0.27884  	-0.1533  	0.18398  	0.07670  	-0.0341  	0.53559  	0.06935  	0.09484  	-0.2478  	-0.1755  	0.46544  	-0.1995  	0.07127  	-0.2508  	0.17557  	0.15633  	-0.0319  	0.02755  	-0.1317  	-0.0456  	-0.0499  	-0.0264  	-0.0213  	-0.0311  	-0.0225  	-0.0231  	-0.0149  	0.01923  	-0.0064  	0.00765  	0.00131  	-0.0035  	0.00286  	0.01579  	0.00675  	0.08411  	0.01040  	0.00532  	0.01241  	0.03785  	-0.7581  	
-0.2776  	-0.0945  	-0.7457  	-0.1066  	0.13636  	-0.3533  	0.01926  	-0.0536  	0.04023  	0.04008  	-0.6051  	-0.3928  	0.29112  	0.15028  	0.23051  	0.73692  	-0.0888  	-0.0059  	0.29701  	0.65091  	0.06576  	0.39772  	-0.5972  	0.32378  	0.84753  	-0.2233  	0.16592  	0.20596  	0.32682  	0.29433  	-0.1776  	0.18427  	0.09488  	-0.0271  	0.52673  	0.07186  	0.06590  	-0.2569  	-0.1225  	0.46677  	-0.2047  	0.06292  	-0.2384  	0.17289  	0.16605  	-0.0314  	0.02303  	-0.1153  	-0.0365  	-0.0648  	-0.0195  	-0.0192  	-0.0341  	-0.0241  	-0.0201  	-0.0126  	0.01631  	-0.0018  	0.00455  	-0.0044  	-0.0032  	0.00091  	0.02026  	0.01229  	0.08411  	0.01040  	0.00532  	0.01241  	0.03785  	-0.7581  	
-0.1984  	-0.0819  	-0.7004  	-0.0252  	0.14367  	-0.3404  	0.04339  	-0.0552  	0.05851  	0.02292  	-0.6159  	-0.4362  	0.29853  	0.18467  	0.28925  	0.71424  	-0.0849  	-0.0419  	0.27549  	0.60060  	0.10630  	0.41916  	-0.5624  	0.34380  	0.90233  	-0.2422  	0.18709  	0.15471  	0.30179  	0.30364  	-0.1708  	0.18490  	0.10407  	-0.0302  	0.54445  	0.04244  	0.08116  	-0.2454  	-0.1236  	0.48066  	-0.2249  	0.07005  	-0.2341  	0.17569  	0.15625  	-0.0377  	0.02503  	-0.1201  	-0.0297  	-0.0676  	-0.0251  	-0.0218  	-0.0265  	-0.0167  	-0.0219  	-0.0091  	0.01916  	-0.0053  	-0.0002  	0.00159  	-0.0016  	0.00060  	0.03029  	0.00567  	0.08411  	0.01040  	0.00532  	0.01241  	0.03785  	-0.7581  	
-0.2490  	-0.1363  	-0.7851  	-0.0363  	0.16432  	-0.4073  	0.04457  	-0.1064  	0.03833  	0.07692  	-0.5466  	-0.4081  	0.25351  	0.13550  	0.25202  	0.70543  	-0.0847  	-0.0311  	0.29524  	0.62678  	0.08249  	0.43972  	-0.6229  	0.39039  	0.90924  	-0.2406  	0.26250  	0.13348  	0.29902  	0.30398  	-0.2039  	0.20277  	0.08587  	-0.0308  	0.59421  	0.05343  	0.11917  	-0.2463  	-0.1393  	0.49271  	-0.2277  	0.07311  	-0.2716  	0.20605  	0.15780  	-0.0382  	0.02190  	-0.1207  	-0.0343  	-0.0599  	-0.0201  	-0.0186  	-0.0306  	-0.0135  	-0.0200  	-0.0113  	0.01328  	-0.0013  	0.00725  	0.00259  	-0.0004  	0.00090  	0.01421  	0.00682  	0.08411  	0.01040  	0.00532  	0.01241  	0.03785  	-0.7581  	
-0.3024  	-0.1250  	-0.8454  	-0.0496  	0.21305  	-0.4533  	-0.0136  	-0.0908  	-0.0040  	0.03916  	-0.5885  	-0.3816  	0.31778  	0.07027  	0.29057  	0.63353  	-0.0240  	-0.1348  	0.34317  	0.40309  	0.07203  	0.26328  	-0.7540  	0.38948  	0.80934  	-0.1438  	0.18532  	0.14108  	0.38705  	0.30638  	-0.0981  	0.14290  	0.01610  	-0.1459  	0.51405  	0.03011  	-0.0077  	-0.2705  	-0.2075  	0.41955  	-0.1617  	0.17406  	-0.3461  	0.22674  	0.10853  	-0.0193  	0.00572  	-0.1162  	-0.0477  	-0.0680  	-0.0170  	-0.0179  	-0.0325  	-0.0127  	-0.0189  	-0.0063  	0.01703  	-0.0121  	0.00516  	0.00326  	0.00772  	0.00519  	0.00174  	0.00364  	0.08411  	0.01040  	0.00532  	0.01241  	0.03785  	-0.7581  	
-0.3079  	-0.0895  	-0.7671  	-0.0644  	0.16261  	-0.4847  	-0.0251  	0.00699  	-0.0040  	0.01636  	-0.5817  	-0.3954  	0.36189  	0.12470  	0.30363  	0.55440  	0.02572  	-0.2117  	0.37997  	0.25953  	0.12485  	0.14764  	-0.9140  	0.37595  	0.77207  	-0.0950  	0.17179  	0.05859  	0.43607  	0.27708  	-0.0167  	0.11024  	-0.0383  	-0.2446  	0.44816  	-0.0019  	-0.0571  	-0.2659  	-0.2725  	0.40230  	-0.1096  	0.23257  	-0.4098  	0.26950  	0.08528  	-0.0047  	-0.0026  	-0.0995  	-0.0606  	-0.0750  	-0.0184  	-0.0119  	-0.0354  	0.00102  	-0.0115  	-0.0161  	0.01238  	-0.0199  	0.00718  	0.01541  	0.00610  	0.00265  	-0.0053  	0.00688  	0.08411  	0.01040  	0.00532  	0.01241  	0.03785  	-0.7581  	
-0.4452  	-0.1459  	-0.7968  	-0.2781  	0.08801  	-0.6029  	-0.0183  	-0.0508  	-0.0119  	0.05459  	-0.4091  	-0.3803  	0.31537  	0.01414  	0.09980  	0.56158  	0.02992  	-0.1950  	0.38170  	0.25544  	0.15102  	0.06513  	-0.9645  	0.37441  	0.73269  	-0.0652  	0.11967  	0.07699  	0.43996  	0.22934  	0.00410  	0.07782  	-0.0434  	-0.2767  	0.42596  	0.03823  	-0.0495  	-0.2568  	-0.3057  	0.36538  	-0.0945  	0.25348  	-0.4064  	0.28368  	0.08251  	-0.0039  	0.00168  	-0.0956  	-0.0629  	-0.0794  	-0.0195  	-0.0124  	-0.0308  	0.00955  	-0.0123  	-0.0213  	0.01377  	-0.0205  	-0.0001  	0.01857  	0.01009  	-0.0106  	-0.0077  	0.01287  	0.08411  	0.01040  	0.00532  	0.01241  	0.03785  	-0.7581  	
-0.6221  	-0.1835  	-0.8667  	-0.5510  	-0.0121  	-0.6687  	-0.0307  	-0.1387  	-0.0459  	0.10588  	-0.3181  	-0.4516  	0.22676  	-0.2151  	-0.1177  	0.53374  	0.02451  	-0.1399  	0.39856  	0.30409  	0.07687  	0.04345  	-0.8783  	0.31034  	0.71022  	-0.0662  	0.10439  	0.12072  	0.40922  	0.21458  	0.02010  	0.10651  	-0.0407  	-0.2491  	0.36840  	0.07175  	-0.0627  	-0.2429  	-0.2979  	0.35480  	-0.0552  	0.21861  	-0.4037  	0.27565  	0.08523  	-0.0111  	0.00430  	-0.1242  	-0.0741  	-0.0718  	-0.0201  	-0.0111  	-0.0285  	0.00350  	-0.0085  	-0.0251  	0.01511  	-0.0175  	0.00233  	0.01479  	0.00561  	-0.0059  	0.00371  	0.00839  	0.08411  	0.01040  	0.00532  	0.01241  	0.03785  	-0.7581  	
-0.6648  	-0.2251  	-0.8618  	-0.6262  	-0.1208  	-0.6235  	-0.0312  	-0.1672  	-0.0462  	0.07721  	-0.2997  	-0.5722  	0.15846  	-0.2646  	-0.1453  	0.58570  	0.02458  	-0.0827  	0.37586  	0.41209  	0.07463  	0.19389  	-0.6702  	0.33483  	0.79421  	-0.1239  	0.13724  	0.13163  	0.34260  	0.22205  	-0.0563  	0.13354  	-0.0225  	-0.1677  	0.38560  	0.09507  	0.03478  	-0.2240  	-0.2590  	0.37965  	-0.0876  	0.14488  	-0.3269  	0.23393  	0.12276  	-0.0239  	0.01534  	-0.1372  	-0.0700  	-0.0676  	-0.0362  	-0.0134  	-0.0310  	-0.0008  	-0.0132  	-0.0227  	0.01937  	-0.0124  	0.00188  	0.00908  	-0.0031  	-0.0036  	0.01016  	0.01479  	0.08411  	0.01040  	0.00532  	0.01241  	0.03785  	-0.7581  	
-0.5261  	-0.2346  	-0.8576  	-0.4484  	-0.0214  	-0.5544  	0.01659  	-0.2180  	-0.0069  	0.09695  	-0.4435  	-0.4925  	0.14308  	-0.2222  	-0.1539  	0.73023  	-0.0598  	0.06177  	0.30950  	0.61211  	-0.0845  	0.33251  	-0.5553  	0.32219  	0.84428  	-0.2003  	0.12001  	0.29798  	0.34654  	0.25291  	-0.1404  	0.18982  	0.05143  	-0.0357  	0.42066  	0.14180  	0.03918  	-0.2349  	-0.1485  	0.48207  	-0.1366  	0.03375  	-0.2270  	0.19721  	0.15761  	-0.0370  	0.03010  	-0.1357  	-0.0468  	-0.0575  	-0.0291  	-0.0169  	-0.0275  	-0.0177  	-0.0099  	-0.0266  	0.02209  	-0.0019  	-1.3797  	0.00112  	-0.0023  	-0.0024  	0.02730  	0.01766  	0.08411  	0.01040  	0.00532  	0.01241  	0.03785  	-0.7581  	
-0.4552  	-0.2179  	-0.7919  	-0.3365  	0.05815  	-0.5639  	0.05832  	-0.2249  	0.00675  	0.20823  	-0.4546  	-0.4379  	0.15783  	-0.1816  	-0.1560  	0.81951  	-0.1245  	0.09535  	0.28831  	0.66241  	-0.1533  	0.37520  	-0.6359  	0.28226  	0.88478  	-0.2056  	0.06934  	0.32535  	0.42209  	0.27190  	-0.1684  	0.17974  	0.05090  	-0.0260  	0.41367  	0.18042  	-0.0178  	-0.2533  	-0.1163  	0.50321  	-0.1333  	0.05488  	-0.2136  	0.19083  	0.14425  	-0.0337  	0.03292  	-0.1125  	-0.0387  	-0.0619  	-0.0216  	-0.0222  	-0.0325  	-0.0173  	-0.0131  	-0.0192  	0.02445  	-0.0046  	0.00183  	0.00663  	-0.0071  	-0.0088  	0.02612  	0.01530  	0.08411  	0.01040  	0.00532  	0.01241  	0.03785  	-0.7581  	
-0.4216  	-0.2122  	-0.8122  	-0.3696  	0.04672  	-0.5022  	0.03941  	-0.2201  	0.00792  	0.16540  	-0.4863  	-0.5022  	0.17515  	-0.2006  	-0.1521  	0.80384  	-0.1112  	0.07055  	0.31845  	0.63519  	-0.1140  	0.36185  	-0.6139  	0.31020  	0.92788  	-0.2224  	0.14670  	0.31105  	0.40489  	0.30522  	-0.1670  	0.20864  	0.03577  	-0.0316  	0.43799  	0.19705  	0.02201  	-0.2445  	-0.1373  	0.48678  	-0.1675  	0.05894  	-0.2240  	0.19518  	0.14931  	-0.0346  	0.02826  	-0.1243  	-0.0374  	-0.0675  	-0.0166  	-0.0223  	-0.0284  	-0.0147  	-0.0145  	-0.0192  	0.02447  	-0.0031  	0.00817  	0.00403  	-0.0078  	-0.0088  	0.02601  	0.01493  	0.08411  	0.01040  	0.00532  	0.01241  	0.03785  	-0.7581  	
-0.4722  	-0.2015  	-0.8633  	-0.3916  	0.01137  	-0.4741  	0.02478  	-0.2374  	-0.0161  	0.08744  	-0.5355  	-0.5629  	0.15993  	-0.1612  	-0.0961  	0.67160  	-0.0784  	0.03325  	0.30965  	0.58943  	-0.0604  	0.36068  	-0.5389  	0.34268  	0.91822  	-0.2144  	0.17747  	0.26235  	0.36869  	0.29608  	-0.1614  	0.20278  	0.02831  	-0.0376  	0.45378  	0.17302  	0.05215  	-0.2359  	-0.1537  	0.46676  	-0.1682  	0.05399  	-0.2335  	0.19349  	0.15195  	-0.0322  	0.02931  	-0.1365  	-0.0458  	-0.0633  	-0.0190  	-0.0195  	-0.0266  	-0.0193  	-0.0160  	-0.0237  	0.02597  	0.00296  	0.00742  	-0.0048  	-0.0109  	-0.0115  	0.02919  	0.01179  	0.08411  	0.01040  	0.00532  	0.01241  	0.03785  	-0.7581  	
-0.4311  	-0.1723  	-0.8532  	-0.3901  	-0.0149  	-0.4551  	0.02181  	-0.1928  	-0.0111  	0.05439  	-0.4852  	-0.5609  	0.17139  	-0.1048  	-0.0109  	0.60292  	-0.0923  	0.01912  	0.30405  	0.58322  	0.03457  	0.37536  	-0.5017  	0.31609  	0.88204  	-0.2167  	0.16573  	0.20483  	0.31528  	0.27742  	-0.1681  	0.19699  	0.04293  	-0.0358  	0.48696  	0.13399  	0.09605  	-0.2234  	-0.1527  	0.44832  	-0.1758  	0.05606  	-0.2318  	0.18353  	0.15378  	-0.0372  	0.03125  	-0.1401  	-0.0442  	-0.0633  	-0.0222  	-0.0214  	-0.0273  	-0.0174  	-0.0129  	-0.0242  	0.02363  	0.00304  	0.00689  	-0.0034  	-0.0111  	-0.0059  	0.03063  	0.01238  	0.08411  	0.01040  	0.00532  	0.01241  	0.03785  	-0.7581  	
-0.3332  	-0.1329  	-0.8144  	-0.3472  	-0.0021  	-0.4225  	0.04164  	-0.1732  	-0.0055  	0.04361  	-0.4347  	-0.5002  	0.19262  	-0.0394  	0.05764  	0.62378  	-0.0956  	0.01025  	0.31143  	0.59645  	0.06503  	0.39342  	-0.5168  	0.30487  	0.86764  	-0.2206  	0.13533  	0.19419  	0.29063  	0.26996  	-0.1636  	0.19104  	0.06281  	-0.0335  	0.50353  	0.10753  	0.11979  	-0.2250  	-0.1491  	0.46433  	-0.1815  	0.05582  	-0.2505  	0.18135  	0.15145  	-0.0349  	0.03492  	-0.1339  	-0.0486  	-0.0565  	-0.0263  	-0.0187  	-0.0334  	-0.0143  	-0.0136  	-0.0205  	0.01494  	-0.0006  	0.00405  	-0.0024  	-0.0092  	-0.0029  	0.02294  	0.00739  	0.08411  	0.01040  	0.00532  	0.01241  	0.03785  	-0.7581  	
-0.1921  	-0.0853  	-0.6614  	-0.2928  	-0.0212  	-0.3270  	0.04674  	-0.0451  	0.07846  	0.03818  	-0.4064  	-0.4646  	0.22933  	0.08562  	0.05757  	0.79460  	-0.0848  	-0.0173  	0.30058  	0.60416  	0.14747  	0.39621  	-0.5302  	0.32005  	0.84444  	-0.2194  	0.14838  	0.11125  	0.25027  	0.26166  	-0.1490  	0.18526  	0.10245  	-0.0374  	0.49617  	0.03944  	0.13376  	-0.2173  	-0.1486  	0.45905  	-0.1724  	0.04428  	-0.2175  	0.18226  	0.15981  	-0.0398  	0.02834  	-0.1198  	-0.0325  	-0.0570  	-0.0309  	-0.0161  	-0.0310  	-0.0168  	-0.0217  	-0.0166  	0.00769  	-0.0016  	-0.0032  	0.00256  	-0.0047  	0.00394  	0.02877  	0.00988  	0.08411  	0.01040  	0.00532  	0.01241  	0.03785  	-0.7581  	
-0.2112  	-0.0919  	-0.6614  	-0.3598  	-0.0146  	-0.4006  	0.06061  	-0.0747  	0.04092  	0.10955  	-0.4867  	-0.5652  	0.29120  	0.14685  	0.04982  	0.67398  	-0.0918  	0.01854  	0.31161  	0.58434  	0.13265  	0.38948  	-0.5564  	0.37021  	0.92271  	-0.2581  	0.19970  	0.06366  	0.23162  	0.27741  	-0.1390  	0.17587  	0.06794  	-0.0488  	0.52248  	0.06434  	0.13132  	-0.2293  	-0.1528  	0.47650  	-0.1781  	0.05362  	-0.2243  	0.18727  	0.15158  	-0.0324  	0.02295  	-0.1106  	-0.0327  	-0.0535  	-0.0325  	-0.0182  	-0.0266  	-0.0172  	-0.0184  	-0.0130  	0.01292  	-0.0044  	-0.0010  	0.00887  	-0.0056  	0.00674  	0.02152  	0.00790  	0.08411  	0.01040  	0.00532  	0.01241  	0.03785  	-0.7581  	
-0.4627  	-0.1296  	-0.8323  	-0.4360  	0.00360  	-0.6132  	0.02141  	-0.1116  	0.02183  	0.13708  	-0.3481  	-0.5097  	0.23499  	0.13342  	-0.0050  	0.60347  	-0.1006  	0.00472  	0.31127  	0.60688  	0.12927  	0.39050  	-0.5733  	0.46342  	0.83013  	-0.2099  	0.17462  	0.05932  	0.17841  	0.23427  	-0.1527  	0.18645  	0.09450  	-0.0463  	0.57449  	0.05862  	0.13014  	-0.2306  	-0.1774  	0.49275  	-0.1834  	0.06471  	-0.2721  	0.17573  	0.15730  	-0.0362  	0.03418  	-0.1416  	-0.0404  	-0.0558  	-0.0418  	-0.0171  	-0.0354  	-0.0124  	-0.0222  	-0.0232  	0.00253  	-0.0124  	0.00601  	0.01404  	0.00281  	0.00238  	0.00937  	0.00575  	0.08411  	0.01040  	0.00532  	0.01241  	0.03785  	-0.7581  	
-0.7618  	-0.2233  	-0.9632  	-0.6045  	0.00076  	-0.7019  	0.02096  	-0.1756  	-0.0200  	0.15284  	-0.2435  	-0.4887  	0.14894  	-0.0958  	-0.1546  	0.59620  	-0.1092  	0.01298  	0.31507  	0.62193  	0.06820  	0.35898  	-0.5290  	0.38109  	0.76542  	-0.1891  	0.14378  	0.15126  	0.19364  	0.19252  	-0.1383  	0.15886  	0.10225  	-0.0436  	0.54730  	0.07613  	0.13339  	-0.2234  	-0.1901  	0.46074  	-0.1734  	0.07218  	-0.2666  	0.17549  	0.16284  	-0.0292  	0.04314  	-0.1564  	-0.0614  	-0.0503  	-0.0357  	-0.0213  	-0.0386  	-0.0190  	-0.0168  	-0.0194  	0.01909  	0.00177  	-0.0049  	0.00486  	-0.0019  	0.00352  	0.02538  	0.01469  	0.08411  	0.01040  	0.00532  	0.01241  	0.03785  	-0.7581  	
-0.6405  	-0.2343  	-0.8511  	-0.6631  	-0.1207  	-0.5864  	0.00915  	-0.2079  	-0.0191  	0.09381  	-0.3126  	-0.5700  	0.15049  	-0.1800  	-0.1733  	0.65600  	-0.0351  	0.02264  	0.31741  	0.58722  	-0.0018  	0.34111  	-0.5028  	0.33921  	0.85446  	-0.1921  	0.14767  	0.19002  	0.28715  	0.24121  	-0.1191  	0.17191  	0.05657  	-0.0425  	0.44406  	0.12100  	0.09621  	-0.2300  	-0.1656  	0.44404  	-0.1521  	0.04946  	-0.2386  	0.17028  	0.16815  	-0.0411  	0.03477  	-0.1460  	-0.0583  	-0.0558  	-0.0291  	-0.0148  	-0.0355  	-0.0182  	-0.0160  	-0.0181  	0.01754  	-0.0043  	0.00145  	0.00837  	-0.0070  	0.00103  	0.02497  	0.01596  	0.08411  	0.01040  	0.00532  	0.01241  	0.03785  	-0.7581  	
-0.4258  	-0.2036  	-0.7849  	-0.4276  	-0.0422  	-0.4535  	0.02355  	-0.1697  	0.01828  	0.10482  	-0.4455  	-0.4662  	0.19046  	-0.1696  	-0.1572  	0.77760  	-0.0544  	0.05135  	0.31927  	0.61823  	-0.0730  	0.34613  	-0.5811  	0.32155  	0.80870  	-0.1975  	0.09082  	0.26999  	0.31906  	0.25048  	-0.1335  	0.19092  	0.07670  	-0.0385  	0.43180  	0.11733  	0.02686  	-0.2411  	-0.1303  	0.49225  	-0.1248  	0.03926  	-0.2194  	0.18675  	0.15495  	-0.0326  	0.03622  	-0.1285  	-0.0471  	-0.0624  	-0.0273  	-0.0169  	-0.0303  	-0.0250  	-0.0181  	-0.0249  	0.01819  	-0.0091  	-0.0005  	0.00201  	-0.0032  	-0.0015  	0.02349  	0.01503  	0.08411  	0.01040  	0.00532  	0.01241  	0.03785  	-0.7581  	
-0.3564  	-0.1718  	-0.7805  	-0.3458  	0.02553  	-0.4575  	0.02437  	-0.1799  	0.02401  	0.13798  	-0.4205  	-0.4191  	0.17814  	-0.1448  	-0.1510  	0.79108  	-0.1047  	0.06894  	0.31439  	0.66960  	-0.0446  	0.33820  	-0.6265  	0.32287  	0.85168  	-0.2142  	0.10613  	0.29019  	0.37464  	0.25953  	-0.1742  	0.20826  	0.06790  	-0.0391  	0.44387  	0.15752  	0.02569  	-0.2432  	-0.1395  	0.49184  	-0.1502  	0.05067  	-0.2197  	0.18414  	0.15613  	-0.0367  	0.03266  	-0.1200  	-0.0393  	-0.0608  	-0.0212  	-0.0194  	-0.0282  	-0.0176  	-0.0134  	-0.0228  	0.02406  	-0.0030  	0.00497  	0.00490  	-0.0079  	-0.0093  	0.02188  	0.01016  	0.08411  	0.01040  	0.00532  	0.01241  	0.03785  	-0.7581  	
-0.3337  	-0.1464  	-0.7506  	-0.2612  	0.06735  	-0.4210  	0.01447  	-0.1369  	0.01841  	0.09350  	-0.5189  	-0.4806  	0.20363  	-0.0303  	-0.0375  	0.75780  	-0.0913  	0.01520  	0.31629  	0.63145  	0.02578  	0.35186  	-0.5898  	0.34821  	0.91754  	-0.2309  	0.19476  	0.19782  	0.31867  	0.29701  	-0.1791  	0.20361  	0.07007  	-0.0421  	0.51630  	0.10206  	0.09387  	-0.2407  	-0.1362  	0.46774  	-0.2001  	0.06190  	-0.2245  	0.18354  	0.15616  	-0.0349  	0.02234  	-0.1275  	-0.0392  	-0.0650  	-0.0196  	-0.0225  	-0.0327  	-0.0190  	-0.0177  	-0.0152  	0.02252  	-0.0039  	0.00667  	0.00326  	-0.0082  	-0.0081  	0.02314  	0.00855  	0.08411  	0.01040  	0.00532  	0.01241  	0.03785  	-0.7581  	
-0.3070  	-0.1264  	-0.7800  	-0.2164  	0.09892  	-0.3674  	0.02135  	-0.1136  	0.02265  	0.04014  	-0.5226  	-0.4309  	0.22834  	0.03627  	0.04414  	0.72254  	-0.0797  	0.00108  	0.30172  	0.59876  	0.07049  	0.38425  	-0.5487  	0.33539  	0.89138  	-0.2318  	0.20828  	0.18578  	0.31254  	0.29144  	-0.1789  	0.18340  	0.08938  	-0.0351  	0.51719  	0.07588  	0.09815  	-0.2368  	-0.1396  	0.46980  	-0.2094  	0.06130  	-0.2272  	0.19379  	0.15640  	-0.0381  	0.02858  	-0.1236  	-0.0355  	-0.0579  	-0.0235  	-0.0215  	-0.0319  	-0.0126  	-0.0166  	-0.0133  	0.01840  	-0.0057  	0.00172  	0.00239  	-0.0054  	-0.0044  	0.02441  	0.00886  	0.08411  	0.01040  	0.00532  	0.01241  	0.03785  	-0.7581  	
-0.4098  	-0.1499  	-0.8049  	-0.3253  	0.04595  	-0.4529  	0.03184  	-0.1435  	0.01134  	0.05654  	-0.4925  	-0.4571  	0.20907  	-0.0107  	0.00100  	0.67861  	-0.0940  	0.04651  	0.30157  	0.60897  	0.03144  	0.39277  	-0.5461  	0.34434  	0.86055  	-0.2177  	0.16106  	0.19704  	0.33406  	0.26747  	-0.1620  	0.18253  	0.08542  	-0.0372  	0.48447  	0.07113  	0.09254  	-0.2393  	-0.1511  	0.47745  	-0.1910  	0.04553  	-0.2273  	0.19537  	0.15710  	-0.0392  	0.03785  	-0.1315  	-0.0365  	-0.0591  	-0.0247  	-0.0219  	-0.0304  	-0.0175  	-0.0145  	-0.0166  	0.01267  	-0.0078  	-0.0030  	0.00412  	-0.0060  	-0.0046  	0.01498  	0.01313  	0.08411  	0.01040  	0.00532  	0.01241  	0.03785  	-0.7581  	
-0.4974  	-0.1737  	-0.8562  	-0.3382  	0.03695  	-0.4708  	-0.0147  	-0.1514  	0.02128  	0.08301  	-0.4372  	-0.4365  	0.17646  	-0.0729  	-0.0037  	0.68831  	-0.0816  	0.02495  	0.29925  	0.61551  	0.03373  	0.36623  	-0.5300  	0.35342  	0.78391  	-0.2011  	0.11990  	0.20686  	0.29321  	0.25111  	-0.1371  	0.17824  	0.09071  	-0.0363  	0.47777  	0.05818  	0.07081  	-0.2538  	-0.1534  	0.47744  	-0.1672  	0.05700  	-0.2416  	0.18617  	0.16296  	-0.0324  	0.03430  	-0.1404  	-0.0478  	-0.0570  	-0.0312  	-0.0210  	-0.0354  	-0.0159  	-0.0213  	-0.0200  	0.01972  	-0.0042  	0.00386  	-0.0020  	-0.0073  	0.00050  	0.01832  	0.01022  	0.08411  	0.01040  	0.00532  	0.01241  	0.03785  	-0.7581  	
-0.3263  	-0.1036  	-0.7311  	-0.3162  	0.03888  	-0.3883  	-0.0035  	-0.0778  	0.05031  	0.07724  	-0.5054  	-0.4657  	0.23744  	0.07275  	0.14831  	0.68541  	-0.0642  	-0.0455  	0.31001  	0.56724  	0.13756  	0.39348  	-0.4868  	0.41690  	0.79781  	-0.2174  	0.20134  	0.04429  	0.17484  	0.23847  	-0.1467  	0.19686  	0.09053  	-0.0492  	0.53875  	0.00751  	0.17758  	-0.2293  	-0.1889  	0.46091  	-0.1932  	0.06100  	-0.2455  	0.18620  	0.15344  	-0.0295  	0.02841  	-0.1308  	-0.0458  	-0.0519  	-0.0374  	-0.0199  	-0.0334  	-0.0152  	-0.0225  	-0.0125  	0.01416  	-0.0054  	0.00032  	-0.0016  	0.00133  	0.00798  	0.01955  	0.00948  	0.08411  	0.01040  	0.00532  	0.01241  	0.03785  	-0.7581  	
-0.1353  	-0.0987  	-0.6359  	-0.2230  	0.02974  	-0.3237  	0.02505  	-0.0595  	0.06159  	0.10209  	-0.5984  	-0.5507  	0.29874  	0.18548  	0.18678  	0.67205  	-0.0765  	-0.0389  	0.29966  	0.53619  	0.09205  	0.42072  	-0.5068  	0.34006  	0.87595  	-0.2291  	0.20342  	0.05742  	0.28050  	0.29765  	-0.1582  	0.18839  	0.08581  	-0.0402  	0.53038  	0.04043  	0.12188  	-0.2359  	-0.1414  	0.47659  	-0.1954  	0.05956  	-0.2181  	0.18947  	0.14742  	-0.0319  	0.02336  	-0.1070  	-0.0264  	-0.0607  	-0.0261  	-0.0197  	-0.0314  	-0.0168  	-0.0158  	-0.0096  	0.00805  	-0.0071  	-0.0017  	0.00618  	-0.0033  	0.00540  	0.01909  	0.00610  	0.08411  	0.01040  	0.00532  	0.01241  	0.03785  	-0.7581  	
-0.3119  	-0.1283  	-0.7164  	-0.4485  	-0.0666  	-0.4768  	0.04868  	-0.1098  	0.05920  	0.15056  	-0.4244  	-0.5080  	0.22881  	-0.0052  	-0.0909  	0.74794  	-0.0953  	0.06068  	0.31358  	0.64055  	0.04655  	0.34248  	-0.5641  	0.30351  	0.84545  	-0.2167  	0.08479  	0.17777  	0.29443  	0.25056  	-0.1486  	0.17162  	0.10295  	-0.0325  	0.48611  	0.09470  	0.08662  	-0.2321  	-0.1474  	0.45563  	-0.1520  	0.04739  	-0.2126  	0.17932  	0.15390  	-0.0373  	0.03608  	-0.1215  	-0.0391  	-0.0607  	-0.0241  	-0.0224  	-0.0279  	-0.0151  	-0.0170  	-0.0210  	0.01529  	-0.0030  	0.00232  	-0.0025  	-0.0067  	-0.0031  	0.02483  	0.01575  	0.08411  	0.01040  	0.00532  	0.01241  	0.03785  	-0.7581  	
-0.5094  	-0.1674  	-0.8363  	-0.5007  	-0.0617  	-0.5314  	0.02518  	-0.1764  	0.00295  	0.11140  	-0.3911  	-0.5387  	0.15892  	-0.0998  	-0.1358  	0.67264  	-0.0933  	0.03339  	0.31048  	0.60495  	0.05192  	0.37064  	-0.5325  	0.32306  	0.85658  	-0.2135  	0.17775  	0.14005  	0.29321  	0.24702  	-0.1349  	0.18821  	0.08281  	-0.0509  	0.48561  	0.10471  	0.10893  	-0.2220  	-0.1795  	0.47913  	-0.1696  	0.04823  	-0.2292  	0.18265  	0.15828  	-0.0401  	0.03811  	-0.1393  	-0.0508  	-0.0679  	-0.0268  	-0.0169  	-0.0312  	-0.0182  	-0.0173  	-0.0224  	0.01793  	-0.0047  	-0.0032  	0.00063  	-0.0024  	-0.0038  	0.02525  	0.01469  	0.08411  	0.01040  	0.00532  	0.01241  	0.03785  	-0.7581  	
-0.5864  	-0.1928  	-0.8421  	-0.5367  	-0.1055  	-0.5222  	-0.0218  	-0.1811  	-0.0127  	0.05491  	-0.3708  	-0.5356  	0.13155  	-0.1918  	-0.0919  	0.66948  	-0.0475  	-0.0050  	0.30906  	0.57762  	0.02018  	0.37812  	-0.4603  	0.32482  	0.82359  	-0.1996  	0.16600  	0.18273  	0.28491  	0.24098  	-0.1496  	0.19694  	0.06755  	-0.0401  	0.44807  	0.10091  	0.11455  	-0.2032  	-0.1750  	0.44574  	-0.1429  	0.05265  	-0.2348  	0.17676  	0.15946  	-0.0380  	0.03701  	-0.1443  	-0.0498  	-0.0571  	-0.0344  	-0.0156  	-0.0286  	-0.0104  	-0.0173  	-0.0249  	0.01654  	-0.0049  	0.00337  	0.00030  	-0.0014  	-0.0056  	0.02495  	0.01568  	0.08411  	0.01040  	0.00532  	0.01241  	0.03785  	-0.7581  	
-0.4600  	-0.1894  	-0.8273  	-0.4723  	-0.0501  	-0.5118  	0.02646  	-0.1904  	0.02002  	0.09140  	-0.4257  	-0.5006  	0.17162  	-0.1706  	-0.0992  	0.69949  	-0.0933  	0.05386  	0.30592  	0.61792  	-0.0542  	0.34011  	-0.5517  	0.28873  	0.82022  	-0.2074  	0.12691  	0.26497  	0.33749  	0.25345  	-0.1429  	0.19942  	0.07153  	-0.0281  	0.46092  	0.13218  	0.07075  	-0.2225  	-0.1502  	0.47473  	-0.1333  	0.04803  	-0.2285  	0.18624  	0.15275  	-0.0402  	0.03500  	-0.1367  	-0.0464  	-0.0584  	-0.0257  	-0.0175  	-0.0302  	-0.0157  	-0.0124  	-0.0194  	0.01774  	-0.0029  	-0.0013  	0.00226  	-0.0087  	0.00129  	0.02040  	0.01454  	0.08411  	0.01040  	0.00532  	0.01241  	0.03785  	-0.7581  	
-0.3935  	-0.1798  	-0.7728  	-0.4349  	-0.0374  	-0.4950  	0.06036  	-0.1887  	0.02561  	0.12718  	-0.4308  	-0.4891  	0.20292  	-0.1132  	-0.1220  	0.70919  	-0.1055  	0.05928  	0.29936  	0.66253  	-0.0735  	0.33316  	-0.5750  	0.26886  	0.80300  	-0.2205  	0.07811  	0.30192  	0.36962  	0.25934  	-0.1552  	0.18417  	0.07460  	-0.0298  	0.44810  	0.14566  	0.03817  	-0.2440  	-0.1276  	0.48937  	-0.1461  	0.05663  	-0.2384  	0.18015  	0.15050  	-0.0356  	0.03451  	-0.1268  	-0.0423  	-0.0593  	-0.0231  	-0.0150  	-0.0275  	-0.0188  	-0.0152  	-0.0206  	0.01903  	-0.0033  	0.00188  	-0.0002  	-0.0054  	-0.0035  	0.02595  	0.01279  	0.08411  	0.01040  	0.00532  	0.01241  	0.03785  	-0.7581  	
-0.3484  	-0.1511  	-0.7571  	-0.4094  	-0.0147  	-0.4825  	0.04714  	-0.1833  	0.00412  	0.12345  	-0.4010  	-0.4935  	0.18427  	-0.0880  	-0.1174  	0.75059  	-0.1047  	0.07613  	0.29190  	0.67399  	-0.0572  	0.33345  	-0.5840  	0.27667  	0.81230  	-0.2041  	0.10434  	0.24222  	0.35800  	0.23167  	-0.1584  	0.19059  	0.08427  	-0.0346  	0.46445  	0.13894  	0.04802  	-0.2449  	-0.1278  	0.49481  	-0.1649  	0.0496  	-0.2360  	0.17821  	0.16168  	-0.0351  	0.03825  	-0.1171  	-0.0407  	-0.0483  	-0.0222  	-0.0235  	-0.0314  	-0.0216  	-0.0127  	-0.0230  	0.02018  	0.00195  	0.00260  	0.00032  	-0.0089  	-0.0086  	0.02306  	0.00968  	0.08411  	0.01040  	0.00532  	0.01241  	0.03785  	-0.7581  	
-0.1790  	-0.0972  	-0.6817  	-0.3650  	0.02245  	-0.4118  	0.05220  	-0.0869  	0.05551  	0.09257  	-0.5543  	-0.5865  	0.29789  	0.09571  	0.08400  	0.66545  	-0.0757  	0.01503  	0.31409  	0.54478  	0.11125  	0.39058  	-0.5526  	0.36310  	0.94374  	-0.2478  	0.23409  	0.08717  	0.28734  	0.29637  	-0.1344  	0.17605  	0.06923  	-0.0315  	0.52603  	0.08281  	0.10388  	-0.2430  	-0.1465  	0.50608  	-0.1949  	0.05583  	-0.2190  	0.18800  	0.15635  	-0.0337  	0.01869  	-0.1128  	-0.0291  	-0.0585  	-0.0285  	-0.0215  	-0.0287  	-0.0209  	-0.0115  	-0.0118  	0.01967  	0.00338  	-0.0046  	0.00551  	-0.0064  	-0.0006  	0.02363  	0.01487  	0.08411  	0.01040  	0.00532  	0.01241  	0.03785  	-0.7581  	
-0.5548  	-0.1408  	-0.9350  	-0.5024  	0.01871  	-0.6520  	0.02908  	-0.1424  	0.01434  	0.12594  	-0.2932  	-0.4938  	0.21836  	0.07456  	-0.0085  	0.58466  	-0.0871  	0.01367  	0.29810  	0.61705  	0.11118  	0.35548  	-0.5498  	0.46554  	0.79309  	-0.2017  	0.17291  	0.07251  	0.15326  	0.22060  	-0.1361  	0.20083  	0.11326  	-0.0472  	0.58677  	0.04574  	0.17349  	-0.2368  	-0.1800  	0.49231  	-0.1915  	0.06691  	-0.2819  	0.15167  	0.15082  	-0.0304  	0.03774  	-0.1469  	-0.0499  	-0.0494  	-0.0285  	-0.0134  	-0.0325  	-0.0143  	-0.0242  	-0.0212  	0.00234  	-0.0094  	0.00709  	0.00819  	-0.0005  	0.00797  	0.00866  	0.00892  	0.08411  	0.01040  	0.00532  	0.01241  	0.03785  	-0.7581  	
-0.8533  	-0.2701  	-1.0226  	-0.7436  	-0.0767  	-0.8018  	-0.0238  	-0.2363  	-0.0277  	0.17895  	-0.1963  	-0.5571  	0.12560  	-0.1538  	-0.1655  	0.53501  	-0.0799  	0.00876  	0.29431  	0.66306  	0.08422  	0.30814  	-0.5389  	0.38958  	0.76188  	-0.1828  	0.10697  	0.11106  	0.14606  	0.18851  	-0.1274  	0.16604  	0.11716  	-0.0503  	0.54623  	0.05643  	0.15048  	-0.2136  	-0.1956  	0.46219  	-0.1935  	0.07268  	-0.2641  	0.17349  	0.16762  	-0.0304  	0.04893  	-0.1583  	-0.0659  	-0.0515  	-0.0328  	-0.0173  	-0.0421  	-0.0114  	-0.0186  	-0.0257  	0.01083  	0.00161  	-0.0117  	-0.0024  	-0.0027  	-0.0001  	0.02564  	0.01712  	0.08411  	0.01040  	0.00532  	0.01241  	0.03785  	-0.7581  	
-0.7983  	-0.2887  	-0.9337  	-0.7431  	-0.1477  	-0.8036  	-0.0196  	-0.1814  	-0.0190  	0.20914  	-0.1273  	-0.5262  	0.11506  	-0.1605  	-0.2159  	0.60663  	-0.0525  	-0.0152  	0.31478  	0.63433  	0.08105  	0.33206  	-0.4832  	0.37761  	0.78525  	-0.1893  	0.10056  	0.13040  	0.20877  	0.20898  	-0.1210  	0.16907  	0.08172  	-0.0583  	0.46807  	0.05617  	0.13475  	-0.2244  	-0.1757  	0.41382  	-0.1656  	0.06126  	-0.2684  	0.16728  	0.16850  	-0.0299  	0.03923  	-0.1558  	-0.0512  	-0.0576  	-0.0402  	-0.0193  	-0.0368  	-0.0234  	-0.0232  	-0.0283  	0.00578  	0.00195  	-0.0034  	-0.0004  	0.00093  	0.00296  	0.02497  	0.01122  	0.08411  	0.01040  	0.00532  	0.01241  	0.03785  	-0.7581  	
-0.6872  	-0.2234  	-0.8475  	-0.7084  	-0.1598  	-0.6355  	-0.0024  	-0.2124  	-0.0197  	0.11306  	-0.2896  	-0.5637  	0.16732  	-0.1671  	-0.1580  	0.62522  	-0.0202  	-0.0155  	0.32614  	0.57036  	0.07460  	0.36374  	-0.4761  	0.36215  	0.83144  	-0.1834  	0.18058  	0.09344  	0.23017  	0.23249  	-0.1175  	0.16178  	0.07579  	-0.0464  	0.44753  	0.07765  	0.12936  	-0.2265  	-0.1804  	0.43487  	-0.1328  	0.05933  	-0.2404  	0.17061  	0.16773  	-0.0397  	0.03593  	-0.1519  	-0.0657  	-0.0562  	-0.0388  	-0.0136  	-0.0331  	-0.0158  	-0.0243  	-0.0204  	0.01051  	-0.0043  	-0.0019  	0.00739  	-0.0012  	0.00678  	0.02021  	0.01233  	0.08411  	0.01040  	0.00532  	0.01241  	0.03785  	-0.7581  	
-0.5091  	-0.1926  	-0.7831  	-0.5474  	-0.0787  	-0.5192  	-0.0128  	-0.1599  	0.03035  	0.10438  	-0.4165  	-0.5303  	0.15935  	-0.1858  	-0.1384  	0.73141  	-0.0510  	0.03385  	0.33566  	0.60016  	-0.0151  	0.35949  	-0.4944  	0.29912  	0.81550  	-0.1973  	0.09746  	0.21417  	0.30018  	0.22911  	-0.1552  	0.17677  	0.08773  	-0.0460  	0.44077  	0.09338  	0.10718  	-0.2251  	-0.1721  	0.46745  	-0.1212  	0.03703  	-0.2201  	0.19642  	0.16500  	-0.0299  	0.03429  	-0.1289  	-0.0452  	-0.0545  	-0.0240  	-0.0203  	-0.0319  	-0.0194  	-0.0160  	-0.0210  	0.01418  	-0.0038  	-0.0011  	0.00563  	-0.0006  	0.00097  	0.02471  	0.01579  	0.08411  	0.01040  	0.00532  	0.01241  	0.03785  	-0.7581  	
-0.4151  	-0.1790  	-0.7466  	-0.4113  	-0.0169  	-0.5266  	0.02625  	-0.1697  	0.02849  	0.18987  	-0.4199  	-0.4517  	0.19268  	-0.1562  	-0.1321  	0.76426  	-0.1196  	0.05923  	0.31075  	0.65091  	-0.0986  	0.36182  	-0.5903  	0.23166  	0.82960  	-0.2112  	0.04503  	0.30514  	0.36816  	0.26127  	-0.1665  	0.18701  	0.07239  	-0.0216  	0.42713  	0.13923  	0.02064  	-0.2303  	-0.1157  	0.49036  	-0.1348  	0.05710  	-0.2211  	0.18091  	0.14800  	-0.0393  	0.03746  	-0.1283  	-0.0423  	-0.0556  	-0.0266  	-0.0190  	-0.0306  	-0.0147  	-0.0138  	-0.0231  	0.02001  	-0.0045  	0.00096  	-0.0012  	-0.0044  	-0.0011  	0.02485  	0.01423  	0.08411  	0.01040  	0.00532  	0.01241  	0.03785  	-0.7581  	
-0.4001  	-0.1816  	-0.7752  	-0.4806  	-0.0366  	-0.4826  	0.03833  	-0.2003  	0.01638  	0.14963  	-0.3977  	-0.4968  	0.18593  	-0.1810  	-0.1899  	0.76666  	-0.1116  	0.07180  	0.31327  	0.65718  	-0.0675  	0.33128  	-0.5888  	0.26724  	0.84037  	-0.2186  	0.08082  	0.30176  	0.37079  	0.25528  	-0.1574  	0.18247  	0.06346  	-0.0297  	0.44993  	0.17000  	0.04180  	-0.2360  	-0.1365  	0.49115  	-0.1563  	0.05260  	-0.2355  	0.18515  	0.15284  	-0.0339  	0.03589  	-0.1308  	-0.0451  	-0.0599  	-0.0214  	-0.0172  	-0.0289  	-0.0193  	-0.0150  	-0.0233  	0.01923  	-0.0038  	0.00302  	-0.0014  	-0.0042  	-0.0034  	0.02597  	0.01301  	0.08411  	0.01040  	0.00532  	0.01241  	0.03785  	-0.7581  	
-0.4623  	-0.1832  	-0.8233  	-0.4775  	-0.0468  	-0.5033  	0.03473  	-0.2113  	-0.0160  	0.07904  	-0.4313  	-0.5359  	0.14909  	-0.1565  	-0.1007  	0.69859  	-0.0905  	0.04240  	0.30265  	0.61819  	-0.0308  	0.35498  	-0.5459  	0.29541  	0.85089  	-0.2125  	0.11844  	0.24680  	0.35600  	0.26496  	-0.1525  	0.19179  	0.05768  	-0.0363  	0.46273  	0.15018  	0.06769  	-0.2314  	-0.1606  	0.46764  	-0.1472  	0.05336  	-0.2310  	0.19019  	0.15143  	-0.0371  	0.03428  	-0.1391  	-0.0506  	-0.0638  	-0.0230  	-0.0176  	-0.0278  	-0.0178  	-0.0113  	-0.0251  	0.02025  	-0.0030  	0.00408  	0.00018  	-0.0066  	-0.0053  	0.02846  	0.01481  	0.08411  	0.01040  	0.00532  	0.01241  	0.03785  	-0.7581  	
-0.4810  	-0.1730  	-0.8391  	-0.4595  	-0.0536  	-0.5010  	0.02040  	-0.2115  	-0.0140  	0.03107  	-0.4472  	-0.5410  	0.13640  	-0.1497  	-0.0347  	0.63799  	-0.0792  	0.01787  	0.31257  	0.59923  	0.03069  	0.37358  	-0.5116  	0.30850  	0.85803  	-0.2153  	0.16052  	0.17674  	0.30164  	0.26386  	-0.1624  	0.21060  	0.05448  	-0.0392  	0.49067  	0.12068  	0.12370  	-0.2056  	-0.1706  	0.45420  	-0.1486  	0.05271  	-0.2353  	0.18542  	0.15541  	-0.0412  	0.03787  	-0.1460  	-0.0486  	-0.0640  	-0.0261  	-0.0169  	-0.0286  	-0.0149  	-0.0097  	-0.0249  	0.02229  	-0.0013  	0.00103  	0.00340  	-0.0052  	-0.0101  	0.02812  	0.01102  	0.08411  	0.01040  	0.00532  	0.01241  	0.03785  	-0.7581  	
-0.4310  	-0.1769  	-0.8166  	-0.3944  	-0.0184  	-0.4792  	0.00461  	-0.1869  	-0.0068  	0.06850  	-0.4354  	-0.5213  	0.15138  	-0.0919  	-0.0300  	0.69467  	-0.0951  	0.02155  	0.31180  	0.60283  	0.05303  	0.37753  	-0.5503  	0.32966  	0.85409  	-0.2227  	0.16425  	0.16334  	0.27163  	0.26915  	-0.1645  	0.20757  	0.06342  	-0.0356  	0.51982  	0.12325  	0.12558  	-0.2164  	-0.1827  	0.45358  	-0.1859  	0.05472  	-0.2418  	0.17450  	0.15789  	-0.0405  	0.03352  	-0.1467  	-0.0469  	-0.0595  	-0.0260  	-0.0205  	-0.0309  	-0.0165  	-0.0150  	-0.0201  	0.01958  	-0.0027  	0.00170  	0.00281  	-0.0111  	-0.0058  	0.02487  	0.00932  	0.08411  	0.01040  	0.00532  	0.01241  	0.03785  	-0.7581  	
-0.3835  	-0.1856  	-0.8132  	-0.4370  	-0.0313  	-0.4753  	0.03295  	-0.1877  	0.00406  	0.09751  	-0.4052  	-0.5184  	0.16612  	-0.1072  	-0.1077  	0.71704  	-0.0895  	0.04464  	0.29995  	0.62845  	0.02107  	0.35389  	-0.5704  	0.31547  	0.84169  	-0.2205  	0.12725  	0.21317  	0.32491  	0.25506  	-0.1523  	0.19085  	0.06014  	-0.0372  	0.48915  	0.13894  	0.09634  	-0.2316  	-0.1619  	0.46967  	-0.1662  	0.05099  	-0.2341  	0.18346  	0.16129  	-0.0380  	0.03649  	-0.1392  	-0.0441  	-0.0563  	-0.0220  	-0.0188  	-0.0277  	-0.0182  	-0.0127  	-0.0185  	0.02062  	-0.0028  	0.00165  	0.00178  	-0.0090  	-0.0061  	0.02727  	0.01177  	0.08411  	0.01040  	0.00532  	0.01241  	0.03785  	-0.7581  	
-0.3670  	-0.1737  	-0.7765  	-0.4421  	-0.0196  	-0.4739  	0.04999  	-0.1875  	0.01622  	0.13344  	-0.3973  	-0.5184  	0.17262  	-0.1266  	-0.1588  	0.75417  	-0.1172  	0.06053  	0.30026  	0.65123  	-0.0245  	0.35225  	-0.5967  	0.28745  	0.84898  	-0.2187  	0.10743  	0.25377  	0.35978  	0.25614  	-0.1511  	0.18642  	0.06639  	-0.0336  	0.45862  	0.15730  	0.06229  	-0.2323  	-0.1463  	0.49154  	-0.1548  	0.05100  	-0.2293  	0.19056  	0.15374  	-0.0353  	0.03742  	-0.1284  	-0.0435  	-0.0594  	-0.0231  	-0.0171  	-0.0265  	-0.0199  	-0.0097  	-0.0227  	0.02024  	-0.0043  	0.00199  	-7.4834  	-0.0062  	-0.0071  	0.02627  	0.01201  	0.08411  	0.01040  	0.00532  	0.01241  	0.03785  	-0.7581  	
-0.3994  	-0.1618  	-0.7776  	-0.4928  	-0.0475  	-0.4805  	0.04368  	-0.2105  	0.00264  	0.13038  	-0.3970  	-0.5361  	0.17276  	-0.1225  	-0.1680  	0.73866  	-0.1128  	0.04768  	0.30031  	0.64815  	-0.0319  	0.35642  	-0.5692  	0.27911  	0.83281  	-0.2147  	0.10939  	0.24139  	0.35016  	0.24709  	-0.1456  	0.18538  	0.07049  	-0.0347  	0.45563  	0.15498  	0.06458  	-0.2284  	-0.1537  	0.48563  	-0.1432  	0.05620  	-0.2251  	0.18365  	0.15662  	-0.0364  	0.03422  	-0.1307  	-0.0451  	-0.0584  	-0.0236  	-0.0189  	-0.0256  	-0.0174  	-0.0133  	-0.0233  	0.02070  	-0.0052  	0.00236  	0.00107  	-0.0048  	-0.0048  	0.02781  	0.01360  	0.08411  	0.01040  	0.00532  	0.01241  	0.03785  	-0.7581  	
-0.4738  	-0.1745  	-0.8169  	-0.4972  	-0.0494  	-0.5334  	0.03514  	-0.2172  	-0.0035  	0.09787  	-0.4488  	-0.5322  	0.16307  	-0.1343  	-0.1463  	0.68073  	-0.1060  	0.03438  	0.30322  	0.63883  	-0.0300  	0.35767  	-0.5393  	0.28268  	0.84021  	-0.2068  	0.12609  	0.23767  	0.34417  	0.26845  	-0.1522  	0.18137  	0.05412  	-0.0357  	0.46795  	0.15725  	0.07047  	-0.2254  	-0.1547  	0.47998  	-0.1305  	0.06156  	-0.2305  	0.18429  	0.15675  	-0.0372  	0.03277  	-0.1346  	-0.0476  	-0.0582  	-0.0282  	-0.0170  	-0.0303  	-0.0173  	-0.0112  	-0.0213  	0.02152  	-0.0014  	0.00396  	-0.0024  	-0.0063  	-0.0019  	0.02148  	0.01302  	0.08411  	0.01040  	0.00532  	0.01241  	0.03785  	-0.7581  	
-0.5330  	-0.1827  	-0.8705  	-0.4555  	-0.0268  	-0.5660  	0.00102  	-0.2003  	-0.0197  	0.11104  	-0.4589  	-0.4993  	0.17307  	-0.1210  	-0.0709  	0.65598  	-0.1060  	0.06426  	0.30169  	0.63120  	-0.0492  	0.37362  	-0.5398  	0.29962  	0.86775  	-0.2099  	0.10172  	0.24257  	0.37038  	0.27087  	-0.1491  	0.16884  	0.04781  	-0.0295  	0.45124  	0.14247  	0.03498  	-0.2477  	-0.1428  	0.48489  	-0.1414  	0.05274  	-0.2480  	0.17991  	0.16318  	-0.0271  	0.03126  	-0.1397  	-0.0473  	-0.0587  	-0.0347  	-0.0242  	-0.0249  	-0.0241  	-0.0207  	-0.0220  	0.01940  	0.00235  	-0.0011  	-0.0060  	-0.0009  	-0.0054  	0.02609  	0.01042  	0.08411  	0.01040  	0.00532  	0.01241  	0.03785  	-0.7581  	
-0.5664  	-0.1891  	-0.8677  	-0.4702  	-0.0396  	-0.5720  	-0.0219  	-0.1829  	-0.0165  	0.07478  	-0.4192  	-0.4956  	0.16470  	-0.1380  	-0.0638  	0.66137  	-0.0716  	0.02545  	0.29944  	0.58538  	-0.0083  	0.37136  	-0.5010  	0.29169  	0.81778  	-0.1986  	0.11451  	0.22049  	0.33904  	0.26056  	-0.1601  	0.17224  	0.06388  	-0.0329  	0.44570  	0.10462  	0.08336  	-0.2216  	-0.1574  	0.45979  	-0.1390  	0.05331  	-0.2304  	0.18535  	0.15947  	-0.0327  	0.03780  	-0.1475  	-0.0513  	-0.0594  	-0.0355  	-0.0179  	-0.0270  	-0.0184  	-0.0217  	-0.0227  	0.01451  	-0.0011  	0.00514  	-0.0023  	-0.0008  	0.00032  	0.01966  	0.01136  	0.08411  	0.01040  	0.00532  	0.01241  	0.03785  	-0.7581  	
-0.5811  	-0.1926  	-0.8794  	-0.4807  	-0.0399  	-0.5906  	-0.0314  	-0.1895  	-0.0108  	0.10504  	-0.3969  	-0.4795  	0.15750  	-0.1586  	-0.0964  	0.66884  	-0.0696  	0.02526  	0.30126  	0.58444  	-0.0109  	0.36602  	-0.5019  	0.28713  	0.79336  	-0.1889  	0.09295  	0.22384  	0.32708  	0.25383  	-0.1529  	0.16981  	0.06367  	-0.0372  	0.43347  	0.10112  	0.08413  	-0.2198  	-0.1576  	0.45455  	-0.1332  	0.04802  	-0.2281  	0.18499  	0.16015  	-0.0345  	0.03976  	-0.1461  	-0.0496  	-0.0598  	-0.0369  	-0.0165  	-0.0281  	-0.0143  	-0.0200  	-0.0263  	0.01527  	-0.0028  	0.00618  	0.00081  	-0.0027  	0.00065  	0.01979  	0.01153  	0.08411  	0.01040  	0.00532  	0.01241  	0.03785  	-0.7581  	
-0.5847  	-0.2023  	-0.8952  	-0.4962  	-0.0523  	-0.5914  	-0.0294  	-0.1913  	-0.0101  	0.11310  	-0.3790  	-0.4785  	0.15474  	-0.1726  	-0.1078  	0.66288  	-0.0649  	0.02978  	0.29968  	0.58935  	0.00113  	0.36277  	-0.4933  	0.29136  	0.78483  	-0.1847  	0.08296  	0.21952  	0.31751  	0.24596  	-0.1522  	0.16995  	0.06125  	-0.0418  	0.43151  	0.09579  	0.08964  	-0.2180  	-0.1624  	0.45107  	-0.1312  	0.04947  	-0.2293  	0.18268  	0.16281  	-0.0337  	0.03948  	-0.1459  	-0.0485  	-0.0572  	-0.0380  	-0.0171  	-0.0275  	-0.0136  	-0.0192  	-0.0267  	0.01759  	-0.0031  	0.00662  	0.00136  	-0.0023  	0.00051  	0.02032  	0.01267  	0.08411  	0.01040  	0.00532  	0.01241  	0.03785  	-0.7581  	
-0.5962  	-0.2037  	-0.9022  	-0.5049  	-0.0525  	-0.5939  	-0.0297  	-0.1953  	-0.0107  	0.11678  	-0.3726  	-0.4770  	0.15027  	-0.1771  	-0.1123  	0.65756  	-0.0662  	0.02851  	0.29828  	0.59124  	0.00078  	0.35714  	-0.4960  	0.28845  	0.78170  	-0.1842  	0.08010  	0.22510  	0.31688  	0.24641  	-0.1471  	0.17061  	0.06177  	-0.0404  	0.43287  	0.09504  	0.08746  	-0.2203  	-0.1627  	0.44967  	-0.1288  	0.04882  	-0.2284  	0.18292  	0.16391  	-0.0351  	0.03996  	-0.1477  	-0.0478  	-0.0563  	-0.0377  	-0.0169  	-0.0273  	-0.0137  	-0.0198  	-0.0263  	0.01698  	-0.0026  	0.00527  	0.00065  	-0.0024  	0.00102  	0.02101  	0.01242  	0.08411  	0.01040  	0.00532  	0.01241  	0.03785  	-0.7581  	
-0.5940  	-0.2031  	-0.9079  	-0.5037  	-0.0458  	-0.5969  	-0.0295  	-0.2003  	-0.0116  	0.11789  	-0.3716  	-0.4688  	0.14846  	-0.1732  	-0.1155  	0.65155  	-0.0663  	0.02871  	0.29854  	0.58684  	0.00539  	0.35080  	-0.5041  	0.28507  	0.77818  	-0.1861  	0.08012  	0.22863  	0.31314  	0.24492  	-0.1434  	0.17093  	0.06437  	-0.0408  	0.43810  	0.09144  	0.08641  	-0.2241  	-0.1638  	0.44949  	-0.1285  	0.04935  	-0.2296  	0.18129  	0.16575  	-0.0356  	0.04005  	-0.1483  	-0.0483  	-0.0542  	-0.0361  	-0.0175  	-0.0269  	-0.0145  	-0.0208  	-0.0248  	0.01763  	-0.0025  	0.00431  	0.00021  	-0.0025  	0.00090  	0.02160  	0.01203  	0.08411  	0.01040  	0.00532  	0.01241  	0.03785  	-0.7581  	
-0.5542  	-0.1793  	-0.8859  	-0.4646  	-0.0159  	-0.5759  	-0.0189  	-0.1784  	0.00201  	0.10008  	-0.3680  	-0.4497  	0.15314  	-0.1152  	-0.0736  	0.64417  	-0.0778  	0.01605  	0.29170  	0.58907  	0.03693  	0.35288  	-0.5207  	0.30094  	0.76097  	-0.1909  	0.08914  	0.22318  	0.29978  	0.24458  	-0.1455  	0.17104  	0.07886  	-0.0378  	0.46934  	0.07442  	0.09695  	-0.2300  	-0.1707  	0.44145  	-0.1386  	0.05847  	-0.2324  	0.17588  	0.16562  	-0.0347  	0.03725  	-0.1491  	-0.0492  	-0.0514  	-0.0359  	-0.0198  	-0.0271  	-0.0166  	-0.0207  	-0.0214  	0.02022  	-0.0027  	0.00284  	-0.0007  	-0.0034  	0.00292  	0.02156  	0.01438  	0.08411  	0.01040  	0.00532  	0.01241  	0.03785  	-0.7581  	
-0.4348  	-0.1320  	-0.8026  	-0.3965  	-0.0163  	-0.5146  	-0.0239  	-0.1235  	0.02712  	0.06718  	-0.3542  	-0.4328  	0.16636  	-0.0260  	0.03553  	0.67975  	-0.0714  	-0.0191  	0.29474  	0.58686  	0.12859  	0.34863  	-0.5086  	0.34270  	0.76167  	-0.2062  	0.12765  	0.12250  	0.23228  	0.23195  	-0.1503  	0.18513  	0.09217  	-0.0406  	0.51666  	0.02016  	0.15990  	-0.2109  	-0.1955  	0.43954  	-0.1606  	0.05037  	-0.2479  	0.17637  	0.15806  	-0.0319  	0.03907  	-0.1450  	-0.0506  	-0.0534  	-0.0364  	-0.0183  	-0.0327  	-0.0163  	-0.0204  	-0.0189  	0.00915  	-0.0076  	0.00038  	0.00140  	0.00134  	-0.0002  	0.01979  	0.01054  	0.08411  	0.01040  	0.00532  	0.01241  	0.03785  	-0.7581  	
-0.2590  	-0.0804  	-0.7148  	-0.3413  	-0.0093  	-0.4345  	0.00234  	-0.0576  	0.06909  	0.07450  	-0.3868  	-0.4410  	0.22205  	0.07262  	0.08636  	0.74962  	-0.0643  	-0.0446  	0.31642  	0.56164  	0.17730  	0.37556  	-0.5030  	0.38945  	0.76128  	-0.2210  	0.19316  	0.02368  	0.15196  	0.22902  	-0.1612  	0.20137  	0.09957  	-0.0551  	0.57291  	0.00259  	0.19605  	-0.1894  	-0.2064  	0.43968  	-0.1987  	0.05483  	-0.2412  	0.17412  	0.15797  	-0.0303  	0.03596  	-0.1377  	-0.0431  	-0.0472  	-0.0335  	-0.0177  	-0.0334  	-0.0130  	-0.0207  	-0.0130  	0.00873  	-0.0068  	0.00132  	-0.0037  	-0.0015  	0.00744  	0.01969  	0.00833  	0.08411  	0.01040  	0.00532  	0.01241  	0.03785  	-0.7581  	
-0.1559  	-0.0747  	-0.6337  	-0.2746  	0.02628  	-0.3313  	0.03115  	-0.0499  	0.05294  	0.04190  	-0.4596  	-0.4725  	0.25631  	0.15643  	0.15652  	0.71678  	-0.0743  	-0.0402  	0.29591  	0.52708  	0.18067  	0.39005  	-0.5146  	0.40876  	0.83916  	-0.2409  	0.24131  	0.01312  	0.18287  	0.26095  	-0.1607  	0.20935  	0.08837  	-0.0607  	0.57891  	0.01781  	0.19032  	-0.2179  	-0.1967  	0.45135  	-0.2143  	0.06405  	-0.2485  	0.17419  	0.15950  	-0.0305  	0.02195  	-0.1209  	-0.0324  	-0.0490  	-0.0291  	-0.0207  	-0.0277  	-0.0202  	-0.0224  	-0.0065  	0.00899  	-0.0068  	-0.0012  	0.00426  	-0.0013  	0.00613  	0.02271  	0.00824  	0.08411  	0.01040  	0.00532  	0.01241  	0.03785  	-0.7581  	
-0.1149  	-0.0866  	-0.6145  	-0.2259  	0.03965  	-0.3104  	0.05176  	-0.0385  	0.05336  	0.04092  	-0.5067  	-0.5085  	0.25910  	0.18917  	0.17530  	0.69425  	-0.0643  	-0.0363  	0.29725  	0.51884  	0.15410  	0.41262  	-0.5102  	0.39828  	0.85208  	-0.2464  	0.24824  	0.01542  	0.21011  	0.28131  	-0.1660  	0.20035  	0.08044  	-0.0489  	0.56607  	0.02834  	0.18063  	-0.2322  	-0.1815  	0.46103  	-0.2295  	0.07089  	-0.2482  	0.17573  	0.15842  	-0.0299  	0.01978  	-0.1133  	-0.0285  	-0.0545  	-0.0238  	-0.0201  	-0.0294  	-0.0208  	-0.0213  	-0.0034  	0.00808  	-0.0046  	0.00106  	0.00200  	-0.0030  	0.00328  	0.02535  	0.00810  	0.08411  	0.01040  	0.00532  	0.01241  	0.03785  	-0.7581  	
-0.0830  	-0.0662  	-0.6006  	-0.0927  	0.11684  	-0.2692  	0.04308  	0.01545  	0.07211  	0.03588  	-0.6362  	-0.5443  	0.37756  	0.21596  	0.25876  	0.65196  	-0.0004  	-0.1880  	0.34849  	0.31018  	0.13194  	0.32315  	-0.7147  	0.35692  	0.87539  	-0.1756  	0.23910  	-0.0210  	0.34873  	0.32441  	-0.0854  	0.14703  	0.00708  	-0.1541  	0.45764  	0.01186  	0.05676  	-0.2462  	-0.2131  	0.42481  	-0.1665  	0.16993  	-0.3163  	0.24266  	0.11220  	-0.0160  	0.00027  	-0.0817  	-0.0305  	-0.0677  	-0.0271  	-0.0145  	-0.0284  	-0.0050  	-0.0109  	-0.0058  	0.00101  	-0.0168  	-0.0012  	0.01035  	-0.0015  	0.00249  	0.00727  	0.00846  	0.08411  	0.01040  	0.00532  	0.01241  	0.03785  	-0.7581  	
-0.1431  	-0.0747  	-0.6630  	-0.0749  	0.14805  	-0.3850  	0.04284  	0.01775  	0.01772  	0.09980  	-0.6803  	-0.5823  	0.41377  	0.27371  	0.40432  	0.49974  	0.04389  	-0.2874  	0.37949  	0.17030  	0.12541  	0.19333  	-0.8916  	0.38893  	0.86617  	-0.1257  	0.28827  	-0.0775  	0.44959  	0.32848  	-0.0298  	0.11823  	-0.0611  	-0.2522  	0.45245  	0.02112  	-0.0339  	-0.2706  	-0.2882  	0.41146  	-0.1444  	0.25555  	-0.4057  	0.29128  	0.08690  	-0.0041  	-0.0112  	-0.0885  	-0.0439  	-0.0772  	-0.0198  	-0.0107  	-0.0280  	0.00471  	-0.0093  	-0.0126  	0.00314  	-0.0207  	-0.0002  	0.01882  	0.00391  	-0.0012  	-0.0010  	0.00367  	0.08411  	0.01040  	0.00532  	0.01241  	0.03785  	-0.7581  	
-0.3141  	-0.0689  	-0.7816  	-0.0534  	0.18341  	-0.5137  	0.02435  	-0.0036  	0.01002  	0.08658  	-0.5616  	-0.4934  	0.34645  	0.15632  	0.35975  	0.50663  	0.06483  	-0.2872  	0.36724  	0.23243  	0.15674  	0.12984  	-0.9613  	0.46896  	0.82740  	-0.1069  	0.30245  	-0.0012  	0.40426  	0.29109  	-0.0369  	0.12861  	-0.0685  	-0.2882  	0.49113  	0.00730  	-0.0461  	-0.2851  	-0.3209  	0.41052  	-0.1326  	0.28037  	-0.4637  	0.29812  	0.08128  	-0.0067  	-0.0101  	-0.0907  	-0.0622  	-0.0771  	-0.0141  	-0.0119  	-0.0322  	0.00340  	-0.0133  	-0.0134  	0.01505  	-0.0228  	0.00778  	0.01917  	0.00966  	-0.0092  	-0.0192  	-0.0001  	0.08411  	0.01040  	0.00532  	0.01241  	0.03785  	-0.7581  	
-0.2960  	-0.0779  	-0.8266  	-0.0265  	0.24515  	-0.5013  	0.00079  	-0.0636  	-0.0095  	0.03624  	-0.5796  	-0.3959  	0.33481  	0.10284  	0.27899  	0.58978  	0.02782  	-0.2244  	0.35380  	0.28350  	0.08249  	0.12322  	-0.9643  	0.41263  	0.80755  	-0.1131  	0.19503  	0.11079  	0.48054  	0.30320  	-0.0539  	0.11519  	-0.0500  	-0.2279  	0.49613  	0.04406  	-0.0983  	-0.2775  	-0.2756  	0.39961  	-0.1302  	0.26005  	-0.4340  	0.26302  	0.09294  	-0.0062  	-0.0087  	-0.0942  	-0.0629  	-0.0768  	-0.0156  	-0.0131  	-0.0274  	0.00591  	-0.0182  	-0.0136  	0.01388  	-0.0174  	0.01135  	0.01101  	0.00951  	-0.0029  	-0.0092  	0.00362  	0.08411  	0.01040  	0.00532  	0.01241  	0.03785  	-0.7581  	
-0.2865  	-0.1012  	-0.8411  	0.00952  	0.24192  	-0.4380  	0.01560  	-0.0763  	-0.0021  	0.02215  	-0.6667  	-0.4249  	0.32683  	0.13717  	0.33605  	0.61020  	-0.0414  	-0.1330  	0.31239  	0.46273  	0.03293  	0.26948  	-0.8179  	0.38158  	0.88781  	-0.1717  	0.16116  	0.22227  	0.50079  	0.33502  	-0.1269  	0.13054  	0.00150  	-0.1302  	0.49414  	0.06271  	-0.0709  	-0.2859  	-0.1945  	0.43910  	-0.1880  	0.18239  	-0.3583  	0.22376  	0.11673  	-0.0197  	0.00866  	-0.1101  	-0.0436  	-0.0815  	-0.0178  	-0.0183  	-0.0283  	-0.0092  	-0.0172  	-0.0156  	0.01720  	-0.0092  	0.01018  	0.00414  	0.00469  	-0.0068  	0.00325  	0.00368  	0.08411  	0.01040  	0.00532  	0.01241  	0.03785  	-0.7581  	
-0.2751  	-0.1074  	-0.8372  	-0.0322  	0.18675  	-0.3595  	0.00528  	-0.0670  	0.03004  	0.01126  	-0.7082  	-0.4787  	0.28460  	0.12909  	0.32635  	0.63645  	-0.0940  	0.01094  	0.27100  	0.62113  	0.03632  	0.43559  	-0.5687  	0.35731  	0.90523  	-0.2329  	0.16375  	0.25147  	0.42520  	0.32168  	-0.2120  	0.17322  	0.05985  	-0.0208  	0.52551  	0.04193  	0.00836  	-0.2844  	-0.1027  	0.49504  	-0.2235  	0.07401  	-0.2451  	0.18642  	0.15637  	-0.0364  	0.02805  	-0.1305  	-0.0326  	-0.0642  	-0.0253  	-0.0185  	-0.0290  	-0.0196  	-0.0166  	-0.0165  	0.01588  	-0.0025  	0.00798  	0.00276  	-0.0028  	-0.0008  	0.01836  	0.00612  	0.08411  	0.01040  	0.00532  	0.01241  	0.03785  	-0.7581  	
-0.2850  	-0.0976  	-0.7752  	-0.1624  	0.13889  	-0.3503  	0.01150  	-0.0464  	0.04153  	0.06270  	-0.6811  	-0.5011  	0.23050  	0.07945  	0.22420  	0.71867  	-0.0970  	-0.0033  	0.29707  	0.59179  	0.04100  	0.44355  	-0.5283  	0.37883  	0.85814  	-0.2344  	0.19621  	0.17399  	0.36592  	0.29616  	-0.2026  	0.18786  	0.08086  	-0.0257  	0.51196  	0.04964  	0.06177  	-0.2595  	-0.1241  	0.49554  	-0.2035  	0.06548  	-0.2320  	0.18858  	0.15422  	-0.0362  	0.02254  	-0.1226  	-0.0381  	-0.0703  	-0.0288  	-0.0166  	-0.0288  	-0.0163  	-0.0210  	-0.0147  	0.01456  	-0.0051  	0.00576  	0.00330  	0.00130  	0.00239  	0.01738  	0.00467  	0.08411  	0.01040  	0.00532  	0.01241  	0.03785  	-0.7581  	
-0.3007  	-0.1235  	-0.7574  	-0.3134  	0.08812  	-0.4230  	0.04062  	-0.0915  	0.02775  	0.09204  	-0.5241  	-0.5011  	0.17675  	0.01272  	0.02561  	0.76374  	-0.0884  	0.02999  	0.32086  	0.60614  	0.05349  	0.42749  	-0.5445  	0.35839  	0.86683  	-0.2302  	0.17431  	0.15735  	0.32487  	0.27620  	-0.1868  	0.17869  	0.06586  	-0.0308  	0.51341  	0.08664  	0.11106  	-0.2691  	-0.1517  	0.49331  	-0.1973  	0.06649  	-0.2227  	0.19795  	0.15847  	-0.0276  	0.02696  	-0.1266  	-0.0338  	-0.0582  	-0.0208  	-0.0211  	-0.0290  	-0.0199  	-0.0160  	-0.0192  	0.02073  	-0.0004  	-0.0061  	-0.0019  	-0.0148  	-0.0031  	0.01455  	0.00684  	0.08411  	0.01040  	0.00532  	0.01241  	0.03785  	-0.7581  	
-0.3034  	-0.1377  	-0.7560  	-0.3932  	0.03392  	-0.4506  	0.05126  	-0.1348  	0.03368  	0.13831  	-0.4564  	-0.4741  	0.14380  	-0.1148  	-0.0977  	0.75264  	-0.0900  	0.07112  	0.29822  	0.62157  	0.01015  	0.39624  	-0.5706  	0.36842  	0.85158  	-0.2233  	0.18853  	0.17562  	0.33652  	0.25423  	-0.1847  	0.20129  	0.05209  	-0.0392  	0.48518  	0.12321  	0.05999  	-0.2488  	-0.1315  	0.52589  	-0.1663  	0.06855  	-0.2286  	0.19527  	0.14894  	-0.0376  	0.03263  	-0.1255  	-0.0310  	-0.0594  	-0.0229  	-0.0192  	-0.0305  	-0.0177  	-0.0115  	-0.0275  	0.02507  	-0.0025  	0.00255  	-0.0010  	-0.0085  	-0.0060  	0.02676  	0.01219  	0.08411  	0.01040  	0.00532  	0.01241  	0.03785  	-0.7581  	
-0.3279  	-0.1854  	-0.7470  	-0.4290  	0.01276  	-0.4717  	0.06813  	-0.1898  	0.01547  	0.13428  	-0.4350  	-0.5153  	0.17122  	-0.1051  	-0.1560  	0.77242  	-0.1229  	0.07109  	0.29965  	0.65296  	-0.0549  	0.37142  	-0.5861  	0.30541  	0.86514  	-0.2223  	0.12849  	0.26057  	0.37238  	0.27151  	-0.1606  	0.20048  	0.06732  	-0.0319  	0.46518  	0.16608  	0.05882  	-0.2397  	-0.1412  	0.49475  	-0.1618  	0.06114  	-0.2248  	0.18916  	0.15459  	-0.0352  	0.03396  	-0.1180  	-0.0342  	-0.0606  	-0.0179  	-0.0188  	-0.0279  	-0.0204  	-0.0117  	-0.0244  	0.02032  	-0.0019  	0.00137  	0.00185  	-0.0082  	-0.0043  	0.02338  	0.01138  	0.08411  	0.01040  	0.00532  	0.01241  	0.03785  	-0.7581  	
-0.5012  	-0.1835  	-0.8357  	-0.4491  	-0.0192  	-0.5114  	0.04735  	-0.1972  	0.00063  	0.11113  	-0.4729  	-0.5342  	0.17357  	-0.0971  	-0.1178  	0.67967  	-0.1091  	0.02989  	0.29074  	0.63552  	-0.0330  	0.36362  	-0.5554  	0.31091  	0.87376  	-0.2158  	0.12794  	0.25761  	0.36204  	0.26957  	-0.1587  	0.19372  	0.06134  	-0.0312  	0.46298  	0.14810  	0.05799  	-0.2273  	-0.1470  	0.48876  	-0.1396  	0.05719  	-0.2290  	0.18449  	0.15153  	-0.0364  	0.03141  	-0.1355  	-0.0451  	-0.0667  	-0.0273  	-0.0170  	-0.0279  	-0.0173  	-0.0143  	-0.0243  	0.02124  	-0.0027  	0.00385  	0.00200  	-0.0058  	-0.0020  	0.02202  	0.01482  	0.08411  	0.01040  	0.00532  	0.01241  	0.03785  	-0.7581  	
-0.5119  	-0.1880  	-0.8520  	-0.4613  	-0.0623  	-0.5033  	-0.0050  	-0.1765  	-0.0025  	0.03421  	-0.4559  	-0.5603  	0.15763  	-0.1427  	-0.0275  	0.65696  	-0.0731  	0.00717  	0.30034  	0.58221  	0.03034  	0.38071  	-0.4830  	0.32508  	0.85703  	-0.2109  	0.17422  	0.17736  	0.31220  	0.25498  	-0.1585  	0.19601  	0.05859  	-0.0480  	0.47700  	0.10016  	0.11119  	-0.2109  	-0.1774  	0.45389  	-0.1547  	0.04727  	-0.2339  	0.17681  	0.15782  	-0.0353  	0.04107  	-0.1423  	-0.0509  	-0.0545  	-0.0253  	-0.0181  	-0.0266  	-0.0156  	-0.0169  	-0.0249  	0.01794  	-0.0012  	0.00171  	0.00073  	-0.0069  	-0.0094  	0.02635  	0.01794  	0.08411  	0.01040  	0.00532  	0.01241  	0.03785  	-0.7581  	
-0.4483  	-0.1768  	-0.8077  	-0.4723  	-0.0520  	-0.4780  	0.01567  	-0.1812  	0.02004  	0.08607  	-0.4067  	-0.5280  	0.16008  	-0.1613  	-0.1347  	0.74469  	-0.0893  	0.02737  	0.31779  	0.62103  	0.01802  	0.36375  	-0.5497  	0.31326  	0.83210  	-0.2118  	0.12566  	0.19791  	0.29122  	0.24809  	-0.1556  	0.19602  	0.06468  	-0.0420  	0.48074  	0.12673  	0.10247  	-0.2247  	-0.1652  	0.46436  	-0.1584  	0.05441  	-0.2347  	0.17931  	0.15861  	-0.0381  	0.03552  	-0.1432  	-0.0456  	-0.0564  	-0.0231  	-0.0186  	-0.0305  	-0.0165  	-0.0139  	-0.0194  	0.01907  	-0.0037  	-0.0002  	0.00250  	-0.0078  	-0.0046  	0.02099  	0.01570  	0.08411  	0.01040  	0.00532  	0.01241  	0.03785  	-0.7581  	
-0.4766  	-0.1826  	-0.7871  	-0.5600  	-0.1213  	-0.6089  	0.04412  	-0.2175  	-0.0027  	0.19361  	-0.3700  	-0.5439  	0.17013  	-0.1696  	-0.2882  	0.73101  	-0.1141  	0.09169  	0.29177  	0.65443  	-0.1411  	0.34880  	-0.5861  	0.26386  	0.84117  	-0.1995  	0.04023  	0.28666  	0.37064  	0.24942  	-0.1434  	0.17554  	0.07673  	-0.0366  	0.42775  	0.18068  	0.02468  	-0.2558  	-0.1390  	0.48950  	-0.1151  	0.05425  	-0.2222  	0.18395  	0.15355  	-0.0381  	0.03415  	-0.1251  	-0.0391  	-0.0577  	-0.0206  	-0.0188  	-0.0315  	-0.0202  	-0.0159  	-0.0255  	0.01880  	-0.0012  	0.00010  	-0.0015  	-0.0060  	0.00018  	0.02914  	0.01262  	0.08411  	0.01040  	0.00532  	0.01241  	0.03785  	-0.7581  	
-0.6117  	-0.2402  	-0.8783  	-0.5854  	-0.1002  	-0.6839  	0.01033  	-0.2612  	-0.0231  	0.19606  	-0.3099  	-0.5593  	0.19508  	-0.1873  	-0.2282  	0.69257  	-0.0713  	0.02298  	0.30229  	0.64292  	-0.0424  	0.31981  	-0.5858  	0.31458  	0.91554  	-0.2219  	0.12057  	0.20019  	0.30810  	0.26508  	-0.1273  	0.18393  	0.04703  	-0.0518  	0.50460  	0.19096  	0.04883  	-0.2336  	-0.1801  	0.46540  	-0.1396  	0.06386  	-0.2443  	0.18355  	0.16702  	-0.0433  	0.03852  	-0.1469  	-0.0380  	-0.0629  	-0.0236  	-0.0170  	-0.0308  	-0.0147  	-0.0126  	-0.0200  	0.02014  	0.00102  	-0.0053  	0.00029  	-0.0064  	-0.0001  	0.04106  	0.01172  	0.08411  	0.01040  	0.00532  	0.01241  	0.03785  	-0.7581  	
-0.8039  	-0.2723  	-0.9553  	-0.6946  	-0.1614  	-0.7715  	-0.0184  	-0.1789  	-0.0167  	0.15185  	-0.1944  	-0.5309  	0.10388  	-0.1427  	-0.1428  	0.56836  	-0.0584  	-0.0577  	0.29678  	0.60319  	0.06673  	0.35145  	-0.4909  	0.38921  	0.84931  	-0.1963  	0.17477  	0.10907  	0.24894  	0.23736  	-0.1269  	0.17870  	0.08261  	-0.0677  	0.48104  	0.08512  	0.14909  	-0.2158  	-0.1904  	0.43719  	-0.1598  	0.06441  	-0.2685  	0.17843  	0.16655  	-0.0304  	0.05001  	-0.1574  	-0.0525  	-0.0555  	-0.0398  	-0.0140  	-0.0308  	-0.0185  	-0.0213  	-0.0310  	0.00919  	-0.0020  	-0.0029  	0.00693  	-0.0009  	0.00535  	0.02016  	0.01281  	0.08411  	0.01040  	0.00532  	0.01241  	0.03785  	-0.7581  	
-0.6035  	-0.1804  	-0.8488  	-0.5374  	-0.1043  	-0.6029  	-0.0489  	-0.0716  	0.03098  	0.05984  	-0.2771  	-0.4421  	0.17700  	-0.0472  	-0.0313  	0.66041  	-0.0515  	-0.0519  	0.32382  	0.61810  	0.15969  	0.32481  	-0.4880  	0.39353  	0.72779  	-0.1917  	0.18236  	0.07968  	0.16514  	0.20183  	-0.1267  	0.17075  	0.08656  	-0.0568  	0.53079  	0.02238  	0.15161  	-0.2263  	-0.1808  	0.44580  	-0.1915  	0.06207  	-0.2499  	0.16886  	0.16395  	-0.0354  	0.03603  	-0.1430  	-0.0548  	-0.0506  	-0.0404  	-0.0193  	-0.0299  	-0.0109  	-0.0251  	-0.0203  	0.01924  	-0.0065  	0.00220  	0.00338  	-0.0008  	0.00815  	0.01419  	0.01757  	0.08411  	0.01040  	0.00532  	0.01241  	0.03785  	-0.7581  	
-0.2188  	-0.0569  	-0.5962  	-0.4410  	-0.0940  	-0.4069  	-0.0155  	-0.0249  	0.07109  	0.07076  	-0.4116  	-0.4075  	0.24361  	0.05652  	0.02371  	0.75845  	-0.0664  	-0.0228  	0.31871  	0.57698  	0.16233  	0.37371  	-0.4662  	0.36341  	0.75062  	-0.2217  	0.15678  	0.04330  	0.15406  	0.23489  	-0.1378  	0.19145  	0.10991  	-0.0513  	0.52247  	0.00448  	0.19929  	-0.1939  	-0.1967  	0.47197  	-0.1776  	0.04209  	-0.2170  	0.19144  	0.14785  	-0.0351  	0.03483  	-0.1329  	-0.0387  	-0.0492  	-0.0356  	-0.0200  	-0.0329  	-0.0132  	-0.0185  	-0.0153  	0.00720  	-0.0155  	-0.0016  	0.00464  	-0.0021  	0.01077  	0.01610  	0.00824  	0.08411  	0.01040  	0.00532  	0.01241  	0.03785  	-0.7581  	
-0.1247  	-0.0694  	-0.6017  	-0.4320  	-0.1125  	-0.4265  	0.04095  	-0.0091  	0.07577  	0.07149  	-0.2993  	-0.3694  	0.19092  	0.01932  	0.00172  	0.78724  	-0.0908  	-0.0444  	0.32344  	0.60320  	0.23043  	0.40428  	-0.4556  	0.34160  	0.80911  	-0.2316  	0.14478  	0.05686  	0.16750  	0.21797  	-0.1700  	0.21067  	0.11564  	-0.0420  	0.51624  	-0.0099  	0.24048  	-0.1817  	-0.1789  	0.41301  	-0.2075  	0.04408  	-0.2126  	0.19759  	0.17015  	-0.0322  	0.02543  	-0.1161  	-0.0292  	-0.0568  	-0.0331  	-0.0185  	-0.0267  	-0.0171  	-0.0217  	-0.0079  	0.00048  	-0.0060  	-0.0030  	0.00321  	-0.0007  	0.00231  	0.02138  	0.00662  	0.08411  	0.01040  	0.00532  	0.01241  	0.03785  	-0.7581  	
-0.1961  	-0.1444  	-0.6724  	-0.2651  	0.00140  	-0.4435  	-0.0025  	-0.0699  	0.04409  	0.07703  	-0.3771  	-0.4709  	0.18417  	0.02091  	0.06286  	0.77461  	-0.0799  	-0.0686  	0.30993  	0.50443  	0.23502  	0.37999  	-0.4457  	0.39263  	0.81159  	-0.2398  	0.22726  	-0.0587  	0.07005  	0.24208  	-0.1632  	0.22565  	0.09575  	-0.0405  	0.57856  	0.00205  	0.23977  	-0.1709  	-0.1955  	0.43341  	-0.2022  	0.05785  	-0.2180  	0.19081  	0.15484  	-0.0302  	0.02777  	-0.1217  	-0.0302  	-0.0567  	-0.0376  	-0.0188  	-0.0279  	-0.0098  	-0.0204  	-0.0120  	0.01361  	-0.0045  	0.00012  	0.00274  	-0.0017  	-0.0006  	0.03172  	0.00511  	0.08411  	0.01040  	0.00532  	0.01241  	0.03785  	-0.7581  	
-0.3958  	-0.1900  	-0.7749  	-0.4629  	-0.0584  	-0.4976  	-0.0110  	-0.1816  	-0.0001  	0.08669  	-0.3733  	-0.5166  	0.14310  	-0.1673  	-0.0953  	0.76924  	-0.0948  	0.03355  	0.33116  	0.60090  	0.05614  	0.38198  	-0.4886  	0.40262  	0.82577  	-0.2337  	0.17556  	0.12451  	0.23526  	0.22970  	-0.1653  	0.22168  	0.05344  	-0.0488  	0.52813  	0.11250  	0.15593  	-0.2018  	-0.2022  	0.45262  	-0.1763  	0.05636  	-0.2373  	0.19076  	0.15862  	-0.0390  	0.03411  	-0.1409  	-0.0358  	-0.0585  	-0.0282  	-0.0188  	-0.0254  	-0.0110  	-0.0186  	-0.0246  	0.01958  	-0.0045  	0.00459  	-0.0008  	-0.0102  	0.00024  	0.02144  	0.01340  	0.08411  	0.01040  	0.00532  	0.01241  	0.03785  	-0.7581  	
-0.3710  	-0.1919  	-0.7720  	-0.4411  	0.00833  	-0.4925  	0.03147  	-0.1999  	0.00117  	0.17390  	-0.3695  	-0.4873  	0.15786  	-0.1922  	-0.1839  	0.80980  	-0.1178  	0.06851  	0.31642  	0.64399  	-0.0619  	0.35187  	-0.5983  	0.30816  	0.86428  	-0.2298  	0.11872  	0.25832  	0.33973  	0.26466  	-0.1607  	0.19827  	0.05169  	-0.0350  	0.48122  	0.17364  	0.07028  	-0.2297  	-0.1491  	0.49498  	-0.1528  	0.05741  	-0.2314  	0.19714  	0.15310  	-0.0350  	0.03207  	-0.1295  	-0.0403  	-0.0609  	-0.0232  	-0.0176  	-0.0269  	-0.0168  	-0.0120  	-0.0194  	0.01782  	-0.0061  	-0.0007  	0.00447  	-0.0064  	-0.0010  	0.02635  	0.01356  	0.08411  	0.01040  	0.00532  	0.01241  	0.03785  	-0.7581  	
-0.4036  	-0.1906  	-0.7623  	-0.5160  	-0.0513  	-0.4863  	0.04896  	-0.2233  	0.00747  	0.16104  	-0.3936  	-0.5288  	0.17842  	-0.1974  	-0.2139  	0.78318  	-0.1184  	0.07433  	0.30691  	0.64759  	-0.0900  	0.34413  	-0.5751  	0.27402  	0.83909  	-0.2157  	0.08845  	0.28831  	0.35920  	0.26093  	-0.1545  	0.18492  	0.06244  	-0.0262  	0.44718  	0.17062  	0.04593  	-0.2282  	-0.1436  	0.49949  	-0.1381  	0.05331  	-0.2302  	0.18764  	0.14821  	-0.0344  	0.03483  	-0.1320  	-0.0433  	-0.0546  	-0.0208  	-0.0169  	-0.0290  	-0.0160  	-0.0171  	-0.0230  	0.01760  	-0.0057  	-0.0012  	-0.0009  	-0.0039  	-0.0018  	0.02533  	0.01105  	0.08411  	0.01040  	0.00532  	0.01241  	0.03785  	-0.7581  	
-0.5440  	-0.2156  	-0.8509  	-0.5279  	-0.0787  	-0.5559  	0.02330  	-0.2217  	-0.0167  	0.10918  	-0.4159  	-0.5753  	0.15976  	-0.2040  	-0.1500  	0.70002  	-0.0882  	0.02193  	0.30991  	0.61570  	-0.0433  	0.35852  	-0.5473  	0.31436  	0.85204  	-0.2113  	0.13337  	0.25889  	0.33137  	0.25659  	-0.1485  	0.20031  	0.05661  	-0.0443  	0.46341  	0.15929  	0.07177  	-0.2364  	-0.1702  	0.48348  	-0.1463  	0.05182  	-0.2323  	0.18960  	0.15801  	-0.0386  	0.03454  	-0.1453  	-0.0478  	-0.0549  	-0.0284  	-0.0166  	-0.0295  	-0.0206  	-0.0184  	-0.0237  	0.01910  	-0.0023  	0.00474  	0.00140  	-0.0075  	-9.4840  	0.02034  	0.01613  	0.08411  	0.01040  	0.00532  	0.01241  	0.03785  	-0.7581  	
-0.5702  	-0.2142  	-0.8860  	-0.4399  	-0.0501  	-0.5295  	-0.0200  	-0.1967  	-0.0193  	0.04129  	-0.4345  	-0.5257  	0.15500  	-0.1891  	-0.0372  	0.65478  	-0.0469  	-0.0074  	0.32106  	0.56772  	0.00596  	0.36305  	-0.4939  	0.33849  	0.85331  	-0.2100  	0.19102  	0.19769  	0.27914  	0.25791  	-0.1476  	0.20531  	0.05019  	-0.0416  	0.48817  	0.11696  	0.11559  	-0.2173  	-0.1878  	0.44425  	-0.1687  	0.04810  	-0.2394  	0.19106  	0.16274  	-0.0409  	0.03329  	-0.1484  	-0.0485  	-0.0562  	-0.0228  	-0.0189  	-0.0276  	-0.0165  	-0.0149  	-0.0205  	0.01992  	0.00056  	0.00566  	0.00392  	-0.0048  	-0.0097  	0.02668  	0.01116  	0.08411  	0.01040  	0.00532  	0.01241  	0.03785  	-0.7581  	
-0.3328  	-0.1328  	-0.7204  	-0.3253  	-0.0034  	-0.4022  	-0.0121  	-0.0766  	0.03247  	0.05204  	-0.4534  	-0.4571  	0.19647  	-0.0059  	0.09553  	0.72734  	-0.0731  	-0.0248  	0.31801  	0.56326  	0.14193  	0.38364  	-0.5085  	0.41022  	0.82532  	-0.2269  	0.23329  	0.05885  	0.18019  	0.24567  	-0.1683  	0.21519  	0.08980  	-0.0438  	0.56101  	0.04709  	0.18597  	-0.1984  	-0.1962  	0.45130  	-0.1916  	0.05763  	-0.2353  	0.18909  	0.15799  	-0.0385  	0.03674  	-0.1420  	-0.0439  	-0.0635  	-0.0326  	-0.0189  	-0.0290  	-0.0163  	-0.0193  	-0.0170  	0.01161  	-0.0026  	0.00237  	0.00087  	0.00010  	7.20897  	0.02052  	0.00991  	0.08411  	0.01040  	0.00532  	0.01241  	0.03785  	-0.7581  	
-0.1704  	-0.0838  	-0.6431  	-0.3008  	0.01295  	-0.3609  	0.03294  	-0.0447  	0.06421  	0.07888  	-0.3794  	-0.4113  	0.19585  	0.02554  	0.00568  	0.82951  	-0.0966  	-0.0501  	0.31762  	0.57871  	0.18834  	0.38474  	-0.5355  	0.37402  	0.83512  	-0.2474  	0.23545  	0.08801  	0.16636  	0.25088  	-0.1754  	0.21598  	0.08656  	-0.0449  	0.56213  	0.04773  	0.20001  	-0.2034  	-0.1927  	0.44671  	-0.2001  	0.05721  	-0.2413  	0.18455  	0.15314  	-0.0349  	0.02375  	-0.1244  	-0.0349  	-0.0517  	-0.0288  	-0.0211  	-0.0273  	-0.0158  	-0.0169  	-0.0077  	0.01781  	-0.0049  	0.00332  	0.00335  	-0.0002  	0.00091  	0.03246  	0.01440  	0.08411  	0.01040  	0.00532  	0.01241  	0.03785  	-0.7581  	
-0.1578  	-0.0926  	-0.6148  	-0.3455  	-0.0265  	-0.3713  	0.03761  	-0.0109  	0.09038  	0.07392  	-0.3236  	-0.4065  	0.18808  	-0.0038  	-0.0917  	0.87748  	-0.1093  	-0.0194  	0.32694  	0.62131  	0.19776  	0.38136  	-0.5641  	0.34099  	0.88837  	-0.2573  	0.21543  	0.08197  	0.20317  	0.25446  	-0.1780  	0.20186  	0.08600  	-0.0403  	0.56210  	0.06051  	0.18584  	-0.2093  	-0.1712  	0.42991  	-0.1971  	0.06413  	-0.2294  	0.18040  	0.14989  	-0.0362  	0.02350  	-0.1157  	-0.0318  	-0.0701  	-0.0226  	-0.0190  	-0.0266  	-0.0166  	-0.0196  	-0.0085  	0.01762  	-0.0026  	0.00105  	0.00596  	-0.0066  	-0.0045  	0.02897  	0.01043  	0.08411  	0.01040  	0.00532  	0.01241  	0.03785  	-0.7581  	
-0.2302  	-0.1139  	-0.6576  	-0.3070  	0.01125  	-0.4045  	0.03327  	-0.0565  	0.07912  	0.09965  	-0.3777  	-0.4445  	0.19800  	0.00765  	-0.0178  	0.83897  	-0.0893  	-0.0242  	0.32391  	0.61908  	0.15096  	0.38814  	-0.5894  	0.38446  	0.94615  	-0.2570  	0.22195  	0.08732  	0.22254  	0.28295  	-0.2003  	0.20586  	0.06303  	-0.0548  	0.57118  	0.06484  	0.17425  	-0.2195  	-0.1683  	0.46567  	-0.1997  	0.06553  	-0.2300  	0.17799  	0.15222  	-0.0451  	0.01757  	-0.1210  	-0.0249  	-0.0641  	-0.0170  	-0.0219  	-0.0286  	-0.0147  	-0.0205  	-0.0086  	0.01305  	-0.0068  	0.00036  	0.01058  	-0.0105  	-0.0027  	0.02581  	0.00820  	0.08411  	0.01040  	0.00532  	0.01241  	0.03785  	-0.7581  	
-0.2438  	-0.1325  	-0.7281  	-0.1276  	0.09105  	-0.3754  	0.01571  	-0.1029  	0.04224  	0.07377  	-0.5033  	-0.3752  	0.22401  	0.07294  	0.13734  	0.75430  	-0.0574  	-0.0189  	0.31450  	0.59127  	0.12173  	0.41339  	-0.5592  	0.35709  	0.87933  	-0.2394  	0.26386  	0.07818  	0.23160  	0.28692  	-0.1963  	0.20442  	0.08044  	-0.0383  	0.55886  	0.03095  	0.15737  	-0.2247  	-0.1648  	0.48576  	-0.2323  	0.05822  	-0.2473  	0.19010  	0.15970  	-0.0341  	0.01898  	-0.1135  	-0.0338  	-0.0603  	-0.0199  	-0.0231  	-0.0302  	-0.0149  	-0.0188  	-0.0062  	0.01645  	-0.0060  	0.00452  	0.00983  	-0.0018  	-0.0024  	0.02499  	0.00874  	0.08411  	0.01040  	0.00532  	0.01241  	0.03785  	-0.7581  	
-0.2514  	-0.1113  	-0.7264  	-0.1849  	0.07525  	-0.3371  	0.02118  	-0.0700  	0.02938  	0.01819  	-0.6077  	-0.5059  	0.27921  	0.12611  	0.24810  	0.68093  	-0.0741  	-0.0344  	0.29769  	0.53978  	0.11558  	0.42201  	-0.5163  	0.36350  	0.88894  	-0.2287  	0.23497  	0.06411  	0.28433  	0.29351  	-0.1698  	0.19581  	0.07410  	-0.0365  	0.56072  	0.03183  	0.11539  	-0.2283  	-0.1699  	0.46968  	-0.2236  	0.06990  	-0.2346  	0.18406  	0.16351  	-0.0318  	0.02601  	-0.1281  	-0.0380  	-0.0635  	-0.0318  	-0.0202  	-0.0257  	-0.0226  	-0.0171  	-0.0105  	0.00839  	-0.0049  	0.00156  	-0.0015  	0.00385  	-0.0003  	0.01575  	0.00915  	0.08411  	0.01040  	0.00532  	0.01241  	0.03785  	-0.7581  	
-0.1276  	-0.0918  	-0.6673  	-0.1957  	0.08844  	-0.3637  	0.05210  	-0.0331  	0.06122  	0.06643  	-0.5456  	-0.4990  	0.24918  	0.10310  	0.16594  	0.75124  	-0.0964  	-0.0624  	0.31097  	0.56791  	0.14293  	0.46218  	-0.5311  	0.37583  	0.83930  	-0.2390  	0.22283  	0.01539  	0.21863  	0.26943  	-0.1897  	0.20748  	0.07713  	-0.0464  	0.56211  	0.04198  	0.17587  	-0.2145  	-0.1782  	0.46388  	-0.2110  	0.07394  	-0.2280  	0.19478  	0.15316  	-0.0339  	0.02282  	-0.1112  	-0.0299  	-0.0600  	-0.0349  	-0.0210  	-0.0297  	-0.0150  	-0.0174  	-0.0118  	0.01451  	-0.0057  	0.00083  	0.00153  	-0.0042  	0.00513  	0.02269  	0.00315  	0.08411  	0.01040  	0.00532  	0.01241  	0.03785  	-0.7581  	
-0.2456  	-0.1020  	-0.6994  	-0.2528  	0.11227  	-0.4268  	0.01765  	-0.0725  	0.02702  	0.06973  	-0.4957  	-0.5002  	0.18992  	0.01776  	0.03807  	0.78887  	-0.0859  	-0.0252  	0.32720  	0.56944  	0.12334  	0.44254  	-0.5657  	0.41111  	0.85203  	-0.2395  	0.21482  	0.08996  	0.23555  	0.27033  	-0.1980  	0.20715  	0.05738  	-0.0405  	0.55916  	0.06982  	0.16690  	-0.2291  	-0.1666  	0.48914  	-0.1767  	0.07007  	-0.2293  	0.19307  	0.14496  	-0.0302  	0.01936  	-0.1185  	-0.0338  	-0.0614  	-0.0262  	-0.0207  	-0.0305  	-0.0094  	-0.0186  	-0.0134  	0.01607  	-0.0045  	-0.0046  	-0.0004  	-0.0141  	-0.0016  	0.01130  	0.00156  	0.08411  	0.01040  	0.00532  	0.01241  	0.03785  	-0.7581  	
-0.3245  	-0.1393  	-0.7147  	-0.3803  	0.01236  	-0.4519  	0.01094  	-0.1446  	0.01832  	0.12360  	-0.4013  	-0.4784  	0.14790  	-0.1286  	-0.1018  	0.78586  	-0.0927  	0.02999  	0.32483  	0.60240  	0.04899  	0.41199  	-0.5749  	0.39313  	0.85296  	-0.2308  	0.21996  	0.12748  	0.26895  	0.25768  	-0.1736  	0.21478  	0.04977  	-0.0376  	0.51067  	0.12667  	0.12698  	-0.2182  	-0.1654  	0.50050  	-0.1751  	0.06417  	-0.2259  	0.18781  	0.14867  	-0.0341  	0.02969  	-0.1273  	-0.0398  	-0.0623  	-0.0304  	-0.0202  	-0.0295  	-0.0112  	-0.0158  	-0.0268  	0.02090  	-0.0019  	0.00538  	0.00073  	-0.0085  	-0.0017  	0.02569  	0.01008  	0.08411  	0.01040  	0.00532  	0.01241  	0.03785  	-0.7581  	
-0.3497  	-0.1866  	-0.7241  	-0.4066  	0.04466  	-0.4696  	0.06079  	-0.2052  	0.00016  	0.14763  	-0.4144  	-0.5155  	0.16731  	-0.1399  	-0.1525  	0.79723  	-0.1225  	0.03870  	0.31337  	0.62015  	-0.0586  	0.39041  	-0.6020  	0.35624  	0.89631  	-0.2318  	0.18375  	0.20658  	0.32321  	0.27185  	-0.1619  	0.21583  	0.05808  	-0.0427  	0.47038  	0.17543  	0.09818  	-0.2280  	-0.1585  	0.50114  	-0.1506  	0.06728  	-0.2169  	0.18916  	0.15031  	-0.0358  	0.03263  	-0.1193  	-0.0310  	-0.0636  	-0.0278  	-0.0195  	-0.0296  	-0.0147  	-0.0117  	-0.0257  	0.02217  	-0.0049  	0.00125  	0.00383  	-0.0095  	-0.0041  	0.02735  	0.01096  	0.08411  	0.01040  	0.00532  	0.01241  	0.03785  	-0.7581  	
-0.4790  	-0.1924  	-0.8317  	-0.4611  	-0.0219  	-0.5187  	0.03345  	-0.2234  	-0.0023  	0.11286  	-0.4221  	-0.5157  	0.14338  	-0.1847  	-0.1902  	0.73968  	-0.0888  	0.03161  	0.31238  	0.63597  	-0.0491  	0.35092  	-0.5891  	0.32876  	0.88873  	-0.2195  	0.15206  	0.26878  	0.32440  	0.27457  	-0.1671  	0.20802  	0.05723  	-0.0477  	0.47096  	0.17589  	0.06981  	-0.2423  	-0.1601  	0.48323  	-0.1634  	0.05534  	-0.2346  	0.19077  	0.15745  	-0.0402  	0.02780  	-0.1335  	-0.0472  	-0.0602  	-0.0214  	-0.0186  	-0.0307  	-0.0216  	-0.0165  	-0.0235  	0.02139  	-0.0014  	0.00376  	-4.3950  	-0.0089  	-0.0061  	0.02596  	0.01451  	0.08411  	0.01040  	0.00532  	0.01241  	0.03785  	-0.7581  	
-0.4890  	-0.2030  	-0.9023  	-0.3201  	0.03252  	-0.5149  	0.00855  	-0.1910  	-0.0079  	0.08137  	-0.4815  	-0.4721  	0.17808  	-0.1021  	-0.0496  	0.68417  	-0.0890  	0.02856  	0.30998  	0.62853  	-0.0335  	0.38499  	-0.5672  	0.35077  	0.89218  	-0.2191  	0.17941  	0.25408  	0.32398  	0.27861  	-0.1797  	0.19897  	0.04733  	-0.0467  	0.47603  	0.14219  	0.05645  	-0.2419  	-0.1654  	0.47374  	-0.1900  	0.05883  	-0.2463  	0.18332  	0.16052  	-0.0470  	0.03154  	-0.1368  	-0.0379  	-0.0738  	-0.0238  	-0.0207  	-0.0302  	-0.0148  	-0.0185  	-0.0224  	0.02706  	-0.0049  	0.00709  	0.00275  	-0.0082  	-0.0069  	0.02646  	0.01359  	0.08411  	0.01040  	0.00532  	0.01241  	0.03785  	-0.7581  	
-0.3798  	-0.1664  	-0.8666  	-0.1599  	0.16021  	-0.4350  	0.01075  	-0.1456  	0.01584  	0.06652  	-0.5211  	-0.3828  	0.24599  	0.03839  	0.08279  	0.71359  	-0.1028  	0.01175  	0.27759  	0.64407  	-0.0187  	0.38969  	-0.6124  	0.34508  	0.91621  	-0.2204  	0.15999  	0.26605  	0.36742  	0.29986  	-0.1774  	0.17071  	0.07371  	-0.0321  	0.50320  	0.10199  	0.02856  	-0.2681  	-0.1218  	0.49338  	-0.2229  	0.07134  	-0.2407  	0.17762  	0.16263  	-0.0380  	0.02761  	-0.1368  	-0.0379  	-0.0606  	-0.0241  	-0.0234  	-0.0363  	-0.0190  	-0.0154  	-0.0182  	0.02957  	-0.0029  	0.00544  	-0.0013  	-0.0078  	-0.0065  	0.02340  	0.01614  	0.08411  	0.01040  	0.00532  	0.01241  	0.03785  	-0.7581  	
-0.3598  	-0.1607  	-0.8660  	-0.0924  	0.19462  	-0.4302  	0.00798  	-0.1195  	0.02803  	0.07122  	-0.5444  	-0.3699  	0.27095  	0.08151  	0.12038  	0.73185  	-0.1155  	0.02222  	0.28407  	0.66756  	-0.0277  	0.39382  	-0.6678  	0.34224  	0.91503  	-0.2232  	0.12616  	0.28221  	0.39372  	0.31086  	-0.1814  	0.15969  	0.07960  	-0.0301  	0.50143  	0.09993  	0.01506  	-0.2777  	-0.1148  	0.49743  	-0.2315  	0.07367  	-0.2503  	0.16771  	0.15997  	-0.0370  	0.03092  	-0.1316  	-0.0388  	-0.0589  	-0.0235  	-0.0238  	-0.0339  	-0.0187  	-0.0166  	-0.0151  	0.02867  	-0.0061  	0.00535  	0.00046  	-0.0093  	-0.0061  	0.01559  	0.01352  	0.08411  	0.01040  	0.00532  	0.01241  	0.03785  	-0.7581  	
-0.3640  	-0.1518  	-0.9074  	-0.0624  	0.21816  	-0.4732  	0.00325  	-0.1200  	0.02445  	0.10259  	-0.5421  	-0.3668  	0.28063  	0.13787  	0.16896  	0.72941  	-0.1302  	-0.0026  	0.28199  	0.66078  	-0.0283  	0.38824  	-0.6835  	0.38156  	0.87788  	-0.2013  	0.14366  	0.26616  	0.36689  	0.30766  	-0.1830  	0.16409  	0.09220  	-0.0303  	0.54974  	0.08373  	0.03895  	-0.2851  	-0.1294  	0.50456  	-0.2435  	0.08535  	-0.2817  	0.16507  	0.15894  	-0.0356  	0.03466  	-0.1343  	-0.0389  	-0.0513  	-0.0195  	-0.0203  	-0.0296  	-0.0165  	-0.0191  	-0.0140  	0.01857  	-0.0082  	0.01301  	0.00418  	-0.0045  	-0.0023  	0.00146  	0.00494  	0.08411  	0.01040  	0.00532  	0.01241  	0.03785  	-0.7581  	
-0.2344  	-0.1198  	-0.7692  	-0.0225  	0.20809  	-0.3496  	0.05040  	-0.0997  	0.02089  	0.07208  	-0.7373  	-0.4600  	0.33419  	0.27300  	0.41670  	0.58553  	-0.1111  	-0.0412  	0.25514  	0.57381  	-0.0001  	0.45026  	-0.5816  	0.35752  	0.88342  	-0.2362  	0.21514  	0.17698  	0.36334  	0.33013  	-0.1802  	0.17242  	0.08746  	-0.0156  	0.53815  	0.05875  	0.03367  	-0.2756  	-0.1129  	0.51790  	-0.2513  	0.08988  	-0.2630  	0.16979  	0.16201  	-0.0299  	0.02458  	-0.1209  	-0.0308  	-0.0580  	-0.0233  	-0.0211  	-0.0351  	-0.0236  	-0.0197  	-0.0092  	0.01540  	-0.0047  	0.00886  	0.00251  	-0.0038  	0.00325  	0.01316  	0.00507  	0.08411  	0.01040  	0.00532  	0.01241  	0.03785  	-0.7581  	
-0.0946  	-0.0850  	-0.6577  	-0.1032  	0.12731  	-0.3095  	0.06548  	-0.1050  	0.04847  	0.11394  	-0.7702  	-0.6055  	0.33899  	0.27699  	0.34780  	0.57757  	-0.0763  	-0.0612  	0.27523  	0.48963  	0.01320  	0.47003  	-0.4955  	0.35121  	0.93426  	-0.2375  	0.22881  	0.09309  	0.38580  	0.34317  	-0.1662  	0.16606  	0.06949  	-0.0276  	0.51088  	0.04469  	0.05455  	-0.2781  	-0.1032  	0.51320  	-0.1997  	0.07368  	-0.2310  	0.18999  	0.15307  	-0.0273  	0.01525  	-0.0971  	-0.0231  	-0.0616  	-0.0219  	-0.0135  	-0.0296  	-0.0197  	-0.0177  	-0.0065  	0.00813  	-0.0058  	0.00232  	0.00355  	-0.0044  	-0.0015  	0.01656  	0.00226  	0.08411  	0.01040  	0.00532  	0.01241  	0.03785  	-0.7581  	
-0.1720  	-0.0648  	-0.6942  	-0.2096  	0.08584  	-0.4478  	0.04921  	-0.0438  	0.01455  	0.11616  	-0.6792  	-0.6214  	0.32257  	0.13807  	0.30885  	0.50005  	0.00052  	-0.2010  	0.36714  	0.28932  	0.10923  	0.32369  	-0.6841  	0.40380  	0.95026  	-0.1796  	0.34720  	-0.0272  	0.39094  	0.32270  	-0.0989  	0.15094  	-0.0254  	-0.1607  	0.47001  	0.03090  	0.05401  	-0.2556  	-0.2232  	0.45561  	-0.1792  	0.16281  	-0.3268  	0.25857  	0.11463  	-0.0248  	0.00465  	-0.0905  	-0.0357  	-0.0658  	-0.0193  	-0.0152  	-0.0314  	-0.0046  	-0.0163  	-0.0155  	0.00316  	-0.0152  	0.00428  	0.01525  	0.00025  	-0.0052  	0.00610  	0.00556  	0.08411  	0.01040  	0.00532  	0.01241  	0.03785  	-0.7581  	
-0.2531  	-0.0765  	-0.7797  	0.06579  	0.26483  	-0.4952  	0.01603  	-0.0267  	0.00672  	0.07678  	-0.6532  	-0.4475  	0.37833  	0.17882  	0.39515  	0.52035  	0.02470  	-0.2849  	0.37090  	0.24066  	0.07457  	0.16209  	-0.9483  	0.40890  	0.94427  	-0.1096  	0.26407  	0.04127  	0.47320  	0.32466  	-0.0404  	0.10613  	-0.0612  	-0.2521  	0.46094  	0.01992  	-0.0629  	-0.2773  	-0.2787  	0.40520  	-0.1828  	0.26427  	-0.4206  	0.28530  	0.08932  	-0.0097  	-0.0080  	-0.0924  	-0.0500  	-0.0764  	-0.0162  	-0.0180  	-0.0360  	0.00015  	-0.0147  	-0.0170  	0.01639  	-0.0201  	0.00026  	0.00828  	0.00409  	-0.0014  	0.00068  	0.01062  	0.08411  	0.01040  	0.00532  	0.01241  	0.03785  	-0.7581  	
-0.2767  	-0.1053  	-0.8440  	0.33010  	0.42200  	-0.4728  	-0.0233  	-0.0039  	0.01440  	0.00710  	-0.7077  	-0.3386  	0.42100  	0.28085  	0.48465  	0.51787  	0.02809  	-0.3179  	0.37142  	0.22309  	0.02364  	0.09860  	-1.0398  	0.38760  	0.87498  	-0.0877  	0.19162  	0.11125  	0.51470  	0.34858  	-0.0375  	0.09636  	-0.0453  	-0.2574  	0.49484  	0.01167  	-0.1321  	-0.2881  	-0.2882  	0.40606  	-0.1856  	0.28642  	-0.4364  	0.27779  	0.08411  	-0.0062  	-0.0022  	-0.0997  	-0.0525  	-0.0735  	-0.0186  	-0.0179  	-0.0357  	0.00286  	-0.0136  	-0.0165  	0.02354  	-0.0292  	-0.0002  	0.01503  	-0.0006  	-0.0003  	-0.0088  	-0.0009  	0.08411  	0.01040  	0.00532  	0.01241  	0.03785  	-0.7581  	
-0.4283  	-0.1399  	-0.8683  	-0.1251  	0.23557  	-0.6425  	-0.0295  	-0.0686  	-0.0081  	0.07512  	-0.5408  	-0.3372  	0.36062  	0.04992  	0.17728  	0.61032  	-0.0178  	-0.2057  	0.35872  	0.30279  	0.04408  	0.09036  	-0.9912  	0.36210  	0.76846  	-0.0814  	0.11892  	0.13202  	0.47416  	0.28551  	-0.0296  	0.09273  	-0.0276  	-0.2249  	0.45348  	0.04233  	-0.1097  	-0.2818  	-0.2872  	0.39132  	-0.1359  	0.25150  	-0.4262  	0.27645  	0.07978  	-0.0082  	0.00457  	-0.0969  	-0.0509  	-0.0844  	-0.0301  	-0.0174  	-0.0309  	0.01180  	-0.0126  	-0.0193  	0.01312  	-0.0263  	0.01111  	0.01073  	0.00512  	-0.0057  	-0.0068  	0.00878  	0.08411  	0.01040  	0.00532  	0.01241  	0.03785  	-0.7581  	
-0.5141  	-0.1710  	-0.8031  	-0.5044  	0.02208  	-0.5567  	-6.3144  	-0.1291  	0.01035  	0.08471  	-0.4164  	-0.4790  	0.22449  	-0.1414  	-0.0151  	0.63636  	-0.0148  	-0.0572  	0.35441  	0.44531  	0.09166  	0.18552  	-0.7123  	0.35789  	0.75526  	-0.1448  	0.13556  	0.12819  	0.33376  	0.22108  	-0.0632  	0.15742  	0.03343  	-0.1597  	0.44064  	0.04484  	0.03932  	-0.2343  	-0.2627  	0.41158  	-0.1280  	0.14127  	-0.3274  	0.24610  	0.12148  	-0.0213  	0.02315  	-0.1258  	-0.0509  	-0.0660  	-0.0265  	-0.0173  	-0.0314  	-0.0043  	-0.0095  	-0.0212  	0.01739  	-0.0175  	0.00637  	0.01090  	0.00179  	-0.0047  	0.01058  	0.01315  	0.08411  	0.01040  	0.00532  	0.01241  	0.03785  	-0.7581  	
-0.4727  	-0.2066  	-0.7953  	-0.4497  	-0.0344  	-0.4936  	-0.0007  	-0.1943  	-0.0012  	0.07485  	-0.4507  	-0.5065  	0.15070  	-0.1800  	-0.0927  	0.72431  	-0.0712  	0.05601  	0.33652  	0.61982  	-0.0105  	0.34866  	-0.5132  	0.33676  	0.80859  	-0.2050  	0.14737  	0.18838  	0.28550  	0.24831  	-0.1660  	0.19437  	0.06667  	-0.0407  	0.45532  	0.11281  	0.07732  	-0.2227  	-0.1680  	0.49262  	-0.1448  	0.04744  	-0.2350  	0.19153  	0.14581  	-0.0347  	0.03464  	-0.1329  	-0.0476  	-0.0601  	-0.0281  	-0.0161  	-0.0294  	-0.0171  	-0.0187  	-0.0212  	0.01948  	-0.0049  	-0.0017  	0.00243  	0.00301  	-0.0093  	0.02062  	0.00946  	0.08411  	0.01040  	0.00532  	0.01241  	0.03785  	-0.7581  	
-0.3767  	-0.1927  	-0.7601  	-0.3884  	0.02762  	-0.5068  	0.03675  	-0.2055  	0.00419  	0.15617  	-0.4094  	-0.4766  	0.15241  	-0.1519  	-0.1055  	0.78655  	-0.1119  	0.05077  	0.30443  	0.65435  	-0.0509  	0.35753  	-0.5563  	0.32747  	0.83597  	-0.2109  	0.11217  	0.24164  	0.31272  	0.26548  	-0.1572  	0.19939  	0.07014  	-0.0365  	0.48625  	0.13270  	0.08375  	-0.2345  	-0.1591  	0.47149  	-0.1568  	0.04800  	-0.2256  	0.19457  	0.15774  	-0.0394  	0.03772  	-0.1314  	-0.0398  	-0.0582  	-0.0242  	-0.0197  	-0.0292  	-0.0165  	-0.0155  	-0.0250  	0.02032  	-0.0054  	-0.0031  	0.00214  	-0.0058  	-0.0077  	0.02582  	0.01401  	0.08411  	0.01040  	0.00532  	0.01241  	0.03785  	-0.7581  	
-0.3674  	-0.1819  	-0.7650  	-0.3970  	0.02424  	-0.4959  	0.01870  	-0.1804  	0.01046  	0.17655  	-0.3736  	-0.4715  	0.15133  	-0.1745  	-0.1364  	0.80160  	-0.1199  	0.06194  	0.30827  	0.66485  	-0.0514  	0.34842  	-0.5908  	0.29438  	0.86109  	-0.2348  	0.09194  	0.27671  	0.34440  	0.26396  	-0.1677  	0.19723  	0.06273  	-0.0344  	0.49139  	0.15522  	0.06616  	-0.2348  	-0.1448  	0.48414  	-0.1584  	0.04957  	-0.2281  	0.19259  	0.15414  	-0.0335  	0.03510  	-0.1303  	-0.0413  	-0.0585  	-0.0216  	-0.0189  	-0.0276  	-0.0190  	-0.0124  	-0.0225  	0.02062  	-0.0031  	-0.0001  	0.00306  	-0.0054  	-0.0081  	0.02616  	0.01378  	0.08411  	0.01040  	0.00532  	0.01241  	0.03785  	-0.7581  	
-0.3978  	-0.2004  	-0.7548  	-0.4738  	-0.0075  	-0.4878  	0.04681  	-0.2483  	-0.0010  	0.20140  	-0.3659  	-0.4922  	0.14836  	-0.2173  	-0.2417  	0.84250  	-0.1441  	0.06732  	0.30532  	0.64496  	-0.0793  	0.34239  	-0.6133  	0.28493  	0.85805  	-0.2234  	0.11931  	0.27450  	0.34866  	0.27127  	-0.1523  	0.18684  	0.05583  	-0.0227  	0.46605  	0.16850  	0.05781  	-0.2223  	-0.1498  	0.49286  	-0.1470  	0.05325  	-0.2197  	0.19412  	0.15143  	-0.0366  	0.03066  	-0.1228  	-0.0383  	-0.0591  	-0.0176  	-0.0191  	-0.0288  	-0.0159  	-0.0143  	-0.0198  	0.01880  	-0.0085  	-0.0027  	0.00347  	-0.0065  	-0.0052  	0.03223  	0.01203  	0.08411  	0.01040  	0.00532  	0.01241  	0.03785  	-0.7581  	
-0.4316  	-0.1918  	-0.8020  	-0.4914  	-0.0406  	-0.5227  	0.03398  	-0.2132  	-0.0007  	0.18593  	-0.3904  	-0.5267  	0.15380  	-0.2030  	-0.2338  	0.78428  	-0.1098  	0.07050  	0.30913  	0.65436  	-0.0778  	0.36580  	-0.5904  	0.29121  	0.86006  	-0.2148  	0.08020  	0.28946  	0.37627  	0.26278  	-0.1628  	0.18895  	0.04974  	-0.0363  	0.44895  	0.17856  	0.04875  	-0.2454  	-0.1355  	0.49876  	-0.1412  	0.04860  	-0.2257  	0.19087  	0.15883  	-0.0366  	0.03264  	-0.1321  	-0.0409  	-0.0551  	-0.0206  	-0.0242  	-0.0275  	-0.0200  	-0.0132  	-0.0236  	0.02175  	-0.0053  	-0.0010  	0.00307  	-0.0064  	-0.0039  	0.02360  	0.01671  	0.08411  	0.01040  	0.00532  	0.01241  	0.03785  	-0.7581  	
-0.5785  	-0.2080  	-0.8850  	-0.4437  	-0.0134  	-0.5718  	0.02550  	-0.2337  	-0.0234  	0.15996  	-0.4456  	-0.5002  	0.14575  	-0.1469  	-0.1781  	0.70366  	-0.0912  	0.04098  	0.29634  	0.61948  	-0.0708  	0.36694  	-0.5862  	0.32344  	0.89347  	-0.2198  	0.13311  	0.27495  	0.38975  	0.28154  	-0.1653  	0.18737  	0.04531  	-0.0440  	0.43672  	0.18017  	0.02790  	-0.2408  	-0.1415  	0.49479  	-0.1505  	0.05069  	-0.2314  	0.18635  	0.15389  	-0.0402  	0.03235  	-0.1362  	-0.0512  	-0.0650  	-0.0257  	-0.0162  	-0.0275  	-0.0166  	-0.0134  	-0.0267  	0.02519  	-0.0064  	0.00577  	0.00153  	-0.0048  	-0.0087  	0.02286  	0.01594  	0.08411  	0.01040  	0.00532  	0.01241  	0.03785  	-0.7581  	
-0.5997  	-0.2197  	-0.8974  	-0.5608  	-0.1208  	-0.5458  	-0.0199  	-0.2204  	-0.0346  	0.09298  	-0.4196  	-0.5314  	0.12255  	-0.2108  	-0.1405  	0.63533  	-0.0611  	0.03985  	0.31240  	0.59074  	-0.0297  	0.37154  	-0.4901  	0.30618  	0.86066  	-0.2006  	0.16090  	0.18411  	0.35015  	0.25883  	-0.1499  	0.19593  	0.04311  	-0.0403  	0.41877  	0.13398  	0.07661  	-0.2201  	-0.1549  	0.44965  	-0.1317  	0.04015  	-0.2319  	0.18590  	0.16454  	-0.0339  	0.03218  	-0.1458  	-0.0551  	-0.0613  	-0.0376  	-0.0137  	-0.0251  	-0.0176  	-0.0194  	-0.0260  	0.01355  	-0.0075  	0.00414  	0.00100  	-0.0026  	-0.0120  	0.02664  	0.01232  	0.08411  	0.01040  	0.00532  	0.01241  	0.03785  	-0.7581  	
-0.5524  	-0.2099  	-0.8456  	-0.5189  	-0.0915  	-0.5170  	-0.0183  	-0.1734  	-0.0253  	0.04388  	-0.4165  	-0.5206  	0.11861  	-0.1939  	-0.0896  	0.67537  	-0.0497  	0.02278  	0.31269  	0.57672  	0.00449  	0.39461  	-0.4703  	0.33587  	0.83960  	-0.2045  	0.18370  	0.15292  	0.29055  	0.24749  	-0.1615  	0.20082  	0.05134  	-0.0416  	0.44709  	0.10380  	0.11579  	-0.2040  	-0.1732  	0.45917  	-0.1451  	0.06310  	-0.2336  	0.18939  	0.15630  	-0.0405  	0.03468  	-0.1426  	-0.0463  	-0.0607  	-0.0361  	-0.0137  	-0.0259  	-0.0108  	-0.0142  	-0.0218  	0.01877  	-0.0079  	0.00417  	0.00126  	0.00036  	-0.0016  	0.02304  	0.01397  	0.08411  	0.01040  	0.00532  	0.01241  	0.03785  	-0.7581  	
-0.4695  	-0.1728  	-0.8105  	-0.4667  	-0.0150  	-0.5344  	0.01049  	-0.1944  	-0.0002  	0.15874  	-0.4128  	-0.4520  	0.16066  	-0.2012  	-0.1682  	0.74432  	-0.1009  	0.06343  	0.30402  	0.63508  	-0.0787  	0.34835  	-0.5578  	0.27805  	0.80686  	-0.2142  	0.08189  	0.27750  	0.35673  	0.25193  	-0.1443  	0.18082  	0.07125  	-0.0342  	0.44115  	0.14375  	0.04253  	-0.2423  	-0.1317  	0.48169  	-0.1325  	0.05548  	-0.2267  	0.18268  	0.15378  	-0.0366  	0.03917  	-0.1263  	-0.0437  	-0.0620  	-0.0283  	-0.0184  	-0.0254  	-0.0184  	-0.0159  	-0.0235  	0.02176  	-0.0026  	-0.0003  	0.00391  	-0.0051  	-0.0060  	0.02707  	0.01683  	0.08411  	0.01040  	0.00532  	0.01241  	0.03785  	-0.7581  	
-0.3977  	-0.1760  	-0.7657  	-0.4160  	0.00442  	-0.4819  	0.02776  	-0.1853  	0.01959  	0.15443  	-0.4087  	-0.4692  	0.17155  	-0.1613  	-0.1299  	0.78181  	-0.1191  	0.04868  	0.30439  	0.64282  	-0.0541  	0.33589  	-0.5688  	0.28962  	0.80399  	-0.2236  	0.10522  	0.26335  	0.32323  	0.25667  	-0.1704  	0.19957  	0.06591  	-0.0338  	0.48415  	0.14861  	0.06900  	-0.2410  	-0.1551  	0.48386  	-0.1505  	0.05388  	-0.2346  	0.18421  	0.15425  	-0.0358  	0.03130  	-0.1251  	-0.0398  	-0.0563  	-0.0209  	-0.0178  	-0.0270  	-0.0166  	-0.0181  	-0.0201  	0.02102  	-0.0016  	-0.0004  	-0.0013  	-0.0067  	-0.0069  	0.02514  	0.01126  	0.08411  	0.01040  	0.00532  	0.01241  	0.03785  	-0.7581  	
-0.3777  	-0.1655  	-0.7722  	-0.3864  	0.02134  	-0.4940  	0.05447  	-0.2078  	-0.0079  	0.13931  	-0.4233  	-0.4963  	0.16695  	-0.1282  	-0.1145  	0.76128  	-0.0984  	0.07740  	0.29802  	0.64545  	-0.0613  	0.35706  	-0.5838  	0.31353  	0.82068  	-0.2163  	0.09821  	0.23609  	0.36592  	0.24304  	-0.1755  	0.19303  	0.06159  	-0.0391  	0.47107  	0.15502  	0.05742  	-0.2403  	-0.1539  	0.50423  	-0.1497  	0.05712  	-0.2326  	0.18134  	0.16406  	-0.0367  	0.03515  	-0.1256  	-0.0376  	-0.0562  	-0.0218  	-0.0239  	-0.0269  	-0.0200  	-0.0156  	-0.0225  	0.02438  	0.00198  	0.00130  	0.00162  	-0.0059  	-0.0095  	0.02466  	0.01347  	0.08411  	0.01040  	0.00532  	0.01241  	0.03785  	-0.7581  	
-0.4764  	-0.1747  	-0.8107  	-0.4752  	-0.0323  	-0.5467  	0.04046  	-0.2189  	-0.0161  	0.13651  	-0.3955  	-0.5080  	0.18314  	-0.1421  	-0.1962  	0.71465  	-0.0979  	0.06282  	0.30371  	0.64185  	-0.0740  	0.36624  	-0.5797  	0.29655  	0.86615  	-0.2125  	0.09024  	0.26265  	0.35804  	0.26557  	-0.1463  	0.18022  	0.04726  	-0.0487  	0.41344  	0.15685  	0.05432  	-0.2383  	-0.1441  	0.47479  	-0.1407  	0.05628  	-0.2431  	0.17364  	0.15890  	-0.0368  	0.02980  	-0.1257  	-0.0447  	-0.0574  	-0.0278  	-0.0180  	-0.0275  	-0.0181  	-0.0130  	-0.0248  	0.02234  	-0.0059  	0.00523  	-0.0025  	-0.0038  	-0.0027  	0.02213  	0.01173  	0.08411  	0.01040  	0.00532  	0.01241  	0.03785  	-0.7581  	
-0.6497  	-0.2547  	-0.9340  	-0.5103  	-0.0095  	-0.6667  	0.01918  	-0.2076  	0.00137  	0.13699  	-0.2835  	-0.5220  	0.17275  	-0.0814  	-0.1520  	0.62426  	-0.0818  	0.00781  	0.28420  	0.64425  	0.01055  	0.36182  	-0.5553  	0.36282  	0.86279  	-0.1951  	0.10052  	0.20480  	0.28570  	0.24099  	-0.1406  	0.15531  	0.07306  	-0.0423  	0.47865  	0.09975  	0.08191  	-0.2451  	-0.1619  	0.44670  	-0.1843  	0.05636  	-0.2564  	0.14935  	0.16805  	-0.0351  	0.03382  	-0.1367  	-0.0529  	-0.0600  	-0.0365  	-0.0162  	-0.0292  	-0.0122  	-0.0209  	-0.0259  	0.01764  	-0.0091  	0.00198  	0.00457  	-0.0042  	-0.0008  	0.02476  	0.01390  	0.08411  	0.01040  	0.00532  	0.01241  	0.03785  	-0.7581  	
-0.7565  	-0.2878  	-0.9966  	-0.5830  	-0.0635  	-0.7357  	-0.0131  	-0.1906  	-0.0028  	0.14720  	-0.2333  	-0.4768  	0.15478  	-0.1615  	-0.1488  	0.62923  	-0.0878  	0.03019  	0.29551  	0.68228  	0.04762  	0.33102  	-0.5290  	0.33211  	0.76605  	-0.1920  	0.09975  	0.19314  	0.25291  	0.21850  	-0.1373  	0.15754  	0.08772  	-0.0381  	0.49555  	0.08792  	0.09124  	-0.2273  	-0.1726  	0.44175  	-0.1756  	0.06085  	-0.2556  	0.16884  	0.15965  	-0.0370  	0.04676  	-0.1552  	-0.0502  	-0.0629  	-0.0361  	-0.0210  	-0.0357  	-0.0139  	-0.0208  	-0.0233  	0.01877  	-0.0011  	-0.0056  	-0.0006  	-0.0010  	-0.0062  	0.02564  	0.01406  	0.08411  	0.01040  	0.00532  	0.01241  	0.03785  	-0.7581  	
-0.7334  	-0.2738  	-0.9982  	-0.5734  	-0.0554  	-0.7406  	-0.0250  	-0.1991  	-0.0083  	0.16579  	-0.2404  	-0.4577  	0.16256  	-0.1587  	-0.1804  	0.63649  	-0.0660  	0.05232  	0.29754  	0.67964  	0.04607  	0.33491  	-0.5460  	0.31291  	0.76794  	-0.1929  	0.06624  	0.21776  	0.26418  	0.21553  	-0.1337  	0.15970  	0.09130  	-0.0455  	0.46540  	0.09738  	0.06499  	-0.2374  	-0.1460  	0.44045  	-0.1748  	0.06171  	-0.2496  	0.16000  	0.16287  	-0.0317  	0.04025  	-0.1505  	-0.0542  	-0.0564  	-0.0337  	-0.0185  	-0.0352  	-0.0168  	-0.0202  	-0.0242  	0.01847  	1.13037  	-0.0016  	0.00136  	-0.0017  	-0.0027  	0.02512  	0.01334  	0.08411  	0.01040  	0.00532  	0.01241  	0.03785  	-0.7581  	
-0.7132  	-0.2574  	-0.9651  	-0.5789  	-0.0635  	-0.7094  	-0.0081  	-0.1912  	-0.0110  	0.16816  	-0.2603  	-0.4761  	0.14845  	-0.1719  	-0.2067  	0.61851  	-0.0606  	0.05454  	0.30657  	0.68514  	0.03350  	0.32686  	-0.5418  	0.30683  	0.78025  	-0.1955  	0.04954  	0.23108  	0.28419  	0.21273  	-0.1376  	0.16326  	0.08763  	-0.0438  	0.43945  	0.10123  	0.05912  	-0.2372  	-0.1319  	0.43708  	-0.1544  	0.05558  	-0.2466  	0.16556  	0.16371  	-0.0313  	0.03738  	-0.1514  	-0.0546  	-0.0535  	-0.0375  	-0.0183  	-0.0314  	-0.0177  	-0.0199  	-0.0258  	0.01858  	0.00057  	-0.0007  	0.00177  	-0.0002  	0.00021  	0.01932  	0.01275  	0.08411  	0.01040  	0.00532  	0.01241  	0.03785  	-0.7581  	
-0.7203  	-0.2515  	-0.9432  	-0.6306  	-0.0986  	-0.6936  	0.00212  	-0.1891  	-0.0103  	0.17433  	-0.2653  	-0.5033  	0.13675  	-0.1883  	-0.2283  	0.60615  	-0.0529  	0.04387  	0.31082  	0.66765  	0.02317  	0.33587  	-0.5200  	0.30697  	0.79787  	-0.1955  	0.05418  	0.22605  	0.29430  	0.21124  	-0.1428  	0.16621  	0.07872  	-0.0437  	0.42762  	0.10794  	0.06964  	-0.2318  	-0.1285  	0.43068  	-0.1396  	0.04841  	-0.2419  	0.17010  	0.16434  	-0.0308  	0.03694  	-0.1494  	-0.0534  	-0.0531  	-0.0401  	-0.0190  	-0.0293  	-0.0184  	-0.0180  	-0.0275  	0.01647  	0.00208  	-0.0003  	0.00129  	0.00030  	0.00084  	0.02070  	0.01417  	0.08411  	0.01040  	0.00532  	0.01241  	0.03785  	-0.7581  	
-0.7153  	-0.2458  	-0.9072  	-0.6853  	-0.1332  	-0.6839  	0.01955  	-0.1891  	-0.0016  	0.17138  	-0.2750  	-0.5467  	0.13522  	-0.2014  	-0.2405  	0.59738  	-0.0419  	0.02297  	0.31038  	0.63297  	0.01991  	0.34773  	-0.4956  	0.31018  	0.82070  	-0.1880  	0.07960  	0.20446  	0.30024  	0.21560  	-0.1405  	0.16663  	0.06723  	-0.0440  	0.41499  	0.10959  	0.08718  	-0.2268  	-0.1347  	0.43267  	-0.1304  	0.04464  	-0.2347  	0.17950  	0.16426  	-0.0330  	0.03677  	-0.1445  	-0.0524  	-0.0543  	-0.0423  	-0.0204  	-0.0292  	-0.0166  	-0.0161  	-0.0270  	0.01503  	0.00082  	-7.2465  	0.00065  	-0.0008  	0.00093  	0.02275  	0.01491  	0.08411  	0.01040  	0.00532  	0.01241  	0.03785  	-0.7581  	
-0.6989  	-0.2087  	-0.8649  	-0.7051  	-0.1459  	-0.6429  	0.01992  	-0.2177  	-0.0047  	0.16107  	-0.3871  	-0.5649  	0.15882  	-0.1970  	-0.1909  	0.61225  	-0.0471  	0.02434  	0.30903  	0.59697  	-0.0106  	0.38820  	-0.4709  	0.28407  	0.82813  	-0.1693  	0.13533  	0.19693  	0.32075  	0.22736  	-0.1246  	0.14948  	0.06937  	-0.0434  	0.37102  	0.09749  	0.07074  	-0.2373  	-0.1336  	0.46327  	-0.1209  	0.04147  	-0.2133  	0.19111  	0.16265  	-0.0406  	0.03564  	-0.1324  	-0.0537  	-0.0545  	-0.0440  	-0.0179  	-0.0318  	-0.0141  	-0.0224  	-0.0246  	0.01157  	-0.0082  	0.00144  	0.00368  	-0.0027  	0.00285  	0.02507  	0.01303  	0.08411  	0.01040  	0.00532  	0.01241  	0.03785  	-0.7581  	
-0.6055  	-0.1950  	-0.8678  	-0.5561  	-0.1151  	-0.5631  	0.01533  	-0.2076  	0.02439  	0.12738  	-0.4612  	-0.5258  	0.18176  	-0.1880  	-0.1349  	0.63022  	-0.0460  	0.04739  	0.30855  	0.62986  	-0.0402  	0.38462  	-0.4831  	0.24613  	0.79379  	-0.1719  	0.06682  	0.23804  	0.34655  	0.23194  	-0.1124  	0.16863  	0.07875  	-0.0292  	0.34644  	0.07786  	0.05656  	-0.2302  	-0.1271  	0.45209  	-0.0993  	0.02472  	-0.2042  	0.19303  	0.15750  	-0.0394  	0.03322  	-0.1333  	-0.0440  	-0.0605  	-0.0388  	-0.0206  	-0.0325  	-0.0192  	-0.0168  	-0.0254  	0.01034  	-0.0018  	-0.0001  	-0.0007  	-0.0003  	0.00515  	0.02644  	0.01287  	0.08411  	0.01040  	0.00532  	0.01241  	0.03785  	-0.7581  	
-0.5718  	-0.1585  	-0.8469  	-0.5062  	-0.0687  	-0.5379  	-0.0120  	-0.1649  	0.02155  	0.12849  	-0.4614  	-0.4871  	0.19753  	-0.1384  	-0.1117  	0.64912  	-0.0653  	0.04738  	0.30939  	0.64258  	-0.0547  	0.39381  	-0.4976  	0.22718  	0.76085  	-0.1700  	0.02353  	0.28031  	0.37180  	0.22193  	-0.1141  	0.15422  	0.08696  	-0.0198  	0.34625  	0.08539  	0.03277  	-0.2395  	-0.1107  	0.46682  	-0.0937  	0.02493  	-0.1983  	0.18983  	0.14870  	-0.0370  	0.03290  	-0.1240  	-0.0484  	-0.0554  	-0.0397  	-0.0214  	-0.0362  	-0.0198  	-0.0201  	-0.0255  	0.00974  	-0.0035  	-0.0029  	-0.0062  	-0.0001  	0.00783  	0.02395  	0.01310  	0.08411  	0.01040  	0.00532  	0.01241  	0.03785  	-0.7581  	
-0.5057  	-0.1419  	-0.8279  	-0.4462  	-0.0487  	-0.5151  	-0.0263  	-0.1380  	0.02854  	0.10366  	-0.4348  	-0.4749  	0.17880  	-0.1028  	-0.0654  	0.66411  	-0.0723  	0.03473  	0.30914  	0.61141  	0.01356  	0.37029  	-0.5036  	0.25980  	0.75570  	-0.1828  	0.05265  	0.22471  	0.32523  	0.22843  	-0.1251  	0.16713  	0.09990  	-0.0307  	0.41819  	0.06973  	0.06058  	-0.2371  	-0.1445  	0.45860  	-0.1054  	0.03547  	-0.2114  	0.18754  	0.15377  	-0.0361  	0.03573  	-0.1356  	-0.0509  	-0.0558  	-0.0413  	-0.0202  	-0.0296  	-0.0172  	-0.0207  	-0.0236  	0.01347  	-0.0057  	-0.0030  	-0.0021  	-0.0012  	0.00879  	0.02054  	0.01384  	0.08411  	0.01040  	0.00532  	0.01241  	0.03785  	-0.7581  	
-0.4134  	-0.1256  	-0.7752  	-0.3790  	-0.0336  	-0.4627  	-0.0243  	-0.0963  	0.02905  	0.06521  	-0.3904  	-0.4643  	0.17551  	-0.0531  	0.02180  	0.71881  	-0.0847  	0.00766  	0.30674  	0.58984  	0.13645  	0.36038  	-0.5067  	0.33111  	0.77751  	-0.2121  	0.14353  	0.11580  	0.22963  	0.23844  	-0.1386  	0.18669  	0.09457  	-0.0354  	0.50918  	0.03640  	0.15991  	-0.2084  	-0.1859  	0.43877  	-0.1524  	0.05177  	-0.2369  	0.17975  	0.15510  	-0.0326  	0.03674  	-0.1433  	-0.0529  	-0.0541  	-0.0399  	-0.0176  	-0.0259  	-0.0134  	-0.0183  	-0.0198  	0.01263  	-0.0055  	0.00144  	-0.0001  	-0.0028  	0.00515  	0.02110  	0.01364  	0.08411  	0.01040  	0.00532  	0.01241  	0.03785  	-0.7581  	
-0.5177  	-0.1696  	-0.8337  	-0.4776  	-0.0495  	-0.5517  	-0.0349  	-0.1552  	0.02134  	0.10148  	-0.3696  	-0.4660  	0.16260  	-0.0943  	-0.0928  	0.70533  	-0.0806  	0.02594  	0.31002  	0.59706  	0.03498  	0.34674  	-0.5252  	0.27732  	0.78182  	-0.1972  	0.08633  	0.20018  	0.29087  	0.23949  	-0.1365  	0.17281  	0.08448  	-0.0368  	0.45075  	0.08327  	0.10157  	-0.2276  	-0.1725  	0.43516  	-0.1283  	0.04882  	-0.2244  	0.17478  	0.16124  	-0.0322  	0.04063  	-0.1414  	-0.0530  	-0.0542  	-0.0412  	-0.0208  	-0.0319  	-0.0179  	-0.0219  	-0.0200  	0.01125  	-0.0073  	0.00038  	-0.0039  	-0.0031  	0.00699  	0.02015  	0.01171  	0.08411  	0.01040  	0.00532  	0.01241  	0.03785  	-0.7581  	
-0.5361  	-0.1674  	-0.8397  	-0.4671  	-0.0402  	-0.5676  	-0.0433  	-0.1566  	0.01501  	0.10450  	-0.3708  	-0.4464  	0.14938  	-0.1007  	-0.0853  	0.68990  	-0.0773  	0.01914  	0.30198  	0.57345  	0.04060  	0.35216  	-0.5139  	0.28107  	0.76982  	-0.1928  	0.08519  	0.20191  	0.29019  	0.24217  	-0.1460  	0.16882  	0.08232  	-0.0364  	0.45288  	0.07198  	0.11098  	-0.2178  	-0.1717  	0.43872  	-0.1319  	0.05027  	-0.2288  	0.17381  	0.16058  	-0.0329  	0.04143  	-0.1438  	-0.0546  	-0.0515  	-0.0422  	-0.0195  	-0.0314  	-0.0169  	-0.0225  	-0.0229  	0.01425  	-0.0073  	-0.0017  	-0.0048  	-0.0027  	0.00494  	0.02159  	0.01316  	0.08411  	0.01040  	0.00532  	0.01241  	0.03785  	-0.7581  	
-0.5211  	-0.1685  	-0.8423  	-0.4807  	-0.0483  	-0.5672  	-0.0376  	-0.1663  	0.00846  	0.09701  	-0.3436  	-0.4570  	0.13875  	-0.1211  	-0.0866  	0.67641  	-0.0704  	0.01339  	0.29437  	0.57244  	0.06224  	0.34666  	-0.5026  	0.30232  	0.76074  	-0.1882  	0.09647  	0.18773  	0.27172  	0.23548  	-0.1497  	0.17645  	0.08177  	-0.0456  	0.46387  	0.06299  	0.12563  	-0.2118  	-0.1814  	0.43864  	-0.1336  	0.05361  	-0.2295  	0.17268  	0.16559  	-0.0355  	0.03970  	-0.1478  	-0.0511  	-0.0503  	-0.0408  	-0.0189  	-0.0300  	-0.0162  	-0.0224  	-0.0242  	0.01754  	-0.0050  	0.00016  	-0.0031  	-0.0032  	0.00298  	0.02267  	0.01358  	0.08411  	0.01040  	0.00532  	0.01241  	0.03785  	-0.7581  	
-0.4712  	-0.1560  	-0.8333  	-0.4516  	-0.0328  	-0.5453  	-0.0298  	-0.1526  	0.02091  	0.07645  	-0.3381  	-0.4456  	0.14677  	-0.0871  	-0.0276  	0.67811  	-0.0690  	-0.0048  	0.29386  	0.58028  	0.10551  	0.34992  	-0.5074  	0.32687  	0.75951  	-0.1958  	0.11852  	0.14564  	0.24475  	0.23450  	-0.1492  	0.18690  	0.09324  	-0.0471  	0.49916  	0.04004  	0.15091  	-0.2128  	-0.1960  	0.43294  	-0.1373  	0.05255  	-0.2380  	0.17335  	0.16342  	-0.0315  	0.03811  	-0.1448  	-0.0543  	-0.0521  	-0.0395  	-0.0181  	-0.0315  	-0.0184  	-0.0220  	-0.0191  	0.01298  	-0.0057  	3.11645  	-0.0017  	-0.0006  	0.00270  	0.02093  	0.01246  	0.08411  	0.01040  	0.00532  	0.01241  	0.03785  	-0.7581  	
-0.3715  	-0.1158  	-0.7674  	-0.3815  	-0.0420  	-0.4850  	-0.0194  	-0.1011  	0.02826  	0.06747  	-0.3450  	-0.4520  	0.17430  	-0.0010  	0.05301  	0.70514  	-0.0691  	-0.0343  	0.30123  	0.56406  	0.16474  	0.35834  	-0.4939  	0.36254  	0.76217  	-0.2138  	0.17192  	0.06437  	0.17448  	0.23206  	-0.1508  	0.19215  	0.08356  	-0.0449  	0.55051  	0.00597  	0.19576  	-0.1907  	-0.2143  	0.42851  	-0.1636  	0.05288  	-0.2413  	0.17471  	0.15939  	-0.0313  	0.03674  	-0.1432  	-0.0540  	-0.0511  	-0.0403  	-0.0151  	-0.0266  	-0.0137  	-0.0216  	-0.0195  	0.00724  	-0.0094  	0.00213  	-0.0005  	-0.0002  	0.00429  	0.02044  	0.00877  	0.08411  	0.01040  	0.00532  	0.01241  	0.03785  	-0.7581  	
-0.3693  	-0.1084  	-0.7541  	-0.4222  	-0.0453  	-0.4927  	0.00468  	-0.1343  	0.04713  	0.10749  	-0.3148  	-0.4501  	0.18596  	-0.0508  	-0.0941  	0.76409  	-0.0897  	0.02064  	0.30577  	0.59584  	0.11799  	0.34310  	-0.5427  	0.33400  	0.78022  	-0.2092  	0.12921  	0.12852  	0.20079  	0.22825  	-0.1461  	0.19565  	0.10975  	-0.0426  	0.52574  	0.05724  	0.14686  	-0.2069  	-0.1849  	0.44937  	-0.1592  	0.06188  	-0.2396  	0.17469  	0.15460  	-0.0375  	0.03803  	-0.1351  	-0.0505  	-0.0563  	-0.0365  	-0.0164  	-0.0307  	-0.0134  	-0.0191  	-0.0179  	0.01373  	-0.0034  	-0.0010  	-0.0018  	0.00244  	-0.0026  	0.02111  	0.01415  	0.08411  	0.01040  	0.00532  	0.01241  	0.03785  	-0.7581  	
-0.3376  	-0.1613  	-0.7656  	-0.3313  	0.03277  	-0.4528  	0.03084  	-0.1476  	0.01266  	0.16763  	-0.3769  	-0.4560  	0.19034  	-0.1136  	-0.1201  	0.79356  	-0.1178  	0.03233  	0.31429  	0.64644  	0.01043  	0.38318  	-0.6057  	0.35150  	0.85366  	-0.2276  	0.15257  	0.21398  	0.27516  	0.25222  	-0.1781  	0.20144  	0.08137  	-0.0416  	0.50071  	0.12570  	0.10473  	-0.2278  	-0.1615  	0.46191  	-0.1805  	0.05970  	-0.2363  	0.18479  	0.16503  	-0.0366  	0.03086  	-0.1309  	-0.0356  	-0.0613  	-0.0240  	-0.0196  	-0.0293  	-0.0189  	-0.0167  	-0.0202  	0.02170  	-0.0017  	0.00091  	0.00061  	-0.0056  	-0.0048  	0.02595  	0.01663  	0.08411  	0.01040  	0.00532  	0.01241  	0.03785  	-0.7581  	
-0.3219  	-0.1855  	-0.7951  	-0.2953  	0.04344  	-0.4562  	0.04173  	-0.1789  	-0.0053  	0.16403  	-0.3942  	-0.4347  	0.18770  	-0.1365  	-0.1375  	0.80128  	-0.1229  	0.04391  	0.32915  	0.66356  	-0.0121  	0.39243  	-0.6614  	0.37383  	0.92420  	-0.2392  	0.19226  	0.24609  	0.30011  	0.26871  	-0.1896  	0.20799  	0.06566  	-0.0512  	0.49479  	0.15779  	0.08040  	-0.2300  	-0.1565  	0.47577  	-0.1866  	0.06794  	-0.2261  	0.18886  	0.16730  	-0.0473  	0.02870  	-0.1179  	-0.0291  	-0.0681  	-0.0215  	-0.0209  	-0.0314  	-0.0189  	-0.0170  	-0.0202  	0.02746  	-0.0045  	0.00348  	0.00325  	-0.0074  	-0.0101  	0.03132  	0.01165  	0.08411  	0.01040  	0.00532  	0.01241  	0.03785  	-0.7581  	
-0.2584  	-0.1634  	-0.8011  	-0.2072  	0.10267  	-0.4283  	0.01762  	-0.1444  	0.00118  	0.11612  	-0.4850  	-0.4159  	0.18645  	-0.0587  	-0.0855  	0.78657  	-0.0962  	0.01281  	0.31321  	0.62728  	-0.0071  	0.41069  	-0.6178  	0.37846  	0.94885  	-0.2417  	0.21004  	0.20480  	0.33063  	0.29037  	-0.2018  	0.20222  	0.05686  	-0.0635  	0.47976  	0.14283  	0.07344  	-0.2616  	-0.1136  	0.48292  	-0.1909  	0.07907  	-0.2228  	0.18680  	0.16493  	-0.0379  	0.02422  	-0.1190  	-0.0312  	-0.0698  	-0.0189  	-0.0227  	-0.0309  	-0.0206  	-0.0154  	-0.0132  	0.02548  	-0.0052  	0.00762  	0.00168  	-0.0122  	-0.0088  	0.01992  	0.00910  	0.08411  	0.01040  	0.00532  	0.01241  	0.03785  	-0.7581  	
-0.2487  	-0.1400  	-0.8002  	-0.1338  	0.12668  	-0.4068  	0.03059  	-0.1566  	0.01045  	0.12480  	-0.5358  	-0.4185  	0.23097  	0.03191  	0.03594  	0.71974  	-0.1023  	0.00091  	0.29694  	0.62440  	-0.0037  	0.41705  	-0.6545  	0.37960  	0.96152  	-0.2334  	0.18398  	0.20000  	0.34270  	0.31156  	-0.1894  	0.20229  	0.05318  	-0.0377  	0.52734  	0.11667  	0.06142  	-0.2679  	-0.1045  	0.50376  	-0.2075  	0.07902  	-0.2350  	0.18525  	0.16036  	-0.0358  	0.02185  	-0.1170  	-0.0305  	-0.0587  	-0.0141  	-0.0187  	-0.0276  	-0.0175  	-0.0176  	-0.0139  	0.01768  	-0.0050  	0.00758  	0.00089  	-0.0102  	-0.0112  	0.01646  	0.00893  	0.08411  	0.01040  	0.00532  	0.01241  	0.03785  	-0.7581  	
-0.3131  	-0.1375  	-0.9245  	-0.0904  	0.18880  	-0.4509  	-0.0250  	-0.1687  	0.01617  	0.10178  	-0.5670  	-0.3738  	0.26207  	0.11697  	0.20981  	0.67875  	-0.0902  	-0.0553  	0.30429  	0.58522  	0.01043  	0.39478  	-0.6109  	0.40125  	0.87587  	-0.2090  	0.23103  	0.21486  	0.29743  	0.30937  	-0.1808  	0.20130  	0.07414  	-0.0460  	0.58366  	0.05655  	0.08553  	-0.2679  	-0.1666  	0.50345  	-0.2441  	0.08113  	-0.2833  	0.18621  	0.15263  	-0.0342  	0.03013  	-0.1456  	-0.0462  	-0.0478  	-0.0130  	-0.0245  	-0.0322  	-0.0215  	-0.0226  	-0.0115  	0.01817  	-0.0074  	0.01194  	0.00508  	-0.0054  	0.00764  	0.00377  	0.00022  	0.08411  	0.01040  	0.00532  	0.01241  	0.03785  	-0.7581  	
-0.2018  	-0.1231  	-0.7753  	0.03348  	0.22485  	-0.3516  	0.06826  	-0.1078  	0.00823  	0.09191  	-0.7354  	-0.4596  	0.35353  	0.27635  	0.44338  	0.57966  	-0.1184  	-0.0591  	0.25146  	0.56149  	0.00857  	0.46290  	-0.5996  	0.34002  	0.87461  	-0.2377  	0.22747  	0.16040  	0.36786  	0.34199  	-0.1848  	0.16528  	0.08603  	-0.0179  	0.54493  	0.06553  	0.01503  	-0.2751  	-0.0986  	0.50391  	-0.2672  	0.10325  	-0.2628  	0.16924  	0.16449  	-0.0284  	0.02374  	-0.1241  	-0.0276  	-0.0621  	-0.0236  	-0.0175  	-0.0320  	-0.0208  	-0.0178  	-0.0119  	0.01630  	-0.0053  	0.00795  	0.00060  	-0.0015  	0.00372  	0.01531  	0.00521  	0.08411  	0.01040  	0.00532  	0.01241  	0.03785  	-0.7581  	
-0.0933  	-0.0680  	-0.6020  	-0.2447  	0.07168  	-0.3629  	0.09137  	-0.0532  	0.06762  	0.10754  	-0.7036  	-0.6094  	0.33052  	0.25286  	0.30502  	0.60165  	-0.0781  	-0.0255  	0.26715  	0.45087  	0.04975  	0.48712  	-0.4663  	0.29775  	0.91739  	-0.2428  	0.18929  	0.06973  	0.35821  	0.32665  	-0.1473  	0.17485  	0.08873  	-0.0223  	0.47919  	0.05449  	0.06586  	-0.2385  	-0.1245  	0.4895  	-0.1932  	0.06687  	-0.2098  	0.17696  	0.14824  	-0.0329  	0.01391  	-0.0987  	-0.0172  	-0.0660  	-0.0300  	-0.0217  	-0.0264  	-0.0176  	-0.0214  	-0.0041  	0.01442  	-0.0049  	-0.0002  	0.00477  	0.00020  	0.00509  	0.02483  	0.00656  	0.08411  	0.01040  	0.00532  	0.01241  	0.03785  	-0.7581  	
-0.2988  	-0.0749  	-0.6716  	-0.3655  	0.02360  	-0.4806  	0.11369  	-0.0809  	0.04942  	0.17422  	-0.5246  	-0.5926  	0.31660  	0.32763  	0.16802  	0.58447  	-0.1215  	-0.0931  	0.26474  	0.55273  	0.08365  	0.49247  	-0.5897  	0.42856  	0.95067  	-0.2482  	0.25355  	0.05447  	0.25618  	0.29023  	-0.1401  	0.17899  	0.10482  	-0.0542  	0.56615  	0.05092  	0.14116  	-0.2568  	-0.1698  	0.51233  	-0.2167  	0.08539  	-0.2477  	0.17507  	0.15513  	-0.0309  	0.02921  	-0.1242  	-0.0320  	-0.0571  	-0.0143  	-0.0103  	-0.0345  	-0.0175  	-0.0262  	-0.0189  	0.00597  	-0.0112  	0.00144  	0.01295  	-0.0017  	0.01069  	0.02813  	0.01192  	0.08411  	0.01040  	0.00532  	0.01241  	0.03785  	-0.7581  	
-0.7038  	-0.1903  	-0.9617  	-0.5212  	-0.0065  	-0.6725  	0.03197  	-0.1788  	-0.0083  	0.12711  	-0.2396  	-0.4774  	0.14131  	-0.0315  	-0.0199  	0.57408  	-0.1080  	0.00929  	0.29022  	0.66411  	0.16086  	0.33755  	-0.5304  	0.43857  	0.74435  	-0.2057  	0.13314  	0.12125  	0.17571  	0.21361  	-0.1383  	0.17910  	0.08871  	-0.0462  	0.56441  	0.02121  	0.17806  	-0.2372  	-0.2077  	0.48112  	-0.1990  	0.05053  	-0.3062  	0.15913  	0.15848  	-0.0247  	0.02478  	-0.1542  	-0.0429  	-0.0502  	-0.0246  	-0.0159  	-0.0361  	-0.0183  	-0.0269  	-0.0175  	0.00838  	-0.0045  	0.00723  	0.00027  	0.00241  	0.00319  	0.01491  	0.00577  	0.08411  	0.01040  	0.00532  	0.01241  	0.03785  	-0.7581  	
-0.7347  	-0.2685  	-0.9664  	-0.5322  	0.01930  	-0.7257  	0.03904  	-0.1825  	-0.0061  	0.17304  	-0.2373  	-0.4237  	0.17041  	-0.1390  	-0.1599  	0.61903  	-0.1080  	0.05209  	0.30205  	0.69006  	0.02157  	0.32977  	-0.5406  	0.33320  	0.77511  	-0.1897  	0.09847  	0.19613  	0.24792  	0.22782  	-0.1338  	0.14544  	0.09127  	-0.0289  	0.50174  	0.07998  	0.08557  	-0.2304  	-0.1656  	0.43940  	-0.1772  	0.06003  	-0.2660  	0.17248  	0.16620  	-0.0391  	0.04145  	-0.1544  	-0.0506  	-0.0554  	-0.0331  	-0.0191  	-0.0399  	-0.0150  	-0.0217  	-0.0235  	0.01626  	-0.0002  	-0.0051  	-0.0016  	-0.0019  	-0.0067  	0.02795  	0.01018  	0.08411  	0.01040  	0.00532  	0.01241  	0.03785  	-0.7581  	
-0.5711  	-0.2086  	-0.8904  	-0.5297  	-0.0575  	-0.5838  	-0.0076  	-0.1656  	-0.0225  	0.07695  	-0.4043  	-0.5070  	0.20541  	-0.1208  	-0.1009  	0.62360  	-0.0586  	0.04090  	0.32916  	0.61619  	0.00910  	0.36331  	-0.5155  	0.31164  	0.83377  	-0.2065  	0.10131  	0.20743  	0.28783  	0.25490  	-0.1468  	0.16427  	0.06159  	-0.0488  	0.45388  	0.09120  	0.07175  	-0.2357  	-0.1295  	0.45333  	-0.1815  	0.05330  	-0.2411  	0.17201  	0.16254  	-0.0378  	0.03828  	-0.1376  	-0.0518  	-0.0589  	-0.0296  	-0.0180  	-0.0355  	-0.0199  	-0.0177  	-0.0209  	0.01847  	-0.0064  	0.00225  	0.00625  	-0.0055  	-0.0019  	0.02278  	0.01177  	0.08411  	0.01040  	0.00532  	0.01241  	0.03785  	-0.7581  	
-0.4294  	-0.1811  	-0.7856  	-0.4165  	-0.0375  	-0.4702  	0.00684  	-0.1497  	0.02111  	0.07439  	-0.4733  	-0.4962  	0.18906  	-0.1168  	-0.0651  	0.72294  	-0.0757  	0.06601  	0.31954  	0.62805  	-0.0310  	0.35516  	-0.5488  	0.28829  	0.83231  	-0.2108  	0.09522  	0.26084  	0.33858  	0.24313  	-0.1596  	0.18050  	0.09430  	-0.0427  	0.43632  	0.09909  	0.06696  	-0.2299  	-0.1446  	0.48420  	-0.1474  	0.03859  	-0.2203  	0.18766  	0.15553  	-0.0344  	0.03315  	-0.1205  	-0.0416  	-0.0596  	-0.0237  	-0.0215  	-0.0310  	-0.0170  	-0.0188  	-0.0164  	0.02112  	-0.0061  	0.00011  	0.00580  	0.00056  	-0.0024  	0.02066  	0.01529  	0.08411  	0.01040  	0.00532  	0.01241  	0.03785  	-0.7581  	
-0.3678  	-0.1663  	-0.7734  	-0.3970  	0.01316  	-0.4656  	0.04828  	-0.1731  	0.01366  	0.13125  	-0.4299  	-0.4559  	0.18224  	-0.1071  	-0.1131  	0.78112  	-0.1076  	0.06488  	0.30299  	0.65573  	-0.0629  	0.34833  	-0.5920  	0.30530  	0.83598  	-0.2074  	0.10215  	0.28835  	0.33610  	0.26204  	-0.1482  	0.19607  	0.08428  	-0.0328  	0.47225  	0.12656  	0.05397  	-0.2417  	-0.1344  	0.47060  	-0.1623  	0.05447  	-0.2276  	0.17853  	0.15402  	-0.0374  	0.03612  	-0.1268  	-0.0365  	-0.0586  	-0.0229  	-0.0183  	-0.0283  	-0.0152  	-0.0182  	-0.0272  	0.02371  	-0.0026  	0.00192  	-0.0015  	-0.0098  	-0.0039  	0.02524  	0.01020  	0.08411  	0.01040  	0.00532  	0.01241  	0.03785  	-0.7581  	
-0.3361  	-0.1842  	-0.7458  	-0.4074  	0.01817  	-0.4914  	0.06337  	-0.1958  	0.02534  	0.16990  	-0.4333  	-0.4673  	0.18649  	-0.1403  	-0.1489  	0.78343  	-0.1284  	0.08767  	0.29593  	0.68954  	-0.0927  	0.34713  	-0.6357  	0.26807  	0.85174  	-0.2226  	0.08744  	0.32121  	0.38771  	0.27033  	-0.1542  	0.18640  	0.06425  	-0.0184  	0.45439  	0.15752  	0.03289  	-0.2437  	-0.1196  	0.50277  	-0.1484  	0.05439  	-0.2255  	0.19684  	0.15183  	-0.0378  	0.03190  	-0.1196  	-0.0365  	-0.0607  	-0.0209  	-0.0201  	-0.0284  	-0.0156  	-0.0116  	-0.0203  	0.02003  	-0.0066  	0.00044  	-6.1994  	-0.0070  	-0.0025  	0.02732  	0.01248  	0.08411  	0.01040  	0.00532  	0.01241  	0.03785  	-0.7581  	
-0.4094  	-0.1850  	-0.7659  	-0.4924  	-0.0360  	-0.5006  	0.02800  	-0.2173  	-0.0003  	0.15510  	-0.3952  	-0.5403  	0.15134  	-0.1692  	-0.2047  	0.77721  	-0.1134  	0.05725  	0.31750  	0.65176  	-0.0488  	0.35249  	-0.5853  	0.30751  	0.84567  	-0.2144  	0.11626  	0.25207  	0.33052  	0.25836  	-0.1503  	0.19563  	0.06429  	-0.0333  	0.46833  	0.16591  	0.07309  	-0.2402  	-0.1517  	0.48379  	-0.1499  	0.05506  	-0.2269  	0.18764  	0.16067  	-0.0367  	0.03048  	-0.1291  	-0.0417  	-0.0548  	-0.0245  	-0.0202  	-0.0259  	-0.0166  	-0.0151  	-0.0230  	0.02152  	-0.0045  	-5.9467  	0.00160  	-0.0053  	-0.0061  	0.02720  	0.01389  	0.08411  	0.01040  	0.00532  	0.01241  	0.03785  	-0.7581  	
-0.5141  	-0.2066  	-0.8537  	-0.4373  	-0.0157  	-0.5302  	0.03154  	-0.2172  	-0.0197  	0.10688  	-0.4183  	-0.5072  	0.14646  	-0.1696  	-0.1608  	0.71958  	-0.0854  	0.02747  	0.30820  	0.62474  	-0.0430  	0.34853  	-0.5727  	0.34432  	0.89586  	-0.2182  	0.17359  	0.25696  	0.32107  	0.27401  	-0.1698  	0.20530  	0.04517  	-0.0481  	0.46814  	0.17608  	0.06526  	-0.2351  	-0.1576  	0.48406  	-0.1733  	0.05575  	-0.2365  	0.19000  	0.15481  	-0.0441  	0.03091  	-0.1331  	-0.0448  	-0.0617  	-0.0206  	-0.0167  	-0.0297  	-0.0179  	-0.0137  	-0.0243  	0.02304  	-0.0025  	0.00637  	-0.0009  	-0.0097  	-0.0080  	0.02733  	0.01344  	0.08411  	0.01040  	0.00532  	0.01241  	0.03785  	-0.7581  	
-0.4772  	-0.1976  	-0.8906  	-0.3055  	0.03912  	-0.5036  	0.00132  	-0.1814  	-0.0014  	0.06951  	-0.4642  	-0.4555  	0.17484  	-0.0705  	-0.0152  	0.68525  	-0.0822  	0.01539  	0.30926  	0.61701  	0.01087  	0.37819  	-0.5656  	0.35426  	0.87488  	-0.2229  	0.17344  	0.24176  	0.31382  	0.27609  	-0.1786  	0.20197  	0.05697  	-0.0426  	0.48027  	0.11581  	0.07701  	-0.2468  	-0.1674  	0.45949  	-0.1928  	0.05296  	-0.2463  	0.18138  	0.16065  	-0.0439  	0.03080  	-0.1393  	-0.0390  	-0.0707  	-0.0274  	-0.0239  	-0.0323  	-0.0142  	-0.0212  	-0.0193  	0.02425  	-0.0068  	0.00533  	0.00190  	-0.0069  	-0.0029  	0.02369  	0.01301  	0.08411  	0.01040  	0.00532  	0.01241  	0.03785  	-0.7581  	
-0.3989  	-0.1770  	-0.8698  	-0.1785  	0.14010  	-0.4432  	0.00447  	-0.1290  	0.02802  	0.06182  	-0.5160  	-0.3762  	0.23664  	0.03016  	0.09931  	0.71888  	-0.0840  	0.01508  	0.29171  	0.62699  	0.00044  	0.37542  	-0.5834  	0.35103  	0.87744  	-0.2140  	0.14656  	0.24811  	0.35277  	0.28762  	-0.1730  	0.17389  	0.08097  	-0.0340  	0.49389  	0.08319  	0.03628  	-0.2651  	-0.1332  	0.48382  	-0.2162  	0.07024  	-0.2444  	0.17123  	0.16100  	-0.0365  	0.03021  	-0.1408  	-0.0369  	-0.0626  	-0.0269  	-0.0235  	-0.0370  	-0.0200  	-0.0157  	-0.0173  	0.02736  	-0.0040  	0.00591  	-0.0035  	-0.0060  	-0.0021  	0.02085  	0.01545  	0.08411  	0.01040  	0.00532  	0.01241  	0.03785  	-0.7581  	
-0.3538  	-0.1611  	-0.8460  	-0.1050  	0.17696  	-0.4404  	0.00714  	-0.1151  	0.03015  	0.06503  	-0.5405  	-0.3677  	0.26822  	0.07655  	0.12672  	0.73223  	-0.1152  	0.01993  	0.28441  	0.65586  	-0.0184  	0.39879  	-0.6470  	0.33931  	0.89691  	-0.2226  	0.12422  	0.27187  	0.37951  	0.30365  	-0.1791  	0.16379  	0.08149  	-0.0312  	0.49807  	0.08998  	0.02285  	-0.2730  	-0.1210  	0.49623  	-0.2257  	0.07252  	-0.2460  	0.17203  	0.15830  	-0.0378  	0.03152  	-0.1320  	-0.0381  	-0.0618  	-0.0239  	-0.0230  	-0.0342  	-0.0183  	-0.0162  	-0.0156  	0.02883  	-0.0063  	0.00568  	0.00013  	-0.0080  	-0.0044  	0.01611  	0.01341  	0.08411  	0.01040  	0.00532  	0.01241  	0.03785  	-0.7581  	
-0.3324  	-0.1423  	-0.8732  	-0.0726  	0.21447  	-0.4546  	-0.0172  	-0.1454  	0.01316  	0.08945  	-0.5910  	-0.3688  	0.28956  	0.13389  	0.23080  	0.67862  	-0.1156  	-0.0351  	0.29367  	0.62739  	-0.0188  	0.40189  	-0.6320  	0.38054  	0.85750  	-0.2055  	0.17536  	0.26042  	0.31543  	0.31835  	-0.1647  	0.18205  	0.09885  	-0.0348  	0.55340  	0.05128  	0.05501  	-0.2740  	-0.1502  	0.49720  	-0.2388  	0.08352  	-0.2698  	0.17271  	0.15539  	-0.0376  	0.03315  	-0.1355  	-0.0411  	-0.0531  	-0.0212  	-0.0217  	-0.0325  	-0.0178  	-0.0232  	-0.0132  	0.01861  	-0.0100  	0.01061  	0.00416  	-0.0036  	0.00410  	0.00642  	0.00181  	0.08411  	0.01040  	0.00532  	0.01241  	0.03785  	-0.7581  	
-0.2241  	-0.1240  	-0.7707  	-0.0305  	0.20078  	-0.3611  	0.05294  	-0.0980  	0.02078  	0.08461  	-0.7158  	-0.4792  	0.33295  	0.27401  	0.41357  	0.58956  	-0.1169  	-0.0385  	0.25889  	0.56026  	0.00492  	0.45221  	-0.5799  	0.35887  	0.89353  	-0.2363  	0.22357  	0.15346  	0.36221  	0.32733  	-0.1799  	0.17009  	0.08892  	-0.0162  	0.54510  	0.05871  	0.03934  	-0.2687  	-0.1180  	0.51243  	-0.2519  	0.09416  	-0.2633  	0.17329  	0.16171  	-0.0311  	0.02657  	-0.1244  	-0.0313  	-0.0586  	-0.0253  	-0.0189  	-0.0326  	-0.0199  	-0.0187  	-0.0092  	0.01340  	-0.0041  	0.00896  	0.00236  	-0.0030  	0.00423  	0.01203  	0.00404  	0.08411  	0.01040  	0.00532  	0.01241  	0.03785  	-0.7581  	
-0.0663  	-0.0603  	-0.6348  	-0.1248  	0.13602  	-0.2987  	0.07907  	-0.0903  	0.05158  	0.12558  	-0.7982  	-0.6301  	0.35450  	0.33024  	0.39709  	0.55864  	-0.0822  	-0.0519  	0.27965  	0.44560  	0.00996  	0.47363  	-0.4758  	0.34062  	0.95336  	-0.2442  	0.25541  	0.08340  	0.40613  	0.34991  	-0.1686  	0.17177  	0.06978  	-0.0254  	0.50132  	0.04273  	0.04350  	-0.2748  	-0.0928  	0.50777  	-0.1964  	0.07137  	-0.2231  	0.19246  	0.15544  	-0.0306  	0.00946  	-0.0972  	-0.0175  	-0.0671  	-0.0280  	-0.0150  	-0.0275  	-0.0208  	-0.0169  	-0.0051  	0.00754  	-0.0073  	0.00247  	0.00414  	-0.0022  	-0.0004  	0.01892  	0.00228  	0.08411  	0.01040  	0.00532  	0.01241  	0.03785  	-0.7581  	
-0.1590  	-0.0639  	-0.7074  	-0.2894  	0.07807  	-0.4216  	0.08753  	-0.0805  	0.02567  	0.18566  	-0.7231  	-0.7162  	0.34600  	0.26882  	0.31880  	0.51302  	-0.0766  	-0.1073  	0.29789  	0.44710  	0.01914  	0.52247  	-0.5055  	0.42269  	1.03395  	-0.2484  	0.36533  	-0.0259  	0.33538  	0.35514  	-0.1610  	0.18471  	0.03267  	-0.0549  	0.51472  	0.04902  	0.09424  	-0.2549  	-0.1236  	0.52015  	-0.2237  	0.06597  	-0.2387  	0.19816  	0.14121  	-0.0372  	0.02048  	-0.0953  	-0.0172  	-0.0555  	-0.0241  	-0.0145  	-0.0334  	-0.0130  	-0.0167  	-0.0159  	-0.0018  	-0.0112  	-0.0043  	0.01041  	-0.0030  	0.00026  	0.01592  	0.00282  	0.08411  	0.01040  	0.00532  	0.01241  	0.03785  	-0.7581  	
-0.2991  	-0.0898  	-0.8433  	-0.0376  	0.22529  	-0.4687  	0.05941  	-0.0999  	0.02847  	0.12847  	-0.6246  	-0.5029  	0.31532  	0.22973  	0.28585  	0.62572  	-0.0842  	-0.0630  	0.27651  	0.55126  	0.00271  	0.44319  	-0.6087  	0.44853  	1.01236  	-0.2380  	0.30984  	0.12820  	0.31587  	0.34270  	-0.1786  	0.17747  	0.06539  	-0.0436  	0.58705  	0.04934  	0.07021  	-0.2802  	-0.1542  	0.49734  	-0.2745  	0.09693  	-0.2750  	0.16704  	0.16086  	-0.0356  	0.02365  	-0.1294  	-0.0264  	-0.0611  	-0.0261  	-0.0286  	-0.0373  	-0.0219  	-0.0262  	-0.0145  	0.02172  	-0.0063  	0.00320  	-0.0039  	-0.0065  	0.00838  	0.02204  	0.00464  	0.08411  	0.01040  	0.00532  	0.01241  	0.03785  	-0.7581  	
-0.3312  	-0.1461  	-0.8983  	0.01298  	0.30369  	-0.4801  	0.02757  	-0.0926  	0.02296  	0.09068  	-0.6042  	-0.3443  	0.32383  	0.19771  	0.24129  	0.69233  	-0.1078  	-0.0450  	0.26862  	0.63337  	-0.0114  	0.43814  	-0.6508  	0.36226  	0.86911  	-0.2236  	0.18000  	0.23072  	0.33594  	0.32646  	-0.1779  	0.17184  	0.10284  	-0.0049  	0.57762  	0.06247  	0.03347  	-0.2747  	-0.1327  	0.49002  	-0.2492  	0.07854  	-0.2632  	0.16535  	0.16218  	-0.0307  	0.03437  	-0.1255  	-0.0324  	-0.0623  	-0.0314  	-0.0214  	-0.0306  	-0.0184  	-0.0187  	-0.0197  	0.01642  	-0.0110  	0.01058  	-0.0007  	-0.0023  	0.00552  	0.01467  	0.00715  	0.08411  	0.01040  	0.00532  	0.01241  	0.03785  	-0.7581  	
-0.5233  	-0.1587  	-0.9101  	-0.4164  	0.07921  	-0.6061  	0.02449  	-0.1712  	0.00803  	0.11287  	-0.4026  	-0.4117  	0.19162  	-0.0507  	-0.0140  	0.66327  	-0.1029  	0.06023  	0.30017  	0.64499  	0.02128  	0.36622  	-0.5528  	0.37488  	0.80043  	-0.2085  	0.10759  	0.21862  	0.28675  	0.24618  	-0.1450  	0.17449  	0.10253  	-0.0329  	0.51276  	0.06443  	0.06636  	-0.2450  	-0.1560  	0.47304  	-0.1972  	0.06190  	-0.2551  	0.17676  	0.15768  	-0.0301  	0.03498  	-0.1362  	-0.0494  	-0.0556  	-0.0267  	-0.0198  	-0.0313  	-0.0190  	-0.0217  	-0.0204  	0.02394  	-0.0062  	-0.0001  	0.00047  	3.71023  	-0.0006  	0.01730  	0.00847  	0.08411  	0.01040  	0.00532  	0.01241  	0.03785  	-0.7581  	
-0.5499  	-0.1985  	-0.8204  	-0.5666  	-0.0868  	-0.4941  	-0.0085  	-0.2064  	-0.0057  	0.09211  	-0.3597  	-0.5498  	0.13570  	-0.1856  	-0.1430  	0.67959  	-0.0724  	0.02915  	0.32629  	0.60104  	0.05490  	0.34974  	-0.4760  	0.34003  	0.80918  	-0.2013  	0.15691  	0.16542  	0.26951  	0.23737  	-0.1574  	0.19959  	0.07637  	-0.0363  	0.45972  	0.11649  	0.10542  	-0.2300  	-0.1737  	0.46400  	-0.1356  	0.04591  	-0.2377  	0.19100  	0.16380  	-0.0335  	0.03452  	-0.1498  	-0.0581  	-0.0616  	-0.0366  	-0.0184  	-0.0262  	-0.0141  	-0.0243  	-0.0227  	0.01597  	-0.0025  	0.00222  	0.00625  	-0.0042  	-0.0007  	0.02102  	0.01146  	0.08411  	0.01040  	0.00532  	0.01241  	0.03785  	-0.7581  	
-0.4433  	-0.1981  	-0.7873  	-0.4541  	-0.0388  	-0.5044  	0.01315  	-0.1821  	0.00016  	0.13205  	-0.4194  	-0.5171  	0.14391  	-0.1835  	-0.1271  	0.75730  	-0.0903  	0.05036  	0.32587  	0.63814  	-0.0234  	0.35277  	-0.5313  	0.33876  	0.81268  	-0.2090  	0.13111  	0.20319  	0.30413  	0.24402  	-0.1517  	0.19441  	0.07489  	-0.0396  	0.45489  	0.13037  	0.08906  	-0.2269  	-0.1632  	0.48697  	-0.1353  	0.04350  	-0.2343  	0.20059  	0.15481  	-0.0366  	0.03805  	-0.1314  	-0.0444  	-0.0611  	-0.0296  	-0.0173  	-0.0286  	-0.0175  	-0.0184  	-0.0261  	0.01607  	-0.0070  	-0.0019  	0.00116  	-0.0030  	-0.0035  	0.02849  	0.00992  	0.08411  	0.01040  	0.00532  	0.01241  	0.03785  	-0.7581  	
-0.4126  	-0.1679  	-0.7284  	-0.4399  	-0.0146  	-0.5509  	-0.0094  	-0.1396  	-0.0105  	0.17394  	-0.3350  	-0.4618  	0.18369  	-0.2357  	-0.1427  	0.73925  	-0.0479  	-0.0703  	0.36752  	0.47897  	-0.0095  	0.17606  	-0.7544  	0.29924  	0.78267  	-0.1471  	0.07400  	0.18546  	0.38127  	0.23524  	-0.0785  	0.15903  	-0.0006  	-0.1562  	0.42467  	0.12543  	0.00426  	-0.2325  	-0.2308  	0.40971  	-0.0877  	0.14289  	-0.3108  	0.24415  	0.10876  	-0.0229  	0.01883  	-0.1153  	-0.0520  	-0.0659  	-0.0218  	-0.0165  	-0.0274  	-0.0049  	-0.0104  	-0.0253  	0.01922  	-0.0134  	-0.0024  	0.00639  	-0.0005  	-0.0101  	0.01710  	0.01529  	0.08411  	0.01040  	0.00532  	0.01241  	0.03785  	-0.7581  	
-0.4099  	-0.1684  	-0.7137  	-0.4601  	-0.0297  	-0.5256  	-0.0172  	-0.1379  	-0.0237  	0.15724  	-0.3201  	-0.4582  	0.21666  	-0.2778  	-0.1603  	0.73937  	-0.0037  	-0.1418  	0.40789  	0.30305  	0.01833  	0.04362  	-0.9319  	0.28937  	0.74562  	-0.0956  	0.09827  	0.14065  	0.43864  	0.22672  	-0.0026  	0.12525  	-0.0529  	-0.2467  	0.38627  	0.12926  	-0.0533  	-0.2273  	-0.3026  	0.37816  	-0.0429  	0.21916  	-0.3790  	0.28798  	0.07381  	-0.0093  	0.00177  	-0.1058  	-0.0595  	-0.0726  	-0.0141  	-0.0125  	-0.0255  	0.00612  	-0.0064  	-0.0226  	0.01543  	-0.0215  	5.19292  	0.01412  	0.00141  	-0.0076  	0.00860  	0.01300  	0.08411  	0.01040  	0.00532  	0.01241  	0.03785  	-0.7581  	
-0.4579  	-0.1652  	-0.7457  	-0.4775  	-0.0609  	-0.5665  	-0.0152  	-0.1184  	-0.0343  	0.15604  	-0.3526  	-0.5046  	0.22010  	-0.2743  	-0.1512  	0.67789  	0.02781  	-0.1712  	0.41207  	0.25992  	0.03019  	0.02674  	-0.9412  	0.28786  	0.74876  	-0.0671  	0.06921  	0.14502  	0.49241  	0.22501  	0.01162  	0.11535  	-0.0825  	-0.2788  	0.34409  	0.12933  	-0.0767  	-0.2495  	-0.3040  	0.37021  	-0.0292  	0.23699  	-0.3946  	0.30583  	0.06920  	-0.0069  	-0.0018  	-0.1059  	-0.0625  	-0.0749  	-0.0152  	-0.0171  	-0.0266  	0.00503  	-0.0041  	-0.0248  	0.01605  	-0.0221  	-0.0002  	0.01574  	0.00182  	-0.0069  	0.00238  	0.01856  	0.08411  	0.01040  	0.00532  	0.01241  	0.03785  	-0.7581  	
-0.5770  	-0.1840  	-0.8243  	-0.4532  	-0.0346  	-0.5921  	-0.0266  	-0.1483  	-0.0510  	0.10749  	-0.4003  	-0.4884  	0.19238  	-0.2316  	-0.1142  	0.62340  	0.04201  	-0.1846  	0.39922  	0.27027  	0.05757  	0.05650  	-0.9038  	0.33557  	0.78813  	-0.0849  	0.14681  	0.12153  	0.46439  	0.24825  	-0.0119  	0.13244  	-0.0755  	-0.2584  	0.36464  	0.13621  	-0.0533  	-0.2368  	-0.3033  	0.36971  	-0.0524  	0.22497  	-0.3857  	0.28732  	0.07871  	-0.0131  	0.00136  	-0.1140  	-0.0697  	-0.0790  	-0.0196  	-0.0107  	-0.0262  	0.00589  	-0.0048  	-0.0280  	0.02040  	-0.0181  	0.00545  	0.01121  	-0.0001  	-0.0140  	0.00354  	0.01666  	0.08411  	0.01040  	0.00532  	0.01241  	0.03785  	-0.7581  	
-0.5771  	-0.2058  	-0.8505  	-0.5574  	-0.1257  	-0.5307  	-0.0366  	-0.1636  	-0.0607  	0.04869  	-0.3989  	-0.5384  	0.14785  	-0.2714  	-0.0740  	0.60366  	0.01160  	-0.1014  	0.36717  	0.38408  	0.03234  	0.21026  	-0.6532  	0.32780  	0.80767  	-0.1376  	0.18982  	0.11081  	0.38126  	0.23944  	-0.0702  	0.16557  	-0.0239  	-0.1568  	0.39958  	0.10527  	0.04279  	-0.2079  	-0.2585  	0.37891  	-0.0763  	0.13975  	-0.3175  	0.24616  	0.11894  	-0.0202  	0.01416  	-0.1340  	-0.0646  	-0.0650  	-0.0321  	-0.0085  	-0.0200  	0.00017  	-0.0143  	-0.0274  	0.01374  	-0.0142  	0.00330  	0.00591  	0.00362  	-0.0130  	0.01645  	0.01229  	0.08411  	0.01040  	0.00532  	0.01241  	0.03785  	-0.7581  	
-0.4967  	-0.2196  	-0.8460  	-0.4493  	-0.0415  	-0.5120  	-0.0239  	-0.1920  	-0.0203  	0.07904  	-0.4460  	-0.4929  	0.12524  	-0.1984  	-0.1081  	0.71472  	-0.0836  	0.03278  	0.29955  	0.61504  	-0.0432  	0.37077  	-0.5305  	0.32542  	0.84167  	-0.1989  	0.14500  	0.20357  	0.30662  	0.25735  	-0.1581  	0.19276  	0.05484  	-0.0380  	0.45961  	0.12659  	0.07946  	-0.2202  	-0.1566  	0.47456  	-0.1506  	0.06978  	-0.2218  	0.18633  	0.15190  	-0.0347  	0.03643  	-0.1329  	-0.0483  	-0.0554  	-0.0296  	-0.0168  	-0.0296  	-0.0168  	-0.0123  	-0.0193  	0.02153  	-0.0077  	0.00395  	0.00612  	-0.0077  	-0.0049  	0.02103  	0.01801  	0.08411  	0.01040  	0.00532  	0.01241  	0.03785  	-0.7581  	
-0.3964  	-0.1786  	-0.8247  	-0.3695  	0.04190  	-0.5150  	0.01010  	-0.2034  	-0.0087  	0.16275  	-0.4161  	-0.4096  	0.16881  	-0.1684  	-0.1489  	0.76759  	-0.1152  	0.04229  	0.30506  	0.64681  	-0.0711  	0.36374  	-0.5921  	0.30447  	0.78279  	-0.2156  	0.10272  	0.25730  	0.32551  	0.26256  	-0.1714  	0.20024  	0.07127  	-0.0317  	0.49899  	0.14625  	0.05861  	-0.2456  	-0.1530  	0.48588  	-0.1473  	0.05401  	-0.2227  	0.19610  	0.16403  	-0.0336  	0.03244  	-0.1221  	-0.0387  	-0.0598  	-0.0218  	-0.0203  	-0.0283  	-0.0198  	-0.0157  	-0.0232  	0.02317  	-0.0001  	0.00027  	0.00342  	-0.0102  	-0.0063  	0.01985  	0.01077  	0.08411  	0.01040  	0.00532  	0.01241  	0.03785  	-0.7581  	
-0.2243  	-0.0985  	-0.6380  	-0.2887  	0.07429  	-0.4101  	0.03279  	-0.1001  	0.01831  	0.12352  	-0.4201  	-0.4667  	0.22839  	0.04051  	0.01010  	0.77484  	-0.1030  	-0.0446  	0.29285  	0.54355  	0.10992  	0.37295  	-0.5357  	0.42992  	0.77053  	-0.2382  	0.22221  	0.06765  	0.17392  	0.24869  	-0.1747  	0.24077  	0.07671  	-0.0471  	0.57821  	0.05789  	0.17352  	-0.2231  	-0.1948  	0.48811  	-0.1808  	0.07210  	-0.2581  	0.19111  	0.15043  	-0.0331  	0.03021  	-0.1246  	-0.0276  	-0.0569  	-0.0317  	-0.0164  	-0.0293  	-0.0138  	-0.0188  	-0.0166  	0.01017  	-0.0042  	0.00381  	-0.0006  	0.00354  	0.00227  	0.02316  	0.00857  	0.08411  	0.01040  	0.00532  	0.01241  	0.03785  	-0.7581  	
-0.1112  	-0.0481  	-0.5974  	-0.3447  	-0.0125  	-0.3419  	0.02558  	-0.0457  	0.05910  	0.07982  	-0.4065  	-0.4085  	0.24867  	0.06870  	0.04371  	0.76693  	-0.0929  	-0.0377  	0.34341  	0.55088  	0.13625  	0.41707  	-0.5122  	0.33782  	0.82495  	-0.2344  	0.15997  	0.06248  	0.16206  	0.24080  	-0.1379  	0.18326  	0.08215  	-0.0370  	0.53301  	0.05029  	0.17658  	-0.2079  	-0.1692  	0.42782  	-0.1810  	0.04671  	-0.2075  	0.19648  	0.16017  	-0.0398  	0.02386  	-0.1028  	-0.0209  	-0.0511  	-0.0279  	-0.0214  	-0.0284  	-0.0169  	-0.0188  	-0.0103  	0.01779  	-0.0019  	-0.0086  	-0.0013  	-0.0046  	0.00091  	0.02846  	0.00573  	0.08411  	0.01040  	0.00532  	0.01241  	0.03785  	-0.7581  	
-0.2176  	-0.0341  	-0.6216  	-0.4144  	-0.0180  	-0.4111  	0.07994  	-0.0282  	0.08312  	0.12606  	-0.3946  	-0.4547  	0.26857  	0.18873  	0.01086  	0.78340  	-0.0867  	-0.0344  	0.30913  	0.62560  	0.18138  	0.39379  	-0.6038  	0.35900  	0.88598  	-0.2622  	0.20314  	0.07592  	0.22142  	0.26215  	-0.1831  	0.19934  	0.11161  	-0.0404  	0.55730  	0.05512  	0.16553  	-0.2293  	-0.1627  	0.50977  	-0.1998  	0.06712  	-0.2482  	0.19298  	0.14150  	-0.0289  	0.02422  	-0.1120  	-0.0307  	-0.0676  	-0.0225  	-0.0135  	-0.0365  	-0.0212  	-0.0229  	-0.0090  	0.01319  	-0.0099  	0.00361  	-0.0007  	0.00061  	0.00418  	0.01476  	0.00101  	0.08411  	0.01040  	0.00532  	0.01241  	0.03785  	-0.7581  	
-0.5006  	-0.1734  	-0.8715  	-0.2663  	0.06695  	-0.5639  	0.06875  	-0.1431  	-0.0003  	0.12567  	-0.2986  	-0.3545  	0.22387  	0.09323  	-0.0003  	0.70714  	-0.1084  	0.03630  	0.31236  	0.71281  	0.02383  	0.39916  	-0.5937  	0.39883  	0.82503  	-0.2346  	0.10553  	0.14754  	0.23322  	0.25228  	-0.1456  	0.16644  	0.13917  	-0.0283  	0.53801  	0.06232  	0.13614  	-0.2447  	-0.1531  	0.47622  	-0.2092  	0.06684  	-0.2747  	0.16650  	0.15009  	-0.0352  	0.03028  	-0.1285  	-0.0578  	-0.0550  	-0.0230  	-0.0197  	-0.0301  	-0.0186  	-0.0259  	-0.0077  	0.01193  	-0.0091  	-0.0049  	0.00572  	0.00246  	0.00287  	0.01229  	0.00797  	0.08411  	0.01040  	0.00532  	0.01241  	0.03785  	-0.7581  	
-0.8138  	-0.2886  	-1.0067  	-0.5047  	0.05302  	-0.7816  	-1.4113  	-0.2410  	-0.0244  	0.19225  	-0.2241  	-0.4066  	0.15920  	-0.1469  	-0.1236  	0.59988  	-0.0979  	0.06958  	0.29516  	0.73524  	0.04269  	0.29719  	-0.5587  	0.33332  	0.76362  	-0.1881  	0.05473  	0.20997  	0.20042  	0.20509  	-0.1140  	0.13010  	0.11697  	-0.0380  	0.52686  	0.07816  	0.09510  	-0.2409  	-0.1753  	0.44486  	-0.2037  	0.06165  	-0.2656  	0.16145  	0.17435  	-0.0324  	0.03793  	-0.1474  	-0.0644  	-0.0457  	-0.0286  	-0.0181  	-0.0416  	-0.0097  	-0.0226  	-0.0260  	0.02009  	-0.0064  	-0.0135  	0.00221  	-0.0067  	-0.0056  	0.03314  	0.01598  	0.08411  	0.01040  	0.00532  	0.01241  	0.03785  	-0.7581  	
-0.7624  	-0.2924  	-0.9784  	-0.6256  	-0.0476  	-0.7566  	0.01059  	-0.1805  	0.00021  	0.19555  	-0.1822  	-0.4804  	0.15026  	-0.1431  	-0.2077  	0.61205  	-0.0989  	0.02888  	0.30043  	0.69256  	0.06253  	0.32686  	-0.5082  	0.33567  	0.76677  	-0.1825  	0.07332  	0.17897  	0.23849  	0.21178  	-0.1346  	0.15055  	0.09369  	-0.0393  	0.49958  	0.06040  	0.10386  	-0.2362  	-0.1626  	0.42720  	-0.1880  	0.06236  	-0.2579  	0.17331  	0.16592  	-0.0350  	0.03735  	-0.1619  	-0.0508  	-0.0553  	-0.0286  	-0.0224  	-0.0362  	-0.0165  	-0.0250  	-0.0192  	0.01559  	-0.0015  	-0.0026  	0.00260  	-0.0005  	-0.0017  	0.02427  	0.01340  	0.08411  	0.01040  	0.00532  	0.01241  	0.03785  	-0.7581  	
-0.6056  	-0.2092  	-0.8676  	-0.5253  	-0.0339  	-0.6009  	-0.0009  	-0.1198  	0.02660  	0.15105  	-0.3010  	-0.4130  	0.18953  	-0.0595  	-0.0881  	0.65383  	-0.0829  	0.01351  	0.29373  	0.67630  	0.07054  	0.32366  	-0.5487  	0.34647  	0.77951  	-0.2037  	0.11129  	0.18853  	0.21306  	0.22356  	-0.1310  	0.15485  	0.10920  	-0.0386  	0.48650  	0.05483  	0.08534  	-0.2415  	-0.1415  	0.45280  	-0.1861  	0.06279  	-0.2474  	0.16634  	0.15677  	-0.0307  	0.03749  	-0.1444  	-0.0465  	-0.0534  	-0.0301  	-0.0222  	-0.0339  	-0.0195  	-0.0263  	-0.0236  	0.01198  	-0.0035  	-0.0056  	0.00345  	-0.0008  	0.00437  	0.02056  	0.01253  	0.08411  	0.01040  	0.00532  	0.01241  	0.03785  	-0.7581  	
-0.3049  	-0.1270  	-0.7472  	-0.3453  	0.00947  	-0.4165  	0.00805  	-0.1016  	0.04475  	0.10816  	-0.5066  	-0.4324  	0.27454  	0.08800  	0.18819  	0.65268  	-0.0766  	-0.0214  	0.29474  	0.57414  	0.10026  	0.38955  	-0.4931  	0.34436  	0.75834  	-0.2010  	0.13967  	0.09839  	0.20716  	0.25068  	-0.1255  	0.18197  	0.10431  	-0.0558  	0.50827  	0.00485  	0.13456  	-0.2372  	-0.1731  	0.48049  	-0.1725  	0.04575  	-0.2333  	0.19347  	0.15908  	-0.0425  	0.03235  	-0.1265  	-0.0367  	-0.0501  	-0.0390  	-0.0187  	-0.0368  	-0.0156  	-0.0181  	-0.0183  	0.00782  	-0.0081  	-0.0034  	0.00262  	-0.0019  	0.00711  	0.02240  	0.01384  	0.08411  	0.01040  	0.00532  	0.01241  	0.03785  	-0.7581  	
-0.1688  	-0.0819  	-0.6663  	-0.2774  	0.02328  	-0.3149  	0.03073  	-0.0508  	0.07020  	0.05243  	-0.6019  	-0.5112  	0.28174  	0.15818  	0.22256  	0.68978  	-0.0815  	-0.0468  	0.30296  	0.52906  	0.11868  	0.44197  	-0.4632  	0.35253  	0.82164  	-0.2152  	0.19046  	0.04185  	0.21632  	0.27852  	-0.1436  	0.19392  	0.10079  	-0.0304  	0.52046  	0.01479  	0.14536  	-0.2219  	-0.1564  	0.45669  	-0.2021  	0.04810  	-0.2186  	0.19039  	0.15119  	-0.0363  	0.02540  	-0.1057  	-0.0282  	-0.0623  	-0.0351  	-0.0186  	-0.0340  	-0.0163  	-0.0174  	-0.0108  	0.00620  	-0.0046  	-0.0022  	0.00299  	0.00063  	0.00237  	0.02282  	0.00475  	0.08411  	0.01040  	0.00532  	0.01241  	0.03785  	-0.7581  	
-0.2694  	-0.1181  	-0.6626  	-0.4279  	-0.0275  	-0.4107  	0.02833  	-0.0885  	0.03602  	0.09954  	-0.3939  	-0.5196  	0.20669  	-0.0646  	-0.0909  	0.81621  	-0.0883  	0.02518  	0.32765  	0.59471  	0.08512  	0.38182  	-0.5687  	0.34724  	0.81253  	-0.2142  	0.10548  	0.14490  	0.25162  	0.24774  	-0.1575  	0.19713  	0.09490  	-0.0510  	0.50160  	0.09998  	0.12906  	-0.2181  	-0.1682  	0.47298  	-0.1452  	0.04331  	-0.2080  	0.18425  	0.15435  	-0.0331  	0.02894  	-0.1287  	-0.0345  	-0.0681  	-0.0300  	-0.0207  	-0.0278  	-0.0197  	-0.0190  	-0.0202  	0.01720  	-0.0033  	-0.0042  	0.00303  	-0.0180  	-0.0007  	0.02539  	0.01161  	0.08411  	0.01040  	0.00532  	0.01241  	0.03785  	-0.7581  	
-0.5002  	-0.1840  	-0.8187  	-0.5635  	-0.1249  	-0.6121  	0.05301  	-0.2190  	-0.0074  	0.17555  	-0.3979  	-0.5605  	0.19243  	-0.1066  	-0.2079  	0.71669  	-0.1075  	0.06242  	0.30869  	0.64558  	-0.0715  	0.35710  	-0.5879  	0.30413  	0.85912  	-0.2105  	0.10961  	0.26358  	0.35619  	0.24590  	-0.1409  	0.18037  	0.05814  	-0.0403  	0.44184  	0.19087  	0.02257  	-0.2331  	-0.1378  	0.47641  	-0.1202  	0.05519  	-0.2216  	0.18614  	0.15588  	-0.0475  	0.03600  	-0.1223  	-0.0449  	-0.0674  	-0.0231  	-0.0144  	-0.0321  	-0.0176  	-0.0112  	-0.0229  	0.01532  	-0.0034  	0.00244  	-0.0015  	0.00243  	-0.0009  	0.03184  	0.01661  	0.08411  	0.01040  	0.00532  	0.01241  	0.03785  	-0.7581  	
-0.6930  	-0.2489  	-0.9390  	-0.5620  	-0.0725  	-0.6929  	0.00930  	-0.2487  	-0.0285  	0.17973  	-0.2754  	-0.5203  	0.16016  	-0.1714  	-0.2166  	0.66399  	-0.0845  	0.02168  	0.31354  	0.63041  	-0.0310  	0.36351  	-0.5497  	0.34538  	0.89092  	-0.2013  	0.11894  	0.18019  	0.28621  	0.24543  	-0.1354  	0.17364  	0.06368  	-0.0436  	0.47543  	0.15019  	0.06791  	-0.2377  	-0.1776  	0.45598  	-0.1572  	0.06844  	-0.2482  	0.16293  	0.16966  	-0.0366  	0.03720  	-0.1443  	-0.0510  	-0.0550  	-0.0318  	-0.0181  	-0.0346  	-0.0171  	-0.0193  	-0.0220  	0.01873  	-0.0056  	0.00691  	0.00708  	-0.0072  	-0.0050  	0.02866  	0.01237  	0.08411  	0.01040  	0.00532  	0.01241  	0.03785  	-0.7581  	
-0.7620  	-0.2804  	-0.9853  	-0.6378  	-0.0991  	-0.7669  	-0.0292  	-0.1886  	-0.0107  	0.15149  	-0.2238  	-0.5404  	0.12898  	-0.1411  	-0.1613  	0.59757  	-0.0740  	-0.0148  	0.30688  	0.63647  	0.06241  	0.33332  	-0.5045  	0.37157  	0.82891  	-0.2004  	0.13360  	0.15453  	0.26423  	0.22969  	-0.1350  	0.17875  	0.08344  	-0.0553  	0.50530  	0.09359  	0.13223  	-0.2282  	-0.1861  	0.44322  	-0.1729  	0.05346  	-0.2738  	0.16870  	0.16629  	-0.0328  	0.04600  	-0.1544  	-0.0503  	-0.0598  	-0.0376  	-0.0174  	-0.0281  	-0.0164  	-0.0205  	-0.0262  	0.01662  	-0.0034  	-0.0013  	0.00762  	-0.0013  	0.00033  	0.02175  	0.01433  	0.08411  	0.01040  	0.00532  	0.01241  	0.03785  	-0.7581  	
-0.7459  	-0.2716  	-0.9773  	-0.6287  	-0.0985  	-0.7441  	-0.0316  	-0.1808  	0.00393  	0.14560  	-0.2274  	-0.4942  	0.14007  	-0.1512  	-0.1841  	0.61543  	-0.0615  	0.02043  	0.31008  	0.64992  	0.05912  	0.32575  	-0.4991  	0.33148  	0.77084  	-0.1876  	0.08823  	0.18551  	0.26485  	0.21044  	-0.1404  	0.16866  	0.07436  	-0.0438  	0.45947  	0.08698  	0.09599  	-0.2255  	-0.1593  	0.43827  	-0.1618  	0.05142  	-0.2520  	0.16273  	0.15699  	-0.0339  	0.04162  	-0.1484  	-0.0506  	-0.0593  	-0.0353  	-0.0176  	-0.0351  	-0.0147  	-0.0197  	-0.0226  	0.01447  	-0.0034  	-0.0047  	0.00385  	-0.0031  	-0.0020  	0.02265  	0.01386  	0.08411  	0.01040  	0.00532  	0.01241  	0.03785  	-0.7581  	
-0.7333  	-0.2240  	-0.8939  	-0.6980  	-0.1223  	-0.6464  	-0.0120  	-0.1965  	-1.6818  	0.15822  	-0.2629  	-0.5247  	0.16142  	-0.1645  	-0.2270  	0.62929  	-0.0645  	0.03102  	0.29768  	0.63132  	-0.0162  	0.35140  	-0.4731  	0.31945  	0.78718  	-0.1838  	0.06556  	0.22191  	0.31789  	0.21237  	-0.1226  	0.15702  	0.07925  	-0.0398  	0.40745  	0.10579  	0.06533  	-0.2463  	-0.1324  	0.43611  	-0.1301  	0.04566  	-0.2298  	0.17450  	0.15973  	-0.0361  	0.03662  	-0.1357  	-0.0424  	-0.0588  	-0.0338  	-0.0165  	-0.0326  	-0.0178  	-0.0169  	-0.0244  	0.01411  	-0.0028  	0.00350  	0.00172  	-0.0020  	-0.0011  	0.02361  	0.01327  	0.08411  	0.01040  	0.00532  	0.01241  	0.03785  	-0.7581  	
-0.6834  	-0.2101  	-0.9143  	-0.6445  	-0.1005  	-0.5551  	-0.0100  	-0.1971  	-0.0023  	0.13114  	-0.3824  	-0.4905  	0.15550  	-0.2226  	-0.1832  	0.66098  	-0.0562  	0.07021  	0.32243  	0.62523  	-0.0635  	0.36818  	-0.4612  	0.28234  	0.80900  	-0.1822  	0.05929  	0.27594  	0.37557  	0.23314  	-0.1137  	0.15016  	0.07011  	-0.0422  	0.35430  	0.10162  	0.02506  	-0.2545  	-0.1022  	0.46458  	-0.1175  	0.02961  	-0.2107  	0.19028  	0.15994  	-0.0372  	0.03093  	-0.1257  	-0.0482  	-0.0529  	-0.0366  	-0.0154  	-0.0332  	-0.0214  	-0.0160  	-0.0223  	0.01704  	-0.0054  	0.00354  	-0.0013  	-0.0031  	-0.0037  	0.02497  	0.00990  	0.08411  	0.01040  	0.00532  	0.01241  	0.03785  	-0.7581  	
-0.5356  	-0.1933  	-0.8676  	-0.5053  	-0.0452  	-0.5044  	-0.0280  	-0.1786  	-0.0048  	0.08549  	-0.4374  	-0.4262  	0.19138  	-0.1743  	-0.1092  	0.68390  	-0.0631  	0.04825  	0.30792  	0.61449  	-0.0686  	0.37868  	-0.5124  	0.29483  	0.82201  	-0.1873  	0.07445  	0.27456  	0.34878  	0.23524  	-0.1301  	0.17125  	0.08675  	-0.0338  	0.39083  	0.10129  	0.03571  	-0.2446  	-0.1111  	0.47938  	-0.1269  	0.04927  	-0.2063  	0.18452  	0.15450  	-0.0339  	0.04189  	-0.1273  	-0.0454  	-0.0520  	-0.0317  	-0.0175  	-0.0337  	-0.0189  	-0.0187  	-0.0270  	0.02133  	-0.0034  	0.00176  	0.00132  	0.00112  	-0.0022  	0.02697  	0.01328  	0.08411  	0.01040  	0.00532  	0.01241  	0.03785  	-0.7581  	
-0.4447  	-0.1583  	-0.8131  	-0.4413  	0.00054  	-0.5110  	0.01226  	-0.1861  	0.00072  	0.13599  	-0.4329  	-0.4548  	0.17071  	-0.1598  	-0.1145  	0.72318  	-0.1059  	0.06187  	0.29805  	0.63948  	-0.0624  	0.35127  	-0.5502  	0.26818  	0.80706  	-0.2137  	0.06626  	0.28561  	0.34972  	0.24365  	-0.1457  	0.17148  	0.08550  	-0.0312  	0.44814  	0.12926  	0.04215  	-0.2398  	-0.1245  	0.47935  	-0.1371  	0.05112  	-0.2180  	0.18551  	0.15575  	-0.0384  	0.03718  	-0.1259  	-0.0419  	-0.0639  	-0.0278  	-0.0198  	-0.0273  	-0.0207  	-0.0170  	-0.0220  	0.02185  	-0.0011  	0.00156  	0.00462  	-0.0046  	-0.0023  	0.02961  	0.01579  	0.08411  	0.01040  	0.00532  	0.01241  	0.03785  	-0.7581  	
-0.4115  	-0.1665  	-0.7819  	-0.4025  	0.00352  	-0.5223  	0.01923  	-0.2037  	0.00778  	0.18456  	-0.3694  	-0.4473  	0.15449  	-0.1507  	-0.1564  	0.77575  	-0.1143  	0.07247  	0.28987  	0.65960  	-0.0514  	0.33465  	-0.5764  	0.26678  	0.81159  	-0.2202  	0.06240  	0.28809  	0.34247  	0.25279  	-0.1634  	0.19142  	0.07454  	-0.0255  	0.48193  	0.13804  	0.05159  	-0.2421  	-0.1425  	0.47121  	-0.1568  	0.05149  	-0.2279  	0.18010  	0.16210  	-0.0354  	0.03431  	-0.1280  	-0.0405  	-0.0612  	-0.0200  	-0.0197  	-0.0261  	-0.0217  	-0.0159  	-0.0216  	0.02224  	-0.0016  	0.00253  	0.00051  	-0.0048  	-0.0058  	0.02709  	0.01596  	0.08411  	0.01040  	0.00532  	0.01241  	0.03785  	-0.7581  	
-0.3851  	-0.1749  	-0.7959  	-0.4099  	0.00310  	-0.4818  	0.01631  	-0.1949  	0.00341  	0.17383  	-0.3716  	-0.4810  	0.14887  	-0.1602  	-0.1684  	0.77606  	-0.1197  	0.04688  	0.29409  	0.63645  	-0.0122  	0.35546  	-0.5884  	0.28341  	0.84478  	-0.2337  	0.10758  	0.25195  	0.32806  	0.26493  	-0.1663  	0.20510  	0.05765  	-0.0361  	0.49345  	0.16119  	0.07696  	-0.2343  	-0.1531  	0.47153  	-0.1657  	0.05602  	-0.2308  	0.18526  	0.16334  	-0.0365  	0.03171  	-0.1347  	-0.0413  	-0.0608  	-0.0202  	-0.0197  	-0.0257  	-0.0187  	-0.0140  	-0.0202  	0.02368  	-0.0024  	0.00314  	0.00161  	-0.0072  	-0.0041  	0.02629  	0.01411  	0.08411  	0.01040  	0.00532  	0.01241  	0.03785  	-0.7581  	
-0.4049  	-0.1711  	-0.7839  	-0.4740  	-0.0382  	-0.4719  	0.01948  	-0.2122  	-0.0089  	0.15196  	-0.3529  	-0.5006  	0.14746  	-0.1519  	-0.2080  	0.77234  	-0.1149  	0.03818  	0.29976  	0.61965  	-0.0075  	0.34859  	-0.5572  	0.28269  	0.83313  	-0.2306  	0.09983  	0.24214  	0.32619  	0.25690  	-0.1592  	0.19414  	0.05551  	-0.0378  	0.47841  	0.16037  	0.07929  	-0.2267  	-0.1512  	0.47695  	-0.1449  	0.06014  	-0.2266  	0.17773  	0.15772  	-0.0347  	0.03477  	-0.1332  	-0.0419  	-0.0573  	-0.0218  	-0.0180  	-0.0270  	-0.0176  	-0.0144  	-0.0230  	0.02071  	-0.0038  	0.00273  	0.00310  	-0.0087  	2.11250  	0.02690  	0.01136  	0.08411  	0.01040  	0.00532  	0.01241  	0.03785  	-0.7581  	
-0.4252  	-0.1643  	-0.8033  	-0.5091  	-0.0604  	-0.5002  	0.02461  	-0.2161  	-0.0209  	0.11989  	-0.3892  	-0.5225  	0.15857  	-0.1367  	-0.1461  	0.71691  	-0.1044  	0.03999  	0.30067  	0.61380  	-0.0021  	0.34811  	-0.5422  	0.27401  	0.82100  	-0.2231  	0.09945  	0.23929  	0.33613  	0.25684  	-0.1568  	0.18881  	0.05274  	-0.0388  	0.47155  	0.15333  	0.08625  	-0.2259  	-0.1552  	0.47236  	-0.1381  	0.06308  	-0.2298  	0.17510  	0.15545  	-0.0353  	0.03471  	-0.1402  	-0.0469  	-0.0628  	-0.0273  	-0.0161  	-0.0257  	-0.0180  	-0.0162  	-0.0235  	0.01745  	-0.0041  	0.00361  	0.00039  	-0.0062  	-0.0004  	0.02795  	0.01399  	0.08411  	0.01040  	0.00532  	0.01241  	0.03785  	-0.7581  	
-0.4796  	-0.1800  	-0.8363  	-0.4758  	-0.0331  	-0.5260  	0.00717  	-0.1929  	-0.0131  	0.06611  	-0.4189  	-0.5362  	0.14486  	-0.1402  	-0.0758  	0.68083  	-0.0969  	0.01555  	0.31604  	0.59710  	0.02808  	0.36457  	-0.5160  	0.29658  	0.82142  	-0.2102  	0.13704  	0.18064  	0.29178  	0.25990  	-0.1607  	0.19388  	0.05148  	-0.0369  	0.50352  	0.12871  	0.11994  	-0.2126  	-0.1833  	0.45636  	-0.1403  	0.06693  	-0.2379  	0.17704  	0.16041  	-0.0326  	0.03282  	-0.1411  	-0.0484  	-0.0581  	-0.0304  	-0.0182  	-0.0261  	-0.0168  	-0.0122  	-0.0212  	0.02370  	0.00062  	0.00242  	-0.0015  	-0.0029  	-0.0047  	0.02786  	0.01576  	0.08411  	0.01040  	0.00532  	0.01241  	0.03785  	-0.7581  	
-0.5285  	-0.1885  	-0.8587  	-0.4570  	-0.0349  	-0.5523  	-0.0166  	-0.1865  	-0.0033  	0.07765  	-0.4233  	-0.5067  	0.16007  	-0.1247  	-0.0544  	0.66886  	-0.0768  	0.03648  	0.31742  	0.60390  	-0.0035  	0.37371  	-0.5068  	0.29397  	0.84105  	-0.1992  	0.09668  	0.22741  	0.33261  	0.25232  	-0.1551  	0.17474  	0.05830  	-0.0347  	0.46583  	0.11646  	0.08170  	-0.2344  	-0.1623  	0.45718  	-0.1364  	0.06042  	-0.2436  	0.17454  	0.16396  	-0.0303  	0.03624  	-0.1439  	-0.0474  	-0.0539  	-0.0293  	-0.0209  	-0.0279  	-0.0211  	-0.0179  	-0.0169  	0.01819  	-0.0005  	0.00430  	-0.0024  	-0.0036  	0.00056  	0.02644  	0.01287  	0.08411  	0.01040  	0.00532  	0.01241  	0.03785  	-0.7581  	
-0.5418  	-0.1807  	-0.8430  	-0.4642  	-0.0441  	-0.5607  	-0.0400  	-0.1716  	0.00161  	0.08250  	-0.3929  	-0.4735  	0.15349  	-0.1190  	-0.0685  	0.67558  	-0.0690  	0.01185  	0.30514  	0.56533  	0.02982  	0.36076  	-0.5034  	0.28448  	0.81008  	-0.1982  	0.10271  	0.20397  	0.30127  	0.25162  	-0.1535  	0.17271  	0.06390  	-0.0364  	0.45661  	0.08272  	0.11146  	-0.2159  	-0.1652  	0.43957  	-0.1396  	0.05935  	-0.2311  	0.16967  	0.16330  	-0.0319  	0.03868  	-0.1483  	-0.0519  	-0.0524  	-0.0365  	-0.0194  	-0.0317  	-0.0170  	-0.0230  	-0.0216  	0.01695  	-0.0050  	0.00255  	-0.0055  	-0.0018  	0.00452  	0.02357  	0.01224  	0.08411  	0.01040  	0.00532  	0.01241  	0.03785  	-0.7581  	
-0.5268  	-0.1696  	-0.8195  	-0.4703  	-0.0533  	-0.5936  	-0.0630  	-0.1317  	-0.0090  	0.08636  	-0.3482  	-0.4487  	0.18459  	-0.1731  	-0.0635  	0.63845  	-0.0028  	-0.0940  	0.35000  	0.38816  	0.08238  	0.18769  	-0.6918  	0.28641  	0.72916  	-0.1131  	0.08448  	0.13786  	0.35617  	0.22429  	-0.0667  	0.13843  	0.00681  	-0.1620  	0.39398  	0.05861  	0.04245  	-0.2151  	-0.2519  	0.38902  	-0.0808  	0.14929  	-0.3122  	0.23167  	0.12086  	-0.0187  	0.02324  	-0.1309  	-0.0612  	-0.0601  	-0.0341  	-0.0158  	-0.0309  	-0.0047  	-0.0183  	-0.0248  	0.01452  	-0.0138  	0.00332  	0.00467  	0.00038  	0.00040  	0.01138  	0.01295  	0.08411  	0.01040  	0.00532  	0.01241  	0.03785  	-0.7581  	
-0.5381  	-0.1674  	-0.8136  	-0.4402  	-0.0371  	-0.6104  	-0.0850  	-0.1044  	-0.0230  	0.07059  	-0.3471  	-0.4305  	0.21001  	-0.2090  	-0.0237  	0.59290  	0.05304  	-0.1900  	0.39207  	0.23232  	0.12257  	0.05183  	-0.8402  	0.28667  	0.68928  	-0.0519  	0.08228  	0.09237  	0.40591  	0.21575  	0.00093  	0.10961  	-0.0510  	-0.2566  	0.36127  	0.04617  	-0.0109  	-0.2193  	-0.3215  	0.33838  	-0.0375  	0.22378  	-0.3793  	0.27810  	0.08870  	-0.0080  	0.00864  	-0.1218  	-0.0723  	-0.0670  	-0.0301  	-0.0125  	-0.0289  	0.00617  	-0.0133  	-0.0251  	0.01386  	-0.0203  	0.00347  	0.01030  	0.00241  	-0.0024  	0.00156  	0.01366  	0.08411  	0.01040  	0.00532  	0.01241  	0.03785  	-0.7581  	
-0.5522  	-0.1737  	-0.8205  	-0.4389  	-0.0340  	-0.6171  	-0.0884  	-0.1020  	-0.0309  	0.07035  	-0.3520  	-0.4302  	0.22155  	-0.2262  	-0.0151  	0.57830  	0.07014  	-0.2081  	0.40065  	0.20225  	0.12152  	0.01616  	-0.8781  	0.28603  	0.68023  	-0.0368  	0.07457  	0.09095  	0.42837  	0.21463  	0.02065  	0.10170  	-0.0664  	-0.2800  	0.34639  	0.04471  	-0.0337  	-0.2226  	-0.3358  	0.32942  	-0.0263  	0.24035  	-0.3955  	0.29114  	0.07929  	-0.0054  	0.00486  	-0.1197  	-0.0748  	-0.0696  	-0.0286  	-0.0114  	-0.0280  	0.00914  	-0.0118  	-0.0254  	0.01334  	-0.0225  	0.00346  	0.01284  	0.00358  	-0.0031  	-0.0006  	0.01439  	0.08411  	0.01040  	0.00532  	0.01241  	0.03785  	-0.7581  	
-0.5496  	-0.1726  	-0.8242  	-0.4397  	-0.0332  	-0.6080  	-0.0812  	-0.1080  	-0.0262  	0.07287  	-0.3539  	-0.4324  	0.21443  	-0.2121  	-0.0194  	0.58506  	0.05488  	-0.1858  	0.38859  	0.24144  	0.11421  	0.05166  	-0.8430  	0.28658  	0.68836  	-0.0515  	0.07711  	0.10404  	0.41515  	0.21837  	0.00364  	0.10819  	-0.0522  	-0.2551  	0.35760  	0.04794  	-0.0208  	-0.2227  	-0.3192  	0.34046  	-0.0382  	0.22197  	-0.3777  	0.27857  	0.08850  	-0.0084  	0.00786  	-0.1225  	-0.0725  	-0.0671  	-0.0301  	-0.0120  	-0.0281  	0.00654  	-0.0126  	-0.0251  	0.01367  	-0.0208  	0.00299  	0.01107  	0.00254  	-0.0023  	0.00165  	0.01463  	0.08411  	0.01040  	0.00532  	0.01241  	0.03785  	-0.7581  	
-0.5520  	-0.1825  	-0.8478  	-0.4462  	-0.0331  	-0.5920  	-0.0620  	-0.1421  	-0.0129  	0.08714  	-0.3671  	-0.4403  	0.18593  	-0.1798  	-0.0511  	0.62024  	0.00072  	-0.0898  	0.34782  	0.39371  	0.07228  	0.18222  	-0.6970  	0.28500  	0.72900  	-0.1108  	0.07815  	0.15899  	0.37004  	0.23084  	-0.0649  	0.13541  	0.00354  	-0.1594  	0.39577  	0.06453  	0.02924  	-0.2224  	-0.2514  	0.38980  	-0.0817  	0.14542  	-0.3096  	0.23303  	0.12287  	-0.0202  	0.02220  	-0.1334  	-0.0634  	-0.0605  	-0.0332  	-0.0150  	-0.0287  	-0.0030  	-0.0164  	-0.0243  	0.01555  	-0.0139  	0.00227  	0.00650  	-0.0001  	-0.0010  	0.01126  	0.01429  	0.08411  	0.01040  	0.00532  	0.01241  	0.03785  	-0.7581  	
-0.5600  	-0.1981  	-0.8815  	-0.4674  	-0.0404  	-0.5681  	-0.0346  	-0.1890  	-0.0021  	0.10543  	-0.3852  	-0.4605  	0.15541  	-0.1498  	-0.0954  	0.66227  	-0.0654  	0.03442  	0.29557  	0.58672  	0.01165  	0.34727  	-0.5118  	0.28343  	0.78315  	-0.1859  	0.08273  	0.23148  	0.31594  	0.24736  	-0.1491  	0.17121  	0.06898  	-0.0408  	0.43816  	0.08865  	0.08846  	-0.2221  	-0.1640  	0.45174  	-0.1345  	0.04979  	-0.2253  	0.17716  	0.16452  	-0.0350  	0.03870  	-0.1490  	-0.0521  	-0.0523  	-0.0372  	-0.0185  	-0.0291  	-0.0150  	-0.0205  	-0.0229  	0.01803  	-0.0052  	0.00296  	0.00119  	-0.0032  	0.00225  	0.02240  	0.01387  	0.08411  	0.01040  	0.00532  	0.01241  	0.03785  	-0.7581  	
-0.5545  	-0.1939  	-0.8802  	-0.4639  	-0.0395  	-0.5660  	-0.0372  	-0.1850  	-0.0009  	0.10551  	-0.3816  	-0.4567  	0.15318  	-0.1459  	-0.0902  	0.66307  	-0.0661  	0.03106  	0.29528  	0.58634  	0.01916  	0.34966  	-0.5114  	0.28450  	0.77933  	-0.1844  	0.08209  	0.22612  	0.31132  	0.24685  	-0.1496  	0.17058  	0.07046  	-0.0405  	0.44260  	0.08472  	0.09138  	-0.2214  	-0.1670  	0.45042  	-0.1378  	0.04993  	-0.2262  	0.17589  	0.16527  	-0.0347  	0.03876  	-0.1481  	-0.0524  	-0.0517  	-0.0379  	-0.0187  	-0.0290  	-0.0153  	-0.0208  	-0.0231  	0.01755  	-0.0055  	0.00215  	0.00033  	-0.0033  	0.00118  	0.02220  	0.01406  	0.08411  	0.01040  	0.00532  	0.01241  	0.03785  	-0.7581  	
-0.5501  	-0.1877  	-0.8746  	-0.4605  	-0.0313  	-0.5645  	-0.0346  	-0.1823  	0.00334  	0.10222  	-0.3806  	-0.4547  	0.15036  	-0.1345  	-0.0853  	0.66002  	-0.0682  	0.02545  	0.29417  	0.58128  	0.02483  	0.34767  	-0.5142  	0.28655  	0.77596  	-0.1859  	0.08629  	0.22372  	0.30681  	0.24727  	-0.1504  	0.16915  	0.07328  	-0.0395  	0.44935  	0.08197  	0.09650  	-0.2215  	-0.1680  	0.44708  	-0.1389  	0.05183  	-0.2257  	0.17411  	0.16588  	-0.0351  	0.03892  	-0.1478  	-0.0518  	-0.0512  	-0.0377  	-0.0185  	-0.0290  	-0.0157  	-0.0211  	-0.0235  	0.01776  	-0.0050  	0.00107  	-0.0006  	-0.0037  	0.00074  	0.02305  	0.01443  	0.08411  	0.01040  	0.00532  	0.01241  	0.03785  	-0.7581  	
-0.5486  	-0.1882  	-0.8770  	-0.4684  	-0.0347  	-0.5636  	-0.0324  	-0.1842  	0.00180  	0.09928  	-0.3791  	-0.4611  	0.15099  	-0.1423  	-0.0886  	0.65787  	-0.0672  	0.02507  	0.29564  	0.57990  	0.02694  	0.34554  	-0.5134  	0.28610  	0.77677  	-0.1873  	0.09117  	0.22123  	0.30395  	0.24711  	-0.1517  	0.17040  	0.07299  	-0.0403  	0.45105  	0.08190  	0.10115  	-0.2207  	-0.1687  	0.44456  	-0.1378  	0.05203  	-0.2260  	0.17546  	0.16575  	-0.0353  	0.03810  	-0.1484  	-0.0517  	-0.0517  	-0.0378  	-0.0185  	-0.0287  	-0.0160  	-0.0213  	-0.0232  	0.01812  	-0.0046  	0.00128  	-0.0006  	-0.0032  	0.00062  	0.02282  	0.01468  	0.08411  	0.01040  	0.00532  	0.01241  	0.03785  	-0.7581  	
-0.4844  	-0.1621  	-0.8501  	-0.4382  	-0.0141  	-0.5386  	-0.0272  	-0.1584  	0.01914  	0.07477  	-0.3634  	-0.4405  	0.15049  	-0.0936  	-0.0205  	0.66385  	-0.0695  	0.00124  	0.29679  	0.58879  	0.08563  	0.34993  	-0.5171  	0.32031  	0.76328  	-0.1942  	0.11651  	0.16762  	0.26147  	0.23917  	-0.1504  	0.18342  	0.08990  	-0.0432  	0.49314  	0.04737  	0.13469  	-0.2161  	-0.1866  	0.43782  	-0.1425  	0.05251  	-0.2384  	0.17633  	0.16403  	-0.0330  	0.03585  	-0.1457  	-0.0527  	-0.0519  	-0.0382  	-0.0177  	-0.0320  	-0.0195  	-0.0212  	-0.0207  	0.01501  	-0.0040  	-0.0010  	-0.0031  	-0.0008  	0.00208  	0.02175  	0.01276  	0.08411  	0.01040  	0.00532  	0.01241  	0.03785  	-0.7581  	
-0.3876  	-0.1260  	-0.7855  	-0.3760  	-0.0295  	-0.4898  	-0.0196  	-0.1115  	0.02508  	0.06675  	-0.3562  	-0.4468  	0.17314  	-0.0116  	0.06200  	0.68915  	-0.0695  	-0.0329  	0.30072  	0.57219  	0.14350  	0.35621  	-0.4998  	0.36198  	0.77012  	-0.2123  	0.15794  	0.08972  	0.19698  	0.23803  	-0.1528  	0.18927  	0.08597  	-0.0437  	0.54023  	0.01200  	0.18086  	-0.2006  	-0.2089  	0.42982  	-0.1577  	0.05321  	-0.2445  	0.17216  	0.15714  	-0.0312  	0.03610  	-0.1420  	-0.0512  	-0.0522  	-0.0375  	-0.0163  	-0.0278  	-0.0157  	-0.0217  	-0.0187  	0.00967  	-0.0091  	0.00218  	5.53612  	-0.0015  	0.00290  	0.02150  	0.00961  	0.08411  	0.01040  	0.00532  	0.01241  	0.03785  	-0.7581  	
-0.2765  	-0.0839  	-0.7070  	-0.3561  	-0.0401  	-0.4246  	-0.0066  	-0.0493  	0.06323  	0.04721  	-0.3346  	-0.4584  	0.19183  	0.05061  	0.07504  	0.73986  	-0.0582  	-0.0507  	0.30289  	0.52901  	0.23332  	0.37411  	-0.4720  	0.37760  	0.75610  	-0.2214  	0.22076  	0.00078  	0.11656  	0.22432  	-0.1586  	0.20813  	0.09144  	-0.0516  	0.58217  	-0.0118  	0.23852  	-0.1746  	-0.2289  	0.41500  	-0.1861  	0.04963  	-0.2379  	0.17527  	0.15629  	-0.0310  	0.03577  	-0.1379  	-0.0486  	-0.0488  	-0.0379  	-0.0160  	-0.0294  	-0.0133  	-0.0206  	-0.0130  	0.00720  	-0.0050  	0.00113  	-0.0010  	7.25289  	0.00587  	0.01787  	0.00890  	0.08411  	0.01040  	0.00532  	0.01241  	0.03785  	-0.7581  	
-0.2272  	-0.0672  	-0.6591  	-0.3513  	-0.0209  	-0.3953  	0.01619  	-0.0334  	0.07895  	0.05809  	-0.3526  	-0.4310  	0.21316  	0.05944  	0.04434  	0.77627  	-0.0733  	-0.0273  	0.30319  	0.57090  	0.19832  	0.36857  	-0.4879  	0.37776  	0.77402  	-0.2224  	0.17485  	0.04148  	0.16492  	0.22494  	-0.1564  	0.19670  	0.11627  	-0.0520  	0.55467  	0.00097  	0.20412  	-0.1892  	-0.1927  	0.42251  	-0.1752  	0.04417  	-0.2294  	0.17473  	0.15787  	-0.0350  	0.03426  	-0.1302  	-0.0406  	-0.0523  	-0.0329  	-0.0177  	-0.0290  	-0.0161  	-0.0214  	-0.0134  	0.01134  	-0.0043  	-0.0019  	-0.0001  	-0.0007  	0.00478  	0.02525  	0.01142  	0.08411  	0.01040  	0.00532  	0.01241  	0.03785  	-0.7581  	
-0.2535  	-0.1018  	-0.6755  	-0.3682  	-0.0269  	-0.4348  	0.04618  	-0.0576  	0.07571  	0.09506  	-0.3887  	-0.4550  	0.23092  	0.03485  	-0.0079  	0.75061  	-0.0891  	0.02063  	0.29206  	0.60722  	0.10812  	0.36020  	-0.5225  	0.31332  	0.78718  	-0.2090  	0.10052  	0.15142  	0.25710  	0.24480  	-0.1696  	0.18379  	0.12254  	-0.0457  	0.50767  	0.04225  	0.13421  	-0.2120  	-0.1667  	0.44146  	-0.1540  	0.04347  	-0.2136  	0.18157  	0.15687  	-0.0378  	0.03546  	-0.1225  	-0.0373  	-0.0686  	-0.0282  	-0.0210  	-0.0318  	-0.0212  	-0.0224  	-0.0191  	0.01607  	-0.0062  	-0.0004  	-0.0016  	-0.0023  	-0.0050  	0.02603  	0.01265  	0.08411  	0.01040  	0.00532  	0.01241  	0.03785  	-0.7581  	
-0.4629  	-0.1777  	-0.8050  	-0.3995  	-0.0227  	-0.4831  	-0.0032  	-0.1469  	0.01503  	0.05030  	-0.3873  	-0.4791  	0.15153  	-0.0599  	-0.0229  	0.66435  	-0.0748  	0.03935  	0.30245  	0.57830  	0.06541  	0.35389  	-0.5215  	0.34389  	0.79217  	-0.2070  	0.14248  	0.15026  	0.28086  	0.24016  	-0.1524  	0.19466  	0.07838  	-0.0463  	0.50450  	0.05972  	0.12042  	-0.2189  	-0.1916  	0.44626  	-0.1563  	0.05659  	-0.2424  	0.17701  	0.15987  	-0.0345  	0.03977  	-0.1444  	-0.0459  	-0.0560  	-0.0337  	-0.0176  	-0.0286  	-0.0197  	-0.0210  	-0.0242  	0.01901  	-0.0031  	0.00287  	-0.0009  	-0.0083  	-0.0045  	0.02228  	0.00993  	0.08411  	0.01040  	0.00532  	0.01241  	0.03785  	-0.7581  	
-0.4505  	-0.1839  	-0.8295  	-0.4619  	-0.0442  	-0.4977  	-0.0025  	-0.1741  	0.00598  	0.07467  	-0.3804  	-0.5105  	0.14099  	-0.1619  	-0.0624  	0.71958  	-0.0804  	0.03416  	0.30966  	0.58721  	0.02565  	0.35087  	-0.4993  	0.32706  	0.81223  	-0.2112  	0.15703  	0.16332  	0.27321  	0.24604  	-0.1508  	0.21002  	0.07263  	-0.0445  	0.49952  	0.09410  	0.11963  	-0.2049  	-0.1788  	0.44983  	-0.1502  	0.05479  	-0.2360  	0.18233  	0.15444  	-0.0344  	0.03930  	-0.1371  	-0.0467  	-0.0517  	-0.0288  	-0.0156  	-0.0291  	-0.0153  	-0.0175  	-0.0233  	0.01501  	-0.0013  	0.00069  	-0.0011  	-0.0054  	-0.0073  	0.02374  	0.00985  	0.08411  	0.01040  	0.00532  	0.01241  	0.03785  	-0.7581  	
-0.4030  	-0.1795  	-0.7995  	-0.4303  	-0.0213  	-0.4919  	0.04597  	-0.1897  	0.01171  	0.13367  	-0.3932  	-0.4975  	0.16348  	-0.1633  	-0.1286  	0.74260  	-0.1021  	0.06642  	0.31131  	0.63140  	-0.0406  	0.33373  	-0.5779  	0.31320  	0.83115  	-0.2201  	0.13434  	0.25757  	0.32964  	0.25630  	-0.1586  	0.20021  	0.06301  	-0.0355  	0.48046  	0.13572  	0.07866  	-0.2240  	-0.1578  	0.47251  	-0.1516  	0.05090  	-0.2363  	0.18971  	0.15505  	-0.0400  	0.03203  	-0.1393  	-0.0420  	-0.0612  	-0.0235  	-0.0176  	-0.0277  	-0.0161  	-0.0127  	-0.0188  	0.01878  	-0.0049  	0.00236  	0.00210  	-0.0068  	-0.0028  	0.02220  	0.01179  	0.08411  	0.01040  	0.00532  	0.01241  	0.03785  	-0.7581  	
-0.3944  	-0.1799  	-0.7561  	-0.4751  	-0.0225  	-0.4821  	0.05367  	-0.2090  	0.02443  	0.14171  	-0.3887  	-0.4997  	0.19040  	-0.1717  	-0.1831  	0.77201  	-0.1202  	0.07519  	0.30734  	0.67733  	-0.0939  	0.33735  	-0.6047  	0.27697  	0.83634  	-0.2198  	0.07794  	0.30105  	0.36668  	0.25489  	-0.1493  	0.18020  	0.07148  	-0.0254  	0.45488  	0.16280  	0.03937  	-0.2306  	-0.1467  	0.49582  	-0.1389  	0.05093  	-0.2306  	0.18693  	0.14613  	-0.0352  	0.03429  	-0.1274  	-0.0414  	-0.0576  	-0.0181  	-0.0164  	-0.0298  	-0.0171  	-0.0151  	-0.0204  	0.02001  	-0.0032  	-0.0018  	0.00078  	-0.0038  	-0.0028  	0.02570  	0.01093  	0.08411  	0.01040  	0.00532  	0.01241  	0.03785  	-0.7581  	
-0.4163  	-0.1799  	-0.7690  	-0.4936  	-0.0268  	-0.5043  	0.03278  	-0.2241  	-0.0003  	0.14088  	-0.3834  	-0.5354  	0.15929  	-0.1876  	-0.2018  	0.77182  	-0.1085  	0.07056  	0.31270  	0.66138  	-0.0663  	0.33543  	-0.5932  	0.30612  	0.84134  	-0.2125  	0.10356  	0.27560  	0.33105  	0.25060  	-0.1485  	0.19084  	0.07110  	-0.0346  	0.45812  	0.16225  	0.06320  	-0.2400  	-0.1540  	0.49080  	-0.1501  	0.05245  	-0.2322  	0.18570  	0.15526  	-0.0362  	0.03170  	-0.1314  	-0.0430  	-0.0535  	-0.0217  	-0.0204  	-0.0259  	-0.0165  	-0.0152  	-0.0230  	0.02072  	-0.0042  	0.00086  	0.00172  	-0.0067  	-0.0056  	0.02635  	0.01272  	0.08411  	0.01040  	0.00532  	0.01241  	0.03785  	-0.7581  	
-0.5017  	-0.2094  	-0.8746  	-0.3919  	-0.0071  	-0.5097  	0.00602  	-0.1976  	-0.0103  	0.07942  	-0.4420  	-0.4920  	0.15182  	-0.1277  	-0.1009  	0.71718  	-0.0833  	0.02697  	0.32154  	0.60660  	-0.0236  	0.35950  	-0.5644  	0.37058  	0.87469  	-0.2152  	0.20718  	0.22137  	0.29450  	0.27044  	-0.1777  	0.21553  	0.04602  	-0.0516  	0.49100  	0.15501  	0.07671  	-0.2289  	-0.1652  	0.47347  	-0.1824  	0.06248  	-0.2373  	0.18940  	0.15047  	-0.0488  	0.03000  	-0.1372  	-0.0418  	-0.0704  	-0.0208  	-0.0167  	-0.0290  	-0.0139  	-0.0149  	-0.0214  	0.02388  	-0.0051  	0.00384  	0.00056  	-0.0063  	-0.0085  	0.02772  	0.01478  	0.08411  	0.01040  	0.00532  	0.01241  	0.03785  	-0.7581  	
-0.3998  	-0.1897  	-0.8448  	-0.2332  	0.08727  	-0.4604  	0.00712  	-0.1489  	0.00175  	0.06359  	-0.4867  	-0.4082  	0.19868  	-0.0204  	0.03722  	0.71752  	-0.0844  	0.01177  	0.30457  	0.61692  	0.00019  	0.37682  	-0.5773  	0.37396  	0.87842  	-0.2191  	0.16801  	0.21938  	0.32975  	0.29264  	-0.1882  	0.18795  	0.06468  	-0.0385  	0.48817  	0.10522  	0.06750  	-0.2512  	-0.1533  	0.47454  	-0.1952  	0.06444  	-0.2442  	0.17354  	0.16173  	-0.0399  	0.02532  	-0.1392  	-0.0335  	-0.0721  	-0.0271  	-0.0220  	-0.0372  	-0.0224  	-0.0185  	-0.0152  	0.02663  	-0.0072  	0.00429  	-0.0035  	-0.0064  	-0.0070  	0.01851  	0.00987  	0.08411  	0.01040  	0.00532  	0.01241  	0.03785  	-0.7581  	
-0.3253  	-0.1619  	-0.8185  	-0.1172  	0.16108  	-0.4317  	0.00533  	-0.1281  	0.01956  	0.06848  	-0.5500  	-0.3701  	0.24989  	0.06735  	0.11440  	0.73997  	-0.1029  	0.00766  	0.28967  	0.63340  	-0.0126  	0.40495  	-0.6348  	0.35113  	0.90827  	-0.2201  	0.15241  	0.24272  	0.35800  	0.30170  	-0.1829  	0.18439  	0.06910  	-0.0358  	0.49927  	0.09056  	0.04507  	-0.2554  	-0.1277  	0.49115  	-0.2189  	0.06672  	-0.2325  	0.18007  	0.15412  	-0.0388  	0.02950  	-0.1344  	-0.0341  	-0.0676  	-0.0250  	-0.0215  	-0.0337  	-0.0183  	-0.0157  	-0.0181  	0.02508  	-0.0051  	0.00649  	0.00139  	-0.0089  	-0.0060  	0.01950  	0.01078  	0.08411  	0.01040  	0.00532  	0.01241  	0.03785  	-0.7581  	
-0.3252  	-0.1435  	-0.8611  	-0.0639  	0.20008  	-0.4419  	-0.0070  	-0.1363  	0.01596  	0.09938  	-0.5806  	-0.3896  	0.26459  	0.11096  	0.17598  	0.72345  	-0.1184  	-0.0255  	0.28860  	0.62140  	-0.0378  	0.40482  	-0.6449  	0.36382  	0.89730  	-0.2163  	0.16388  	0.24476  	0.35948  	0.32587  	-0.1702  	0.18005  	0.08396  	-0.0343  	0.53475  	0.06865  	0.04913  	-0.2737  	-0.1359  	0.48216  	-0.2351  	0.07820  	-0.2596  	0.17321  	0.15516  	-0.0330  	0.02782  	-0.1329  	-0.0399  	-0.0564  	-0.0185  	-0.0235  	-0.0316  	-0.0181  	-0.0187  	-0.0112  	0.02143  	-0.0086  	0.00860  	0.00340  	-0.0051  	0.00110  	0.00989  	0.00734  	0.08411  	0.01040  	0.00532  	0.01241  	0.03785  	-0.7581  	
-0.3044  	-0.1416  	-0.8107  	-0.0796  	0.22225  	-0.4061  	-0.0109  	-0.1369  	0.02375  	0.10010  	-0.6645  	-0.4259  	0.29189  	0.16684  	0.29786  	0.63748  	-0.1146  	-0.0660  	0.28909  	0.61077  	0.00254  	0.42349  	-0.5780  	0.39879  	0.85762  	-0.2104  	0.19815  	0.22650  	0.30126  	0.32196  	-0.1819  	0.17624  	0.08766  	-0.0205  	0.54453  	0.03582  	0.06266  	-0.2787  	-0.1479  	0.50279  	-0.2582  	0.08604  	-0.2693  	0.16996  	0.15002  	-0.0339  	0.03279  	-0.1303  	-0.0367  	-0.0527  	-0.0319  	-0.0275  	-0.0391  	-0.0213  	-0.0242  	-0.0212  	0.02055  	-0.0104  	-0.0002  	-0.0050  	-0.0072  	-0.0029  	0.01724  	0.00754  	0.08411  	0.01040  	0.00532  	0.01241  	0.03785  	-0.7581  	
-0.0976  	-0.0833  	-0.7035  	-0.0362  	0.17598  	-0.2873  	0.06810  	-0.1098  	0.03893  	0.11238  	-0.8347  	-0.6254  	0.34687  	0.32851  	0.42959  	0.53536  	-0.0788  	-0.0540  	0.26622  	0.46728  	-0.0107  	0.46544  	-0.5036  	0.35616  	0.94667  	-0.2464  	0.24771  	0.09275  	0.43183  	0.36965  	-0.1754  	0.16496  	0.05230  	-0.0254  	0.53086  	0.04972  	0.02052  	-0.2939  	-0.0890  	0.51953  	-0.2224  	0.07684  	-0.2390  	0.19081  	0.16411  	-0.0268  	0.01612  	-0.1112  	-0.0215  	-0.0633  	-0.0264  	-0.0163  	-0.0312  	-0.0226  	-0.0154  	-0.0052  	0.00945  	-0.0018  	0.00099  	0.00033  	-0.0064  	0.00294  	0.01657  	0.00192  	0.08411  	0.01040  	0.00532  	0.01241  	0.03785  	-0.7581  	
-0.1103  	-0.0361  	-0.6865  	-0.1952  	0.13701  	-0.3455  	0.06276  	-0.0662  	0.04311  	0.13139  	-0.7695  	-0.6592  	0.35088  	0.26069  	0.31708  	0.61009  	-0.0934  	-0.0787  	0.30406  	0.44051  	0.01265  	0.50473  	-0.5295  	0.35351  	1.01623  	-0.2507  	0.31239  	0.03564  	0.37643  	0.36248  	-0.1657  	0.18181  	0.04580  	-0.0362  	0.49534  	0.05904  	0.05698  	-0.2581  	-0.1027  	0.51177  	-0.2242  	0.06380  	-0.2296  	0.19858  	0.13745  	-0.0358  	0.01678  	-0.0888  	-0.0129  	-0.0599  	-0.0269  	-0.0162  	-0.0290  	-0.0152  	-0.0148  	-0.0143  	0.00165  	-0.0104  	-0.0047  	0.00720  	-0.0045  	0.00011  	0.01847  	0.00378  	0.08411  	0.01040  	0.00532  	0.01241  	0.03785  	-0.7581  	
-0.2419  	-0.0764  	-0.8195  	-0.0815  	0.17694  	-0.4931  	0.06393  	-0.1137  	0.00772  	0.14651  	-0.7085  	-0.5831  	0.31545  	0.24859  	0.31547  	0.54382  	-0.0755  	-0.0766  	0.27998  	0.51937  	-0.0206  	0.47972  	-0.5991  	0.41259  	1.05056  	-0.2414  	0.35446  	0.09074  	0.36308  	0.35728  	-0.1777  	0.17159  	0.03954  	-0.0379  	0.54863  	0.06835  	0.06950  	-0.2624  	-0.1295  	0.50559  	-0.2807  	0.08541  	-0.2641  	0.18749  	0.16297  	-0.0433  	0.01908  	-0.1138  	-0.0227  	-0.0632  	-0.0212  	-0.0179  	-0.0348  	-0.0170  	-0.0228  	-0.0126  	0.01263  	-0.0084  	0.00267  	0.00329  	-0.0031  	0.00224  	0.01576  	0.00655  	0.08411  	0.01040  	0.00532  	0.01241  	0.03785  	-0.7581  	
-0.3046  	-0.1368  	-0.8795  	0.20130  	0.35574  	-0.4375  	0.06102  	-0.1019  	0.03402  	0.09616  	-0.6521  	-0.3911  	0.32106  	0.31110  	0.35787  	0.62802  	-0.0987  	-0.0767  	0.28323  	0.60885  	-0.0312  	0.43982  	-0.6361  	0.41863  	0.94869  	-0.2406  	0.23732  	0.19626  	0.34820  	0.34725  	-0.2086  	0.18398  	0.09137  	-0.0271  	0.58556  	0.04425  	0.03409  	-0.2803  	-0.1489  	0.51020  	-0.2775  	0.10195  	-0.2761  	0.16606  	0.16916  	-0.0348  	0.02698  	-0.1269  	-0.0299  	-0.0560  	-0.0301  	-0.0214  	-0.0345  	-0.0177  	-0.0222  	-0.0153  	0.02592  	-0.0131  	0.00073  	0.00249  	-0.0051  	0.00308  	0.01529  	-0.0002  	0.08411  	0.01040  	0.00532  	0.01241  	0.03785  	-0.7581  	
-0.3354  	-0.1376  	-0.9076  	0.04365  	0.31379  	-0.5169  	0.03076  	-0.1052  	0.02571  	0.09674  	-0.6300  	-0.3907  	0.30969  	0.19975  	0.25212  	0.66194  	-0.1013  	-0.0310  	0.26546  	0.64459  	-0.0508  	0.42086  	-0.6530  	0.38321  	0.89068  	-0.2233  	0.17069  	0.24143  	0.36309  	0.33478  	-0.2007  	0.17346  	0.09080  	0.00044  	0.57050  	0.07036  	0.01214  	-0.2835  	-0.1213  	0.50359  	-0.2636  	0.08407  	-0.2766  	0.16185  	0.16409  	-0.0328  	0.03247  	-0.1217  	-0.0319  	-0.0623  	-0.0309  	-0.0186  	-0.0275  	-0.0183  	-0.0187  	-0.0176  	0.01787  	-0.0105  	0.01023  	0.00025  	-0.0048  	0.00575  	0.01600  	0.00452  	0.08411  	0.01040  	0.00532  	0.01241  	0.03785  	-0.7581  	
-0.4938  	-0.1628  	-0.8358  	-0.4520  	0.04101  	-0.5129  	0.02883  	-0.1646  	0.01220  	0.07549  	-0.4365  	-0.4538  	0.18884  	-0.0697  	-0.0002  	0.67789  	-0.0776  	0.05072  	0.30955  	0.61861  	0.05048  	0.37364  	-0.5231  	0.37988  	0.81888  	-0.2129  	0.14750  	0.17661  	0.27775  	0.24361  	-0.1458  	0.18751  	0.09196  	-0.0466  	0.48116  	0.05215  	0.12002  	-0.2331  	-0.1722  	0.47512  	-0.1843  	0.04758  	-0.2458  	0.19003  	0.16485  	-0.0318  	0.03620  	-0.1420  	-0.0446  	-0.0567  	-0.0342  	-0.0185  	-0.0326  	-0.0183  	-0.0171  	-0.0202  	0.01811  	-0.0084  	0.00505  	0.00578  	-0.0035  	-0.0033  	0.02248  	0.01021  	0.08411  	0.01040  	0.00532  	0.01241  	0.03785  	-0.7581  	
-0.4852  	-0.2039  	-0.8015  	-0.4616  	-0.0509  	-0.4956  	0.01656  	-0.1919  	0.00864  	0.05675  	-0.4384  	-0.5292  	0.16591  	-0.1685  	-0.0528  	0.70417  	-0.0656  	0.05931  	0.32196  	0.60888  	0.00439  	0.34426  	-0.5049  	0.33293  	0.81768  	-0.2096  	0.15154  	0.19680  	0.29019  	0.24211  	-0.1613  	0.20008  	0.08520  	-0.0384  	0.46109  	0.10065  	0.08056  	-0.2138  	-0.1671  	0.48024  	-0.1423  	0.04432  	-0.2318  	0.19189  	0.14815  	-0.0366  	0.03439  	-0.1348  	-0.0485  	-0.0618  	-0.0307  	-0.0140  	-0.0240  	-0.0164  	-0.0182  	-0.0210  	0.01635  	-0.0046  	0.00089  	0.00643  	0.00371  	-0.0064  	0.02138  	0.01351  	0.08411  	0.01040  	0.00532  	0.01241  	0.03785  	-0.7581  	
-0.3988  	-0.2002  	-0.7801  	-0.3953  	0.01910  	-0.5137  	0.04572  	-0.2022  	-0.0017  	0.13947  	-0.4241  	-0.4668  	0.16121  	-0.1574  	-0.0797  	0.77334  	-0.1089  	0.07472  	0.30407  	0.65749  	-0.0865  	0.34245  	-0.5512  	0.33011  	0.83598  	-0.2117  	0.09752  	0.27027  	0.33319  	0.26358  	-0.1549  	0.19960  	0.07415  	-0.0338  	0.46646  	0.13144  	0.06262  	-0.2283  	-0.1493  	0.48371  	-0.1434  	0.04281  	-0.2309  	0.19576  	0.14962  	-0.0416  	0.03567  	-0.1317  	-0.0394  	-0.0594  	-0.0252  	-0.0186  	-0.0271  	-0.0136  	-0.0153  	-0.0278  	0.01904  	-0.0045  	-0.0033  	0.00283  	-0.0064  	-0.0025  	0.02521  	0.01219  	0.08411  	0.01040  	0.00532  	0.01241  	0.03785  	-0.7581  	
-0.3809  	-0.1899  	-0.7685  	-0.4223  	0.00739  	-0.5092  	0.05999  	-0.2056  	0.02263  	0.16703  	-0.4114  	-0.4616  	0.18610  	-0.1690  	-0.1377  	0.77061  	-0.1130  	0.08899  	0.29854  	0.68978  	-0.1133  	0.34288  	-0.6294  	0.26117  	0.84174  	-0.2220  	0.06222  	0.33666  	0.39545  	0.26528  	-0.1521  	0.18194  	0.06122  	-0.0197  	0.44902  	0.16421  	0.01929  	-0.2450  	-0.1185  	0.50050  	-0.1385  	0.04757  	-0.2293  	0.19397  	0.15148  	-0.0386  	0.03280  	-0.1256  	-0.0387  	-0.0593  	-0.0199  	-0.0199  	-0.0282  	-0.0158  	-0.0113  	-0.0193  	0.01985  	-0.0054  	-0.0023  	0.00135  	-0.0051  	0.00061  	0.02433  	0.01401  	0.08411  	0.01040  	0.00532  	0.01241  	0.03785  	-0.7581  	
-0.3885  	-0.1964  	-0.7686  	-0.4710  	-0.0181  	-0.4909  	0.05758  	-0.2260  	0.01233  	0.15133  	-0.3968  	-0.5128  	0.18649  	-0.1743  	-0.1932  	0.78002  	-0.1232  	0.08256  	0.30565  	0.65864  	-0.0963  	0.34187  	-0.5950  	0.27643  	0.84374  	-0.2127  	0.08644  	0.30413  	0.37707  	0.26398  	-0.1497  	0.18374  	0.06699  	-0.0227  	0.44768  	0.17257  	0.03484  	-0.2360  	-0.1404  	0.50037  	-0.1427  	0.05090  	-0.2286  	0.18962  	0.15248  	-0.0360  	0.03545  	-0.1272  	-0.0401  	-0.0551  	-0.0194  	-0.0188  	-0.0288  	-0.0157  	-0.0142  	-0.0223  	0.01805  	-0.0056  	-0.0006  	-0.0004  	-0.0052  	-0.0032  	0.02530  	0.01052  	0.08411  	0.01040  	0.00532  	0.01241  	0.03785  	-0.7581  	
-0.4923  	-0.1896  	-0.8446  	-0.4517  	-0.0285  	-0.5204  	0.02681  	-0.2122  	-0.0108  	0.10091  	-0.4178  	-0.5127  	0.13842  	-0.1798  	-0.1655  	0.73393  	-0.0792  	0.01821  	0.31499  	0.62021  	-0.0290  	0.35395  	-0.5808  	0.34740  	0.88689  	-0.2205  	0.17155  	0.25315  	0.30808  	0.27128  	-0.1733  	0.21556  	0.05523  	-0.0497  	0.47481  	0.16760  	0.07912  	-0.2393  	-0.1641  	0.48454  	-0.1705  	0.05481  	-0.2370  	0.18916  	0.15517  	-0.0416  	0.02820  	-0.1365  	-0.0481  	-0.0598  	-0.0200  	-0.0176  	-0.0308  	-0.0204  	-0.0162  	-0.0232  	0.02159  	-0.0023  	0.00417  	-0.0008  	-0.0111  	-0.0047  	0.02365  	0.01361  	0.08411  	0.01040  	0.00532  	0.01241  	0.03785  	-0.7581  	
-0.4878  	-0.2023  	-0.8812  	-0.3311  	0.01580  	-0.5060  	0.00189  	-0.1978  	-0.0062  	0.06184  	-0.4758  	-0.4761  	0.16074  	-0.0966  	-0.0587  	0.68419  	-0.0795  	0.01272  	0.31139  	0.60484  	-0.0163  	0.37930  	-0.5478  	0.35840  	0.88589  	-0.2149  	0.19474  	0.22639  	0.30560  	0.27940  	-0.1801  	0.20295  	0.04182  	-0.0476  	0.48087  	0.13920  	0.07778  	-0.2366  	-0.1654  	0.46496  	-0.1888  	0.05971  	-0.2447  	0.18298  	0.15839  	-0.0457  	0.03013  	-0.1369  	-0.0410  	-0.0690  	-0.0225  	-0.0199  	-0.0309  	-0.0153  	-0.0182  	-0.0199  	0.02662  	-0.0051  	0.00406  	0.00118  	-0.0059  	-0.0060  	0.02695  	0.01488  	0.08411  	0.01040  	0.00532  	0.01241  	0.03785  	-0.7581  	
-0.3744  	-0.1769  	-0.8662  	-0.1768  	0.13657  	-0.4441  	0.00406  	-0.1468  	0.01453  	0.06072  	-0.5198  	-0.3884  	0.23466  	0.03523  	0.08140  	0.70487  	-0.0892  	0.01001  	0.28640  	0.62160  	-0.0106  	0.38742  	-0.5909  	0.34555  	0.91218  	-0.2185  	0.16485  	0.24533  	0.35937  	0.30116  	-0.1770  	0.17401  	0.06955  	-0.0346  	0.50324  	0.09920  	0.04020  	-0.2655  	-0.1288  	0.48109  	-0.2230  	0.06637  	-0.2385  	0.17878  	0.16192  	-0.0380  	0.02782  	-0.1405  	-0.0377  	-0.0604  	-0.0242  	-0.0252  	-0.0362  	-0.0195  	-0.0147  	-0.0176  	0.02948  	-0.0034  	0.00517  	-0.0023  	-0.0090  	-0.0055  	0.02350  	0.01600  	0.08411  	0.01040  	0.00532  	0.01241  	0.03785  	-0.7581  	
-0.3903  	-0.1648  	-0.8810  	-0.1011  	0.18463  	-0.4473  	0.00190  	-0.1160  	0.02405  	0.05629  	-0.5450  	-0.3748  	0.25624  	0.07737  	0.14147  	0.72386  	-0.1075  	0.00763  	0.29214  	0.64531  	-0.0215  	0.39909  	-0.6322  	0.34962  	0.89716  	-0.2164  	0.14769  	0.25503  	0.36548  	0.30781  	-0.1797  	0.15955  	0.07779  	-0.0299  	0.51941  	0.08724  	0.02791  	-0.2706  	-0.1258  	0.49368  	-0.2415  	0.07533  	-0.2512  	0.17369  	0.16305  	-0.0368  	0.03308  	-0.1321  	-0.0400  	-0.0607  	-0.0264  	-0.0213  	-0.0327  	-0.0184  	-0.0177  	-0.0176  	0.02665  	-0.0060  	0.00661  	0.00134  	-0.0097  	-0.0054  	0.01597  	0.01255  	0.08411  	0.01040  	0.00532  	0.01241  	0.03785  	-0.7581  	
-0.3562  	-0.1280  	-0.8384  	-0.1098  	0.14352  	-0.4019  	-0.0178  	-0.0960  	0.02499  	0.02350  	-0.5888  	-0.3922  	0.26123  	0.11530  	0.22484  	0.67258  	-0.0950  	-0.0337  	0.29150  	0.62650  	0.02960  	0.40337  	-0.5732  	0.37244  	0.84725  	-0.2126  	0.17373  	0.22131  	0.32895  	0.31969  	-0.1719  	0.17978  	0.08184  	-0.0346  	0.52997  	0.04123  	0.06672  	-0.2573  	-0.1471  	0.48630  	-0.2268  	0.06049  	-0.2414  	0.18437  	0.16337  	-0.0363  	0.03464  	-0.1315  	-0.0426  	-0.0553  	-0.0284  	-0.0209  	-0.0297  	-0.0158  	-0.0199  	-0.0184  	0.01784  	-0.0073  	0.00522  	0.00445  	-0.0060  	0.00187  	0.01689  	0.00888  	0.08411  	0.01040  	0.00532  	0.01241  	0.03785  	-0.7581  	
-0.2164  	-0.0697  	-0.6523  	-0.2584  	0.02898  	-0.3549  	0.03302  	-0.0604  	0.05127  	0.04810  	-0.5035  	-0.4759  	0.24631  	0.15036  	0.19816  	0.72274  	-0.0900  	-0.0259  	0.30532  	0.55317  	0.16140  	0.41032  	-0.5181  	0.40761  	0.83054  	-0.2321  	0.21834  	0.05346  	0.20541  	0.26154  	-0.1755  	0.20892  	0.09417  	-0.0429  	0.57600  	0.01117  	0.16324  	-0.2181  	-0.1772  	0.45312  	-0.2091  	0.06152  	-0.2441  	0.18023  	0.15749  	-0.0314  	0.02439  	-0.1187  	-0.0326  	-0.0538  	-0.0323  	-0.0199  	-0.0284  	-0.0160  	-0.0189  	-0.0103  	0.01288  	-0.0067  	0.00140  	0.00548  	-0.0029  	0.00269  	0.02260  	0.00848  	0.08411  	0.01040  	0.00532  	0.01241  	0.03785  	-0.7581  	
-0.1645  	-0.0739  	-0.6017  	-0.3378  	-0.0174  	-0.3714  	0.01326  	-0.0412  	0.05983  	0.09341  	-0.3727  	-0.4397  	0.20006  	0.07846  	0.03079  	0.81930  	-0.0885  	-0.0414  	0.31362  	0.55620  	0.19911  	0.37373  	-0.4990  	0.39630  	0.81918  	-0.2311  	0.20542  	0.01441  	0.14592  	0.25613  	-0.1700  	0.21636  	0.09890  	-0.0406  	0.59165  	0.00290  	0.20955  	-0.2035  	-0.1915  	0.43005  	-0.2124  	0.05936  	-0.2319  	0.18210  	0.15713  	-0.0288  	0.02249  	-0.1208  	-0.0344  	-0.0561  	-0.0303  	-0.0195  	-0.0258  	-0.0175  	-0.0231  	-0.0095  	0.00832  	-0.0075  	-0.0024  	0.00499  	-0.0063  	0.00056  	0.02277  	0.00645  	0.08411  	0.01040  	0.00532  	0.01241  	0.03785  	-0.7581  	
-0.1773  	-0.0677  	-0.6117  	-0.3336  	-0.0183  	-0.3751  	0.03320  	0.00976  	0.08258  	0.08649  	-0.3446  	-0.4328  	0.22500  	0.0665  	0.01463  	0.83039  	-0.1037  	-0.0354  	0.34056  	0.59273  	0.22271  	0.37626  	-0.5490  	0.36051  	0.86217  	-0.2521  	0.20283  	0.01962  	0.18089  	0.25109  	-0.1720  	0.21012  	0.09846  	-0.0482  	0.56561  	0.02009  	0.20133  	-0.1984  	-0.1639  	0.43340  	-0.1970  	0.06204  	-0.2266  	0.18300  	0.15208  	-0.0312  	0.01855  	-0.1070  	-0.0317  	-0.0566  	-0.0253  	-0.0193  	-0.0276  	-0.0136  	-0.0195  	-0.0095  	0.01049  	-0.0004  	-0.0042  	0.00527  	-0.0081  	-0.0017  	0.01867  	0.00848  	0.08411  	0.01040  	0.00532  	0.01241  	0.03785  	-0.7581  	
-0.2347  	-0.0729  	-0.7188  	-0.1157  	0.11688  	-0.4037  	0.02956  	-0.0630  	0.05960  	0.11598  	-0.5160  	-0.4313  	0.27297  	0.16465  	0.17815  	0.75866  	-0.0678  	-0.0576  	0.31463  	0.60863  	0.12226  	0.42246  	-0.6042  	0.38282  	0.95861  	-0.2499  	0.23555  	0.08348  	0.28046  	0.30455  	-0.2135  	0.18794  	0.08513  	-0.0399  	0.56381  	0.05147  	0.12925  	-0.2374  	-0.1449  	0.49799  	-0.2514  	0.08475  	-0.2421  	0.17539  	0.16261  	-0.0356  	0.02926  	-0.1072  	-0.0288  	-0.0717  	-0.0221  	-0.0182  	-0.0353  	-0.0142  	-0.0211  	-0.0115  	0.01457  	-0.0059  	0.00446  	0.00452  	-0.0078  	-0.0028  	0.02306  	0.00587  	0.08411  	0.01040  	0.00532  	0.01241  	0.03785  	-0.7581  	
-0.2871  	-0.1127  	-0.8417  	0.23730  	0.35274  	-0.3840  	0.04463  	-0.1054  	0.03946  	0.05980  	-0.6622  	-0.3975  	0.30124  	0.30364  	0.33572  	0.66502  	-0.1003  	-0.0703  	0.27918  	0.60983  	-0.0064  	0.42192  	-0.6600  	0.40697  	0.99044  	-0.2546  	0.21666  	0.21391  	0.39292  	0.36926  	-0.2259  	0.17624  	0.06403  	-0.0312  	0.58035  	0.08540  	0.02421  	-0.2786  	-0.1223  	0.52264  	-0.2848  	0.08643  	-0.2830  	0.17471  	0.17114  	-0.0443  	0.02057  	-0.1305  	-0.0312  	-0.0618  	-0.0308  	-0.0254  	-0.0290  	-0.0178  	-0.0216  	-0.0190  	0.03074  	-0.0037  	-0.0036  	0.00163  	-0.0075  	-0.0009  	0.02354  	0.02083  	0.08411  	0.01040  	0.00532  	0.01241  	0.03785  	-0.7581  	
-0.3260  	-0.1046  	-0.8439  	0.11202  	0.29426  	-0.4459  	-0.0006  	-0.0706  	0.00412  	0.02323  	-0.6858  	-0.3768  	0.35836  	0.21660  	0.33763  	0.63866  	-0.0459  	-0.1320  	0.31164  	0.46219  	0.00035  	0.25931  	-0.8507  	0.36723  	0.88411  	-0.1625  	0.16052  	0.22434  	0.49621  	0.34904  	-0.1344  	0.13404  	0.01041  	-0.1213  	0.50156  	0.05111  	-0.0880  	-0.2833  	-0.1956  	0.44177  	-0.1911  	0.17321  	-0.3483  	0.22333  	0.12614  	-0.0225  	0.01037  	-0.1075  	-0.0428  	-0.0770  	-0.0211  	-0.0187  	-0.0257  	-0.0056  	-0.0183  	-0.0141  	0.01639  	-0.0122  	0.00567  	0.00561  	-0.0002  	-0.0073  	0.00976  	0.00782  	0.08411  	0.01040  	0.00532  	0.01241  	0.03785  	-0.7581  	
-0.3669  	-0.0934  	-0.7925  	-0.0605  	0.18127  	-0.4360  	-0.0569  	-0.0638  	-0.0021  	0.00266  	-0.6432  	-0.3682  	0.33497  	0.03787  	0.27132  	0.62676  	0.03130  	-0.1992  	0.40210  	0.27373  	0.06212  	0.13366  	-0.9073  	0.36379  	0.76368  	-0.0716  	0.14442  	0.14400  	0.49118  	0.28682  	-0.0500  	0.09224  	-0.0371  	-0.2192  	0.41376  	0.02816  	-0.1029  	-0.2714  	-0.2695  	0.37634  	-0.1125  	0.24728  	-0.4043  	0.29140  	0.07645  	-0.0101  	-0.0024  	-0.0913  	-0.0583  	-0.0814  	-0.0229  	-0.0163  	-0.0245  	0.00533  	-0.0116  	-0.0128  	0.01601  	-0.0147  	0.00773  	0.00915  	0.00401  	-0.0063  	-0.0089  	0.00677  	0.08411  	0.01040  	0.00532  	0.01241  	0.03785  	-0.7581  	
-0.3459  	-0.1106  	-0.7171  	-0.1883  	0.12035  	-0.4049  	-0.0378  	-0.0239  	-0.0164  	0.01104  	-0.6332  	-0.4890  	0.29492  	-0.0632  	0.26881  	0.63472  	0.05912  	-0.2231  	0.39185  	0.21152  	0.14468  	0.08878  	-0.8781  	0.34910  	0.74134  	-0.0706  	0.17161  	0.02458  	0.46258  	0.25309  	-0.0146  	0.10769  	-0.0614  	-0.2613  	0.39112  	0.02779  	-0.0829  	-0.2416  	-0.3216  	0.36372  	-0.0944  	0.24794  	-0.3877  	0.28847  	0.06358  	-0.0072  	-0.0010  	-0.0754  	-0.0578  	-0.0834  	-0.0209  	-0.0120  	-0.0277  	0.00433  	-0.0063  	-0.0207  	0.00961  	-0.0214  	0.00377  	0.01338  	0.00593  	-0.0093  	0.00247  	0.01105  	0.08411  	0.01040  	0.00532  	0.01241  	0.03785  	-0.7581  	
-0.3058  	-0.1141  	-0.6874  	-0.2836  	0.05708  	-0.4681  	-0.0405  	-0.0903  	0.00814  	0.07320  	-0.4792  	-0.4484  	0.25961  	-0.1649  	0.04411  	0.67471  	0.02522  	-0.1767  	0.42021  	0.29800  	0.08782  	0.08129  	-0.9123  	0.34902  	0.76162  	-0.0954  	0.12813  	0.06929  	0.41866  	0.24731  	-0.0285  	0.13301  	-0.0551  	-0.2479  	0.41470  	0.06421  	-0.0348  	-0.2494  	-0.2868  	0.38154  	-0.0769  	0.22539  	-0.3860  	0.28713  	0.08011  	-0.0043  	-0.0085  	-0.1002  	-0.0552  	-0.0725  	-0.0140  	-0.0124  	-0.0327  	0.00154  	-0.0062  	-0.0163  	0.01563  	-0.0205  	0.00058  	0.01538  	0.00062  	-0.0113  	-0.0020  	0.01240  	0.08411  	0.01040  	0.00532  	0.01241  	0.03785  	-0.7581  	
-0.3903  	-0.1670  	-0.7268  	-0.4784  	-0.0549  	-0.5586  	0.01757  	-0.1609  	-0.0128  	0.16877  	-0.3860  	-0.5102  	0.20182  	-0.1891  	-0.1962  	0.74245  	-0.0452  	-0.0301  	0.35421  	0.46640  	-0.0368  	0.18568  	-0.8099  	0.29407  	0.80706  	-0.1433  	0.07831  	0.19743  	0.42092  	0.25197  	-0.0730  	0.15356  	0.00010  	-0.1524  	0.39931  	0.16208  	-0.0184  	-0.2526  	-0.2281  	0.42697  	-0.0808  	0.14376  	-0.3084  	0.24005  	0.11509  	-0.0239  	0.01207  	-0.1108  	-0.0504  	-0.0709  	-0.0175  	-0.0181  	-0.0274  	-0.0067  	-0.0100  	-0.0237  	0.01723  	-0.0119  	-0.0013  	0.00639  	-0.0018  	-0.0070  	0.01891  	0.01517  	0.08411  	0.01040  	0.00532  	0.01241  	0.03785  	-0.7581  	
-0.6582  	-0.2394  	-0.9501  	-0.5425  	-0.0516  	-0.6723  	0.01009  	-0.2466  	-0.0350  	0.17876  	-0.3109  	-0.5264  	0.17529  	-0.1668  	-0.2388  	0.67977  	-0.0881  	0.04055  	0.30769  	0.62989  	-0.0523  	0.36776  	-0.5674  	0.34042  	0.89502  	-0.2021  	0.13423  	0.20584  	0.32607  	0.26567  	-0.1429  	0.17738  	0.04945  	-0.0442  	0.47925  	0.16936  	0.05261  	-0.2425  	-0.1676  	0.46886  	-0.1633  	0.06864  	-0.2474  	0.16481  	0.17057  	-0.0381  	0.03883  	-0.1480  	-0.0499  	-0.0566  	-0.0268  	-0.0182  	-0.0333  	-0.0211  	-0.0169  	-0.0190  	0.01888  	-0.0054  	0.00654  	0.00899  	-0.0071  	-0.0074  	0.02469  	0.01169  	0.08411  	0.01040  	0.00532  	0.01241  	0.03785  	-0.7581  	
-0.7721  	-0.2937  	-1.0070  	-0.6633  	-0.1146  	-0.7454  	-0.0393  	-0.2084  	-0.0198  	0.16655  	-0.2193  	-0.5138  	0.13663  	-0.1468  	-0.1625  	0.57837  	-0.0728  	-0.0006  	0.31447  	0.63885  	0.06434  	0.31887  	-0.4987  	0.35680  	0.84324  	-0.1950  	0.13421  	0.17329  	0.28245  	0.23540  	-0.1257  	0.17753  	0.08391  	-0.0598  	0.49317  	0.10125  	0.13075  	-0.2334  	-0.1902  	0.43754  	-0.1762  	0.04631  	-0.2709  	0.17997  	0.16937  	-0.0336  	0.04576  	-0.1625  	-0.0511  	-0.0617  	-0.0353  	-0.0222  	-0.0296  	-0.0192  	-0.0190  	-0.0252  	0.01423  	-0.0008  	-0.0021  	0.00810  	-0.0023  	-0.0011  	0.01997  	0.01084  	0.08411  	0.01040  	0.00532  	0.01241  	0.03785  	-0.7581  	
-0.7537  	-0.2682  	-0.9455  	-0.7254  	-0.1598  	-0.7179  	-0.0141  	-0.1828  	-0.0077  	0.19435  	-0.1887  	-0.5206  	0.13718  	-0.1519  	-0.2025  	0.59955  	-0.0628  	0.01848  	0.31515  	0.64362  	0.02431  	0.34622  	-0.4920  	0.34425  	0.80307  	-0.1821  	0.08871  	0.19008  	0.27920  	0.19527  	-0.1444  	0.16337  	0.07881  	-0.0454  	0.43010  	0.09361  	0.08299  	-0.2351  	-0.1514  	0.44121  	-0.1614  	0.05590  	-0.2523  	0.17304  	0.16178  	-0.0323  	0.04245  	-0.1524  	-0.0435  	-0.0603  	-0.0372  	-0.0186  	-0.0326  	-0.0165  	-0.0185  	-0.0260  	0.01386  	-0.0039  	-0.0010  	0.00378  	0.00011  	-0.0003  	0.01897  	0.01297  	0.08411  	0.01040  	0.00532  	0.01241  	0.03785  	-0.7581  	
-0.6920  	-0.2275  	-0.9193  	-0.6671  	-0.1398  	-0.5804  	-0.0058  	-0.2171  	-0.0269  	0.14379  	-0.3084  	-0.5077  	0.13606  	-0.2159  	-0.2414  	0.65353  	-0.0585  	0.06042  	0.31640  	0.59831  	-0.0513  	0.35975  	-0.4647  	0.32490  	0.81807  	-0.1806  	0.07373  	0.23525  	0.34858  	0.23684  	-0.1128  	0.15747  	0.06224  	-0.0493  	0.37329  	0.10899  	0.03223  	-0.2469  	-0.1289  	0.46185  	-0.1221  	0.04876  	-0.2113  	0.18059  	0.16208  	-0.0361  	0.03510  	-0.1321  	-0.0551  	-0.0524  	-0.0398  	-0.0171  	-0.0327  	-0.0180  	-0.0201  	-0.0225  	0.01903  	-0.0074  	0.00296  	-0.0001  	-0.0015  	-0.0041  	0.02142  	0.00986  	0.08411  	0.01040  	0.00532  	0.01241  	0.03785  	-0.7581  	
-0.5489  	-0.2198  	-0.8863  	-0.5228  	-0.0631  	-0.5366  	-0.0102  	-0.2021  	-0.0164  	0.11650  	-0.4364  	-0.4529  	0.17673  	-0.2255  	-0.1795  	0.70427  	-0.0680  	0.04999  	0.30489  	0.62099  	-0.0991  	0.35119  	-0.5352  	0.29274  	0.83268  	-0.1876  	0.09454  	0.28595  	0.35185  	0.24229  	-0.1227  	0.18327  	0.07391  	-0.0309  	0.38945  	0.12148  	0.01779  	-0.2413  	-0.1188  	0.47744  	-0.1269  	0.05456  	-0.2052  	0.18903  	0.15361  	-0.0350  	0.03680  	-0.1303  	-0.0439  	-0.0527  	-0.0335  	-0.0165  	-0.0347  	-0.0176  	-0.0154  	-0.0276  	0.02244  	-0.0021  	0.00038  	-0.0009  	-0.0002  	-0.0043  	0.02539  	0.01319  	0.08411  	0.01040  	0.00532  	0.01241  	0.03785  	-0.7581  	
-0.4409  	-0.2020  	-0.8063  	-0.3553  	0.06163  	-0.5353  	0.02523  	-0.2241  	-0.0157  	0.20440  	-0.4188  	-0.4320  	0.14884  	-0.2177  	-0.1597  	0.79013  	-0.1168  	0.07538  	0.29050  	0.66155  	-0.1249  	0.35646  	-0.5942  	0.28481  	0.84926  	-0.2217  	0.07771  	0.31437  	0.36728  	0.27332  	-0.1592  	0.18209  	0.06063  	-0.0325  	0.44669  	0.16048  	0.02819  	-0.2544  	-0.1274  	0.48146  	-0.1448  	0.04676  	-0.2235  	0.18726  	0.16053  	-0.0326  	0.03642  	-0.1246  	-0.0402  	-0.0610  	-0.0222  	-0.0185  	-0.0246  	-0.0211  	-0.0167  	-0.0248  	0.02289  	-0.0018  	-0.0002  	0.00383  	-0.0063  	-0.0121  	0.02790  	0.01252  	0.08411  	0.01040  	0.00532  	0.01241  	0.03785  	-0.7581  	
-0.4070  	-0.2001  	-0.7880  	-0.3464  	0.07439  	-0.5293  	0.03459  	-0.2184  	-0.0193  	0.22074  	-0.4081  	-0.4686  	0.13269  	-0.2023  	-0.1971  	0.84110  	-0.1236  	0.08045  	0.29477  	0.64888  	-0.1148  	0.35071  	-0.6114  	0.30005  	0.88386  	-0.2262  	0.12906  	0.30363  	0.37404  	0.29019  	-0.1744  	0.19950  	0.04930  	-0.0314  	0.47132  	0.19070  	0.03727  	-0.2450  	-0.1444  	0.48846  	-0.1701  	0.05565  	-0.2282  	0.20019  	0.15589  	-0.0323  	0.02768  	-0.1213  	-0.0354  	-0.0627  	-0.0204  	-0.0222  	-0.0273  	-0.0178  	-0.0156  	-0.0191  	0.02296  	-0.0032  	0.00049  	0.00501  	-0.0068  	-0.0075  	0.02885  	0.01572  	0.08411  	0.01040  	0.00532  	0.01241  	0.03785  	-0.7581  	
-0.4074  	-0.2061  	-0.7869  	-0.3554  	0.06494  	-0.5210  	0.02312  	-0.2406  	-0.0187  	0.22320  	-0.4165  	-0.4774  	0.14244  	-0.2075  	-0.2318  	0.84176  	-0.1253  	0.05867  	0.30424  	0.64366  	-0.1012  	0.36380  	-0.6366  	0.31449  	0.92126  	-0.2286  	0.15905  	0.28310  	0.36846  	0.30529  	-0.1735  	0.20856  	0.03454  	-0.0319  	0.46924  	0.20421  	0.04730  	-0.2358  	-0.1426  	0.49001  	-0.1708  	0.05876  	-0.2248  	0.19930  	0.15651  	-0.0350  	0.02362  	-0.1163  	-0.0314  	-0.0669  	-0.0118  	-0.0230  	-0.0259  	-0.0146  	-0.0162  	-0.0149  	0.02367  	-0.0043  	0.00449  	0.00590  	-0.0081  	-0.0082  	0.02883  	0.01464  	0.08411  	0.01040  	0.00532  	0.01241  	0.03785  	-0.7581  	
-0.4190  	-0.2264  	-0.7886  	-0.3758  	0.04176  	-0.5277  	0.03626  	-0.2658  	-0.0142  	0.21831  	-0.4234  	-0.4777  	0.14152  	-0.2533  	-0.2387  	0.86057  	-0.1306  	0.07447  	0.30028  	0.63733  	-0.1195  	0.36654  	-0.6338  	0.31729  	0.91765  	-0.2229  	0.15400  	0.28890  	0.37864  	0.30188  	-0.1668  	0.21078  	0.03029  	-0.0332  	0.44522  	0.20421  	0.03520  	-0.2275  	-0.1405  	0.49426  	-0.1501  	0.05846  	-0.2196  	0.19348  	0.15403  	-0.0405  	0.02133  	-0.1143  	-0.0286  	-0.0708  	-0.0149  	-0.0225  	-0.0251  	-0.0120  	-0.0150  	-0.0172  	0.02097  	-0.0112  	0.00569  	0.00583  	-0.0070  	-0.0099  	0.02865  	0.01691  	0.08411  	0.01040  	0.00532  	0.01241  	0.03785  	-0.7581  	
-0.4611  	-0.2117  	-0.8446  	-0.4536  	0.00068  	-0.5249  	0.02304  	-0.2437  	-0.0175  	0.16726  	-0.4769  	-0.5335  	0.16593  	-0.2191  	-0.1885  	0.76873  	-0.0965  	0.08773  	0.31514  	0.62524  	-0.0918  	0.38071  	-0.5959  	0.29794  	0.90931  	-0.2222  	0.14288  	0.31218  	0.39053  	0.29928  	-0.1642  	0.20506  	0.02757  	-0.0358  	0.43685  	0.18802  	0.03583  	-0.2435  	-0.1313  	0.48190  	-0.1434  	0.05401  	-0.2285  	0.19179  	0.15592  	-0.0353  	0.02681  	-0.1294  	-0.0383  	-0.0659  	-0.0221  	-0.0206  	-0.0272  	-0.0128  	-0.0152  	-0.0182  	0.02306  	-0.0064  	0.00518  	0.00429  	-0.0056  	-0.0074  	0.02297  	0.01381  	0.08411  	0.01040  	0.00532  	0.01241  	0.03785  	-0.7581  	
-0.6311  	-0.2435  	-0.9348  	-0.4847  	-0.0200  	-0.6046  	0.00740  	-0.2169  	-0.0356  	0.13559  	-0.4531  	-0.5381  	0.17025  	-0.1782  	-0.1592  	0.67697  	-0.0682  	0.07248  	0.29207  	0.61336  	-0.0602  	0.35106  	-0.5646  	0.35315  	0.89947  	-0.2159  	0.14703  	0.23993  	0.35115  	0.27657  	-0.1670  	0.19218  	0.03300  	-0.0411  	0.46719  	0.15425  	0.03861  	-0.2315  	-0.1598  	0.48242  	-0.1663  	0.04738  	-0.2461  	0.18076  	0.16389  	-0.0349  	0.03381  	-0.1480  	-0.0486  	-0.0646  	-0.0277  	-0.0179  	-0.0292  	-0.0217  	-0.0162  	-0.0268  	0.02334  	-0.0009  	0.00116  	0.00339  	-0.0079  	-0.0115  	0.02361  	0.01151  	0.08411  	0.01040  	0.00532  	0.01241  	0.03785  	-0.7581  	
-0.6979  	-0.2655  	-0.9787  	-0.5913  	-0.0769  	-0.6545  	0.00564  	-0.1989  	-0.0225  	0.12895  	-0.3215  	-0.5273  	0.14284  	-0.1825  	-0.1364  	0.62775  	-0.0741  	0.02692  	0.29900  	0.64777  	0.02230  	0.34348  	-0.5257  	0.34881  	0.85842  	-0.2043  	0.13738  	0.18495  	0.29459  	0.24366  	-0.1370  	0.17985  	0.05603  	-0.0451  	0.47740  	0.12576  	0.09958  	-0.2266  	-0.1684  	0.44721  	-0.1701  	0.05932  	-0.2600  	0.17612  	0.16965  	-0.0328  	0.03908  	-0.1552  	-0.0557  	-0.0559  	-0.0369  	-0.0147  	-0.0283  	-0.0147  	-0.0182  	-0.0305  	0.02130  	-0.0031  	0.00128  	0.00330  	-0.0056  	-0.0017  	0.02490  	0.01464  	0.08411  	0.01040  	0.00532  	0.01241  	0.03785  	-0.7581  	
-0.5671  	-0.1951  	-0.8569  	-0.4773  	-0.0437  	-0.5495  	-0.0429  	-0.0990  	0.01219  	0.03613  	-0.3294  	-0.4369  	0.17525  	-0.0573  	0.00527  	0.63917  	-0.0624  	-0.0203  	0.30873  	0.60834  	0.11213  	0.33773  	-0.4764  	0.38051  	0.73379  	-0.1944  	0.17525  	0.11642  	0.21722  	0.22103  	-0.1440  	0.17945  	0.07509  	-0.0588  	0.51845  	0.04477  	0.12842  	-0.2315  	-0.1664  	0.44909  	-0.1828  	0.05070  	-0.2523  	0.18435  	0.16058  	-0.0336  	0.03648  	-0.1403  	-0.0529  	-0.0514  	-0.0352  	-0.0170  	-0.0303  	-0.0159  	-0.0211  	-0.0183  	0.01662  	-0.0085  	0.00626  	-0.0007  	-0.0016  	0.00250  	0.01524  	0.01632  	0.08411  	0.01040  	0.00532  	0.01241  	0.03785  	-0.7581  	
-0.2749  	-0.0889  	-0.6694  	-0.3860  	-0.0333  	-0.4014  	-0.0079  	-0.0512  	0.05741  	0.07626  	-0.4345  	-0.4382  	0.25816  	0.08060  	0.08171  	0.72061  	-0.0776  	-0.0238  	0.31371  	0.54846  	0.17889  	0.37887  	-0.4783  	0.36929  	0.76346  	-0.2228  	0.17111  	0.05279  	0.17761  	0.22533  	-0.1371  	0.19837  	0.10763  	-0.0582  	0.53952  	0.00249  	0.18501  	-0.2239  	-0.1780  	0.46420  	-0.1714  	0.05542  	-0.2342  	0.18751  	0.15256  	-0.0313  	0.03087  	-0.1300  	-0.0397  	-0.0545  	-0.0397  	-0.0214  	-0.0310  	-0.0180  	-0.0230  	-0.0106  	0.00720  	-0.0120  	0.00027  	0.00352  	0.00439  	0.00746  	0.01798  	0.01155  	0.08411  	0.01040  	0.00532  	0.01241  	0.03785  	-0.7581  	
-0.1576  	-0.0804  	-0.6197  	-0.4065  	-0.0705  	-0.4065  	0.01833  	-0.0352  	0.06019  	0.06800  	-0.3414  	-0.4200  	0.20237  	0.02507  	0.02977  	0.79966  	-0.0938  	-0.0321  	0.31440  	0.58940  	0.20173  	0.38293  	-0.4851  	0.35990  	0.78672  	-0.2211  	0.15518  	0.03240  	0.15443  	0.24369  	-0.1549  	0.21205  	0.10687  	-0.0398  	0.55461  	0.00499  	0.21522  	-0.1883  	-0.1919  	0.41079  	-0.1896  	0.06051  	-0.2163  	0.17951  	0.15226  	-0.0270  	0.03010  	-0.1251  	-0.0350  	-0.0578  	-0.0400  	-0.0163  	-0.0272  	-0.0158  	-0.0185  	-0.0139  	0.00739  	-0.0082  	-0.0041  	0.00436  	-0.0043  	0.00178  	0.02354  	0.00644  	0.08411  	0.01040  	0.00532  	0.01241  	0.03785  	-0.7581  	
-0.1189  	-0.1066  	-0.6318  	-0.3152  	-0.0191  	-0.3729  	0.01469  	-0.0230  	0.07931  	0.06606  	-0.3307  	-0.4535  	0.20940  	0.03587  	-0.0223  	0.85088  	-0.0910  	-0.0465  	0.31687  	0.54711  	0.26691  	0.37477  	-0.5115  	0.39564  	0.81329  	-0.2439  	0.22652  	-0.0019  	0.07200  	0.24406  	-0.1568  	0.22332  	0.10072  	-0.0484  	0.60992  	0.01202  	0.23913  	-0.1933  	-0.2031  	0.41432  	-0.2128  	0.07279  	-0.2187  	0.17472  	0.14772  	-0.0276  	0.03068  	-0.1208  	-0.0290  	-0.0536  	-0.0300  	-0.0191  	-0.0268  	-0.0133  	-0.0212  	-0.0094  	0.01055  	-0.0017  	0.00226  	0.00199  	-0.0078  	0.00249  	0.02886  	0.00566  	0.08411  	0.01040  	0.00532  	0.01241  	0.03785  	-0.7581  	
-0.2821  	-0.1712  	-0.6268  	-0.3387  	0.00225  	-0.3930  	-0.0227  	-0.1108  	0.02251  	0.11865  	-0.3247  	-0.4648  	0.17586  	-0.0852  	-0.1434  	0.85902  	-0.1014  	-0.0208  	0.32546  	0.60057  	0.15840  	0.39741  	-0.5554  	0.42239  	0.87415  	-0.2464  	0.21517  	0.07167  	0.16931  	0.25686  	-0.1738  	0.22136  	0.07400  	-0.0444  	0.56871  	0.06986  	0.18727  	-0.2006  	-0.1885  	0.46309  	-0.2076  	0.05767  	-0.2327  	0.18090  	0.15759  	-0.0396  	0.02751  	-0.1214  	-0.0322  	-0.0655  	-0.0180  	-0.0227  	-0.0287  	-0.0165  	-0.0185  	-0.0135  	0.01499  	-0.0068  	-0.0023  	0.00545  	-0.0023  	-0.0131  	0.02357  	0.01493  	0.08411  	0.01040  	0.00532  	0.01241  	0.03785  	-0.7581  	
-0.4088  	-0.1940  	-0.7727  	-0.3730  	-0.0061  	-0.4513  	0.00537  	-0.1971  	-0.0123  	0.10515  	-0.4397  	-0.5137  	0.14510  	-0.1451  	-0.1314  	0.78422  	-0.0895  	0.01190  	0.33415  	0.60356  	0.04932  	0.36639  	-0.5548  	0.38842  	0.90849  	-0.2383  	0.25229  	0.14685  	0.23788  	0.28134  	-0.1736  	0.22681  	0.04715  	-0.0507  	0.52882  	0.14408  	0.15125  	-0.2115  	-0.1847  	0.46461  	-0.1824  	0.05415  	-0.2447  	0.20064  	0.16169  	-0.0350  	0.02728  	-0.1296  	-0.0428  	-0.0605  	-0.0206  	-0.0198  	-0.0296  	-0.0150  	-0.0190  	-0.0176  	0.02162  	-0.0026  	0.00239  	0.00499  	-0.0098  	-0.0119  	0.02901  	0.00951  	0.08411  	0.01040  	0.00532  	0.01241  	0.03785  	-0.7581  	
-0.4646  	-0.1656  	-0.8037  	-0.3951  	-0.0323  	-0.4995  	0.01841  	-0.2018  	-0.0116  	0.09145  	-0.4814  	-0.5422  	0.16266  	-0.0802  	-0.0545  	0.67905  	-0.0923  	0.03951  	0.32229  	0.58757  	0.02137  	0.36537  	-0.5111  	0.33126  	0.85556  	-0.2091  	0.17056  	0.13242  	0.31227  	0.26046  	-0.1627  	0.19738  	0.05431  	-0.0340  	0.50085  	0.12256  	0.10166  	-0.2248  	-0.1612  	0.47969  	-0.1719  	0.05641  	-0.2329  	0.18836  	0.16445  	-0.0310  	0.03454  	-0.1389  	-0.0493  	-0.0616  	-0.0283  	-0.0179  	-0.0289  	-0.0156  	-0.0165  	-0.0208  	0.01660  	0.00026  	0.00062  	-0.0005  	-0.0047  	-0.0047  	0.02456  	0.01363  	0.08411  	0.01040  	0.00532  	0.01241  	0.03785  	-0.7581  	
-0.3788  	-0.1466  	-0.7717  	-0.4139  	-0.0627  	-0.5032  	0.05444  	-0.1662  	0.01725  	0.08644  	-0.4834  	-0.5162  	0.20255  	-0.0269  	-0.0603  	0.65717  	-0.0648  	0.04441  	0.29931  	0.61429  	-0.0018  	0.38697  	-0.5210  	0.32545  	0.87271  	-0.2214  	0.13216  	0.16989  	0.31599  	0.25996  	-0.1360  	0.17079  	0.06831  	-0.0443  	0.47518  	0.11167  	0.10783  	-0.2360  	-0.1718  	0.46439  	-0.1697  	0.05809  	-0.2346  	0.18076  	0.16249  	-0.0381  	0.03426  	-0.1315  	-0.0399  	-0.0560  	-0.0328  	-0.0193  	-0.0324  	-0.0175  	-0.0168  	-0.0145  	0.01649  	-0.0043  	-0.0060  	0.00247  	-0.0009  	0.00087  	0.02073  	0.01684  	0.08411  	0.01040  	0.00532  	0.01241  	0.03785  	-0.7581  	
-0.5377  	-0.1816  	-0.8409  	-0.4646  	-0.0582  	-0.5099  	-0.0105  	-0.1494  	0.00773  	0.04603  	-0.4046  	-0.5399  	0.15958  	-0.0829  	-0.0194  	0.64614  	-0.0621  	-0.0068  	0.29706  	0.57083  	0.07905  	0.39017  	-0.4993  	0.33822  	0.81273  	-0.2078  	0.15025  	0.13456  	0.27014  	0.25259  	-0.1498  	0.18975  	0.07258  	-0.0469  	0.48423  	0.07194  	0.13507  	-0.2227  	-0.1821  	0.43515  	-0.1642  	0.05737  	-0.2377  	0.16761  	0.16183  	-0.0324  	0.04076  	-0.1477  	-0.0509  	-0.0556  	-0.0350  	-0.0194  	-0.0310  	-0.0194  	-0.0201  	-0.0231  	0.01471  	-0.0008  	-0.0009  	-0.0055  	-0.0053  	-0.0043  	0.02396  	0.01511  	0.08411  	0.01040  	0.00532  	0.01241  	0.03785  	-0.7581  	
-0.4933  	-0.1949  	-0.8505  	-0.4422  	-0.0410  	-0.4958  	0.00686  	-0.1666  	0.00901  	0.08742  	-0.4077  	-0.4895  	0.16759  	-0.1288  	-0.0718  	0.69602  	-0.0838  	0.03780  	0.30373  	0.61989  	-0.0432  	0.34986  	-0.5477  	0.32241  	0.82799  	-0.2022  	0.11372  	0.26729  	0.34405  	0.25224  	-0.1454  	0.19071  	0.06968  	-0.0336  	0.45018  	0.11875  	0.05828  	-0.2374  	-0.1596  	0.46516  	-0.1505  	0.05154  	-0.2261  	0.17887  	0.15294  	-0.0358  	0.03259  	-0.1313  	-0.0502  	-0.0585  	-0.0311  	-0.0213  	-0.0308  	-0.0188  	-0.0194  	-0.0200  	0.01988  	-0.0053  	0.00087  	-0.0020  	-0.0058  	-0.0055  	0.01822  	0.01510  	0.08411  	0.01040  	0.00532  	0.01241  	0.03785  	-0.7581  	
-0.3711  	-0.1706  	-0.7876  	-0.3924  	0.02081  	-0.4615  	0.04288  	-0.1944  	0.01067  	0.11248  	-0.4240  	-0.4880  	0.17654  	-0.1149  	-0.1051  	0.76497  	-0.1019  	0.04090  	0.30141  	0.63790  	-0.0462  	0.33479  	-0.5833  	0.32117  	0.79751  	-0.2097  	0.13279  	0.26123  	0.32574  	0.25948  	-0.1615  	0.20371  	0.07912  	-0.0305  	0.49030  	0.13445  	0.06972  	-0.2454  	-0.1574  	0.48800  	-0.1503  	0.04808  	-0.2368  	0.19243  	0.15871  	-0.0379  	0.02892  	-0.1289  	-0.0419  	-0.0518  	-0.0222  	-0.0203  	-0.0288  	-0.0152  	-0.0170  	-0.0182  	0.02121  	-0.0044  	0.00070  	0.00421  	-0.0092  	-0.0007  	0.01924  	0.01016  	0.08411  	0.01040  	0.00532  	0.01241  	0.03785  	-0.7581  	
-0.2646  	-0.1336  	-0.7109  	-0.3020  	0.05018  	-0.4404  	0.03848  	-0.1396  	0.00938  	0.14678  	-0.4290  	-0.4797  	0.19086  	-0.0442  	-0.0163  	0.76643  	-0.1113  	0.01884  	0.28918  	0.63426  	0.03983  	0.36744  	-0.6212  	0.36734  	0.82691  	-0.2417  	0.18654  	0.16521  	0.24482  	0.24803  	-0.1888  	0.22290  	0.08479  	-0.0515  	0.54396  	0.09955  	0.12249  	-0.2571  	-0.1700  	0.49959  	-0.1889  	0.06653  	-0.2499  	0.18336  	0.15941  	-0.0349  	0.03436  	-0.1273  	-0.0259  	-0.0598  	-0.0222  	-0.0204  	-0.0332  	-0.0188  	-0.0186  	-0.0245  	0.01976  	-0.0094  	0.00094  	0.00292  	-0.0080  	-0.0085  	0.01822  	0.00686  	0.08411  	0.01040  	0.00532  	0.01241  	0.03785  	-0.7581  	
-0.1548  	-0.0977  	-0.6627  	-0.2294  	0.09455  	-0.4183  	0.07586  	-0.1002  	0.03950  	0.12808  	-0.5064  	-0.5062  	0.22112  	0.05557  	0.12145  	0.72955  	-0.1152  	-0.0058  	0.30712  	0.60499  	0.04507  	0.38627  	-0.6081  	0.35869  	0.87511  	-0.2346  	0.18154  	0.11938  	0.28171  	0.27496  	-0.1744  	0.21832  	0.07342  	-0.0410  	0.54772  	0.08518  	0.12119  	-0.2437  	-0.1438  	0.48509  	-0.1863  	0.07747  	-0.2344  	0.18541  	0.14746  	-0.0341  	0.02081  	-0.1081  	-0.0182  	-0.0572  	-0.0226  	-0.0192  	-0.0319  	-0.0175  	-0.0118  	-0.0152  	0.01895  	-0.0067  	-0.0014  	-0.0005  	-0.0056  	-0.0033  	0.02032  	0.00763  	0.08411  	0.01040  	0.00532  	0.01241  	0.03785  	-0.7581  	
-0.1453  	-0.0380  	-0.6766  	-0.1460  	0.13020  	-0.3130  	0.05704  	-0.0236  	0.07877  	0.06022  	-0.6102  	-0.4650  	0.30198  	0.19600  	0.21058  	0.74584  	-0.0917  	-0.0556  	0.29984  	0.51844  	0.07528  	0.44913  	-0.5794  	0.32762  	0.93164  	-0.2497  	0.23591  	0.10831  	0.32780  	0.32807  	-0.2013  	0.18679  	0.08812  	-0.0299  	0.53135  	0.07748  	0.06550  	-0.2461  	-0.1068  	0.49028  	-0.2148  	0.06977  	-0.2383  	0.18727  	0.15863  	-0.0366  	0.01270  	-0.1025  	-0.0208  	-0.0622  	-0.0220  	-0.0224  	-0.0265  	-0.0177  	-0.0198  	-0.0120  	0.01945  	-0.0036  	0.00075  	-0.0011  	-0.0034  	0.00024  	0.03125  	0.00875  	0.08411  	0.01040  	0.00532  	0.01241  	0.03785  	-0.7581  	
-0.2128  	-0.0836  	-0.7537  	-0.0070  	0.18606  	-0.4033  	0.04782  	-0.0679  	0.05118  	0.11829  	-0.5832  	-0.4181  	0.30216  	0.23608  	0.24595  	0.70653  	-0.0778  	-0.0376  	0.28694  	0.58420  	0.05592  	0.43047  	-0.6174  	0.40410  	0.96401  	-0.2618  	0.25172  	0.15913  	0.30984  	0.31097  	-0.1937  	0.18753  	0.07705  	-0.0368  	0.56717  	0.07196  	0.07943  	-0.2673  	-0.1405  	0.49438  	-0.2641  	0.08372  	-0.2585  	0.18224  	0.16775  	-0.0390  	0.02697  	-0.1161  	-0.0213  	-0.0660  	-0.0230  	-0.0183  	-0.0305  	-0.0184  	-0.0181  	-0.0061  	0.02448  	-0.0071  	0.00468  	0.00621  	-0.0031  	-6.3166  	0.02758  	0.00598  	0.08411  	0.01040  	0.00532  	0.01241  	0.03785  	-0.7581  	
-0.3942  	-0.1765  	-0.9039  	0.01326  	0.24249  	-0.5283  	0.04709  	-0.0965  	0.02786  	0.14991  	-0.4770  	-0.3199  	0.29115  	0.22029  	0.26399  	0.68912  	-0.1249  	-0.0223  	0.30176  	0.67992  	0.02158  	0.42611  	-0.6243  	0.42889  	0.88791  	-0.2451  	0.17923  	0.18371  	0.27783  	0.30345  	-0.1876  	0.19044  	0.11456  	-0.0253  	0.60152  	0.05181  	0.07026  	-0.2683  	-0.1666  	0.50546  	-0.2564  	0.08126  	-0.3078  	0.17294  	0.16353  	-0.0308  	0.02704  	-0.1305  	-0.0440  	-0.0528  	-0.0266  	-0.0162  	-0.0258  	-0.0185  	-0.0207  	-0.0179  	0.01200  	-0.0100  	0.01134  	0.00662  	0.00151  	0.00561  	0.01370  	0.00791  	0.08411  	0.01040  	0.00532  	0.01241  	0.03785  	-0.7581  	
-0.5501  	-0.1799  	-0.9573  	-0.2321  	0.15897  	-0.5875  	-0.0038  	-0.1555  	0.00711  	0.07500  	-0.4303  	-0.3322  	0.21849  	0.03871  	0.09787  	0.68757  	-0.1051  	0.03099  	0.29653  	0.64467  	0.01990  	0.37305  	-0.6050  	0.43154  	0.79655  	-0.2183  	0.10076  	0.21364  	0.30534  	0.27021  	-0.1567  	0.18323  	0.11027  	-0.0208  	0.53966  	0.04152  	0.05988  	-0.2531  	-0.1734  	0.48925  	-0.2311  	0.06747  	-0.3004  	0.17107  	0.15146  	-0.0292  	0.03534  	-0.1383  	-0.0467  	-0.0674  	-0.0310  	-0.0265  	-0.0355  	-0.0232  	-0.0209  	-0.0165  	0.01679  	0.00040  	-0.0017  	-0.0047  	0.00255  	0.00236  	0.01138  	0.00420  	0.08411  	0.01040  	0.00532  	0.01241  	0.03785  	-0.7581  	
-0.2970  	-0.0824  	-0.7397  	-0.2994  	0.00370  	-0.4096  	0.01206  	-0.0843  	0.03812  	0.03204  	-0.4618  	-0.4256  	0.23765  	0.08258  	0.16945  	0.67852  	-0.0698  	-0.0510  	0.31770  	0.55696  	0.17480  	0.40870  	-0.5040  	0.40976  	0.78895  	-0.2412  	0.22868  	0.03506  	0.17634  	0.23316  	-0.1823  	0.21243  	0.08411  	-0.0546  	0.58135  	0.00625  	0.17226  	-0.2124  	-0.1764  	0.48182  	-0.1958  	0.05098  	-0.2575  	0.18802  	0.15835  	-0.0322  	0.01980  	-0.1287  	-0.0388  	-0.0551  	-0.0372  	-0.0211  	-0.0356  	-0.0171  	-0.0185  	-0.0119  	0.00584  	-0.0069  	7.00512  	5.56348  	0.00598  	0.00691  	0.02091  	0.01378  	0.08411  	0.01040  	0.00532  	0.01241  	0.03785  	-0.7581  	
-0.1773  	-0.0685  	-0.6079  	-0.3878  	-0.0550  	-0.4301  	0.00107  	-0.0256  	0.06633  	0.10055  	-0.3399  	-0.4216  	0.18987  	0.06123  	0.02179  	0.83289  	-0.0912  	-0.0165  	0.33404  	0.54282  	0.20209  	0.36643  	-0.4825  	0.38237  	0.81232  	-0.2312  	0.22894  	-0.0066  	0.14197  	0.25372  	-0.1647  	0.22295  	0.10905  	-0.0398  	0.57977  	-0.0007  	0.21888  	-0.1889  	-0.1999  	0.41774  	-0.2133  	0.05763  	-0.2283  	0.17791  	0.15911  	-0.0310  	0.02381  	-0.1205  	-0.0339  	-0.0550  	-0.0389  	-0.0186  	-0.0275  	-0.0144  	-0.0206  	-0.0126  	0.00429  	-0.0069  	-0.0026  	0.00438  	-0.0055  	0.00069  	0.02443  	0.00600  	0.08411  	0.01040  	0.00532  	0.01241  	0.03785  	-0.7581  	
-0.1413  	-0.0690  	-0.5420  	-0.3693  	-0.0759  	-0.4108  	0.04328  	-0.0007  	0.10807  	0.11334  	-0.3109  	-0.3815  	0.19621  	0.05457  	-0.0362  	0.86663  	-0.0770  	-0.0193  	0.34130  	0.56909  	0.24620  	0.37178  	-0.5020  	0.33429  	0.81430  	-0.2392  	0.20009  	-0.0019  	0.16125  	0.23270  	-0.1800  	0.21268  	0.12041  	-0.0375  	0.52952  	-0.0167  	0.25060  	-0.1746  	-0.1736  	0.42144  	-0.1886  	0.05257  	-0.2113  	0.19561  	0.16780  	-0.0333  	0.02279  	-0.1127  	-0.0272  	-0.0532  	-0.0336  	-0.0196  	-0.0299  	-0.0097  	-0.0177  	-0.0061  	0.00467  	-0.0044  	0.00062  	0.00505  	-0.0024  	-0.0025  	0.02014  	0.00710  	0.08411  	0.01040  	0.00532  	0.01241  	0.03785  	-0.7581  	
-0.1904  	-0.0786  	-0.6187  	-0.2371  	0.04445  	-0.4012  	0.06383  	-0.0671  	0.06567  	0.12382  	-0.4439  	-0.3987  	0.22744  	0.13192  	0.06369  	0.81416  	-0.0704  	-0.0294  	0.32266  	0.62059  	0.13858  	0.40959  	-0.5734  	0.32998  	0.91264  	-0.2478  	0.20657  	0.04564  	0.25301  	0.28499  	-0.2016  	0.19427  	0.08836  	-0.0388  	0.51903  	0.06211  	0.16982  	-0.2079  	-0.1352  	0.48320  	-0.1815  	0.05500  	-0.2156  	0.19704  	0.16430  	-0.0390  	0.02151  	-0.1041  	-0.0246  	-0.0617  	-0.0251  	-0.0211  	-0.0302  	-0.0113  	-0.0189  	-0.0109  	0.01337  	-0.0042  	-0.0027  	0.00441  	-0.0054  	-0.0033  	0.02525  	0.00698  	0.08411  	0.01040  	0.00532  	0.01241  	0.03785  	-0.7581  	
-0.3317  	-0.1743  	-0.7088  	-0.0900  	0.14337  	-0.4340  	0.02665  	-0.1183  	0.02232  	0.14318  	-0.4984  	-0.3629  	0.26153  	0.05648  	0.14695  	0.74787  	-0.0226  	-0.1436  	0.35871  	0.44445  	0.10224  	0.22884  	-0.7302  	0.35022  	0.82566  	-0.1542  	0.17584  	0.06452  	0.32102  	0.28112  	-0.0776  	0.16025  	0.01050  	-0.1442  	0.45036  	0.02166  	0.06428  	-0.2285  	-0.2408  	0.41601  	-0.1473  	0.14849  	-0.3114  	0.24780  	0.11718  	-0.0221  	0.00886  	-0.1049  	-0.0424  	-0.0645  	-0.0307  	-0.0195  	-0.0335  	0.00125  	-0.0166  	-0.0188  	0.01476  	-0.0171  	-0.0006  	0.00549  	0.00029  	-0.0059  	0.00939  	0.00814  	0.08411  	0.01040  	0.00532  	0.01241  	0.03785  	-0.7581  	
-0.4666  	-0.1708  	-0.7537  	-0.4027  	0.02055  	-0.5144  	-0.0546  	-0.0925  	-0.0321  	0.01357  	-0.4061  	-0.4603  	0.22568  	-0.1606  	0.09733  	0.62968  	0.07521  	-0.2198  	0.42279  	0.22700  	0.19210  	0.08276  	-0.8233  	0.40456  	0.73815  	-0.0744  	0.19583  	-0.0209  	0.33576  	0.21264  	-0.0036  	0.13291  	-0.0521  	-0.2738  	0.44177  	0.02022  	0.06099  	-0.2356  	-0.3518  	0.36809  	-0.0840  	0.23027  	-0.4053  	0.30087  	0.09557  	-0.0019  	0.00210  	-0.1237  	-0.0773  	-0.0674  	-0.0285  	-0.0131  	-0.0329  	0.00223  	-0.0115  	-0.0222  	0.01626  	-0.0230  	0.00254  	0.01329  	0.00374  	-0.0003  	-0.0067  	0.01137  	0.08411  	0.01040  	0.00532  	0.01241  	0.03785  	-0.7581  	
-0.3181  	-0.1190  	-0.6768  	-0.3375  	-0.0229  	-0.5017  	-0.0308  	-0.0600  	-0.0025  	0.06052  	-0.4818  	-0.5111  	0.28386  	-0.0853  	0.13084  	0.59807  	0.04835  	-0.2383  	0.44552  	0.16849  	0.17249  	0.06786  	-0.8597  	0.39292  	0.74153  	-0.0791  	0.22981  	-0.0715  	0.33952  	0.21935  	0.00321  	0.14998  	-0.0793  	-0.2858  	0.44661  	0.04205  	0.04289  	-0.2264  	-0.3763  	0.34501  	-0.0890  	0.26136  	-0.4100  	0.30651  	0.07826  	-0.0032  	-0.0129  	-0.1029  	-0.0620  	-0.0692  	-0.0299  	-0.0107  	-0.0296  	0.01181  	-0.0133  	-0.0101  	0.00823  	-0.0182  	0.00693  	0.01469  	0.00679  	0.00319  	-0.0093  	0.00824  	0.08411  	0.01040  	0.00532  	0.01241  	0.03785  	-0.7581  	
-0.3691  	-0.1342  	-0.7047  	-0.3646  	0.02120  	-0.5453  	0.00713  	-0.1040  	-0.0189  	0.18350  	-0.4073  	-0.4727  	0.23377  	-0.1989  	-0.1026  	0.70303  	0.00713  	-0.1534  	0.39396  	0.32066  	-0.0049  	0.06342  	-0.9300  	0.31350  	0.77904  	-0.0885  	0.10821  	0.13660  	0.47419  	0.22907  	-0.0191  	0.12093  	-0.0555  	-0.2491  	0.37257  	0.11800  	-0.0718  	-0.2501  	-0.2799  	0.39641  	-0.0584  	0.22165  	-0.3714  	0.30113  	0.08216  	-0.0112  	0.00231  	-0.0952  	-0.0554  	-0.0710  	-0.0172  	-0.0179  	-0.0313  	0.00108  	-0.0015  	-0.0264  	0.01446  	-0.0204  	-0.0024  	0.01327  	-0.0032  	-0.0051  	0.00395  	0.01793  	0.08411  	0.01040  	0.00532  	0.01241  	0.03785  	-0.7581  	
-0.4284  	-0.1637  	-0.7737  	-0.4655  	-0.0659  	-0.5891  	0.00578  	-0.1592  	-0.0316  	0.18529  	-0.3849  	-0.5247  	0.20447  	-0.2272  	-0.1858  	0.72721  	-0.0541  	-0.0408  	0.35983  	0.46828  	-0.0535  	0.20714  	-0.8041  	0.25640  	0.81501  	-0.1348  	0.07758  	0.20846  	0.43757  	0.25806  	-0.0680  	0.14967  	-0.0019  	-0.1475  	0.39895  	0.17135  	-0.0378  	-0.2544  	-0.2129  	0.42231  	-0.0862  	0.14226  	-0.3078  	0.24478  	0.11288  	-0.0248  	0.01548  	-0.1104  	-0.0534  	-0.0704  	-0.0183  	-0.0174  	-0.0285  	-0.0085  	-0.0085  	-0.0264  	0.01611  	-0.0130  	-0.0038  	0.00478  	-0.0021  	-0.0064  	0.01877  	0.01451  	0.08411  	0.01040  	0.00532  	0.01241  	0.03785  	-0.7581  	
-0.5915  	-0.1967  	-0.8839  	-0.5070  	-0.0527  	-0.6358  	0.04358  	-0.2285  	-0.0299  	0.16010  	-0.4023  	-0.5497  	0.14648  	-0.1917  	-0.1859  	0.69436  	-0.0903  	0.04145  	0.29293  	0.61828  	-0.0752  	0.39272  	-0.5608  	0.33216  	0.89421  	-0.2147  	0.14174  	0.22078  	0.37615  	0.27889  	-0.1550  	0.18254  	0.03429  	-0.0478  	0.45982  	0.18740  	0.05697  	-0.2325  	-0.1501  	0.49109  	-0.1452  	0.05964  	-0.2368  	0.18625  	0.16145  	-0.0387  	0.03444  	-0.1421  	-0.0410  	-0.0655  	-0.0278  	-0.0166  	-0.0334  	-0.0203  	-0.0109  	-0.0218  	0.01816  	-0.0003  	8.60989  	0.00231  	-0.0028  	-0.0060  	0.02598  	0.01465  	0.08411  	0.01040  	0.00532  	0.01241  	0.03785  	-0.7581  	
-0.7178  	-0.2608  	-0.9773  	-0.5916  	-0.0725  	-0.7004  	0.00092  	-0.2297  	-0.0162  	0.15165  	-0.3357  	-0.5131  	0.14011  	-0.1744  	-0.1787  	0.61642  	-0.0814  	0.03262  	0.31178  	0.61324  	-0.0310  	0.36218  	-0.5308  	0.33225  	0.87561  	-0.1998  	0.12813  	0.20518  	0.32690  	0.26405  	-0.1312  	0.16928  	0.05949  	-0.0466  	0.46985  	0.14352  	0.09019  	-0.2366  	-0.1708  	0.45004  	-0.1688  	0.06267  	-0.2539  	0.17251  	0.17328  	-0.0366  	0.03484  	-0.1438  	-0.0566  	-0.0643  	-0.0310  	-0.0137  	-0.0330  	-0.0170  	-0.0189  	-0.0282  	0.02170  	-0.0024  	-0.0018  	0.00567  	-0.0045  	-0.0027  	0.02650  	0.01399  	0.08411  	0.01040  	0.00532  	0.01241  	0.03785  	-0.7581  	
-0.6563  	-0.2661  	-0.8748  	-0.6030  	-0.1234  	-0.6497  	0.00571  	-0.1872  	0.01333  	0.14137  	-0.2538  	-0.5038  	0.16070  	-0.1135  	-0.1085  	0.60306  	-0.0625  	-0.0366  	0.28249  	0.62936  	0.07082  	0.32657  	-0.4774  	0.35865  	0.77816  	-0.1840  	0.12856  	0.12737  	0.24159  	0.21457  	-0.1401  	0.17244  	0.08162  	-0.0547  	0.47552  	0.06642  	0.12704  	-0.2155  	-0.1873  	0.44201  	-0.1606  	0.05307  	-0.2453  	0.18499  	0.15933  	-0.0381  	0.04270  	-0.1380  	-0.0548  	-0.0547  	-0.0345  	-0.0195  	-0.0318  	-0.0127  	-0.0214  	-0.0257  	0.01533  	-0.0057  	-0.0024  	0.00132  	-0.0018  	0.00314  	0.02129  	0.01748  	0.08411  	0.01040  	0.00532  	0.01241  	0.03785  	-0.7581  	
-0.3472  	-0.1145  	-0.7369  	-0.3961  	-0.0062  	-0.4356  	0.01798  	-0.0915  	0.02241  	0.10723  	-0.4799  	-0.4554  	0.26258  	0.10645  	0.14246  	0.62173  	-0.0726  	-0.0164  	0.29176  	0.53503  	0.12004  	0.39402  	-0.5123  	0.39089  	0.77292  	-0.2086  	0.17746  	0.08326  	0.21171  	0.23668  	-0.1201  	0.18531  	0.10027  	-0.0599  	0.51557  	0.00376  	0.14811  	-0.2411  	-0.1754  	0.48072  	-0.1805  	0.05191  	-0.2335  	0.17183  	0.15338  	-0.0316  	0.03152  	-0.1205  	-0.0436  	-0.0448  	-0.0318  	-0.0190  	-0.0347  	-0.0260  	-0.0229  	-0.0148  	0.01166  	-0.0096  	0.00522  	0.00606  	-0.0011  	0.00883  	0.01536  	0.00928  	0.08411  	0.01040  	0.00532  	0.01241  	0.03785  	-0.7581  	
-0.1903  	-0.1175  	-0.6677  	-0.2764  	0.02611  	-0.3400  	0.02856  	-0.0694  	0.05666  	0.04710  	-0.6011  	-0.5179  	0.29778  	0.19908  	0.19541  	0.67183  	-0.0672  	-0.0219  	0.28688  	0.54111  	0.07747  	0.42339  	-0.5035  	0.34496  	0.83081  	-0.2107  	0.13445  	0.07813  	0.27284  	0.28218  	-0.1386  	0.18297  	0.10155  	-0.0282  	0.49706  	0.01597  	0.11658  	-0.2323  	-0.1505  	0.47526  	-0.1750  	0.05224  	-0.2072  	0.19029  	0.14440  	-0.0370  	0.03081  	-0.1116  	-0.0344  	-0.0571  	-0.0364  	-0.0205  	-0.0361  	-0.0165  	-0.0188  	-0.0139  	0.00957  	-0.0064  	-0.0071  	0.00289  	-0.0017  	0.01204  	0.02043  	0.00769  	0.08411  	0.01040  	0.00532  	0.01241  	0.03785  	-0.7581  	
-0.1221  	-0.0748  	-0.6123  	-0.1764  	0.04695  	-0.2829  	0.05926  	-0.0560  	0.06572  	0.09484  	-0.6601  	-0.5738  	0.32842  	0.21352  	0.21017  	0.64171  	-0.0700  	-0.0470  	0.30694  	0.50619  	0.06631  	0.46977  	-0.4994  	0.35801  	0.93267  	-0.2322  	0.22952  	0.05022  	0.31192  	0.31372  	-0.1568  	0.18398  	0.07040  	-0.0319  	0.47749  	0.03900  	0.11393  	-0.2351  	-0.1215  	0.48417  	-0.1881  	0.06172  	-0.2105  	0.20011  	0.14842  	-0.0352  	0.01485  	-0.0959  	-0.0198  	-0.0675  	-0.0319  	-0.0207  	-0.0311  	-0.0180  	-0.0161  	-0.0065  	0.00859  	-0.0079  	0.00067  	0.00383  	-0.0004  	0.00095  	0.01494  	0.00579  	0.08411  	0.01040  	0.00532  	0.01241  	0.03785  	-0.7581  	
-0.1462  	-0.0466  	-0.6426  	-0.3295  	0.05119  	-0.4155  	0.09209  	-0.0697  	0.03781  	0.16464  	-0.6445  	-0.6570  	0.29969  	0.19289  	0.19064  	0.58013  	-0.0699  	-0.0647  	0.31990  	0.48230  	0.06337  	0.49982  	-0.5121  	0.38888  	0.99690  	-0.2481  	0.34454  	0.01435  	0.31687  	0.32176  	-0.1691  	0.19613  	0.05238  	-0.0380  	0.50061  	0.06669  	0.10883  	-0.2367  	-0.1113  	0.49951  	-0.2107  	0.05994  	-0.2229  	0.19836  	0.14550  	-0.0373  	0.01154  	-0.0918  	-0.0192  	-0.0635  	-0.0273  	-0.0178  	-0.0346  	-0.0158  	-0.0158  	-0.0117  	0.00479  	-0.0095  	-0.0004  	0.00796  	-0.0026  	0.00049  	0.01924  	0.00526  	0.08411  	0.01040  	0.00532  	0.01241  	0.03785  	-0.7581  	
-0.2557  	-0.1113  	-0.7872  	-0.0261  	0.18550  	-0.3545  	0.05109  	-0.0737  	0.03374  	0.10285  	-0.5749  	-0.4179  	0.25399  	0.08444  	0.28360  	0.71255  	-0.0703  	-0.0534  	0.32020  	0.58327  	0.06151  	0.49044  	-0.5337  	0.36590  	0.92293  	-0.2299  	0.24808  	0.11809  	0.28769  	0.30433  	-0.2075  	0.18703  	0.06353  	-0.0340  	0.53282  	0.05346  	0.10332  	-0.2367  	-0.1366  	0.49832  	-0.2343  	0.07000  	-0.2503  	0.20476  	0.15999  	-0.0377  	0.01341  	-0.1263  	-0.0221  	-0.0620  	-0.0254  	-0.0227  	-0.0323  	-0.0148  	-0.0201  	-0.0129  	0.01768  	-0.0021  	0.00546  	0.00238  	0.00015  	1.53610  	0.01853  	0.00753  	0.08411  	0.01040  	0.00532  	0.01241  	0.03785  	-0.7581  	
-0.3116  	-0.1477  	-0.7550  	-0.0974  	0.14060  	-0.3705  	0.00885  	-0.1031  	0.02725  	0.08304  	-0.5773  	-0.3733  	0.22009  	0.01474  	0.12137  	0.79046  	-0.0809  	-0.0276  	0.33221  	0.58875  	0.05555  	0.42987  	-0.5447  	0.35692  	0.85190  	-0.2339  	0.20049  	0.12338  	0.27312  	0.28095  	-0.1878  	0.19801  	0.06514  	-0.0376  	0.50557  	0.05117  	0.12528  	-0.2247  	-0.1533  	0.48739  	-0.2070  	0.05622  	-0.2375  	0.19533  	0.14646  	-0.0381  	0.02241  	-0.1173  	-0.0325  	-0.0604  	-0.0273  	-0.0195  	-0.0303  	-0.0104  	-0.0210  	-0.0128  	0.01460  	-0.0044  	0.00698  	0.01159  	-0.0037  	0.00041  	0.02333  	0.00837  	0.08411  	0.01040  	0.00532  	0.01241  	0.03785  	-0.7581  	
-0.3585  	-0.1565  	-0.7894  	-0.3159  	0.04621  	-0.4549  	-0.0060  	-0.1666  	-0.0101  	0.09847  	-0.4592  	-0.4525  	0.15407  	-0.1117  	-0.0267  	0.80636  	-0.0888  	0.00316  	0.32497  	0.61415  	0.02680  	0.41390  	-0.5792  	0.37664  	0.85050  	-0.2289  	0.15628  	0.13044  	0.27076  	0.25725  	-0.1787  	0.19669  	0.05815  	-0.0445  	0.49052  	0.11136  	0.13205  	-0.2453  	-0.1781  	0.46151  	-0.1725  	0.05250  	-0.2263  	0.19549  	0.15193  	-0.0360  	0.03497  	-0.1293  	-0.0393  	-0.0538  	-0.0236  	-0.0252  	-0.0305  	-0.0176  	-0.0228  	-0.0167  	0.02615  	-0.0083  	-0.0054  	0.00353  	-0.0095  	0.00919  	0.02540  	0.01024  	0.08411  	0.01040  	0.00532  	0.01241  	0.03785  	-0.7581  	
-0.3510  	-0.1833  	-0.7135  	-0.3754  	0.01099  	-0.4736  	-0.0098  	-0.1826  	0.00597  	0.14703  	-0.3690  	-0.4562  	0.12552  	-0.2052  	-0.1805  	0.83727  	-0.1014  	0.02949  	0.32254  	0.60601  	0.00626  	0.39020  	-0.5843  	0.39909  	0.88250  	-0.2419  	0.21616  	0.12986  	0.27323  	0.25406  	-0.1774  	0.21401  	0.04020  	-0.0524  	0.50433  	0.14666  	0.13111  	-0.2192  	-0.1837  	0.48249  	-0.1731  	0.06222  	-0.2394  	0.18929  	0.15590  	-0.0374  	0.02673  	-0.1325  	-0.0358  	-0.0593  	-0.0261  	-0.0175  	-0.0275  	-0.0167  	-0.0172  	-0.0210  	0.02225  	-0.0059  	0.00369  	0.00489  	-0.0067  	-0.0078  	0.02710  	0.00946  	0.08411  	0.01040  	0.00532  	0.01241  	0.03785  	-0.7581  	
-0.3696  	-0.1822  	-0.7362  	-0.4867  	-0.0070  	-0.4790  	0.03077  	-0.2227  	0.00044  	0.17864  	-0.3889  	-0.5262  	0.13570  	-0.2118  	-0.2360  	0.83683  	-0.1150  	0.06062  	0.31533  	0.60753  	-0.0490  	0.36130  	-0.5857  	0.30871  	0.87914  	-0.2262  	0.15023  	0.24041  	0.34374  	0.27356  	-0.1663  	0.19702  	0.04185  	-0.0332  	0.46935  	0.18911  	0.09198  	-0.2312  	-0.1491  	0.48826  	-0.1564  	0.06536  	-0.2184  	0.20119  	0.15745  	-0.0355  	0.02830  	-0.1264  	-0.0341  	-0.0596  	-0.0233  	-0.0196  	-0.0300  	-0.0162  	-0.0110  	-0.0211  	0.01626  	-0.0061  	-0.0001  	0.00270  	-0.0077  	-0.0021  	0.02581  	0.01622  	0.08411  	0.01040  	0.00532  	0.01241  	0.03785  	-0.7581  	
-0.6180  	-0.2337  	-0.8934  	-0.5175  	-0.0357  	-0.6088  	0.02467  	-0.2287  	-0.0274  	0.17017  	-0.4071  	-0.5571  	0.16173  	-0.1897  	-0.2079  	0.71504  	-0.1015  	0.04272  	0.29093  	0.62793  	-0.0734  	0.36337  	-0.5747  	0.33512  	0.90076  	-0.2135  	0.13263  	0.25306  	0.36029  	0.27565  	-0.1547  	0.19286  	0.04082  	-0.0467  	0.45558  	0.19050  	0.05643  	-0.2394  	-0.1559  	0.49565  	-0.1531  	0.06396  	-0.2376  	0.18827  	0.16499  	-0.0369  	0.03272  	-0.1452  	-0.0505  	-0.0629  	-0.0274  	-0.0182  	-0.0311  	-0.0214  	-0.0162  	-0.0240  	0.02123  	-0.0023  	0.00297  	0.00156  	-0.0051  	-0.0078  	0.02126  	0.01608  	0.08411  	0.01040  	0.00532  	0.01241  	0.03785  	-0.7581  	
-0.7044  	-0.2540  	-0.9657  	-0.5645  	-0.0811  	-0.6485  	-0.0013  	-0.2172  	-0.0224  	0.10385  	-0.3715  	-0.5137  	0.13096  	-0.1457  	-0.1240  	0.59934  	-0.0743  	0.04408  	0.31356  	0.61419  	-0.0210  	0.35480  	-0.5278  	0.32117  	0.86873  	-0.2045  	0.13540  	0.21914  	0.33099  	0.24965  	-0.1382  	0.17790  	0.05572  	-0.0419  	0.46245  	0.13452  	0.07823  	-0.2424  	-0.1577  	0.44088  	-0.1655  	0.06134  	-0.2476  	0.17832  	0.16928  	-0.0374  	0.03182  	-0.1447  	-0.0587  	-0.0613  	-0.0350  	-0.0155  	-0.0310  	-0.0162  	-0.0194  	-0.0257  	0.02130  	-0.0034  	0.00271  	0.00410  	-0.0060  	-0.0056  	0.02390  	0.01427  	0.08411  	0.01040  	0.00532  	0.01241  	0.03785  	-0.7581  	
-0.5779  	-0.2439  	-0.8833  	-0.4619  	-0.0468  	-0.5932  	-0.0331  	-0.1476  	0.00619  	0.07732  	-0.3287  	-0.4593  	0.16891  	-0.0878  	-0.0550  	0.62205  	-0.0772  	-0.0082  	0.29781  	0.61092  	0.06576  	0.33626  	-0.4789  	0.34559  	0.75725  	-0.2109  	0.12826  	0.14383  	0.25127  	0.24146  	-0.1535  	0.18857  	0.06513  	-0.0521  	0.49062  	0.06109  	0.11111  	-0.2217  	-0.1661  	0.45032  	-0.1852  	0.04493  	-0.2489  	0.17979  	0.16410  	-0.0333  	0.03493  	-0.1447  	-0.0535  	-0.0524  	-0.0370  	-0.0202  	-0.0318  	-0.0180  	-0.0221  	-0.0253  	0.01849  	-0.0052  	0.00083  	-1.2455  	-0.0044  	-0.0048  	0.02564  	0.01700  	0.08411  	0.01040  	0.00532  	0.01241  	0.03785  	-0.7581  	
-0.3179  	-0.1167  	-0.7276  	-0.3236  	0.03048  	-0.4216  	0.00995  	-0.0914  	0.03834  	0.10149  	-0.4859  	-0.4595  	0.26256  	0.11754  	0.16011  	0.66792  	-0.0758  	-0.0303  	0.29846  	0.56014  	0.13345  	0.41061  	-0.5123  	0.41883  	0.77780  	-0.2099  	0.19433  	0.05371  	0.17007  	0.24682  	-0.1291  	0.19450  	0.09121  	-0.0568  	0.55257  	0.00434  	0.15295  	-0.2449  	-0.1793  	0.46989  	-0.1912  	0.06515  	-0.2454  	0.17949  	0.15255  	-0.0318  	0.02891  	-0.1292  	-0.0393  	-0.0542  	-0.0347  	-0.0176  	-0.0350  	-0.0207  	-0.0225  	-0.0140  	0.01228  	-0.0085  	0.00257  	0.00124  	0.00030  	0.00809  	0.01428  	0.00860  	0.08411  	0.01040  	0.00532  	0.01241  	0.03785  	-0.7581  	
-0.1999  	-0.0775  	-0.6485  	-0.3025  	-0.0096  	-0.3501  	0.00158  	-0.0439  	0.05877  	0.07088  	-0.5380  	-0.5180  	0.26380  	0.13261  	0.13758  	0.71592  	-0.0860  	-0.0372  	0.31462  	0.50707  	0.14683  	0.40681  	-0.4737  	0.35380  	0.81296  	-0.2201  	0.20199  	0.01060  	0.19681  	0.26892  	-0.1469  	0.20660  	0.10010  	-0.0385  	0.56264  	0.00732  	0.17797  	-0.2182  	-0.1817  	0.43935  	-0.2094  	0.05240  	-0.2136  	0.19196  	0.15307  	-0.0344  	0.02790  	-0.1177  	-0.0301  	-0.0557  	-0.0355  	-0.0200  	-0.0323  	-0.0158  	-0.0156  	-0.0113  	0.00866  	-0.0040  	-0.0035  	0.00357  	-0.0026  	0.00564  	0.02298  	0.00723  	0.08411  	0.01040  	0.00532  	0.01241  	0.03785  	-0.7581  	
-0.3131  	-0.1182  	-0.7053  	-0.4103  	-0.0101  	-0.4248  	0.03705  	-0.1244  	0.03401  	0.13591  	-0.3831  	-0.5233  	0.18238  	-0.0785  	-0.1152  	0.78323  	-0.0980  	0.04786  	0.32359  	0.63172  	0.05452  	0.34512  	-0.5679  	0.32866  	0.82889  	-0.2224  	0.11693  	0.17161  	0.27587  	0.24535  	-0.1502  	0.18867  	0.08569  	-0.0336  	0.51414  	0.10218  	0.12198  	-0.2206  	-0.1608  	0.47665  	-0.1720  	0.04686  	-0.2395  	0.18265  	0.15450  	-0.0325  	0.03610  	-0.1243  	-0.0436  	-0.0610  	-0.0226  	-0.0193  	-0.0343  	-0.0183  	-0.0137  	-0.0201  	0.01638  	-0.0038  	-0.0035  	-0.0004  	-0.0089  	-0.0097  	0.02320  	0.00891  	0.08411  	0.01040  	0.00532  	0.01241  	0.03785  	-0.7581  	
-0.3316  	-0.1532  	-0.7657  	-0.4071  	-0.0230  	-0.4630  	0.02635  	-0.1655  	0.00351  	0.15771  	-0.4054  	-0.5226  	0.16780  	-0.1020  	-0.1352  	0.76197  	-0.1144  	0.04770  	0.32449  	0.62905  	0.02159  	0.35334  	-0.5917  	0.32083  	0.85537  	-0.2387  	0.16451  	0.19453  	0.29321  	0.25556  	-0.1602  	0.20457  	0.06468  	-0.0469  	0.50725  	0.14462  	0.11663  	-0.2323  	-0.1622  	0.47620  	-0.1753  	0.05347  	-0.2369  	0.18806  	0.16276  	-0.0358  	0.03098  	-0.1237  	-0.0413  	-0.0587  	-0.0268  	-0.0199  	-0.0292  	-0.0180  	-0.0135  	-0.0182  	0.01798  	-0.0056  	0.00104  	0.00471  	-0.0074  	-0.0029  	0.02426  	0.01131  	0.08411  	0.01040  	0.00532  	0.01241  	0.03785  	-0.7581  	
-0.3957  	-0.1376  	-0.7692  	-0.4156  	-0.0159  	-0.4534  	0.01314  	-0.1657  	-0.0013  	0.08345  	-0.4124  	-0.5295  	0.14948  	-0.0632  	-0.0418  	0.70513  	-0.0967  	0.00971  	0.31119  	0.59311  	0.08030  	0.36158  	-0.5242  	0.35508  	0.82880  	-0.2199  	0.18217  	0.14282  	0.26439  	0.25046  	-0.1579  	0.21012  	0.06682  	-0.0438  	0.53211  	0.10540  	0.14241  	-0.2195  	-0.1908  	0.46620  	-0.1669  	0.05167  	-0.2413  	0.18881  	0.15665  	-0.0360  	0.02978  	-0.1353  	-0.0492  	-0.0623  	-0.0281  	-0.0162  	-0.0285  	-0.0165  	-0.0166  	-0.0209  	0.02061  	-0.0036  	0.00092  	-0.0001  	-0.0060  	-0.0033  	0.02595  	0.01285  	0.08411  	0.01040  	0.00532  	0.01241  	0.03785  	-0.7581  	
-0.3813  	-0.1303  	-0.7600  	-0.3924  	-0.0322  	-0.4706  	-0.0013  	-0.1373  	0.01590  	0.06967  	-0.4004  	-0.4939  	0.17454  	-0.0289  	0.05034  	0.70035  	-0.0710  	-0.0236  	0.31212  	0.55460  	0.13556  	0.38711  	-0.4968  	0.39675  	0.83624  	-0.2170  	0.21560  	0.05753  	0.20440  	0.25352  	-0.1542  	0.21396  	0.07889  	-0.0444  	0.55056  	0.06663  	0.19420  	-0.2080  	-0.2019  	0.44894  	-0.1810  	0.06484  	-0.2479  	0.18060  	0.15540  	-0.0329  	0.03137  	-0.1367  	-0.0519  	-0.0560  	-0.0406  	-0.0163  	-0.0258  	-0.0093  	-0.0185  	-0.0195  	0.01512  	-0.0009  	0.00332  	0.00430  	0.00110  	-0.0030  	0.02155  	0.01342  	0.08411  	0.01040  	0.00532  	0.01241  	0.03785  	-0.7581  	
-0.2698  	-0.0860  	-0.6895  	-0.3556  	-0.0638  	-0.3887  	-0.0014  	-0.0251  	0.06393  	0.04283  	-0.3728  	-0.4923  	0.20225  	0.06763  	0.13480  	0.73483  	-0.0452  	-0.0622  	0.31624  	0.50937  	0.24977  	0.40160  	-0.4500  	0.41738  	0.79514  	-0.2217  	0.25356  	-0.0506  	0.11633  	0.23530  	-0.1497  	0.21726  	0.09933  	-0.0513  	0.57545  	-0.0026  	0.25093  	-0.1759  	-0.2293  	0.41127  	-0.1890  	0.05011  	-0.2396  	0.18812  	0.15114  	-0.0319  	0.03409  	-0.1395  	-0.0460  	-0.0525  	-0.0430  	-0.0177  	-0.0272  	-0.0110  	-0.0211  	-0.0125  	0.00981  	-0.0025  	-0.0004  	0.00314  	0.00392  	0.00528  	0.02269  	0.00883  	0.08411  	0.01040  	0.00532  	0.01241  	0.03785  	-0.7581  	
-0.2309  	-0.0585  	-0.6503  	-0.3335  	-0.0705  	-0.3549  	-0.0016  	0.01250  	0.09302  	-0.0007  	-0.3522  	-0.4705  	0.20502  	0.08988  	0.14054  	0.76484  	-0.0571  	-0.0682  	0.32889  	0.50172  	0.29706  	0.39206  	-0.4287  	0.41844  	0.77850  	-0.2298  	0.25899  	-0.0767  	0.07420  	0.22962  	-0.1555  	0.22056  	0.09748  	-0.0508  	0.59831  	-0.0308  	0.28702  	-0.1624  	-0.2330  	0.40278  	-0.2101  	0.04854  	-0.2376  	0.18299  	0.15743  	-0.0324  	0.03029  	-0.1304  	-0.0444  	-0.0506  	-0.0448  	-0.0180  	-0.0283  	-0.0116  	-0.0211  	-0.0089  	0.00778  	-0.0038  	-0.0041  	0.00355  	0.00305  	0.00424  	0.01931  	0.01003  	0.08411  	0.01040  	0.00532  	0.01241  	0.03785  	-0.7581  	
-0.2058  	-0.0479  	-0.6370  	-0.3564  	-0.0849  	-0.3608  	-0.0013  	0.00817  	0.09530  	0.00679  	-0.3089  	-0.4465  	0.20363  	0.09773  	0.09579  	0.78514  	-0.0615  	-0.0766  	0.32176  	0.48375  	0.29572  	0.39025  	-0.4207  	0.42489  	0.75300  	-0.2267  	0.25395  	-0.0805  	0.05337  	0.22783  	-0.1513  	0.22125  	0.10418  	-0.0517  	0.60261  	-0.0347  	0.29156  	-0.1610  	-0.2355  	0.39264  	-0.2049  	0.05141  	-0.2325  	0.17735  	0.15256  	-0.0332  	0.03166  	-0.1287  	-0.0415  	-0.0516  	-0.0442  	-0.0163  	-0.0270  	-0.0088  	-0.0224  	-0.0090  	0.00463  	-0.0036  	-0.0036  	0.00550  	0.00182  	0.00672  	0.02129  	0.01082  	0.08411  	0.01040  	0.00532  	0.01241  	0.03785  	-0.7581  	
-0.2094  	-0.0518  	-0.6402  	-0.3576  	-0.0788  	-0.3672  	-0.0007  	0.00170  	0.09430  	0.01558  	-0.3059  	-0.4407  	0.20061  	0.09538  	0.08829  	0.78190  	-0.0597  	-0.0762  	0.31826  	0.48685  	0.28359  	0.38688  	-0.4226  	0.42096  	0.74816  	-0.2249  	0.24903  	-0.0723  	0.05738  	0.22747  	-0.1505  	0.22120  	0.10476  	-0.0520  	0.60143  	-0.0340  	0.28572  	-0.1624  	-0.2357  	0.39346  	-0.2001  	0.05007  	-0.2311  	0.17714  	0.15211  	-0.0333  	0.03197  	-0.1288  	-0.0414  	-0.0514  	-0.0440  	-0.0157  	-0.0277  	-0.0088  	-0.0220  	-0.0101  	0.00482  	-0.0040  	-0.0030  	0.00504  	0.00142  	0.00686  	0.02095  	0.01049  	0.08411  	0.01040  	0.00532  	0.01241  	0.03785  	-0.7581  	
