GZ1_OBJID,DR10_RELEASE,DR10_BRICKID,DR10_OBJID,LABEL
587722952230633836,10000,328437,2933,ANTICLOCKWISE
587722952230961739,10000,328440,8412,ANTICLOCKWISE
587722952232599938,10000,328455,1767,CLOCKWISE
587722952232796713,10000,328457,461,CLOCKWISE
587722952234893755,10000,328475,7851,ANTICLOCKWISE
587722952235614861,10000,328482,7023,ANTICLOCKWISE
587722952235942646,10000,328485,7338,ANTICLOCKWISE
587722952768749621,10000,329888,2869,ANTICLOCKWISE
587722952769471050,10000,329895,2600,ANTICLOCKWISE
587722952769995436,10000,331340,3145,ANTICLOCKWISE
587722952770060545,10000,331340,8910,ANTICLOCKWISE
587722952771896174,10000,329917,6547,CLOCKWISE
587722953304113241,10000,334195,170,CLOCKWISE
587722953305752227,10000,332769,6288,CLOCKWISE
587722953306341865,10000,332775,5491,ANTICLOCKWISE
587722953306800665,10000,334219,8376,ANTICLOCKWISE
587722953307456154,10000,332785,4583,ANTICLOCKWISE
587722953307521698,10000,332786,2393,ANTICLOCKWISE
587722953307586974,10000,332786,5286,CLOCKWISE
587722953307587064,10000,332786,6288,CLOCKWISE
587722953307587125,10000,332786,7076,ANTICLOCKWISE
587722953308570202,10000,332795,3878,CLOCKWISE
587722953309422268,10000,332803,4590,CLOCKWISE
587722981736120349,10000,325291,4588,ANTICLOCKWISE
587722981737824470,10000,323867,4474,ANTICLOCKWISE
587722981738938534,10000,323877,3416,ANTICLOCKWISE
587722981740118065,10000,325328,3914,ANTICLOCKWISE
587722981740249207,10000,325329,3532,ANTICLOCKWISE
587722981742149718,10000,323906,5299,ANTICLOCKWISE
587722981743198327,10000,325356,3579,CLOCKWISE
587722981743198342,10000,323916,4377,CLOCKWISE
587722981745098876,10000,325373,13760,CLOCKWISE
587722981745492114,10000,323937,5277,CLOCKWISE
587722981746409653,10000,323945,10815,ANTICLOCKWISE
587722981747916983,10000,325399,3617,CLOCKWISE
587722981749817551,10000,325417,307,CLOCKWISE
587722981750276247,10000,323980,16592,ANTICLOCKWISE
587722981750276282,10000,325421,894,CLOCKWISE
587722981752897881,10000,325444,6137,ANTICLOCKWISE
587722982270304366,10000,326707,1774,ANTICLOCKWISE
587722982270959742,10000,326713,2945,CLOCKWISE
587722982272532664,10000,326727,4988,CLOCKWISE
587722982275154175,10000,326751,4609,CLOCKWISE
587722982281904263,10000,326813,5431,CLOCKWISE
587722982282231949,10000,326816,3389,ANTICLOCKWISE
587722982283411484,10000,326826,8725,ANTICLOCKWISE
587722982284722392,10000,326839,446,CLOCKWISE
587722982286753946,10000,326857,2700,CLOCKWISE
587722982288261152,10000,326871,1621,CLOCKWISE
587722982288326849,10000,326871,5494,CLOCKWISE
587722982288523390,10000,326873,3240,ANTICLOCKWISE
587722982289440993,10000,326882,1591,ANTICLOCKWISE
587722982289506497,10000,326882,5417,CLOCKWISE
587722982290948344,10000,326896,1683,CLOCKWISE
587722982291210436,10000,326898,2182,ANTICLOCKWISE
587722982291734755,10000,326903,1918,CLOCKWISE
587722982292062358,10000,326906,3929,CLOCKWISE
587722982294487342,10000,326928,3213,ANTICLOCKWISE
587722982295339611,10000,326936,2781,CLOCKWISE
587722982295470273,10000,326936,13291,ANTICLOCKWISE
587722982295929067,10000,326941,2447,ANTICLOCKWISE
587722982297305365,10000,326953,5212,ANTICLOCKWISE
587722982300058102,10000,326979,2032,CLOCKWISE
587722982303662347,10000,327012,1712,CLOCKWISE
587722982807699585,10000,329591,4868,ANTICLOCKWISE
587722982808617216,10000,328160,4953,ANTICLOCKWISE
587722982808813659,10000,329602,4826,CLOCKWISE
587722982809534568,10000,329608,4386,ANTICLOCKWISE
587722982813925472,10000,329649,1817,CLOCKWISE
587722982815563822,10000,329663,6295,CLOCKWISE
587722982815629407,10000,328224,5265,ANTICLOCKWISE
587722982818906310,10000,328254,8505,CLOCKWISE
587722982820020337,10000,328264,3525,CLOCKWISE
587722982821396706,10000,329717,2897,ANTICLOCKWISE
587722982821724281,10000,329720,876,ANTICLOCKWISE
587722982823559383,10000,329736,5540,ANTICLOCKWISE
587722982823624928,10000,329737,4832,ANTICLOCKWISE
587722982824280230,10000,328303,1956,ANTICLOCKWISE
587722982825656566,10000,328316,1386,CLOCKWISE
587722982825656587,10000,329756,2251,CLOCKWISE
587722982826573968,10000,329764,3109,CLOCKWISE
587722982827622551,10000,329774,167,CLOCKWISE
587722982827688093,10000,329774,2973,ANTICLOCKWISE
587722982827688157,10000,329774,5107,CLOCKWISE
587722982828605567,10000,328343,4996,CLOCKWISE
587722982829391920,10000,328350,5432,ANTICLOCKWISE
587722982829391928,10000,329790,5317,ANTICLOCKWISE
587722982829981942,10000,329795,7937,CLOCKWISE
587722982830113139,10000,329797,2226,ANTICLOCKWISE
587722982830309633,10000,329798,10292,CLOCKWISE
587722982830506292,10000,329800,5041,ANTICLOCKWISE
587722982830637180,10000,328361,11699,ANTICLOCKWISE
587722982831095933,10000,328365,11922,ANTICLOCKWISE
587722982831358015,10000,329808,2604,CLOCKWISE
587722982832144786,10000,329815,10375,ANTICLOCKWISE
587722982832669003,10000,329820,3967,CLOCKWISE
587722982832865541,10000,329821,15789,CLOCKWISE
587722982833324286,10000,329825,6748,ANTICLOCKWISE
587722982833586580,10000,328388,5870,CLOCKWISE
587722982833717638,10000,329829,6672,CLOCKWISE
587722982833848688,10000,329831,549,CLOCKWISE
587722982835749172,10000,329848,3164,ANTICLOCKWISE
587722982836076841,10000,329851,1216,ANTICLOCKWISE
587722982836600881,10000,329856,970,CLOCKWISE
587722982836666765,10000,328417,59,ANTICLOCKWISE
587722982838501889,10000,329873,4406,CLOCKWISE
587722982838698001,10000,329875,463,ANTICLOCKWISE
587722982838829513,10000,329876,3665,ANTICLOCKWISE
587722982839484662,10000,329882,10858,CLOCKWISE
587722982839615861,10000,329883,6192,ANTICLOCKWISE
587722982842040343,10000,329905,5049,ANTICLOCKWISE
587722982843416865,10000,329918,4917,CLOCKWISE
587722982843744825,10000,329921,1523,ANTICLOCKWISE
587722982843744826,10000,329921,1620,ANTICLOCKWISE
587722983345356914,10000,332479,2474,ANTICLOCKWISE
587722983345488023,10000,331040,4635,ANTICLOCKWISE
587722983346012229,10000,332485,1087,CLOCKWISE
587722983346077869,10000,331046,268,CLOCKWISE
587722983346208943,10000,332486,5409,CLOCKWISE
587722983347454050,10000,331058,4732,ANTICLOCKWISE
587722983348895834,10000,331071,2690,ANTICLOCKWISE
587722983350075511,10000,332522,3480,ANTICLOCKWISE
587722983350272157,10000,331084,963,ANTICLOCKWISE
587722983354859645,10000,331126,1300,ANTICLOCKWISE
587722983355514966,10000,331132,3984,ANTICLOCKWISE
587722983358333168,10000,331157,3716,CLOCKWISE
587722983358464168,10000,332598,4678,ANTICLOCKWISE
587722983358529854,10000,331159,5188,CLOCKWISE
587722983358857428,10000,331162,3684,ANTICLOCKWISE
587722983359054011,10000,332604,2422,ANTICLOCKWISE
587722983360364911,10000,332616,1158,CLOCKWISE
587722983361675427,10000,331188,1447,CLOCKWISE
587722983362920580,10000,331199,2817,CLOCKWISE
587722983363444951,10000,331204,2269,CLOCKWISE
587722983363445035,10000,331204,4914,ANTICLOCKWISE
587722983363575968,10000,332645,4527,CLOCKWISE
587722983364165873,10000,332651,1713,ANTICLOCKWISE
587722983364821135,10000,331217,946,CLOCKWISE
587722983365869710,10000,332666,7714,ANTICLOCKWISE
587722983366262983,10000,332670,5595,CLOCKWISE
587722983367377138,10000,332680,4224,ANTICLOCKWISE
587722983369277678,10000,331258,897,CLOCKWISE
587722983369998735,10000,332704,4376,ANTICLOCKWISE
587722983370653979,10000,332710,2742,CLOCKWISE
587722983370719473,10000,332710,6975,ANTICLOCKWISE
587722983371899178,10000,332721,9535,ANTICLOCKWISE
587722983372882240,10000,331290,4434,CLOCKWISE
587722983372882325,10000,331290,7188,CLOCKWISE
587722983372947750,10000,331291,1956,ANTICLOCKWISE
587722983373406487,10000,331295,2412,ANTICLOCKWISE
587722983373471949,10000,331295,6863,CLOCKWISE
587722983373734012,10000,331298,5084,CLOCKWISE
587722983373865207,10000,332739,7671,ANTICLOCKWISE
587722983375831389,10000,332757,3946,ANTICLOCKWISE
587722983376880082,10000,331327,1874,ANTICLOCKWISE
587722983880982602,10000,333907,5044,ANTICLOCKWISE
587722983881834682,10000,333916,79,CLOCKWISE
587722983882686474,10000,333923,1933,ANTICLOCKWISE
587722983887536201,10000,333967,4283,CLOCKWISE
587722983889698846,10000,333987,3191,ANTICLOCKWISE
587722983890944174,10000,333999,2104,ANTICLOCKWISE
587722983891075142,10000,334000,4189,ANTICLOCKWISE
587722983892779235,10000,334015,15403,CLOCKWISE
587722983894155415,10000,334028,1533,CLOCKWISE
587722983894417548,10000,334030,5095,ANTICLOCKWISE
587722983895990379,10000,334045,1109,ANTICLOCKWISE
587722983895990506,10000,334045,1637,ANTICLOCKWISE
587722983896318179,10000,334048,1169,CLOCKWISE
587722983897432343,10000,334058,2567,CLOCKWISE
587722983897956617,10000,334063,938,ANTICLOCKWISE
587722983898349836,10000,334066,4033,ANTICLOCKWISE
587722983898874043,10000,335511,2864,ANTICLOCKWISE
587722983900053761,10000,334082,2739,ANTICLOCKWISE
587722983901233336,10000,334092,4470,ANTICLOCKWISE
587722983904969020,10000,334127,1754,CLOCKWISE
587722983905100085,10000,334128,6191,CLOCKWISE
587722983905624360,10000,334133,742,ANTICLOCKWISE
587722983908311395,10000,334157,3207,CLOCKWISE
587722983908442343,10000,334158,4288,CLOCKWISE
587722983909032152,10000,334163,10312,CLOCKWISE
587722983909228843,10000,334165,8660,CLOCKWISE
587722983910211819,10000,334174,5641,ANTICLOCKWISE
587722983911326116,10000,334185,2127,CLOCKWISE
587722983913357526,10000,334203,7647,ANTICLOCKWISE
587722983915782698,10000,334225,8688,CLOCKWISE
587722983916110397,10000,334228,6652,CLOCKWISE
587722984419623022,10000,336804,1101,CLOCKWISE
587722984419885164,10000,336806,3183,CLOCKWISE
587722984424210539,10000,335405,6566,CLOCKWISE
587722984430698650,10000,336905,787,ANTICLOCKWISE
587722984432730286,10000,336923,6593,CLOCKWISE
587722984438300866,10000,335534,4851,ANTICLOCKWISE
587722984439414978,10000,336984,11039,ANTICLOCKWISE
587722984440004754,10000,335550,1080,CLOCKWISE
587722984440791383,10000,336997,10245,CLOCKWISE
587722984440922384,10000,336998,9846,CLOCKWISE
587722984443216075,10000,337019,6100,ANTICLOCKWISE
587722984443412771,10000,337021,2071,CLOCKWISE
587722984445968604,10000,335604,7403,ANTICLOCKWISE
587724197200724131,10000,410326,2089,ANTICLOCKWISE
587724197201707115,10000,410335,2840,CLOCKWISE
587724197202493564,10000,408942,3396,CLOCKWISE
587724197203607692,10000,408953,417,ANTICLOCKWISE
587724197204525280,10000,407559,3299,CLOCKWISE
587724197205901456,10000,406167,4452,ANTICLOCKWISE
587724197206950029,10000,406177,3798,ANTICLOCKWISE
587724197207146751,10000,406179,2374,ANTICLOCKWISE
587724197209636900,10000,403392,1545,ANTICLOCKWISE
587724197209702533,10000,403393,1383,ANTICLOCKWISE
587724197742641304,10000,410372,2826,ANTICLOCKWISE
587724197742641499,10000,408972,4727,ANTICLOCKWISE
587724197745066130,10000,407593,1824,ANTICLOCKWISE
587724197745197190,10000,407594,1510,ANTICLOCKWISE
587724197745787000,10000,406195,5457,CLOCKWISE
587724197747359877,10000,404805,4273,CLOCKWISE
587724198276038851,10000,414533,1080,ANTICLOCKWISE
587724198276890723,10000,413144,3820,CLOCKWISE
587724198277021897,10000,413146,791,CLOCKWISE
587724198278463763,10000,413159,2231,CLOCKWISE
587724198279184676,10000,411768,236,ANTICLOCKWISE
587724198279577765,10000,411771,1544,CLOCKWISE
587724198280167575,10000,410378,4242,CLOCKWISE
587724198280757392,10000,410384,1553,CLOCKWISE
587724198281216148,10000,410388,1727,ANTICLOCKWISE
587724198282002535,10000,408995,3330,ANTICLOCKWISE
587724198282658016,10000,409001,4308,CLOCKWISE
587724198282658021,10000,409001,4552,ANTICLOCKWISE
587724198282854530,10000,409003,3875,ANTICLOCKWISE
587724198283575326,10000,407607,5361,ANTICLOCKWISE
587724198283903051,10000,407611,2270,CLOCKWISE
587724198284034174,10000,407612,1129,ANTICLOCKWISE
587724198813499597,10000,415932,2213,ANTICLOCKWISE
587724198814154964,10000,415938,1402,ANTICLOCKWISE
587724198815989925,10000,414561,476,CLOCKWISE
587724198816776326,10000,414568,804,CLOCKWISE
587724198817825040,10000,413182,898,ANTICLOCKWISE
587724198818611337,10000,411791,2084,CLOCKWISE
587724198820184095,10000,410407,2261,CLOCKWISE
587724198822281326,10000,406221,535,ANTICLOCKWISE
587724199349846160,10000,418711,2532,ANTICLOCKWISE
587724199350894753,10000,417329,814,CLOCKWISE
587724199351550055,10000,417335,667,CLOCKWISE
587724199352598665,10000,417344,2986,CLOCKWISE
587724199352926375,10000,415955,3891,CLOCKWISE
587724199354105880,10000,415966,1404,CLOCKWISE
587724199354105909,10000,415966,1825,CLOCKWISE
587724199354106018,10000,414572,2368,ANTICLOCKWISE
587724199358824662,10000,410424,746,ANTICLOCKWISE
587724199886258329,10000,420097,2114,ANTICLOCKWISE
587724199888748651,10000,420120,382,ANTICLOCKWISE
587724199892222201,10000,415978,1158,CLOCKWISE
587724199893991702,10000,414600,956,CLOCKWISE
587724199894057115,10000,414600,3523,ANTICLOCKWISE
587724231563477157,10000,410332,3334,CLOCKWISE
587724231567933552,10000,408973,825,ANTICLOCKWISE
587724231567999111,10000,407572,1826,CLOCKWISE
587724231570030743,10000,406186,3353,ANTICLOCKWISE
587724232100675692,10000,413131,1346,ANTICLOCKWISE
587724232101199908,10000,411738,1069,ANTICLOCKWISE
587724232101396582,10000,413138,1493,ANTICLOCKWISE
587724232103297136,10000,411757,1812,ANTICLOCKWISE
587724232103952497,10000,411763,2190,ANTICLOCKWISE
587724232105132134,10000,410376,1359,CLOCKWISE
587724232105590999,10000,408980,2739,CLOCKWISE
587724232108998803,10000,406205,4507,CLOCKWISE
587724232109654104,10000,404807,2959,CLOCKWISE
587724232110899323,10000,403413,7703,CLOCKWISE
587724232367997106,10000,413121,2337,CLOCKWISE
587724232638070966,10000,415926,1774,ANTICLOCKWISE
587724232643051693,10000,410386,1280,ANTICLOCKWISE
587724232643117117,10000,411784,3634,ANTICLOCKWISE
587724232643969248,10000,410394,2882,ANTICLOCKWISE
587724232644755619,10000,409001,4103,ANTICLOCKWISE
587724232645869766,10000,407610,242,ANTICLOCKWISE
587724232646394198,10000,407615,25,CLOCKWISE
587724232646787166,10000,406214,1578,ANTICLOCKWISE
587724233173762172,10000,417307,2858,CLOCKWISE
587724233173827648,10000,417307,2883,CLOCKWISE
587724233175924976,10000,415935,1466,ANTICLOCKWISE
587724233176383714,10000,415939,2737,CLOCKWISE
587724233178677401,10000,414566,2909,CLOCKWISE
587724233179332766,10000,414572,1464,ANTICLOCKWISE
587724233183002767,10000,410414,184,CLOCKWISE
587724233712140421,10000,418713,1611,CLOCKWISE
587724233712533597,10000,420106,2635,CLOCKWISE
587724233712861260,10000,418719,3387,CLOCKWISE
587724233713057938,10000,418721,3099,CLOCKWISE
587724233714106492,10000,417339,631,CLOCKWISE
587724233714958482,10000,418738,4911,ANTICLOCKWISE
587724233716465892,10000,417361,1112,ANTICLOCKWISE
587724233720004940,10000,411813,4353,CLOCKWISE
587724233720332513,10000,411816,2640,ANTICLOCKWISE
587724234248224914,10000,421484,272,ANTICLOCKWISE
587724234248945837,10000,421490,2591,ANTICLOCKWISE
587724234251305087,10000,420124,410,CLOCKWISE
587724234251436188,10000,420125,2838,CLOCKWISE
587724234251436262,10000,420125,3114,CLOCKWISE
587724234251698404,10000,420128,704,ANTICLOCKWISE
587724234256089275,10000,415994,1407,CLOCKWISE
587724234256220340,10000,415995,3101,ANTICLOCKWISE
587724234256679132,10000,415999,3714,ANTICLOCKWISE
587724234257465503,10000,414612,3880,CLOCKWISE
587724240150986858,10000,276013,7326,CLOCKWISE
587724240151707835,10000,277442,5751,CLOCKWISE
587724240151838814,10000,277443,3176,ANTICLOCKWISE
587724240152690778,10000,278873,11296,CLOCKWISE
587724240157868136,10000,287477,5044,CLOCKWISE
587724240160882963,10000,293227,319,CLOCKWISE
587724240161603682,10000,293233,3491,CLOCKWISE
587724240687857745,10000,278857,9949,CLOCKWISE
587724240688251051,10000,278861,5478,CLOCKWISE
587724240688382084,10000,278862,8187,ANTICLOCKWISE
587724240688906442,10000,280291,3783,CLOCKWISE
587724240692248580,10000,286026,398,ANTICLOCKWISE
587724240697426120,10000,294656,839,ANTICLOCKWISE
587724241225187411,10000,281710,1162,ANTICLOCKWISE
587724241225842822,10000,281716,3179,ANTICLOCKWISE
587724241230037007,10000,288892,3790,ANTICLOCKWISE
587724241231020118,10000,290331,2808,CLOCKWISE
587724241232461948,10000,293206,5375,CLOCKWISE
587724241232724100,10000,293209,1454,CLOCKWISE
587724241232724106,10000,293209,1231,ANTICLOCKWISE
587724241233182953,10000,294645,5285,CLOCKWISE
587724241234034872,10000,296085,4151,ANTICLOCKWISE
587724241234886833,10000,297527,4177,ANTICLOCKWISE
587724241235017883,10000,297528,3962,ANTICLOCKWISE
587724241766318208,10000,290317,2338,ANTICLOCKWISE
587724241769267452,10000,296070,2484,CLOCKWISE
587724241771036829,10000,298954,3421,ANTICLOCKWISE
587724242300895356,10000,288866,2398,ANTICLOCKWISE
587724242301223015,10000,288869,1265,ANTICLOCKWISE
587724242302795891,10000,291743,3457,ANTICLOCKWISE
587724242303844610,10000,293185,1497,CLOCKWISE
587724242304499886,10000,294623,1320,ANTICLOCKWISE
587724242304565368,10000,294624,245,CLOCKWISE
587724242306072698,10000,297503,3805,ANTICLOCKWISE
587724242834817212,10000,287409,3057,ANTICLOCKWISE
587724242837045355,10000,290289,6522,ANTICLOCKWISE
587724242837700709,10000,291725,6800,ANTICLOCKWISE
587724242839273614,10000,293172,30,ANTICLOCKWISE
587724242840256668,10000,296045,2430,ANTICLOCKWISE
587724242841305270,10000,297488,6283,ANTICLOCKWISE
587724242841501703,10000,297490,854,CLOCKWISE
587724648175566994,10000,312298,4119,ANTICLOCKWISE
587724648180416563,10000,310904,8167,CLOCKWISE
587724648180482173,10000,310905,949,ANTICLOCKWISE
587724648180875463,10000,310908,7271,CLOCKWISE
587724648181989385,10000,312356,5160,ANTICLOCKWISE
587724648182120634,10000,310920,3518,ANTICLOCKWISE
587724648182120707,10000,310920,2753,CLOCKWISE
587724648183234759,10000,310930,7390,ANTICLOCKWISE
587724648188215315,10000,310975,6648,CLOCKWISE
587724648190181499,10000,312432,242,ANTICLOCKWISE
587724648190378175,10000,310995,5813,CLOCKWISE
587724648191819954,10000,312447,1522,ANTICLOCKWISE
587724648709947597,10000,315154,7437,ANTICLOCKWISE
587724648710406302,10000,315158,4502,CLOCKWISE
587724648710406370,10000,315158,5920,CLOCKWISE
587724648710406371,10000,315158,5938,CLOCKWISE
587724648713093282,10000,315183,2266,ANTICLOCKWISE
587724648716828817,10000,313777,2355,CLOCKWISE
587724648717156590,10000,313780,4183,CLOCKWISE
587724648717549851,10000,313784,3416,CLOCKWISE
587724648718139602,10000,313789,3308,CLOCKWISE
587724648718860539,10000,313796,1298,CLOCKWISE
587724648720040138,10000,313807,2853,ANTICLOCKWISE
587724648721285288,10000,313818,3164,ANTICLOCKWISE
587724648721416314,10000,313819,3117,CLOCKWISE
587724648723054727,10000,313834,1762,ANTICLOCKWISE
587724648725348468,10000,313855,2549,CLOCKWISE
587724648727183511,10000,313872,2719,ANTICLOCKWISE
587724649247211753,10000,318038,2767,CLOCKWISE
587724649248325822,10000,316608,4529,CLOCKWISE
587724649248915564,10000,318053,3515,CLOCKWISE
587724649249505341,10000,316619,144,CLOCKWISE
587724649253109956,10000,316652,2294,ANTICLOCKWISE
587724649254420690,10000,316664,1075,CLOCKWISE
587724649255207098,10000,316671,3608,ANTICLOCKWISE
587724649255272543,10000,316672,425,CLOCKWISE
587724649255338079,10000,316672,2873,CLOCKWISE
587724649256124521,10000,315239,5269,ANTICLOCKWISE
587724649256910987,10000,316686,13846,ANTICLOCKWISE
587724649257042114,10000,316688,4300,ANTICLOCKWISE
587724649261432996,10000,316728,1720,CLOCKWISE
587724649265692723,10000,316767,765,ANTICLOCKWISE
587724649265692724,10000,316767,568,ANTICLOCKWISE
587724649266020474,10000,316770,5246,ANTICLOCKWISE
587724649784082620,10000,320918,6336,CLOCKWISE
587724649785524436,10000,319491,3485,CLOCKWISE
587724649786507428,10000,319500,1967,ANTICLOCKWISE
587724649786900593,10000,319503,4993,ANTICLOCKWISE
587724649787293817,10000,319507,3044,ANTICLOCKWISE
587724649792667829,10000,318116,5946,CLOCKWISE
587724649792930030,10000,319559,1639,CLOCKWISE
587724649793650731,10000,318125,12275,ANTICLOCKWISE
587724649795879039,10000,319585,7108,ANTICLOCKWISE
587724649801449604,10000,318196,4761,CLOCKWISE
587724649801449608,10000,318196,4750,CLOCKWISE
587724650320036077,10000,323789,11330,ANTICLOCKWISE
587724650320232637,10000,322351,7998,ANTICLOCKWISE
587724650321150197,10000,322360,3835,ANTICLOCKWISE
587724650321412313,10000,322362,7159,ANTICLOCKWISE
587724650321543358,10000,322363,13967,ANTICLOCKWISE
587724650323116235,10000,320938,763,CLOCKWISE
587724650328359026,10000,320985,5127,ANTICLOCKWISE
587724650333536363,10000,321033,1465,CLOCKWISE
587724650334519455,10000,321041,12824,CLOCKWISE
587724650334716011,10000,321043,12457,ANTICLOCKWISE
587724650335305890,10000,321049,2107,ANTICLOCKWISE
587724650335568060,10000,321051,5061,CLOCKWISE
587724650856775705,10000,325228,6706,ANTICLOCKWISE
587724650859659379,10000,323814,5804,CLOCKWISE
587724650869883027,10000,323908,2987,ANTICLOCKWISE
587724650869948519,10000,323908,6633,CLOCKWISE
587724650871455843,10000,323922,10812,ANTICLOCKWISE
587724650874339426,10000,323948,15186,CLOCKWISE
587725039014379682,10000,310896,3623,ANTICLOCKWISE
587725039015100491,10000,309464,7826,CLOCKWISE
587725039016017950,10000,310911,566,ANTICLOCKWISE
587725039020146853,10000,309511,1710,CLOCKWISE
587725039020998805,10000,309518,4950,ANTICLOCKWISE
587725039021195377,10000,309520,3672,CLOCKWISE
587725039021392027,10000,309522,1801,ANTICLOCKWISE
587725039022899325,10000,310974,3622,CLOCKWISE
587725039023620272,10000,309542,5635,ANTICLOCKWISE
587725039023882386,10000,310983,1862,CLOCKWISE
587725039024013431,10000,309546,4152,CLOCKWISE
587725039551840406,10000,312339,6537,ANTICLOCKWISE
587725039552233654,10000,312343,5203,ANTICLOCKWISE
587725039552364715,10000,313783,7668,ANTICLOCKWISE
587725039556034682,10000,312377,5809,CLOCKWISE
587725039556296812,10000,312380,2612,CLOCKWISE
587725039557083301,10000,312387,5456,ANTICLOCKWISE
587725039557411078,10000,312390,6875,ANTICLOCKWISE
587725039558197379,10000,312397,4747,CLOCKWISE
587725039558263024,10000,312398,4802,CLOCKWISE
587725039558393976,10000,312399,2650,ANTICLOCKWISE
587725039561277607,10000,312425,7536,ANTICLOCKWISE
587725039561539800,10000,312428,1317,ANTICLOCKWISE
587725039562981562,10000,312441,9340,ANTICLOCKWISE
587725039819489424,10000,312332,4330,ANTICLOCKWISE
587725040091136092,10000,315240,5459,CLOCKWISE
587725040091332791,10000,315242,10832,CLOCKWISE
587725040091660370,10000,315245,8535,ANTICLOCKWISE
587725040091988170,10000,315248,13874,CLOCKWISE
587725040093102209,10000,315258,6112,ANTICLOCKWISE
587725040094150927,10000,315268,5755,CLOCKWISE
587725040095330473,10000,315279,1670,ANTICLOCKWISE
587725040095396049,10000,315279,5656,ANTICLOCKWISE
587725040097034432,10000,315295,798,ANTICLOCKWISE
587725040097034444,10000,315295,1231,CLOCKWISE
587725040098083033,10000,315304,7079,ANTICLOCKWISE
587725040625647714,10000,318099,3354,ANTICLOCKWISE
587725040625844391,10000,316661,2393,ANTICLOCKWISE
587725040626237583,10000,318104,5866,ANTICLOCKWISE
587725040626761824,10000,318109,2866,ANTICLOCKWISE
587725040628859010,10000,318128,11101,CLOCKWISE
587725040629317693,10000,316692,5720,CLOCKWISE
587725040630366342,10000,316702,5222,ANTICLOCKWISE
587725040630759592,10000,316706,1705,ANTICLOCKWISE
587725040633315474,10000,316729,1578,ANTICLOCKWISE
587725040634364147,10000,316739,2399,ANTICLOCKWISE
587725041164419138,10000,319556,5909,CLOCKWISE
587725041167761578,10000,319587,2851,CLOCKWISE
587725041168613569,10000,319595,2417,ANTICLOCKWISE
587725041169989647,10000,319607,2850,CLOCKWISE
587725041171103918,10000,319617,5773,ANTICLOCKWISE
587725041174708457,10000,319651,531,CLOCKWISE
587725041699586155,10000,322421,868,ANTICLOCKWISE
587725041701224580,10000,322436,551,CLOCKWISE
587725041702011010,10000,322443,3321,ANTICLOCKWISE
587725041705943233,10000,322479,3113,ANTICLOCKWISE
587725041705943244,10000,322479,3788,ANTICLOCKWISE
587725041706270846,10000,322482,3305,CLOCKWISE
587725041707188303,10000,322490,5185,ANTICLOCKWISE
587725041707188381,10000,322490,3609,CLOCKWISE
587725041707647104,10000,322495,144,ANTICLOCKWISE
587725041709809846,10000,322514,5487,ANTICLOCKWISE
587725041709875308,10000,322515,495,CLOCKWISE
587725073913807325,10000,326563,5066,CLOCKWISE
587725073915904403,10000,326582,11095,CLOCKWISE
587725073916100936,10000,326584,7669,ANTICLOCKWISE
587725073919115472,10000,326611,9281,CLOCKWISE
587725073919770915,10000,326618,5271,CLOCKWISE
587725073921147128,10000,326630,3474,ANTICLOCKWISE
587725074447926129,10000,327978,1681,ANTICLOCKWISE
587725074448843240,10000,329426,6312,CLOCKWISE
587725074449826347,10000,327996,373,CLOCKWISE
587725074450350580,10000,329440,4741,ANTICLOCKWISE
587725074453758312,10000,329472,71,CLOCKWISE
587725074457362652,10000,328064,8909,ANTICLOCKWISE
587725074716099034,10000,327975,5882,ANTICLOCKWISE
587725074984862332,10000,330859,480,ANTICLOCKWISE
587725074984928016,10000,330859,7669,ANTICLOCKWISE
587725074987090321,10000,332319,2107,CLOCKWISE
587725074987418112,10000,332322,5359,ANTICLOCKWISE
587725074987418117,10000,332322,5411,ANTICLOCKWISE
587725074988138626,10000,332329,325,ANTICLOCKWISE
587725074988728465,10000,330894,3850,ANTICLOCKWISE
587725074989187409,10000,330898,2417,CLOCKWISE
587725074990104799,10000,332346,7587,CLOCKWISE
587725074991677745,10000,330921,5504,CLOCKWISE
587725074994692275,10000,332388,7098,ANTICLOCKWISE
587725074994823341,10000,332389,7491,CLOCKWISE
587725075522191698,10000,333743,3243,ANTICLOCKWISE
587725075522257471,10000,333744,516,CLOCKWISE
587725075522519470,10000,333746,812,ANTICLOCKWISE
587725075522978311,10000,333750,4629,ANTICLOCKWISE
587725075525730601,10000,333775,4990,ANTICLOCKWISE
587725075526189221,10000,333779,9050,CLOCKWISE
587725075526451575,10000,333782,3946,ANTICLOCKWISE
587725075528220929,10000,333798,3260,ANTICLOCKWISE
587725075530186805,10000,333816,2928,CLOCKWISE
587725075530514645,10000,333819,5160,CLOCKWISE
587725075530645639,10000,333820,2255,CLOCKWISE
587725081970606230,10000,312270,6668,CLOCKWISE
587725082500989247,10000,316530,4446,ANTICLOCKWISE
587725082501251310,10000,316532,7592,ANTICLOCKWISE
587725082504921271,10000,315126,7915,ANTICLOCKWISE
587725082505511002,10000,315131,7356,ANTICLOCKWISE
587725082506625228,10000,315142,2814,ANTICLOCKWISE
587725082508001422,10000,315154,7320,ANTICLOCKWISE
587725082510491816,10000,313737,2167,ANTICLOCKWISE
587725082510885110,10000,313740,3558,CLOCKWISE
587725083038580769,10000,317976,10288,CLOCKWISE
587725083041988643,10000,316568,1605,ANTICLOCKWISE
587725083042316377,10000,316571,1585,ANTICLOCKWISE
587725083042775175,10000,316575,6226,ANTICLOCKWISE
587725083042840726,10000,316575,13260,CLOCKWISE
587725083043037399,10000,316577,11033,CLOCKWISE
587725083044217015,10000,316588,10966,CLOCKWISE
587725083044348042,10000,316589,12165,ANTICLOCKWISE
587725083045462176,10000,316600,577,CLOCKWISE
587725083048214628,10000,315185,199,CLOCKWISE
587725083048280148,10000,315185,6408,ANTICLOCKWISE
587725083574534348,10000,320848,7858,ANTICLOCKWISE
587725083575386301,10000,320856,1742,CLOCKWISE
587725083575451875,10000,320857,850,ANTICLOCKWISE
587725083576369293,10000,320865,2836,CLOCKWISE
587725083578400926,10000,319444,342,ANTICLOCKWISE
587725083578728557,10000,319446,9644,CLOCKWISE
587725083581022323,10000,319467,9863,ANTICLOCKWISE
587725083584430099,10000,318058,6322,CLOCKWISE
587725083584757902,10000,318062,1850,ANTICLOCKWISE
587725084112650262,10000,323740,745,ANTICLOCKWISE
587725084112715945,10000,322300,7101,ANTICLOCKWISE
587725084116975741,10000,322339,10084,ANTICLOCKWISE
587725084117303506,10000,320902,10629,ANTICLOCKWISE
587725084118417524,10000,320912,12100,CLOCKWISE
587725084119007258,10000,320918,2128,ANTICLOCKWISE
587725084119138466,10000,320919,6331,CLOCKWISE
587725084121366650,10000,320939,4624,CLOCKWISE
587725084652994709,10000,325212,1545,ANTICLOCKWISE
587725084653322400,10000,323774,6072,CLOCKWISE
587725084653846677,10000,323779,10025,CLOCKWISE
587725084654239891,10000,323783,4078,CLOCKWISE
587725084657188975,10000,322370,1626,ANTICLOCKWISE
587726013994631274,10000,339722,4750,ANTICLOCKWISE
587726013995024533,10000,339726,3341,ANTICLOCKWISE
587726013995810935,10000,339733,7191,ANTICLOCKWISE
587726013995942036,10000,339734,11742,ANTICLOCKWISE
587726013996793920,10000,339742,2771,ANTICLOCKWISE
587726013998235857,10000,339756,190,CLOCKWISE
587726014001578100,10000,339786,1517,ANTICLOCKWISE
587726014002430118,10000,339794,1306,CLOCKWISE
587726014003478625,10000,339803,6179,CLOCKWISE
587726014003609810,10000,339805,726,CLOCKWISE
587726014003871930,10000,339807,2811,ANTICLOCKWISE
587726014004854879,10000,339816,2996,ANTICLOCKWISE
587726014005182676,10000,338379,3041,ANTICLOCKWISE
587726014005444735,10000,339821,2779,CLOCKWISE
587726014005968957,10000,339826,3078,CLOCKWISE
587726014006820992,10000,339834,1716,ANTICLOCKWISE
587726014010228938,10000,338425,4141,CLOCKWISE
587726014010622275,10000,338429,610,CLOCKWISE
587726014010949898,10000,336992,3976,CLOCKWISE
587726014011015243,10000,338432,9777,CLOCKWISE
587726014012391686,10000,338445,6819,CLOCKWISE
587726014012784800,10000,337008,7717,ANTICLOCKWISE
587726014013309138,10000,337013,8053,CLOCKWISE
587726014013571247,10000,337015,10158,CLOCKWISE
587726014532354072,10000,342610,7423,ANTICLOCKWISE
587726014532354076,10000,342610,7737,ANTICLOCKWISE
587726014533664950,10000,342622,5497,ANTICLOCKWISE
587726014534451353,10000,342629,6754,CLOCKWISE
587726014535106787,10000,342636,685,ANTICLOCKWISE
587726014538514542,10000,342667,114,CLOCKWISE
587726014539432112,10000,342675,1647,CLOCKWISE
587726014539432113,10000,342675,1676,CLOCKWISE
587726014539956393,10000,341240,2057,ANTICLOCKWISE
587726014540284093,10000,342683,2442,ANTICLOCKWISE
587726014540415067,10000,342684,3683,ANTICLOCKWISE
587726014540611798,10000,341246,1679,CLOCKWISE
587726014544281829,10000,341279,5672,CLOCKWISE
587726014546968876,10000,341304,6638,CLOCKWISE
587726014547296416,10000,341307,5341,ANTICLOCKWISE
587726014547689624,10000,341310,7928,ANTICLOCKWISE
587726014548345007,10000,341316,6933,ANTICLOCKWISE
587726014548869429,10000,339881,9033,ANTICLOCKWISE
587726014548935047,10000,339882,6288,ANTICLOCKWISE
587726014551097464,10000,339902,1381,ANTICLOCKWISE
587726014551818594,10000,338468,4670,CLOCKWISE
587726014552342713,10000,338473,1461,CLOCKWISE
587726014552473898,10000,338474,5723,CLOCKWISE
587726014553063628,10000,338479,5969,CLOCKWISE
587726014553194757,10000,339921,2738,ANTICLOCKWISE
587726014553260277,10000,338481,3791,CLOCKWISE
587726014553325759,10000,338482,874,ANTICLOCKWISE
587726014554439964,10000,338492,8067,CLOCKWISE
587726014556602846,10000,337072,994,ANTICLOCKWISE
587726015069225104,10000,345490,5475,CLOCKWISE
587726015069421689,10000,345492,3379,ANTICLOCKWISE
587726015069421771,10000,345492,9468,CLOCKWISE
587726015070404728,10000,345501,2772,CLOCKWISE
587726015072567425,10000,344081,498,ANTICLOCKWISE
587726015073485074,10000,344089,14929,CLOCKWISE
587726015074599005,10000,345539,11895,ANTICLOCKWISE
587726015075254428,10000,344105,5713,ANTICLOCKWISE
587726015075582010,10000,345548,5774,ANTICLOCKWISE
587726015077155011,10000,345563,1326,CLOCKWISE
587726015077941465,10000,344130,4472,CLOCKWISE
587726015078334687,10000,344134,291,CLOCKWISE
587726015078400075,10000,344134,4193,CLOCKWISE
587726015078990004,10000,344140,663,CLOCKWISE
587726015083446399,10000,342740,4978,CLOCKWISE
587726015084757280,10000,344192,8542,ANTICLOCKWISE
587726015085936804,10000,341323,10662,CLOCKWISE
587726015086788628,10000,341331,303,CLOCKWISE
587726015087313118,10000,341335,10251,ANTICLOCKWISE
587726015088623679,10000,342787,10100,ANTICLOCKWISE
587726015088623819,10000,342787,8683,CLOCKWISE
587726015088754891,10000,341349,2464,CLOCKWISE
587726015088755039,10000,341349,2402,ANTICLOCKWISE
587726015089475940,10000,341356,724,ANTICLOCKWISE
587726015090327867,10000,341363,6243,CLOCKWISE
587726015090327890,10000,341363,6913,ANTICLOCKWISE
587726015091311023,10000,341372,12882,CLOCKWISE
587726015091704141,10000,341376,2613,CLOCKWISE
587726015092097281,10000,339939,3071,ANTICLOCKWISE
587726015092949111,10000,339947,3573,CLOCKWISE
587726015606751243,10000,346936,3755,ANTICLOCKWISE
587726015606816883,10000,346937,1936,ANTICLOCKWISE
587726015608455304,10000,346952,2166,ANTICLOCKWISE
587726015608783043,10000,346955,2969,CLOCKWISE
587726015608979674,10000,346957,652,ANTICLOCKWISE
587726015610093720,10000,346967,5250,ANTICLOCKWISE
587726015610749039,10000,348413,1135,ANTICLOCKWISE
587726015614353608,10000,347006,2546,CLOCKWISE
587726015614943326,10000,347011,2156,CLOCKWISE
587726015617237221,10000,345592,4208,CLOCKWISE
587726015617368282,10000,347034,390,ANTICLOCKWISE
587726015617630287,10000,347036,3551,CLOCKWISE
587726015620186273,10000,345619,3172,CLOCKWISE
587726015620448497,10000,345622,1915,ANTICLOCKWISE
587726015622086847,10000,345636,10473,ANTICLOCKWISE
587726015622414501,10000,345639,10393,ANTICLOCKWISE
587726015624774154,10000,344221,5015,ANTICLOCKWISE
587726015626871141,10000,344240,5702,CLOCKWISE
587726015627001956,10000,342801,4895,ANTICLOCKWISE
587726015628050704,10000,344251,5080,ANTICLOCKWISE
587726015628968320,10000,342820,225,CLOCKWISE
587726015629164765,10000,342821,2627,CLOCKWISE
587726015629361642,10000,342823,4366,CLOCKWISE
587726015630016891,10000,341389,2843,ANTICLOCKWISE
587726016145457245,10000,349832,2647,ANTICLOCKWISE
587726016145784984,10000,349835,4817,CLOCKWISE
587726016146243767,10000,349839,13388,ANTICLOCKWISE
587726016146571426,10000,349842,13035,ANTICLOCKWISE
587726016146964602,10000,349845,14122,CLOCKWISE
587726016150700216,10000,349880,2312,ANTICLOCKWISE
587726016153911443,10000,348470,3446,ANTICLOCKWISE
587726016154698033,10000,348478,100,CLOCKWISE
587726016154763381,10000,348478,2769,ANTICLOCKWISE
587726016156401697,10000,348493,2114,ANTICLOCKWISE
587726016157319394,10000,348502,1650,CLOCKWISE
587726016158236899,10000,347070,4292,ANTICLOCKWISE
587726016158302376,10000,348511,1359,CLOCKWISE
587726016159285419,10000,347079,8007,ANTICLOCKWISE
587726016159350922,10000,348520,8472,ANTICLOCKWISE
587726016159613145,10000,347083,3559,ANTICLOCKWISE
587726016160923843,10000,347094,3700,ANTICLOCKWISE
587726016161448090,10000,347099,3972,CLOCKWISE
587726016161775922,10000,347103,663,CLOCKWISE
587726016162627832,10000,347110,2949,ANTICLOCKWISE
587726016165183757,10000,344253,9624,CLOCKWISE
587726016679247934,10000,352679,5444,ANTICLOCKWISE
587726016680689832,10000,351255,4800,ANTICLOCKWISE
587726016682131607,10000,351268,7632,ANTICLOCKWISE
587726016683245665,10000,351278,9433,ANTICLOCKWISE
587726016683442258,10000,352718,9395,ANTICLOCKWISE
587726016687439969,10000,351317,274,CLOCKWISE
587726016688423153,10000,351326,1654,ANTICLOCKWISE
587726016692158584,10000,351360,435,CLOCKWISE
587726016692879571,10000,349929,241,CLOCKWISE
587726031168143415,10000,338227,580,ANTICLOCKWISE
587726031169454205,10000,338238,5686,ANTICLOCKWISE
587726031170371761,10000,338247,4358,ANTICLOCKWISE
587726031170765069,10000,338250,5755,CLOCKWISE
587726031170830409,10000,338251,6035,ANTICLOCKWISE
587726031171158168,10000,338254,4263,ANTICLOCKWISE
587726031171879075,10000,338261,397,CLOCKWISE
587726031172010146,10000,338262,1979,ANTICLOCKWISE
587726031174762518,10000,339727,2553,CLOCKWISE
587726031177384050,10000,338311,4813,CLOCKWISE
587726031179481239,10000,339770,13587,ANTICLOCKWISE
587726031179874415,10000,339774,5556,ANTICLOCKWISE
587726031187083497,10000,338400,1407,ANTICLOCKWISE
587726031188066455,10000,338409,1766,CLOCKWISE
587726031190360181,10000,336990,3305,ANTICLOCKWISE
587726031693938889,10000,336685,8031,CLOCKWISE
587726031694135558,10000,336687,8265,CLOCKWISE
587726031698657312,10000,338168,10883,ANTICLOCKWISE
587726031699312809,10000,339614,11079,CLOCKWISE
587726031701409969,10000,339634,4626,CLOCKWISE
587726031701541091,10000,339635,6963,ANTICLOCKWISE
587726031701606551,10000,339636,912,ANTICLOCKWISE
587726031702196458,10000,339641,4154,ANTICLOCKWISE
587726031702393040,10000,339643,3331,CLOCKWISE
587726031705473210,10000,339671,2612,ANTICLOCKWISE
587726031706456213,10000,341119,6333,ANTICLOCKWISE
587726031707701379,10000,341131,5302,CLOCKWISE
587726031708356745,10000,341137,5786,CLOCKWISE
587726031708422303,10000,341138,3933,ANTICLOCKWISE
587726031708815517,10000,341142,659,ANTICLOCKWISE
587726031709012140,10000,341143,4169,ANTICLOCKWISE
587726031710847058,10000,341160,4346,CLOCKWISE
587726031710912520,10000,341160,4555,CLOCKWISE
587726031711568016,10000,341166,5264,CLOCKWISE
587726031712485491,10000,341175,2578,CLOCKWISE
587726031712878820,10000,341179,1272,CLOCKWISE
587726031714255038,10000,341191,3816,CLOCKWISE
587726031714255051,10000,341191,4339,CLOCKWISE
587726031719563316,10000,341240,428,CLOCKWISE
587726031719628838,10000,341240,2648,ANTICLOCKWISE
587726031720349819,10000,339807,2501,CLOCKWISE
587726031720480891,10000,341248,4000,ANTICLOCKWISE
587726031722840222,10000,341270,1252,ANTICLOCKWISE
587726031726641266,10000,339864,8407,ANTICLOCKWISE
587726031727493268,10000,338432,8529,ANTICLOCKWISE
587726031728148937,10000,339878,7884,ANTICLOCKWISE
587726031728738590,10000,339884,1977,ANTICLOCKWISE
587726031729262729,10000,338448,5386,CLOCKWISE
587726031732015286,10000,337033,4596,CLOCKWISE
587726032226484540,10000,336646,4666,ANTICLOCKWISE
587726032227467459,10000,338095,1899,CLOCKWISE
587726032229040195,10000,338109,5402,CLOCKWISE
587726032229236974,10000,338111,5893,ANTICLOCKWISE
587726032229826797,10000,339556,8172,CLOCKWISE
587726032233889967,10000,341034,297,ANTICLOCKWISE
587726032234283254,10000,341037,8668,ANTICLOCKWISE
587726032234348653,10000,339598,5193,CLOCKWISE
587726032234479818,10000,341039,5878,ANTICLOCKWISE
587726032234610852,10000,341040,2960,ANTICLOCKWISE
587726032235724991,10000,341050,10377,ANTICLOCKWISE
587726032236118148,10000,341054,2448,ANTICLOCKWISE
587726032236839046,10000,341060,9926,CLOCKWISE
587726032237428888,10000,342506,4308,CLOCKWISE
587726032240771189,10000,342536,4790,CLOCKWISE
587726032242933864,10000,342556,4672,CLOCKWISE
587726032244506776,10000,342570,6091,ANTICLOCKWISE
587726032245031093,10000,342575,5277,CLOCKWISE
587726032246079506,10000,344025,1046,CLOCKWISE
587726032247652476,10000,344039,4206,ANTICLOCKWISE
587726032248701039,10000,344049,2372,ANTICLOCKWISE
587726032249159802,10000,344053,4827,CLOCKWISE
587726032249684098,10000,342618,5718,CLOCKWISE
587726032249749603,10000,344058,6494,CLOCKWISE
587726032251650141,10000,344076,2520,ANTICLOCKWISE
587726032254337132,10000,344100,9062,ANTICLOCKWISE
587726032256827533,10000,342683,3416,ANTICLOCKWISE
587726032257155256,10000,344126,3723,ANTICLOCKWISE
587726032257286224,10000,342688,1365,ANTICLOCKWISE
587726032257941739,10000,342693,5947,CLOCKWISE
587726032258007113,10000,344134,3618,CLOCKWISE
587726032258465873,10000,342698,2573,ANTICLOCKWISE
587726032259514576,10000,342708,209,CLOCKWISE
587726032260890843,10000,342720,5355,CLOCKWISE
587726032261349608,10000,341285,1976,ANTICLOCKWISE
587726032263250234,10000,342742,6323,CLOCKWISE
587726032263839888,10000,341307,9628,CLOCKWISE
587726032766108083,10000,340991,4698,ANTICLOCKWISE
587726032766763203,10000,340997,1852,CLOCKWISE
587726032772661514,10000,342491,9410,ANTICLOCKWISE
587726032773185709,10000,343936,622,ANTICLOCKWISE
587726032773447828,10000,343938,3855,ANTICLOCKWISE
587726032773710011,10000,343940,8319,ANTICLOCKWISE
587726032774889606,10000,343951,3935,CLOCKWISE
587726032775217335,10000,343954,7119,ANTICLOCKWISE
587726032775413907,10000,343956,7254,CLOCKWISE
587726032776069224,10000,345402,4413,CLOCKWISE
587726032777183406,10000,345412,5772,ANTICLOCKWISE
587726032777379973,10000,343974,4386,ANTICLOCKWISE
587726032777576639,10000,343976,1708,CLOCKWISE
587726032777576682,10000,345416,3330,ANTICLOCKWISE
587726032778362959,10000,345423,2302,CLOCKWISE
587726032779280478,10000,345431,4193,ANTICLOCKWISE
587726032779935837,10000,345437,4004,CLOCKWISE
587726032780853431,10000,345446,2911,CLOCKWISE
587726032781508729,10000,345452,137,CLOCKWISE
587726032783409279,10000,345469,4403,CLOCKWISE
587726032784064708,10000,346915,2055,ANTICLOCKWISE
587726032786817127,10000,346940,3732,ANTICLOCKWISE
587726032788389953,10000,345514,6963,ANTICLOCKWISE
587726032788389954,10000,345514,6815,ANTICLOCKWISE
587726032788914313,10000,346959,14067,ANTICLOCKWISE
587726032789569632,10000,345525,11165,CLOCKWISE
587726032790814835,10000,345537,1448,ANTICLOCKWISE
587726032792191186,10000,346990,786,ANTICLOCKWISE
587726032792518825,10000,345553,440,CLOCKWISE
587726032793043095,10000,345557,4217,CLOCKWISE
587726032793763966,10000,345564,1624,ANTICLOCKWISE
587726032794353786,10000,345569,3825,CLOCKWISE
587726032796713163,10000,345591,2292,CLOCKWISE
587726032797040845,10000,345594,2540,CLOCKWISE
587726032797696221,10000,345600,1155,CLOCKWISE
587726032800645261,10000,344187,4289,CLOCKWISE
587726032805167337,10000,342788,5778,ANTICLOCKWISE
587726032805953628,10000,342795,3404,ANTICLOCKWISE
587726032806609122,10000,342801,5317,CLOCKWISE
587726033302651090,10000,342428,1647,ANTICLOCKWISE
587726033306583232,10000,345344,1412,ANTICLOCKWISE
587726033307107491,10000,345349,2688,ANTICLOCKWISE
587726033307238591,10000,345350,4842,CLOCKWISE
587726033307566398,10000,345353,3581,ANTICLOCKWISE
587726033307762737,10000,345354,7872,CLOCKWISE
587726033308942637,10000,345365,13300,ANTICLOCKWISE
587726033309466750,10000,345370,9747,CLOCKWISE
587726033309859961,10000,345374,777,ANTICLOCKWISE
587726033309925541,10000,346814,4764,ANTICLOCKWISE
587726033311301743,10000,346827,2881,ANTICLOCKWISE
587726033312219243,10000,346835,6135,CLOCKWISE
587726033314971805,10000,348301,1477,ANTICLOCKWISE
587726033316216939,10000,348312,2116,ANTICLOCKWISE
587726033317462113,10000,348323,6555,ANTICLOCKWISE
587726033317527674,10000,348324,2475,CLOCKWISE
587726033319952438,10000,348346,3318,ANTICLOCKWISE
587726033320214657,10000,348349,614,ANTICLOCKWISE
587726033320542313,10000,348352,142,CLOCKWISE
587726033320870024,10000,348354,5314,ANTICLOCKWISE
587726033321459833,10000,348360,695,ANTICLOCKWISE
587726033321721925,10000,348362,4577,CLOCKWISE
587726033323622407,10000,348379,4490,ANTICLOCKWISE
587726033325654196,10000,348398,15555,ANTICLOCKWISE
587726033326768314,10000,348408,18239,ANTICLOCKWISE
587726033327685734,10000,348417,1623,ANTICLOCKWISE
587726033331159227,10000,348449,351,ANTICLOCKWISE
587726033331421367,10000,347011,4374,ANTICLOCKWISE
587726033332535534,10000,348461,2868,CLOCKWISE
587726033334435979,10000,347039,464,ANTICLOCKWISE
587726033338695892,10000,345638,1808,ANTICLOCKWISE
587726033343086845,10000,344238,2541,CLOCKWISE
587726033845682320,10000,346804,4845,CLOCKWISE
587726033845747862,10000,348245,1084,CLOCKWISE
587726033846403211,10000,348251,5416,CLOCKWISE
587726033846468827,10000,348252,1114,ANTICLOCKWISE
587726033846665306,10000,348253,7940,ANTICLOCKWISE
587726033848762463,10000,349711,4950,CLOCKWISE
587726033849286849,10000,348277,3008,CLOCKWISE
587726033849745611,10000,349720,6080,ANTICLOCKWISE
587726033850007698,10000,349723,2185,CLOCKWISE
587726033851187317,10000,349734,533,CLOCKWISE
587726033854398523,10000,349763,1956,ANTICLOCKWISE
587726033854922898,10000,351206,4012,CLOCKWISE
587726033855447158,10000,351210,8151,CLOCKWISE
587726033856168103,10000,351217,5482,ANTICLOCKWISE
587726033857675336,10000,349793,749,ANTICLOCKWISE
587726033858134074,10000,349797,2347,ANTICLOCKWISE
587726033864556586,10000,351294,2023,ANTICLOCKWISE
587726033867178154,10000,349880,1822,ANTICLOCKWISE
587726033868685487,10000,351332,3863,CLOCKWISE
587726033871700071,10000,349921,4108,ANTICLOCKWISE
587726033872027786,10000,349924,2948,CLOCKWISE
587726033872027868,10000,349924,5036,ANTICLOCKWISE
587726033872158862,10000,349925,5843,ANTICLOCKWISE
587726033875304612,10000,348515,4733,ANTICLOCKWISE
587726033876877465,10000,348529,5161,CLOCKWISE
587726033877729367,10000,348538,881,ANTICLOCKWISE
587726100409811069,10000,351380,773,CLOCKWISE
587726100412301391,10000,351403,557,ANTICLOCKWISE
587726100412694821,10000,351406,3817,ANTICLOCKWISE
587726100412760244,10000,349968,5612,ANTICLOCKWISE
587726100414333074,10000,349983,5615,CLOCKWISE
587726100416168095,10000,347121,1357,ANTICLOCKWISE
587726100416758050,10000,347127,857,ANTICLOCKWISE
587726100418986159,10000,345707,1105,ANTICLOCKWISE
587726100946944024,10000,354258,2505,ANTICLOCKWISE
587726100947206200,10000,354261,823,CLOCKWISE
587726100947206337,10000,354261,2061,CLOCKWISE
587726100947796185,10000,354266,3995,ANTICLOCKWISE
587726100948582625,10000,354273,10520,CLOCKWISE
587726100948648077,10000,354273,10781,CLOCKWISE
587726100948648105,10000,354274,766,CLOCKWISE
587726100950548645,10000,351415,4343,CLOCKWISE
587726100950876200,10000,351418,6118,CLOCKWISE
587726100953694359,10000,350006,430,ANTICLOCKWISE
587726100954218561,10000,350011,520,ANTICLOCKWISE
587726100956840037,10000,347156,2346,CLOCKWISE
587726100958019661,10000,347166,5565,CLOCKWISE
587726100958216626,10000,345729,356,CLOCKWISE
587726101482700814,10000,357123,1221,ANTICLOCKWISE
587726101484273774,10000,357137,3750,ANTICLOCKWISE
587726101484470525,10000,355702,4233,ANTICLOCKWISE
587726101486239797,10000,355718,4909,CLOCKWISE
587726101487419665,10000,355729,4101,CLOCKWISE
587726101487878343,10000,354295,11813,CLOCKWISE
587726101487878363,10000,354296,1390,ANTICLOCKWISE
587726101488140457,10000,352860,3221,ANTICLOCKWISE
587726101490565389,10000,351444,2662,CLOCKWISE
587726101490696401,10000,352883,5217,ANTICLOCKWISE
587726101491286310,10000,351451,353,ANTICLOCKWISE
587726101492400386,10000,350023,6170,CLOCKWISE
587726101492727937,10000,350026,2219,CLOCKWISE
587726102020358195,10000,358566,5760,CLOCKWISE
587726102020358250,10000,360002,4080,ANTICLOCKWISE
587726102020358350,10000,358566,5666,ANTICLOCKWISE
587726102021013693,10000,360008,3625,CLOCKWISE
587726102021668988,10000,358578,5370,ANTICLOCKWISE
587726102021865578,10000,358580,3667,ANTICLOCKWISE
587726102023635130,10000,357160,3289,CLOCKWISE
587726102025076898,10000,357173,8143,ANTICLOCKWISE
587726102025797969,10000,355743,5481,ANTICLOCKWISE
587726102027436237,10000,354320,3355,CLOCKWISE
587726102028157192,10000,354327,1664,CLOCKWISE
587726102028681648,10000,352893,9233,ANTICLOCKWISE
587726102030123261,10000,352906,11628,CLOCKWISE
587726102556180606,10000,362863,6315,ANTICLOCKWISE
587726102556508431,10000,362866,4383,ANTICLOCKWISE
587726102558212253,10000,361447,4159,ANTICLOCKWISE
587726102558343305,10000,361448,5591,ANTICLOCKWISE
587726102558408827,10000,361449,4536,ANTICLOCKWISE
587726102559719589,10000,360025,2732,ANTICLOCKWISE
587726102561423604,10000,360041,2083,ANTICLOCKWISE
587726102561620183,10000,358607,1032,ANTICLOCKWISE
587726877264773209,10000,287095,10048,CLOCKWISE
587726877267525983,10000,282839,880,CLOCKWISE
587726877267526134,10000,282839,1342,CLOCKWISE
587726877267591748,10000,282840,227,ANTICLOCKWISE
587726877267787974,10000,282841,5340,CLOCKWISE
587726877267788130,10000,282841,4650,CLOCKWISE
587726877269623092,10000,280008,3451,ANTICLOCKWISE
587726877269819678,10000,280010,2314,ANTICLOCKWISE
587726877270212688,10000,280013,4233,ANTICLOCKWISE
587726877271457997,10000,277179,1324,CLOCKWISE
587726877271654599,10000,277181,1610,CLOCKWISE
587726877277290628,10000,271552,2610,ANTICLOCKWISE
587726877277749415,10000,271556,5169,ANTICLOCKWISE
587726877278666855,10000,271565,2891,ANTICLOCKWISE
587726877799612559,10000,292799,763,ANTICLOCKWISE
587726877804790200,10000,284269,1012,CLOCKWISE
587726877805183330,10000,284272,3634,CLOCKWISE
587726877807345877,10000,281440,451,CLOCKWISE
587726877810753721,10000,278623,7628,ANTICLOCKWISE
587726877811277931,10000,277206,2369,ANTICLOCKWISE
587726877813965127,10000,274388,3335,CLOCKWISE
587726877814030481,10000,275809,3131,ANTICLOCKWISE
587726877814882516,10000,274397,3138,CLOCKWISE
587726878336286792,10000,295661,5576,CLOCKWISE
587726878337532418,10000,294240,8493,ANTICLOCKWISE
587726878337925560,10000,294244,6550,ANTICLOCKWISE
587726878339170945,10000,291392,3687,ANTICLOCKWISE
587726878340219238,10000,289971,5309,ANTICLOCKWISE
587726878341005576,10000,287118,5271,ANTICLOCKWISE
587726878341726677,10000,287125,4961,ANTICLOCKWISE
587726878342054225,10000,287128,4710,CLOCKWISE
587726878342709634,10000,285706,4150,ANTICLOCKWISE
587726878342906119,10000,285708,1806,ANTICLOCKWISE
587726878343823623,10000,284288,17038,ANTICLOCKWISE
587726878344282298,10000,284292,9197,ANTICLOCKWISE
587726878345658458,10000,281453,4175,CLOCKWISE
587726878346182781,10000,281458,3360,ANTICLOCKWISE
587726878346510565,10000,280037,4053,ANTICLOCKWISE
587726878350180582,10000,277225,1171,CLOCKWISE
587726878350508239,10000,277228,690,CLOCKWISE
587726878351032509,10000,277233,145,ANTICLOCKWISE
587726878351098004,10000,277233,1588,ANTICLOCKWISE
587726878351163474,10000,277234,416,CLOCKWISE
587726878352015499,10000,275819,5486,CLOCKWISE
587726878352212057,10000,275821,1487,ANTICLOCKWISE
587726878872306591,10000,299956,1418,ANTICLOCKWISE
587726878873092778,10000,298529,333,CLOCKWISE
587726878873944311,10000,297102,7203,ANTICLOCKWISE
587726878874272420,10000,295672,2497,ANTICLOCKWISE
587726878876172779,10000,294257,3790,CLOCKWISE
587726878876238018,10000,292826,766,CLOCKWISE
587726878877090087,10000,291401,5432,CLOCKWISE
587726878877221097,10000,291403,2034,CLOCKWISE
587726878877745576,10000,291408,69,CLOCKWISE
587726878878728630,10000,289986,3478,CLOCKWISE
587726878879973752,10000,287138,2340,CLOCKWISE
587726878880629048,10000,287144,424,ANTICLOCKWISE
587726878881153190,10000,285720,10524,ANTICLOCKWISE
587726878881546558,10000,285724,3403,ANTICLOCKWISE
587726878882660518,10000,284306,5184,CLOCKWISE
587726878883184814,10000,282885,4292,CLOCKWISE
587726878884167883,10000,282894,7216,ANTICLOCKWISE
587726878886002902,10000,281485,2959,ANTICLOCKWISE
587726878886134016,10000,281486,2849,CLOCKWISE
587726878888624333,10000,278661,1665,CLOCKWISE
587726879148802122,10000,287141,14359,CLOCKWISE
587726879411142762,10000,298539,8621,ANTICLOCKWISE
587726879413633348,10000,294262,5643,CLOCKWISE
587726879413764618,10000,294263,4982,ANTICLOCKWISE
587726879413829948,10000,294264,4121,ANTICLOCKWISE
587726879414878510,10000,292841,6753,ANTICLOCKWISE
587726879416254924,10000,289992,6093,ANTICLOCKWISE
587726879416451369,10000,289994,2506,CLOCKWISE
587726879416582300,10000,289995,5644,ANTICLOCKWISE
587726879416647765,10000,289996,2378,ANTICLOCKWISE
587726879416779125,10000,289997,5237,CLOCKWISE
587726879416844579,10000,289998,1512,ANTICLOCKWISE
587726879417696526,10000,288575,17246,ANTICLOCKWISE
587726879418286267,10000,288581,708,ANTICLOCKWISE
587726879418548400,10000,288583,2747,ANTICLOCKWISE
587726879418876343,10000,287156,5543,CLOCKWISE
587726879418941613,10000,287157,4367,ANTICLOCKWISE
587726879419793589,10000,285737,1709,ANTICLOCKWISE
587726879420121193,10000,285739,7398,ANTICLOCKWISE
587726879421759728,10000,284327,2325,CLOCKWISE
587726879422677189,10000,282909,4885,ANTICLOCKWISE
587726879424315575,10000,281498,3787,CLOCKWISE
587726879424643217,10000,281501,3264,CLOCKWISE
587726879685673416,10000,290001,13416,ANTICLOCKWISE
587726879945720113,10000,304261,2950,CLOCKWISE
587726879949586722,10000,298554,3252,CLOCKWISE
587726879950569913,10000,297129,4468,ANTICLOCKWISE
587726879953322317,10000,292856,4134,ANTICLOCKWISE
587726879953649680,10000,291427,3685,CLOCKWISE
587726879953649710,10000,292859,2630,CLOCKWISE
587726879953781100,10000,292860,4837,CLOCKWISE
587726879955550405,10000,290014,5091,ANTICLOCKWISE
587726879957385407,10000,287172,797,ANTICLOCKWISE
587726879957713083,10000,287175,383,ANTICLOCKWISE
587726879958302909,10000,285752,1703,ANTICLOCKWISE
587726879961251942,10000,284351,181,ANTICLOCKWISE
587726879961514159,10000,284353,4699,ANTICLOCKWISE
587727177909010613,10000,268741,3258,ANTICLOCKWISE
587727177910583419,10000,268755,2869,CLOCKWISE
587727177911894102,10002,268767,3628,ANTICLOCKWISE
587727177912811659,10000,265946,358,CLOCKWISE
587727177914777712,10000,265964,266,ANTICLOCKWISE
587727177915039886,10000,265966,2724,ANTICLOCKWISE
587727177917202487,10000,265986,230,ANTICLOCKWISE
587727177917923465,10000,265992,2471,CLOCKWISE
587727177918382117,10000,267410,3386,CLOCKWISE
587727177919103032,10000,267417,1622,CLOCKWISE
587727177922773077,10000,270283,948,ANTICLOCKWISE
587727177923428518,10000,270289,4559,CLOCKWISE
587727177925984363,10000,273148,8668,ANTICLOCKWISE
587727177926574285,10000,273154,909,ANTICLOCKWISE
587727177933652064,10000,281751,799,ANTICLOCKWISE
587727177933914207,10000,281753,3915,ANTICLOCKWISE
587727177936994498,10000,287490,892,ANTICLOCKWISE
587727177937387607,10000,288923,5412,CLOCKWISE
587727178448371792,10000,270179,3774,CLOCKWISE
587727178448371836,10000,270179,5097,CLOCKWISE
587727178449420392,10000,270189,1983,CLOCKWISE
587727178451583052,10000,268793,1457,CLOCKWISE
587727178452435051,10000,268801,1922,CLOCKWISE
587727178452500610,10000,268801,5543,ANTICLOCKWISE
587727178455253203,10000,268826,4740,CLOCKWISE
587727178456498248,10000,270254,1495,ANTICLOCKWISE
587727178457415776,10000,271680,5944,ANTICLOCKWISE
587727178457940058,10000,270267,3388,ANTICLOCKWISE
587727178459250746,10000,271697,2322,CLOCKWISE
587727178460627039,10000,273127,9991,CLOCKWISE
587727178461216862,10000,273133,6242,ANTICLOCKWISE
587727178462199976,10000,273142,9090,CLOCKWISE
587727178464624742,10000,276004,4799,CLOCKWISE
587727178464821254,10000,276006,3015,CLOCKWISE
587727178465345654,10000,277433,1292,ANTICLOCKWISE
587727178468360218,10000,281731,2519,CLOCKWISE
587727178469736617,10000,283170,612,CLOCKWISE
587727178471440457,10000,286039,1964,CLOCKWISE
587727178982883403,10000,274414,1154,ANTICLOCKWISE
587727178986553479,10000,271610,271,ANTICLOCKWISE
587727178987339822,10000,271616,6861,CLOCKWISE
587727178990157916,10000,271643,1231,ANTICLOCKWISE
587727178991141022,10000,271652,874,CLOCKWISE
587727178992648277,10000,273083,4571,ANTICLOCKWISE
587727178993107146,10000,273087,3953,ANTICLOCKWISE
587727178994352256,10000,273099,1844,CLOCKWISE
587727178994942082,10000,273104,4065,CLOCKWISE
587727178996318332,10000,274537,4678,CLOCKWISE
587727178999005321,10000,277403,10037,CLOCKWISE
587727178999922824,10000,277412,4599,ANTICLOCKWISE
587727179000447051,10000,277417,1122,CLOCKWISE
587727179001102453,10000,278845,2987,CLOCKWISE
587727179003658263,10000,281716,6975,CLOCKWISE
587727179003985989,10000,281719,12468,ANTICLOCKWISE
587727179004117118,10000,283147,597,CLOCKWISE
587727179004641421,10000,283151,8240,ANTICLOCKWISE
587727179004772430,10000,283152,9510,CLOCKWISE
587727179005755543,10000,284588,1231,ANTICLOCKWISE
587727179006738568,10000,286025,1742,ANTICLOCKWISE
587727179006804155,10000,286025,4351,ANTICLOCKWISE
587727179007000692,10000,286027,1869,CLOCKWISE
587727179010277659,10000,291775,5560,ANTICLOCKWISE
587727179518771333,10000,275825,995,CLOCKWISE
587727179521392803,10000,275849,2447,CLOCKWISE
587727179524472926,10000,273037,3473,ANTICLOCKWISE
587727179524931685,10000,274461,2911,ANTICLOCKWISE
587727179525783739,10000,274469,2170,ANTICLOCKWISE
587727179526176895,10000,274473,1854,ANTICLOCKWISE
587727179527094384,10000,273061,2847,ANTICLOCKWISE
587727179532271738,10000,275948,6350,ANTICLOCKWISE
587727179533189206,10000,275957,1122,CLOCKWISE
587727179534041213,10000,275964,10646,CLOCKWISE
587727179534172323,10000,277388,4817,ANTICLOCKWISE
587727179534499908,10000,277391,709,ANTICLOCKWISE
587727179534499929,10000,277391,2873,ANTICLOCKWISE
587727179536334957,10000,278830,4529,ANTICLOCKWISE
587727179536597057,10000,278832,3982,CLOCKWISE
587727179536597105,10000,280256,9019,ANTICLOCKWISE
587727179540332640,10000,284567,837,CLOCKWISE
587727179541905519,10000,286009,2886,ANTICLOCKWISE
587727179543216178,10000,287449,1699,ANTICLOCKWISE
587727179543871625,10000,288885,5041,CLOCKWISE
587727179545378929,10000,290329,346,CLOCKWISE
587727179547148298,10000,293207,1791,ANTICLOCKWISE
587727179547607172,10000,294643,2605,CLOCKWISE
587727179548131478,10000,296080,4183,ANTICLOCKWISE
587727179548262588,10000,296081,6000,ANTICLOCKWISE
587727179549114526,10000,297523,3896,ANTICLOCKWISE
587727180056363095,10000,278676,280,ANTICLOCKWISE
587727180057673879,10000,277265,4854,CLOCKWISE
587727180058001551,10000,278691,220,ANTICLOCKWISE
587727180059639934,10000,277284,600,CLOCKWISE
587727180059705517,10000,277284,9569,ANTICLOCKWISE
587727180062064786,10000,275884,77,CLOCKWISE
587727180062130284,10000,275884,4495,ANTICLOCKWISE
587727180062195851,10000,275885,2157,ANTICLOCKWISE
587727180064817249,10000,275909,1669,ANTICLOCKWISE
587727180065407060,10000,275914,2576,ANTICLOCKWISE
587727180065734669,10000,275917,2685,ANTICLOCKWISE
587727180068093998,10000,278783,2133,CLOCKWISE
587727180069404773,10000,277373,513,ANTICLOCKWISE
587727180070584389,10000,278805,11243,CLOCKWISE
587727180071370862,10000,280237,4030,CLOCKWISE
587727180071502042,10000,280238,8665,ANTICLOCKWISE
587727180075171886,10000,284548,3123,CLOCKWISE
587727180075434073,10000,283124,4562,CLOCKWISE
587727180080873642,10000,291746,5406,CLOCKWISE
587727180081004657,10000,291747,4610,CLOCKWISE
587727180081922231,10000,293188,3484,CLOCKWISE
587727180083888284,10000,296070,4092,ANTICLOCKWISE
587727180087033919,10000,301837,2159,ANTICLOCKWISE
587727180593168562,10000,281523,1871,CLOCKWISE
587727180594217097,10000,281533,1081,ANTICLOCKWISE
587727180596379731,10000,280128,4027,CLOCKWISE
587727180596707484,10000,280132,273,ANTICLOCKWISE
587727180597428330,10000,278714,3446,CLOCKWISE
587727180597493864,10000,278715,136,CLOCKWISE
587727180597887054,10000,278718,5010,CLOCKWISE
587727180600705119,10000,278744,3081,ANTICLOCKWISE
587727180605620357,10000,280213,235,ANTICLOCKWISE
587727180606799969,10000,281648,2797,CLOCKWISE
587727180609290307,10000,283096,9853,CLOCKWISE
587727180610142362,10000,283104,9969,CLOCKWISE
587727180610469902,10000,283107,6178,CLOCKWISE
587727180611649637,10000,285972,4367,ANTICLOCKWISE
587727180612501648,10000,285980,7284,CLOCKWISE
587727180614336695,10000,288855,6123,CLOCKWISE
587727180615975049,10000,290300,4020,ANTICLOCKWISE
587727180616695902,10000,291737,789,CLOCKWISE
587727180621873263,10000,300382,2965,CLOCKWISE
587727180622463170,10000,301823,5985,CLOCKWISE
587727180622659782,10000,301825,6073,ANTICLOCKWISE
587727212267701109,10000,292784,7900,ANTICLOCKWISE
587727212267766442,10000,292785,469,CLOCKWISE
587727212267766823,10000,292785,4887,ANTICLOCKWISE
587727212270518634,10000,288518,4573,ANTICLOCKWISE
587727212273467711,10000,282833,4303,ANTICLOCKWISE
587727212274188543,10000,281414,2280,ANTICLOCKWISE
587727212274188580,10000,281414,2410,ANTICLOCKWISE
587727212274188606,10000,281414,3182,CLOCKWISE
587727212275433753,10000,280002,876,CLOCKWISE
587727212806537679,10000,291370,7858,CLOCKWISE
587727212806603047,10000,291371,7752,ANTICLOCKWISE
587727212806865180,10000,289944,1562,ANTICLOCKWISE
587727212811125133,10000,282841,2450,CLOCKWISE
587727212811583818,10000,282845,1392,ANTICLOCKWISE
587727212811714813,10000,282846,1810,ANTICLOCKWISE
587727212811977110,10000,282849,74,ANTICLOCKWISE
587727212812173572,10000,282850,3697,ANTICLOCKWISE
587727212813091031,10000,281433,173,ANTICLOCKWISE
587727213342557114,10000,294227,4655,CLOCKWISE
587727213343015453,10000,294231,2963,CLOCKWISE
587727213343867350,10000,292806,7290,ANTICLOCKWISE
587727213343867725,10000,292807,3716,ANTICLOCKWISE
587727213346226575,10000,289967,1159,ANTICLOCKWISE
587727213349372228,10000,284280,896,ANTICLOCKWISE
587727213349634394,10000,284282,2930,ANTICLOCKWISE
587727213609812798,10000,297082,2176,ANTICLOCKWISE
587727213878838301,10000,298522,2515,ANTICLOCKWISE
587727213879296662,10000,298525,8626,ANTICLOCKWISE
587727213880410829,10000,295668,5194,ANTICLOCKWISE
587727213881328158,10000,294244,11325,ANTICLOCKWISE
587727213881524698,10000,294246,5374,ANTICLOCKWISE
587727213883752744,10000,289972,5270,ANTICLOCKWISE
587727213884539331,10000,288550,1754,CLOCKWISE
587727213885259990,10000,287126,3509,CLOCKWISE
587727213885718849,10000,287131,329,ANTICLOCKWISE
587727213886046461,10000,287133,4832,ANTICLOCKWISE
587727213886112093,10000,287134,3495,ANTICLOCKWISE
587727213886112164,10000,287134,4805,ANTICLOCKWISE
587727214416037107,10000,299959,3883,ANTICLOCKWISE
587727214420033884,10000,292829,4260,ANTICLOCKWISE
587727214421803405,10000,291414,731,CLOCKWISE
587727214422327547,10000,289988,3280,CLOCKWISE
587727214422393291,10000,289989,2343,CLOCKWISE
587727214422720813,10000,288562,197,CLOCKWISE
587727214422982975,10000,288564,5112,CLOCKWISE
587727214423048549,10000,289995,1104,CLOCKWISE
587727214423310684,10000,289997,5224,CLOCKWISE
587727214423441775,10000,288568,4997,ANTICLOCKWISE
587727214423572791,10000,288570,2006,CLOCKWISE
587727214952514579,10000,302827,6767,ANTICLOCKWISE
587727214952842107,10000,302830,5725,CLOCKWISE
587727214954480268,10000,299973,8689,CLOCKWISE
587727214955528384,10000,298549,1166,ANTICLOCKWISE
587727214957887721,10000,294270,4331,ANTICLOCKWISE
587727214958215570,10000,294273,5552,ANTICLOCKWISE
587727214958870825,10000,292847,3561,ANTICLOCKWISE
587727214958870847,10000,292847,3901,ANTICLOCKWISE
587727214959395048,10000,292852,1682,CLOCKWISE
587727214960116037,10000,289997,1040,CLOCKWISE
587727220857766635,10000,383292,7365,ANTICLOCKWISE
587727220859470695,10000,387572,2140,ANTICLOCKWISE
587727220860191293,10000,390417,2719,ANTICLOCKWISE
587727220860649694,10000,390421,2641,CLOCKWISE
587727220860846568,10000,390423,1112,ANTICLOCKWISE
587727220861174255,10000,391844,135,ANTICLOCKWISE
587727220866810304,10000,403191,5072,CLOCKWISE
587727220870742203,10000,407442,531,CLOCKWISE
587727220870807812,10000,407442,5066,ANTICLOCKWISE
587727220871266550,10000,408848,3636,ANTICLOCKWISE
587727220872052966,10000,408855,4817,ANTICLOCKWISE
587727220874871088,10000,410281,2485,ANTICLOCKWISE
587727221395161907,10000,387561,5673,ANTICLOCKWISE
587727221396079283,10000,390407,8917,ANTICLOCKWISE
587727221398110716,10000,393260,2866,ANTICLOCKWISE
587727221398110873,10000,394676,4729,CLOCKWISE
587727221400928690,10000,398940,4035,CLOCKWISE
587727221401715135,10000,401766,614,ANTICLOCKWISE
587727221402173812,10000,401769,5941,CLOCKWISE
587727221404467437,10000,406008,4983,ANTICLOCKWISE
587727221404598645,10000,406010,2075,ANTICLOCKWISE
587727221405319385,10000,407420,3796,ANTICLOCKWISE
587727221408006321,10000,410247,3593,ANTICLOCKWISE
587727221408006337,10000,410247,3896,ANTICLOCKWISE
587727221411021012,10000,413071,1514,ANTICLOCKWISE
587727221413118197,10000,413090,1923,CLOCKWISE
587727221413511381,10000,414489,5219,ANTICLOCKWISE
587727221413904560,10000,413097,1746,ANTICLOCKWISE
587727221935833494,10000,398922,931,CLOCKWISE
587727221939110146,10000,404584,1351,CLOCKWISE
587727221939241388,10000,404585,3548,ANTICLOCKWISE
587727221939634493,10000,404589,2799,CLOCKWISE
587727221940028021,10000,405996,5529,CLOCKWISE
587727221940682998,10000,407406,4084,CLOCKWISE
587727221944287433,10000,411639,5455,CLOCKWISE
587727221945532547,10000,413049,3536,CLOCKWISE
587727221945991319,10000,414449,1685,CLOCKWISE
587727221947302042,10000,414461,1642,ANTICLOCKWISE
587727221947302106,10000,414461,2443,CLOCKWISE
587727221947367732,10000,415856,874,CLOCKWISE
587727221947433162,10000,415856,4913,CLOCKWISE
587727221948351093,10000,414471,702,CLOCKWISE
587727221948547259,10000,415867,145,CLOCKWISE
587727221948612813,10000,415867,2499,ANTICLOCKWISE
587727221950578862,10000,414491,4221,CLOCKWISE
587727221951365269,10000,415892,3436,ANTICLOCKWISE
587727222468248379,10000,390393,1744,ANTICLOCKWISE
587727222468313125,10000,390393,7189,CLOCKWISE
587727222469886684,10000,394658,2520,CLOCKWISE
587727222469886805,10000,394658,3493,ANTICLOCKWISE
587727222471787064,10000,398913,6803,CLOCKWISE
587727222473097346,10000,401743,5619,CLOCKWISE
587727222473687624,10000,401749,4121,CLOCKWISE
587727222475063738,10000,404575,5906,ANTICLOCKWISE
587727222476046603,10000,407392,4844,ANTICLOCKWISE
587727222476702047,10000,408801,242,CLOCKWISE
587727222478537006,10000,410217,4457,ANTICLOCKWISE
587727222478995747,10000,411619,4593,CLOCKWISE
587727222480175123,10000,413028,4036,ANTICLOCKWISE
587727222480568447,10000,414428,3860,ANTICLOCKWISE
587727222480699735,10000,414429,3526,ANTICLOCKWISE
587727222480765102,10000,414430,645,CLOCKWISE
587727222480765189,10000,414430,2338,ANTICLOCKWISE
587727222480765236,10000,413034,3532,ANTICLOCKWISE
587727222480830808,10000,414431,1123,ANTICLOCKWISE
587727222481027521,10000,414433,67,CLOCKWISE
587727222483255513,10000,417239,1327,ANTICLOCKWISE
587727222483321021,10000,417239,4939,ANTICLOCKWISE
587727222483779839,10000,417244,1202,CLOCKWISE
587727222483845252,10000,417244,1290,CLOCKWISE
587727222483845283,10000,417244,1696,CLOCKWISE
587727222485549288,10000,417260,715,ANTICLOCKWISE
587727222485942535,10000,418655,6463,CLOCKWISE
587727222487122216,10000,418666,3241,ANTICLOCKWISE
587727222488039618,10000,417283,950,ANTICLOCKWISE
587727222488301826,10000,417285,642,CLOCKWISE
587727222736618545,10000,390392,10387,CLOCKWISE
587727223005184142,10000,391811,4781,ANTICLOCKWISE
587727223005774987,10000,394648,9486,ANTICLOCKWISE
587727223007806019,10000,398906,429,ANTICLOCKWISE
587727223008330546,10000,400321,1280,ANTICLOCKWISE
587727223008592008,10000,400323,598,ANTICLOCKWISE
587727223012917469,10000,410195,1857,CLOCKWISE
587727223014555943,10000,411608,1486,ANTICLOCKWISE
587727223014818105,10000,413008,2489,ANTICLOCKWISE
587727223015407943,10000,414409,4388,ANTICLOCKWISE
587727223015538992,10000,413014,4807,CLOCKWISE
587727223015539044,10000,413015,547,CLOCKWISE
587727223015670047,10000,414412,1254,CLOCKWISE
587727223016063188,10000,414415,4361,CLOCKWISE
587727223016259911,10000,414417,4432,CLOCKWISE
587727223018094811,10000,417220,3198,CLOCKWISE
587727223018226026,10000,417222,177,ANTICLOCKWISE
587727223019208951,10000,418622,4568,CLOCKWISE
587727223019274741,10000,418623,1964,ANTICLOCKWISE
587727223020454046,10000,418634,1362,ANTICLOCKWISE
587727223020650729,10000,420026,655,CLOCKWISE
587727223020716260,10000,420026,1257,ANTICLOCKWISE
587727223021371669,10000,420032,2361,CLOCKWISE
587727223022616843,10000,420044,1294,CLOCKWISE
587727223022747859,10000,420044,8909,ANTICLOCKWISE
587727223023141059,10000,421436,4131,CLOCKWISE
587727223023206680,10000,421437,2262,CLOCKWISE
587727223023272116,10000,420049,4516,ANTICLOCKWISE
587727223024058393,10000,421444,4694,CLOCKWISE
587727223024451767,10000,420060,4063,CLOCKWISE
587727223024779503,10000,420063,3510,CLOCKWISE
587727223024910524,10000,420065,498,CLOCKWISE
587727223024976038,10000,420065,2037,CLOCKWISE
587727223542710656,10000,396063,7312,CLOCKWISE
587727223543956120,10000,400309,3181,ANTICLOCKWISE
587727223544087082,10000,400310,3809,ANTICLOCKWISE
587727223546643025,10000,405959,7843,ANTICLOCKWISE
587727223546970574,10000,405963,1687,ANTICLOCKWISE
587727223550509189,10000,412997,4329,ANTICLOCKWISE
587727223552409927,10000,415805,1149,ANTICLOCKWISE
587727223553589512,10000,417207,2766,CLOCKWISE
587727223555555540,10000,420008,517,CLOCKWISE
587727223556800732,10000,421407,1830,ANTICLOCKWISE
587727223557194037,10000,421411,705,ANTICLOCKWISE
587727223557259515,10000,421411,2530,CLOCKWISE
587727223557259539,10000,421411,2882,ANTICLOCKWISE
587727223557456064,10000,421413,1816,CLOCKWISE
587727223557456100,10000,421413,2645,ANTICLOCKWISE
587727223558832317,10000,422811,4447,CLOCKWISE
587727223561519292,10000,422836,3250,ANTICLOCKWISE
587727223561584944,10000,421451,1569,ANTICLOCKWISE
587727225154764940,10000,267371,3257,CLOCKWISE
587727225155354763,10000,267376,4474,CLOCKWISE
587727225156141259,10000,267384,2346,CLOCKWISE
587727225156665442,10000,267388,5170,CLOCKWISE
587727225156731085,10000,268805,5700,CLOCKWISE
587727225159024727,10000,267410,2455,ANTICLOCKWISE
587727225159483494,10000,268830,4696,CLOCKWISE
587727225159876688,10000,268834,2486,ANTICLOCKWISE
587727225160138847,10000,268836,6370,ANTICLOCKWISE
587727225162039426,10000,270270,1121,CLOCKWISE
587727225690063043,10000,271607,2808,ANTICLOCKWISE
587727225690259639,10000,270191,593,ANTICLOCKWISE
587727225690259660,10000,270191,1911,CLOCKWISE
587727225691701385,10000,270204,2297,CLOCKWISE
587727225695764539,10000,270241,1609,ANTICLOCKWISE
587727225696288894,10000,270246,2498,ANTICLOCKWISE
587727225696551050,10000,271666,4752,CLOCKWISE
587727225698975839,10000,271688,3659,CLOCKWISE
587727226227654787,10000,273031,5142,ANTICLOCKWISE
587727226228441210,10000,271621,2857,CLOCKWISE
587727226229817491,10000,273052,343,ANTICLOCKWISE
587727226230538421,10000,271640,2103,ANTICLOCKWISE
587727226231521348,10000,271649,501,CLOCKWISE
587727226233094193,10000,273081,5289,ANTICLOCKWISE
587727226234536049,10000,274514,4529,ANTICLOCKWISE
587727226234994748,10000,274518,5612,ANTICLOCKWISE
587727226235912292,10000,274527,2339,CLOCKWISE
587727226236239993,10000,274530,3418,ANTICLOCKWISE
587727226763346050,10000,275861,2749,ANTICLOCKWISE
587727226763346092,10000,277283,6641,CLOCKWISE
587727226763804792,10000,277287,2026,ANTICLOCKWISE
587727226763870322,10000,275865,5936,CLOCKWISE
587727226765049913,10000,274456,4922,ANTICLOCKWISE
587727226765049986,10000,275876,4779,CLOCKWISE
587727226765508728,10000,275881,502,CLOCKWISE
587727226767212721,10000,274476,3827,CLOCKWISE
587727226767343762,10000,275898,461,ANTICLOCKWISE
587727226772324463,10000,277365,2708,ANTICLOCKWISE
587727226772390006,10000,277366,405,CLOCKWISE
587727226772979814,10000,277371,1335,CLOCKWISE
587727227302117516,10000,277300,5789,CLOCKWISE
587727227302903934,10000,277307,4928,CLOCKWISE
587727227303166122,10000,277310,2311,ANTICLOCKWISE
587727227304280208,10000,277320,1215,CLOCKWISE
587727227304804474,10000,277325,6667,ANTICLOCKWISE
587727227304935542,10000,277326,2118,CLOCKWISE
587727227305984116,10000,277335,4189,ANTICLOCKWISE
587727227306770535,10000,277343,227,ANTICLOCKWISE
587727227308081286,10000,278777,2484,CLOCKWISE
587727227308212352,10000,278778,2500,ANTICLOCKWISE
587727227308671049,10000,278782,3933,ANTICLOCKWISE
587727227839053923,10000,280147,2914,CLOCKWISE
587727227839381663,10000,280150,1612,ANTICLOCKWISE
587727227839512712,10000,278727,3240,ANTICLOCKWISE
587727227842658398,10000,280180,700,ANTICLOCKWISE
587727227843182728,10000,280184,3619,CLOCKWISE
587727227845738598,10000,280208,682,CLOCKWISE
587727229449928814,10000,271718,10182,CLOCKWISE
587727229984964724,10000,273120,3973,ANTICLOCKWISE
587727229986603066,10000,274555,5641,ANTICLOCKWISE
587727229987192943,10000,274560,8496,CLOCKWISE
587727230522032238,10000,275962,1832,CLOCKWISE
587727230522818613,10000,277391,2241,ANTICLOCKWISE
587727231058968655,10000,278806,8437,ANTICLOCKWISE
587727231059886153,10000,278815,4246,CLOCKWISE
587727231060475965,10000,278820,4614,CLOCKWISE
587727231061196935,10000,280251,5350,ANTICLOCKWISE
587727231595053203,10000,278799,5359,CLOCKWISE
587727232133300350,10000,283086,3517,CLOCKWISE
587727232133431369,10000,283087,1872,CLOCKWISE
587727264349815765,10000,384716,743,ANTICLOCKWISE
587727779743072337,10000,277420,2421,CLOCKWISE
587727779743531088,10000,277424,6490,ANTICLOCKWISE
587727780817272960,10000,281694,6819,ANTICLOCKWISE
587727865643073835,10000,516869,612,ANTICLOCKWISE
587727866178634173,10000,505979,2261,CLOCKWISE
587727866178961488,10000,508422,4553,ANTICLOCKWISE
587727866178961818,10000,509639,1843,CLOCKWISE
587727866179092891,10000,509640,2087,CLOCKWISE
587727866983613089,10000,504749,932,CLOCKWISE
587727867252506947,10000,509635,3021,ANTICLOCKWISE
587727873696399432,10000,270171,3204,ANTICLOCKWISE
587727874234318960,10000,271599,1942,ANTICLOCKWISE
587727874767847677,10000,275826,2164,CLOCKWISE
587727874770141341,10000,274427,4032,ANTICLOCKWISE
587727875305504780,10000,277255,3969,CLOCKWISE
587727875306487851,10000,277264,5083,ANTICLOCKWISE
587727875306684560,10000,277266,5082,ANTICLOCKWISE
587727875844145299,10000,280118,1806,ANTICLOCKWISE
587727876646764577,10000,282943,2532,ANTICLOCKWISE
587727876646764582,10000,282943,2821,ANTICLOCKWISE
587727876646764584,10000,282943,2588,ANTICLOCKWISE
587727900536996573,10000,336631,1600,ANTICLOCKWISE
587727901073867265,10000,338070,6414,CLOCKWISE
587727901074260597,10000,339514,5714,CLOCKWISE
587727901074391391,10000,338075,3796,CLOCKWISE
587727901074588089,10000,339517,2166,CLOCKWISE
587727901610672289,10000,340950,1347,ANTICLOCKWISE
587727942422233221,10000,336717,5419,ANTICLOCKWISE
587727942423281778,10000,338167,6745,ANTICLOCKWISE
587727942423675027,10000,338171,3195,ANTICLOCKWISE
587727942949732848,10000,335192,4104,CLOCKWISE
587727942949863715,10000,335193,2346,ANTICLOCKWISE
587727942950060367,10000,335195,1322,ANTICLOCKWISE
587727942950322679,10000,335197,6131,CLOCKWISE
587727942951305584,10000,335206,6117,CLOCKWISE
587727942951633256,10000,335209,7343,CLOCKWISE
587727942955237592,10000,338122,7231,ANTICLOCKWISE
587727942956155052,10000,338130,10202,ANTICLOCKWISE
587727942958317760,10000,339590,6095,CLOCKWISE
587727942959759494,10000,339603,10263,ANTICLOCKWISE
587727943488766233,10000,338091,8394,ANTICLOCKWISE
587727943489225075,10000,339536,3068,CLOCKWISE
587727943489552469,10000,338099,666,ANTICLOCKWISE
587727943490797805,10000,339550,4645,CLOCKWISE
587727943492698312,10000,341007,11572,CLOCKWISE
587727943496171610,10000,342479,4415,ANTICLOCKWISE
587727944023605763,10000,340953,4913,CLOCKWISE
587727944027341091,10000,342427,6052,ANTICLOCKWISE
587727944029569291,10000,343887,9520,ANTICLOCKWISE
587727944029962374,10000,343891,7586,CLOCKWISE
587727944029962377,10000,343891,7505,CLOCKWISE
587727944030027969,10000,342452,900,CLOCKWISE
587727944030552277,10000,343896,7823,CLOCKWISE
587727944031731996,10000,343907,8259,ANTICLOCKWISE
587727944033108186,10000,343920,3857,ANTICLOCKWISE
587727944033108274,10000,343920,4810,ANTICLOCKWISE
587727944033304748,10000,343922,2551,CLOCKWISE
587727944033304791,10000,345362,3234,CLOCKWISE
587727944034353420,10000,345371,17558,ANTICLOCKWISE
587727944562376929,10000,343850,4505,CLOCKWISE
587727944564277596,10000,343867,9057,CLOCKWISE
587727944565391585,10000,345318,2397,ANTICLOCKWISE
587727944565588168,10000,345319,8237,ANTICLOCKWISE
587727944566767883,10000,345331,1534,CLOCKWISE
587727944566833344,10000,345331,2377,ANTICLOCKWISE
587727944570241195,10000,346802,5859,CLOCKWISE
587728307485737088,10000,338187,2354,ANTICLOCKWISE
587728307488358557,10000,339651,3917,CLOCKWISE
587728307488424133,10000,338211,5710,CLOCKWISE
587728307489079530,10000,339657,5175,CLOCKWISE
587728307490062508,10000,339667,964,CLOCKWISE
587728307490652349,10000,338232,1420,CLOCKWISE
587728307492290594,10000,339687,1978,ANTICLOCKWISE
587728307492749455,10000,339691,1915,ANTICLOCKWISE
587728307493208255,10000,339695,4424,CLOCKWISE
587728307493273745,10000,339696,2421,CLOCKWISE
587728308022673555,10000,341067,6861,CLOCKWISE
587728308023460007,10000,339635,1983,ANTICLOCKWISE
587728308024705218,10000,341086,5149,CLOCKWISE
587728308026146968,10000,342539,3567,CLOCKWISE
587728308026933387,10000,341106,5631,ANTICLOCKWISE
587728308027261036,10000,342549,3971,CLOCKWISE
587728308028178584,10000,341118,2991,ANTICLOCKWISE
587728308030472299,10000,342579,220,ANTICLOCKWISE
587728308030800031,10000,341142,1998,ANTICLOCKWISE
587728308560527597,10000,343957,1669,CLOCKWISE
587728308561510590,10000,343966,1584,ANTICLOCKWISE
587728308561707138,10000,343967,5549,ANTICLOCKWISE
587728308562296978,10000,343972,5267,CLOCKWISE
587728308562690180,10000,343976,5366,ANTICLOCKWISE
587728308564656237,10000,343994,2567,ANTICLOCKWISE
587728308564918523,10000,343996,5006,ANTICLOCKWISE
587728308565573676,10000,344002,5887,ANTICLOCKWISE
587728308566819025,10000,344014,2751,ANTICLOCKWISE
587728308567146670,10000,345457,3500,CLOCKWISE
587728308567474182,10000,345460,946,CLOCKWISE
587728308568326364,10000,345468,2841,CLOCKWISE
587728308569178212,10000,344035,4897,CLOCKWISE
587728309097791616,10000,345400,2940,CLOCKWISE
587728309099167848,10000,345412,5379,ANTICLOCKWISE
587728309099495695,10000,345416,1976,CLOCKWISE
587728309099954319,10000,346860,1965,ANTICLOCKWISE
587728309101068383,10000,345430,3796,ANTICLOCKWISE
587728309101854886,10000,346877,3557,CLOCKWISE
587728309101854898,10000,346877,3627,ANTICLOCKWISE
587728309102182560,10000,346880,2516,ANTICLOCKWISE
587728309102444777,10000,346883,856,CLOCKWISE
587728309103034575,10000,346888,3602,ANTICLOCKWISE
587728309103427628,10000,346891,5680,ANTICLOCKWISE
587728309103820959,10000,346895,1915,ANTICLOCKWISE
587728309103886444,10000,346896,1744,ANTICLOCKWISE
587728309104738505,10000,346903,5002,ANTICLOCKWISE
587728309104869416,10000,346905,555,ANTICLOCKWISE
587728309104869499,10000,346905,61,ANTICLOCKWISE
587728309633876200,10000,346833,334,CLOCKWISE
587728309635186860,10000,348285,2223,ANTICLOCKWISE
587728309637480596,10000,348305,6173,ANTICLOCKWISE
587728309639970863,10000,349768,2330,ANTICLOCKWISE
587728309642133645,10000,349787,4782,ANTICLOCKWISE
587728309643509809,10000,349800,855,ANTICLOCKWISE
587728310174744706,10000,351186,6988,CLOCKWISE
587728310174810222,10000,351187,1458,ANTICLOCKWISE
587728310174875836,10000,351188,1581,CLOCKWISE
587728310175727752,10000,351195,5820,CLOCKWISE
587728310176907418,10000,351206,4106,CLOCKWISE
587728310180249690,10000,352674,4982,CLOCKWISE
587728310180249723,10000,352675,151,CLOCKWISE
587728669874454781,10000,508419,654,CLOCKWISE
587728878731657362,10000,351160,826,ANTICLOCKWISE
587728878735458482,10000,351194,4616,CLOCKWISE
587728879255159147,10000,342400,4105,ANTICLOCKWISE
587728879256731758,10000,343854,7414,CLOCKWISE
587728879260598470,10000,346770,1529,ANTICLOCKWISE
587728879263744216,10000,349678,123,CLOCKWISE
587728879265120388,10000,351128,7644,ANTICLOCKWISE
587728879265317046,10000,349692,6040,ANTICLOCKWISE
587728879267872951,10000,352591,5437,CLOCKWISE
587728879268266100,10000,352595,1919,CLOCKWISE
587728879269052612,10000,352602,4913,ANTICLOCKWISE
587728879271346317,10000,352623,4036,ANTICLOCKWISE
587728879272067233,10000,354068,3012,CLOCKWISE
587728879789933011,10000,342381,1406,ANTICLOCKWISE
587728879790326300,10000,343825,401,ANTICLOCKWISE
587728879790588476,10000,343827,3854,ANTICLOCKWISE
587728879792750858,10000,345286,9464,CLOCKWISE
587728879794716942,10000,348185,3378,CLOCKWISE
587728879794716947,10000,348185,3336,CLOCKWISE
587728879797928161,10000,349653,5536,ANTICLOCKWISE
587728879802253480,10000,352568,14026,ANTICLOCKWISE
587728879802253500,10000,352569,1830,ANTICLOCKWISE
587728879802712201,10000,352572,12674,CLOCKWISE
587728879803629771,10000,354019,5069,ANTICLOCKWISE
587728879804153945,10000,355462,1735,CLOCKWISE
587728879804874893,10000,355468,5995,ANTICLOCKWISE
587728879804940445,10000,355469,3312,ANTICLOCKWISE
587728879805333693,10000,355473,2318,CLOCKWISE
587728879805399172,10000,354035,4120,ANTICLOCKWISE
587728879806447728,10000,355483,1223,CLOCKWISE
587728879806578833,10000,355484,5658,CLOCKWISE
587728879808938125,10000,355506,1662,CLOCKWISE
587728879809265816,10000,355509,527,ANTICLOCKWISE
587728880327065750,10000,345263,3554,ANTICLOCKWISE
587728880328376403,10000,346715,3254,ANTICLOCKWISE
587728880329556127,10000,348166,3538,CLOCKWISE
587728880329556387,10000,348166,4227,ANTICLOCKWISE
587728880330473709,10000,348174,5546,ANTICLOCKWISE
587728880330670323,10000,349615,3167,ANTICLOCKWISE
587728880331653454,10000,349624,12115,ANTICLOCKWISE
587728880332046572,10000,351066,5849,ANTICLOCKWISE
587728880332112083,10000,351066,7462,ANTICLOCKWISE
587728880332243194,10000,351068,126,ANTICLOCKWISE
587728880334471378,10000,352526,4377,CLOCKWISE
587728880334930150,10000,352530,3979,CLOCKWISE
587728880335585476,10000,352536,3463,ANTICLOCKWISE
587728880338206865,10000,353998,11992,CLOCKWISE
587728880338731169,10000,355441,2382,CLOCKWISE
587728880338862261,10000,355442,10783,ANTICLOCKWISE
587728880339058898,10000,355444,7117,ANTICLOCKWISE
587728880339124386,10000,355444,14693,ANTICLOCKWISE
587728880340238516,10000,356892,3620,ANTICLOCKWISE
587728880340828399,10000,356897,5216,ANTICLOCKWISE
587728880341483596,10000,356903,5029,ANTICLOCKWISE
587728880342990912,10000,358353,852,CLOCKWISE
587728880343122147,10000,358354,5267,ANTICLOCKWISE
587728880343318601,10000,358356,4636,ANTICLOCKWISE
587728880343908449,10000,358361,4275,ANTICLOCKWISE
587728880344301695,10000,358365,2943,CLOCKWISE
587728880345284692,10000,358374,2304,CLOCKWISE
587728880345743406,10000,358378,3749,CLOCKWISE
587728880865051081,10000,349593,1608,ANTICLOCKWISE
587728880869310693,10000,352507,4246,CLOCKWISE
587728880871145706,10000,353962,3660,ANTICLOCKWISE
587728880872128554,10000,355409,3296,CLOCKWISE
587728880873701615,10000,356861,968,ANTICLOCKWISE
587728880874356930,10000,356866,6411,CLOCKWISE
587728880875208864,10000,356875,3637,ANTICLOCKWISE
587728880876781695,10000,358325,1413,CLOCKWISE
587728880877371561,10000,358330,6784,ANTICLOCKWISE
587728880877633647,10000,358332,4772,ANTICLOCKWISE
587728880879599719,10000,359786,4043,CLOCKWISE
587728880879861923,10000,359789,3260,ANTICLOCKWISE
587728880882483370,10000,361249,1702,CLOCKWISE
587728880882614366,10000,361250,2318,ANTICLOCKWISE
587728880883007615,10000,361254,312,ANTICLOCKWISE
587728881408475289,10000,356841,4141,CLOCKWISE
587728881409392814,10000,356850,1951,ANTICLOCKWISE
587728881410638072,10000,358297,4654,ANTICLOCKWISE
587728881411424387,10000,358304,16381,CLOCKWISE
587728881412866054,10000,359753,13297,ANTICLOCKWISE
587728881413587109,10000,361196,3829,CLOCKWISE
587728881413914653,10000,361199,2479,ANTICLOCKWISE
587728881414897758,10000,362643,3640,CLOCKWISE
587728881415028889,10000,361209,4565,ANTICLOCKWISE
587728881415749843,10000,361216,2792,CLOCKWISE
587728881417126044,10000,362664,1724,ANTICLOCKWISE
587728905559999002,10000,487252,685,CLOCKWISE
587728905561571635,10000,501059,4147,CLOCKWISE
587728905562161233,10000,505987,1036,ANTICLOCKWISE
587728905562292591,10000,508429,3904,CLOCKWISE
587728905562358094,10000,508429,5471,ANTICLOCKWISE
587728906096541863,10000,484701,289,CLOCKWISE
587728906096935097,10000,488520,3175,ANTICLOCKWISE
587728906097328727,10000,492313,953,ANTICLOCKWISE
587728906099360114,10000,510858,3655,CLOCKWISE
587728906632691825,10000,478272,4381,CLOCKWISE
587728906636165566,10000,510856,5324,ANTICLOCKWISE
587728906636361963,10000,513271,3818,ANTICLOCKWISE
587728930794242540,10000,480857,182,CLOCKWISE
587728930795553358,10000,492317,400,CLOCKWISE
587728930796798241,10000,503530,2603,CLOCKWISE
587728930797781264,10000,513277,418,ANTICLOCKWISE
587728931330916897,10000,479567,1720,CLOCKWISE
587728931333276044,10000,501058,5184,ANTICLOCKWISE
587728931333799975,10000,505985,4406,ANTICLOCKWISE
587728931333865924,10000,507208,4113,ANTICLOCKWISE
587728931334783283,10000,515677,1318,CLOCKWISE
587728931869229441,10000,494825,2754,ANTICLOCKWISE
587728931869426054,10000,496077,5542,CLOCKWISE
587728931870212551,10000,503525,4845,CLOCKWISE
587728932405379683,10000,488518,245,ANTICLOCKWISE
587728947441434804,10000,325249,2004,CLOCKWISE
587728947441631312,10000,325250,7450,ANTICLOCKWISE
587728947442942096,10000,323823,295,CLOCKWISE
587728947973980340,10000,326649,2799,CLOCKWISE
587728947974766840,10000,326656,12757,ANTICLOCKWISE
587728947975553240,10000,326663,8791,ANTICLOCKWISE
587728947975946358,10000,326667,5216,ANTICLOCKWISE
587728947976470695,10000,326672,3482,ANTICLOCKWISE
587728947976995029,10000,326677,2666,ANTICLOCKWISE
587728947976995043,10000,326677,3116,CLOCKWISE
587728947977126008,10000,326678,821,CLOCKWISE
587728947977322606,10000,326679,13343,ANTICLOCKWISE
587728947977781406,10000,326684,1506,CLOCKWISE
587728947979616366,10000,326700,6346,ANTICLOCKWISE
587728947979681877,10000,326701,2767,CLOCKWISE
587728947980206185,10000,326706,1046,CLOCKWISE
587728948510392615,10000,329525,2176,CLOCKWISE
587728948510458082,10000,329525,7480,CLOCKWISE
587728948510589054,10000,329527,4930,CLOCKWISE
587728948510654851,10000,329527,6976,ANTICLOCKWISE
587728948511178864,10000,329532,5289,CLOCKWISE
587728948511506650,10000,329535,14073,ANTICLOCKWISE
587728948511703259,10000,328097,1854,ANTICLOCKWISE
587728948511899790,10000,329538,16295,CLOCKWISE
587728948511899847,10000,328099,2813,ANTICLOCKWISE
587728948512227466,10000,329541,11640,CLOCKWISE
587728948512555177,10000,329544,9387,CLOCKWISE
587728948512620721,10000,329545,7677,ANTICLOCKWISE
587728948514128022,10000,329559,5221,CLOCKWISE
587728948514848920,10000,329566,1566,ANTICLOCKWISE
587728948515307557,10000,329570,3841,CLOCKWISE
587728948515831943,10000,329575,2873,ANTICLOCKWISE
587728948516094050,10000,328137,2487,ANTICLOCKWISE
587728948516225144,10000,329578,6176,CLOCKWISE
587728949047394449,10000,332406,4198,CLOCKWISE
587728949047394477,10000,330966,6064,ANTICLOCKWISE
587728949047460065,10000,330967,2859,ANTICLOCKWISE
587728949047656666,10000,330969,1817,CLOCKWISE
587728949049032723,10000,330981,4523,CLOCKWISE
587728949050212468,10000,330992,1254,CLOCKWISE
587728949050998935,10000,330999,6100,ANTICLOCKWISE
587728949052637465,10000,331014,7965,CLOCKWISE
587728949053030524,10000,332457,10332,CLOCKWISE
587728949584068774,10000,333844,6915,CLOCKWISE
587728949585248302,10000,335295,7039,ANTICLOCKWISE
587728949585379530,10000,333856,14156,CLOCKWISE
587728949585969309,10000,333861,13047,CLOCKWISE
587728949586952339,10000,333871,369,ANTICLOCKWISE
587728949587673239,10000,333877,5481,ANTICLOCKWISE
587728949588525080,10000,333885,1641,CLOCKWISE
587728949589180623,10000,333891,5247,CLOCKWISE
587728949589835869,10000,333897,5672,ANTICLOCKWISE
587728949590425837,10000,333903,720,CLOCKWISE
587728950122905684,10000,336742,6304,ANTICLOCKWISE
587728950124216477,10000,335314,3490,CLOCKWISE
587728950127427652,10000,336783,5247,CLOCKWISE
587728950127493170,10000,336784,2326,ANTICLOCKWISE
587729149309419528,10000,313687,9732,CLOCKWISE
587729149311123475,10000,312264,14127,ANTICLOCKWISE
587729149842751626,10000,316535,5820,CLOCKWISE
587729149844324510,10000,316550,1809,CLOCKWISE
587729149845110953,10000,316557,3788,ANTICLOCKWISE
587729149845307565,10000,316559,4784,ANTICLOCKWISE
587729149845831818,10000,316563,5465,ANTICLOCKWISE
587729149846225069,10000,316567,11355,CLOCKWISE
587729150379687961,10000,319416,5310,ANTICLOCKWISE
587729150380277945,10000,319422,1713,ANTICLOCKWISE
587729150381195380,10000,319430,3947,CLOCKWISE
587729150382178501,10000,319439,6529,CLOCKWISE
587729150383882448,10000,318014,14319,ANTICLOCKWISE
587729150384144477,10000,319457,2115,ANTICLOCKWISE
587729150384210003,10000,318017,7486,CLOCKWISE
587729150384603296,10000,318021,10284,ANTICLOCKWISE
587729150918262913,10000,320871,11196,ANTICLOCKWISE
587729150919114863,10000,320879,10113,ANTICLOCKWISE
587729150920360159,10000,320891,3462,ANTICLOCKWISE
587729150920556565,10000,320892,4828,ANTICLOCKWISE
587729151452577968,10000,323728,9073,ANTICLOCKWISE
587729151454412969,10000,323745,7361,CLOCKWISE
587729151455658173,10000,323756,6598,CLOCKWISE
587729151456772265,10000,323767,5570,CLOCKWISE
587729151457755298,10000,322336,4738,CLOCKWISE
587729151458869364,10000,322346,4065,ANTICLOCKWISE
587729157890572413,10000,354160,4929,CLOCKWISE
587729157891686709,10000,354170,11092,ANTICLOCKWISE
587729157891817633,10000,354172,2014,CLOCKWISE
587729157893259355,10000,354184,5871,ANTICLOCKWISE
587729157893456052,10000,354187,901,CLOCKWISE
587729157897257132,10000,352783,5014,CLOCKWISE
587729157897453682,10000,352785,2012,ANTICLOCKWISE
587729157897715796,10000,352787,4864,ANTICLOCKWISE
587729157898633420,10000,352796,2944,ANTICLOCKWISE
587729157901713577,10000,351386,3808,CLOCKWISE
587729157902631109,10000,349956,8931,CLOCKWISE
587729157902827854,10000,349958,4257,ANTICLOCKWISE
587729157904400470,10000,349972,3455,ANTICLOCKWISE
587729157907415128,10000,347121,4618,ANTICLOCKWISE
587729158426853521,10000,357030,3142,ANTICLOCKWISE
587729158434717846,10000,354226,13054,ANTICLOCKWISE
587729158435307684,10000,354232,2297,ANTICLOCKWISE
587729158436487456,10000,354243,3909,CLOCKWISE
587729158437077205,10000,352810,4191,ANTICLOCKWISE
587729158438191316,10000,352820,4455,ANTICLOCKWISE
587729158439895087,10000,352836,3200,CLOCKWISE
587729158440681618,10000,351405,5536,CLOCKWISE
587729158442057732,10000,349979,7732,CLOCKWISE
587729158444023993,10000,348559,171,CLOCKWISE
587729158444286320,10000,350000,4651,CLOCKWISE
587729158444351676,10000,350000,5150,ANTICLOCKWISE
587729158448808746,10000,345723,1096,CLOCKWISE
587729158963331252,10000,359898,4419,CLOCKWISE
587729158963462266,10000,358463,3913,CLOCKWISE
587729158964052187,10000,359905,2338,CLOCKWISE
587729158965100718,10000,359914,10411,CLOCKWISE
587729158965559339,10000,358483,936,CLOCKWISE
587729158965559341,10000,358483,940,CLOCKWISE
587729158966477069,10000,359927,3378,CLOCKWISE
587729158966673552,10000,359929,898,ANTICLOCKWISE
587729158967918658,10000,358504,1938,CLOCKWISE
587729158967918716,10000,358504,2690,CLOCKWISE
587729158967918749,10000,358504,2913,CLOCKWISE
587729158968770835,10000,358512,2509,ANTICLOCKWISE
587729158972375238,10000,357109,1988,ANTICLOCKWISE
587729158972965076,10000,357114,6194,CLOCKWISE
587729158973030470,10000,357114,6800,CLOCKWISE
587729158974406889,10000,355690,5060,ANTICLOCKWISE
587729158975127655,10000,355697,1875,ANTICLOCKWISE
587729158977159291,10000,354277,6968,ANTICLOCKWISE
587729158978273443,10000,354288,630,ANTICLOCKWISE
587729158980370589,10000,352869,1410,ANTICLOCKWISE
587729158981353617,10000,351440,2230,ANTICLOCKWISE
587729158982533357,10000,350013,1558,ANTICLOCKWISE
587729158982598881,10000,351451,6336,ANTICLOCKWISE
587729158983778458,10000,350024,4410,ANTICLOCKWISE
587729158984040631,10000,350026,10250,ANTICLOCKWISE
587729159500398739,10000,361336,1510,CLOCKWISE
587729159500923001,10000,361340,6046,CLOCKWISE
587729159502299211,10000,361353,8642,ANTICLOCKWISE
587729159502364780,10000,361354,1581,CLOCKWISE
587729159502430386,10000,361355,1116,ANTICLOCKWISE
587729159503544522,10000,361365,450,CLOCKWISE
587729159509770366,10000,359985,4953,CLOCKWISE
587729159510294734,10000,358555,852,ANTICLOCKWISE
587729159510622432,10000,358557,7288,ANTICLOCKWISE
587729159516520662,10000,354300,5020,CLOCKWISE
587729159516979396,10000,354304,7031,CLOCKWISE
587729159518224734,10000,354316,7082,ANTICLOCKWISE
587729159518748874,10000,354321,233,ANTICLOCKWISE
587729159520125125,10000,351457,8518,ANTICLOCKWISE
587729159520321730,10000,351459,4093,ANTICLOCKWISE
587729159522681179,10000,350043,1867,CLOCKWISE
587729159523467734,10000,348611,5480,CLOCKWISE
587729160040874192,10000,364238,518,CLOCKWISE
587729160041660656,10000,364245,2655,CLOCKWISE
587729160043954260,10000,362832,553,CLOCKWISE
587729160047296612,10000,361428,484,ANTICLOCKWISE
587729160047755439,10000,361432,538,CLOCKWISE
587729160048017626,10000,361434,5521,CLOCKWISE
587729160048214252,10000,360000,4637,CLOCKWISE
587729160052539423,10000,358603,6453,CLOCKWISE
587729160053457118,10000,358612,2286,CLOCKWISE
587729160054898907,10000,355752,5861,CLOCKWISE
587729160054964453,10000,357189,6186,CLOCKWISE
587729160055423245,10000,355757,4044,CLOCKWISE
587729160057061757,10000,354334,4729,CLOCKWISE
587729160059355443,10000,352917,3643,CLOCKWISE
587729160574337145,10000,365640,5288,ANTICLOCKWISE
587729160574468244,10000,367075,1217,CLOCKWISE
587729160574730369,10000,367077,3668,CLOCKWISE
587729160577548408,10000,365670,3185,ANTICLOCKWISE
587729160578924691,10000,365683,957,CLOCKWISE
587729160579252369,10000,365685,4362,ANTICLOCKWISE
587729160581415039,10000,364271,4322,ANTICLOCKWISE
587729160584233196,10000,362863,5805,ANTICLOCKWISE
587729408083362203,10000,508904,300,CLOCKWISE
587729408084083240,10000,501548,1843,ANTICLOCKWISE
587729408085590647,10000,486498,2337,ANTICLOCKWISE
587729408085721579,10000,486498,5231,ANTICLOCKWISE
587729408085721750,10000,485224,4154,CLOCKWISE
587729408085983439,10000,483948,5903,CLOCKWISE
587729408620167698,10000,511332,3732,ANTICLOCKWISE
587729408620822902,10000,505243,4030,ANTICLOCKWISE
587729408621084841,10000,502785,634,CLOCKWISE
587729408622395921,10000,489039,4871,ANTICLOCKWISE
587729408622986113,10000,482670,2806,ANTICLOCKWISE
587729408623444677,10000,477520,5352,CLOCKWISE
587729408623509915,10000,477521,3286,ANTICLOCKWISE
587729408623772398,10000,474930,3139,ANTICLOCKWISE
587729409157824851,10000,504017,2903,CLOCKWISE
587729409159922176,10000,483952,1007,ANTICLOCKWISE
587729409160118857,10000,481389,7014,CLOCKWISE
587729409160446775,10000,477522,7099,ANTICLOCKWISE
587729409160577818,10000,476228,6712,CLOCKWISE
587729652350845236,10000,524408,991,ANTICLOCKWISE
587729652351041967,10000,523236,703,ANTICLOCKWISE
587729652351828170,10000,516128,4209,CLOCKWISE
587729652351959319,10000,514932,455,CLOCKWISE
587729652352876782,10000,506457,3923,ANTICLOCKWISE
587729652353073329,10000,505233,3624,ANTICLOCKWISE
587729652353073521,10000,505233,4953,CLOCKWISE
587729652353139101,10000,504005,1204,CLOCKWISE
587729652354449872,10000,491556,4596,ANTICLOCKWISE
587729652355760192,10000,478804,1293,CLOCKWISE
587729652356022775,10000,476218,4011,CLOCKWISE
587729652357005798,10000,465769,839,ANTICLOCKWISE
587729652889289137,10000,511322,4462,ANTICLOCKWISE
587729652890010080,10000,505235,1113,ANTICLOCKWISE
587729652890468868,10000,500306,1303,CLOCKWISE
587729652892828297,10000,477514,1046,ANTICLOCKWISE
587729653426029066,10000,513735,1132,CLOCKWISE
587729653426094226,10000,513736,1116,ANTICLOCKWISE
587729653426946359,10000,506462,1374,CLOCKWISE
587729653427011823,10000,505237,1738,CLOCKWISE
587729653428715844,10000,487765,4880,ANTICLOCKWISE
587729653429174780,10000,483945,2043,ANTICLOCKWISE
587729653429174856,10000,483944,6241,CLOCKWISE
587729746837700853,10000,337047,984,CLOCKWISE
587729746839601526,10000,337064,1522,CLOCKWISE
587729746840650027,10000,335633,5121,CLOCKWISE
587729746840715703,10000,335634,2871,CLOCKWISE
587729747375816784,10000,338498,577,CLOCKWISE
587729747911115086,10000,342804,223,ANTICLOCKWISE
587729747911508253,10000,342807,1277,ANTICLOCKWISE
587729748448182744,10000,344245,5457,CLOCKWISE
587729748448575738,10000,344249,2744,CLOCKWISE
587729751136010687,10000,516128,274,ANTICLOCKWISE
587729751136469464,10000,511320,348,ANTICLOCKWISE
587729751672750414,10000,518514,1179,CLOCKWISE
587729751673668194,10000,510112,1799,ANTICLOCKWISE
587729751674192403,10000,505234,4701,CLOCKWISE
587729751676486276,10000,482662,1358,ANTICLOCKWISE
587729751676814213,10000,480094,2752,ANTICLOCKWISE
587729752209555683,10000,519702,3505,ANTICLOCKWISE
587729752211325537,10000,504008,3080,CLOCKWISE
587729752211587616,10000,500306,5699,ANTICLOCKWISE
587729752213815815,10000,480096,1888,CLOCKWISE
587729752214667426,10000,471018,5303,ANTICLOCKWISE
587729752214667536,10000,471018,7171,CLOCKWISE
587729752747999780,10000,506462,4911,CLOCKWISE
587729752748654958,10000,500308,6281,CLOCKWISE
587729752748982360,10000,497825,1165,ANTICLOCKWISE
587729752749310442,10000,494075,4277,CLOCKWISE
587729752751080177,10000,476223,3214,ANTICLOCKWISE
587729752751800890,10000,469712,5853,CLOCKWISE
587729752751800961,10000,468401,7586,ANTICLOCKWISE
587729772070371467,10000,311025,3801,CLOCKWISE
587729772071682184,10000,311037,631,ANTICLOCKWISE
587729772607111300,10000,312461,9405,ANTICLOCKWISE
587729772609208525,10000,313920,2399,ANTICLOCKWISE
587729772609994943,10000,313927,4213,CLOCKWISE
587729772610978075,10000,313936,7871,ANTICLOCKWISE
587729772611633342,10000,313942,8692,ANTICLOCKWISE
587729773143851215,10000,315340,3068,ANTICLOCKWISE
587729773144375505,10000,315344,6122,ANTICLOCKWISE
587729773144441091,10000,315345,4413,CLOCKWISE
587729773680197795,10000,318215,5250,ANTICLOCKWISE
587729773680263347,10000,318215,10282,ANTICLOCKWISE
587729773681836284,10000,318230,3495,ANTICLOCKWISE
587729773682164003,10000,318233,2483,ANTICLOCKWISE
587729773682164040,10000,318233,3252,ANTICLOCKWISE
587729773682229459,10000,318233,8574,ANTICLOCKWISE
587729773682884830,10000,319679,5392,ANTICLOCKWISE
587729773685309554,10000,318262,972,ANTICLOCKWISE
587729774217461829,10000,321098,11974,ANTICLOCKWISE
587729774219165946,10000,321114,5238,ANTICLOCKWISE
587729774221066448,10000,321131,5227,CLOCKWISE
587729774221197537,10000,321133,2179,CLOCKWISE
587729774758592788,10000,324017,10623,CLOCKWISE
587729774758723828,10000,324019,586,ANTICLOCKWISE
587729774759313428,10000,324024,1181,ANTICLOCKWISE
587729776367435990,10000,312478,6412,ANTICLOCKWISE
587729776369533131,10000,312497,10399,CLOCKWISE
587729776372220194,10000,313961,3955,CLOCKWISE
587729776377332010,10000,316887,6224,CLOCKWISE
587729776903258310,10000,313908,789,CLOCKWISE
587729776903716986,10000,315352,121,ANTICLOCKWISE
587729776903979253,10000,313914,2993,CLOCKWISE
587729776904896677,10000,315363,1154,ANTICLOCKWISE
587729776905617441,10000,315369,3084,ANTICLOCKWISE
587729776906993855,10000,315382,3046,ANTICLOCKWISE
587729776908697820,10000,315397,8333,CLOCKWISE
587729776911122587,10000,316860,2093,ANTICLOCKWISE
587729776912564542,10000,318313,4030,ANTICLOCKWISE
587729776915120272,10000,318336,3383,CLOCKWISE
587729776916365737,10000,318348,133,ANTICLOCKWISE
587729777439015140,10000,316778,1378,ANTICLOCKWISE
587729777439604933,10000,316783,2200,CLOCKWISE
587729777439932612,10000,316786,4020,ANTICLOCKWISE
587729777440981149,10000,316795,7903,CLOCKWISE
587729777441243404,10000,316798,881,CLOCKWISE
587729777441308897,10000,316799,802,ANTICLOCKWISE
587729777441964213,10000,316805,811,CLOCKWISE
587729777443078238,10000,318254,8110,CLOCKWISE
587729777445109941,10000,318273,3555,ANTICLOCKWISE
587729777447272712,10000,318293,4957,ANTICLOCKWISE
587729777448517662,10000,319744,5918,ANTICLOCKWISE
587729777448648888,10000,319745,7691,ANTICLOCKWISE
587729777448845764,10000,319747,3772,CLOCKWISE
587729777452581306,10000,321221,5023,ANTICLOCKWISE
587729777452712173,10000,321223,623,CLOCKWISE
587729777453695249,10000,322671,4480,CLOCKWISE
587729777975754860,10000,319656,13139,ANTICLOCKWISE
587729777976475942,10000,319663,3777,ANTICLOCKWISE
587729777976606969,10000,319664,2731,CLOCKWISE
587729777977065653,10000,319668,4858,ANTICLOCKWISE
587729777978441873,10000,319680,5808,ANTICLOCKWISE
587729777978572932,10000,319682,1058,ANTICLOCKWISE
587729777982570755,10000,321159,721,ANTICLOCKWISE
587729777984733408,10000,321178,10395,ANTICLOCKWISE
587729777988141205,10000,322649,3739,ANTICLOCKWISE
587729777988469078,10000,322653,412,ANTICLOCKWISE
587729777989124367,10000,322658,3948,ANTICLOCKWISE
587729777989255211,10000,324099,4680,CLOCKWISE
587729777990041938,10000,324107,981,CLOCKWISE
587729777990107639,10000,324107,5087,CLOCKWISE
587729777990369703,10000,324110,2314,ANTICLOCKWISE
587729777991025231,10000,324116,719,ANTICLOCKWISE
587729777991090635,10000,324116,5328,ANTICLOCKWISE
587729777991680290,10000,324122,1712,CLOCKWISE
587729778512167104,10000,322532,7029,ANTICLOCKWISE
587729778512756836,10000,321098,11721,CLOCKWISE
587729778512822322,10000,321098,11810,ANTICLOCKWISE
587729778520818038,10000,324051,3074,CLOCKWISE
587729778521669834,10000,324059,3210,ANTICLOCKWISE
587729778523898077,10000,325519,4721,ANTICLOCKWISE
587729779050479734,10000,323985,2730,ANTICLOCKWISE
587729779050741878,10000,323987,7610,CLOCKWISE
587729779050938486,10000,323989,3560,ANTICLOCKWISE
587729779053035740,10000,324009,498,ANTICLOCKWISE
587729781202813481,10000,485224,1323,ANTICLOCKWISE
587729781203009975,10000,482667,4059,CLOCKWISE
587729782274196007,10000,510121,3457,ANTICLOCKWISE
587729782274654633,10000,506469,2622,CLOCKWISE
587729782275441477,10000,497830,3571,ANTICLOCKWISE
587729782275637591,10000,495333,4099,CLOCKWISE
587729782277145299,10000,480102,3622,CLOCKWISE
587729782277145372,10000,480102,2975,ANTICLOCKWISE
587729782277407352,10000,477521,6085,CLOCKWISE
587729782812312070,10000,499076,2675,CLOCKWISE
587729969638932596,10000,312513,4896,ANTICLOCKWISE
587729970175017279,10000,313945,1436,ANTICLOCKWISE
587729970176000306,10000,313954,3504,ANTICLOCKWISE
587729970177442097,10000,315407,5235,CLOCKWISE
587729970177835317,10000,315411,3440,ANTICLOCKWISE
587729970178294047,10000,315415,4639,ANTICLOCKWISE
587729970178687051,10000,315418,9845,CLOCKWISE
587729970179277097,10000,315424,2547,CLOCKWISE
587729970179342481,10000,315424,2845,CLOCKWISE
587729970179998057,10000,316871,503,ANTICLOCKWISE
587729970180063305,10000,316871,3988,CLOCKWISE
587729970180587867,10000,316876,3189,CLOCKWISE
587729970180784339,10000,316877,8610,ANTICLOCKWISE
587729970180915327,10000,316878,7471,ANTICLOCKWISE
587729970182554069,10000,316894,4210,ANTICLOCKWISE
587729970182881479,10000,316896,10037,CLOCKWISE
587729970183078105,10000,316899,1076,ANTICLOCKWISE
587729970183602484,10000,318343,3297,ANTICLOCKWISE
587729970711887901,10000,316824,11631,ANTICLOCKWISE
587729970712871126,10000,316834,1631,ANTICLOCKWISE
587729970712871305,10000,316833,10963,ANTICLOCKWISE
587729970714968441,10000,318293,7490,ANTICLOCKWISE
587729970715099251,10000,318294,5561,CLOCKWISE
587729970715623627,10000,318299,5776,CLOCKWISE
587729970715623662,10000,316859,7561,CLOCKWISE
587729970716606697,10000,318308,1620,CLOCKWISE
587729970716737806,10000,318309,3394,ANTICLOCKWISE
587729970716803382,10000,318310,3265,CLOCKWISE
587729970717589748,10000,318317,3165,ANTICLOCKWISE
587729970720211576,10000,319781,2897,ANTICLOCKWISE
587729970720866661,10000,319787,1007,CLOCKWISE
587729971250200847,10000,319718,4575,CLOCKWISE
587729971250790702,10000,319723,8187,ANTICLOCKWISE
587729971251446113,10000,319729,11501,CLOCKWISE
587729971251970362,10000,321174,2603,ANTICLOCKWISE
587729971252429078,10000,321178,9884,CLOCKWISE
587729971253739709,10000,321190,3531,CLOCKWISE
587729971254657211,10000,321199,3843,CLOCKWISE
587729971254722793,10000,321199,6916,ANTICLOCKWISE
587729971255509261,10000,322646,3619,ANTICLOCKWISE
587729971255902586,10000,322650,2007,ANTICLOCKWISE
587729971256361322,10000,321214,9616,CLOCKWISE
587729971256754444,10000,322657,6440,ANTICLOCKWISE
587729971257081952,10000,322661,524,CLOCKWISE
587729971257081953,10000,321221,488,CLOCKWISE
587729971257671794,10000,322666,4250,CLOCKWISE
587729971258196160,10000,322671,3062,CLOCKWISE
587729971259048459,10000,324119,4073,ANTICLOCKWISE
587729971259113881,10000,324119,8322,ANTICLOCKWISE
587729971786678529,10000,322594,8220,ANTICLOCKWISE
587729971786809575,10000,322595,8838,ANTICLOCKWISE
587729971789431164,10000,322619,12297,CLOCKWISE
587729971789824371,10000,324063,11714,ANTICLOCKWISE
587729971790348564,10000,322628,600,CLOCKWISE
587729971793560032,10000,324097,3880,ANTICLOCKWISE
587729971793625558,10000,324098,1642,ANTICLOCKWISE
587729971794084414,10000,324102,1947,CLOCKWISE
587729971794608643,10000,325547,376,CLOCKWISE
587729972324401340,10000,324042,3473,ANTICLOCKWISE
587729972325777437,10000,324054,10980,CLOCKWISE
587729972329316907,10000,325527,3381,CLOCKWISE
587730021714493595,10000,365733,3627,ANTICLOCKWISE
587730021714493717,10000,365734,285,CLOCKWISE
587730021718622421,10000,361468,3338,ANTICLOCKWISE
587730021719080976,10000,361472,4407,ANTICLOCKWISE
587730021719146690,10000,361473,1677,CLOCKWISE
587730021720785051,10000,360052,1543,ANTICLOCKWISE
587730021721047321,10000,358619,293,CLOCKWISE
587730021721637098,10000,358624,3274,ANTICLOCKWISE
587730021722685638,10000,357197,4046,CLOCKWISE
587730021722947846,10000,357200,200,ANTICLOCKWISE
587730021727076654,10000,351487,148,CLOCKWISE
587730022252019911,10000,367172,3236,ANTICLOCKWISE
587730022252478736,10000,367177,673,ANTICLOCKWISE
587730022253920373,10000,365757,2750,CLOCKWISE
587730022254838169,10000,365765,5276,CLOCKWISE
587730022255820997,10000,364340,2674,CLOCKWISE
587730022256017596,10000,364342,2033,ANTICLOCKWISE
587730022256279716,10000,362910,3110,CLOCKWISE
587730022258114836,10000,361492,12061,ANTICLOCKWISE
587730022258770187,10000,360062,9102,ANTICLOCKWISE
587730022259360011,10000,360068,969,ANTICLOCKWISE
587730022259490897,10000,360069,2781,ANTICLOCKWISE
587730022259556539,10000,360069,5148,ANTICLOCKWISE
587730022260408646,10000,358641,5957,ANTICLOCKWISE
587730022260474098,10000,358642,1938,CLOCKWISE
587730022261391643,10000,357214,3989,CLOCKWISE
587730022261784725,10000,357218,3948,CLOCKWISE
587730022263685169,10000,354360,3438,ANTICLOCKWISE
587730022264734029,10000,352932,1502,CLOCKWISE
587730022265520857,10000,351501,4788,ANTICLOCKWISE
587730022788300820,10000,370031,1954,ANTICLOCKWISE
587730022788563322,10000,370034,552,CLOCKWISE
587730022788628736,10000,370034,3255,ANTICLOCKWISE
587730022789611790,10000,370043,2932,ANTICLOCKWISE
587730022790463709,10000,368619,1102,ANTICLOCKWISE
587730022790463729,10000,368619,1688,ANTICLOCKWISE
587730022791839922,10000,367199,2720,ANTICLOCKWISE
587730022791905484,10000,367200,1733,CLOCKWISE
587730022792429897,10000,365772,3587,ANTICLOCKWISE
587730022793019652,10000,365777,4430,ANTICLOCKWISE
587730022795182367,10000,362929,4305,CLOCKWISE
587730022795247913,10000,362930,2209,ANTICLOCKWISE
587730022796230911,10000,362939,1058,ANTICLOCKWISE
587730022796296386,10000,362939,2028,ANTICLOCKWISE
587730022796427553,10000,362941,416,ANTICLOCKWISE
587730022796558501,10000,361507,2268,ANTICLOCKWISE
587730022796624053,10000,361507,3885,ANTICLOCKWISE
587730022797279748,10000,361513,6075,ANTICLOCKWISE
587730022797803688,10000,360082,4527,ANTICLOCKWISE
587730022798721352,10000,358654,11239,ANTICLOCKWISE
587730022798721463,10000,358654,10373,ANTICLOCKWISE
587730022798721581,10000,358655,2423,ANTICLOCKWISE
587730022800753104,10000,357237,1267,ANTICLOCKWISE
587730022801212001,10000,355805,2332,CLOCKWISE
587730022802391603,10000,354377,5615,ANTICLOCKWISE
587730023326285986,10000,371472,2267,CLOCKWISE
587730023327334594,10000,371482,136,CLOCKWISE
587730023327400171,10000,371482,5198,ANTICLOCKWISE
587730023328448735,10000,370061,3357,CLOCKWISE
587730023328907510,10000,368633,4800,CLOCKWISE
587730023328973036,10000,368634,530,ANTICLOCKWISE
587730023329366177,10000,368637,3604,ANTICLOCKWISE
587730023330349112,10000,367214,5387,CLOCKWISE
587730023332970613,10000,364371,6405,ANTICLOCKWISE
587730023334674794,10000,362953,4678,CLOCKWISE
587730023335592183,10000,361526,11311,ANTICLOCKWISE
587730023339131517,10000,355814,6692,CLOCKWISE
587730023862239398,10000,374324,1684,CLOCKWISE
587730023863419093,10000,374335,174,ANTICLOCKWISE
587730023863681272,10000,374337,3621,ANTICLOCKWISE
587730023863812262,10000,374338,3833,CLOCKWISE
587730023864205464,10000,372912,442,CLOCKWISE
587730023865057353,10000,371490,114,CLOCKWISE
587730023866302718,10000,371501,3828,ANTICLOCKWISE
587730023866695791,10000,371504,3614,ANTICLOCKWISE
587730023867089151,10000,370077,3770,ANTICLOCKWISE
587730023869776184,10000,367238,2638,ANTICLOCKWISE
587730772798276083,10000,387576,5308,ANTICLOCKWISE
587730772798931209,10000,389002,6208,CLOCKWISE
587730772801814619,10000,394697,183,CLOCKWISE
587730772801814863,10000,394697,1002,CLOCKWISE
587730772804829235,10000,400372,3571,CLOCKWISE
587730772805288311,10000,401785,1984,CLOCKWISE
587730772807385316,10000,404618,918,ANTICLOCKWISE
587730772807712933,10000,404621,3078,CLOCKWISE
587730772807909629,10000,404622,6491,ANTICLOCKWISE
587730772808171666,10000,404625,4165,ANTICLOCKWISE
587730772808237244,10000,404625,5429,ANTICLOCKWISE
587730772808302849,10000,406030,4263,ANTICLOCKWISE
587730772810399848,10000,407453,2710,ANTICLOCKWISE
587730772813217996,10000,410281,3860,CLOCKWISE
587730772814594219,10000,410294,1712,CLOCKWISE
587730772814921893,10000,411695,1336,ANTICLOCKWISE
587730772815446262,10000,408901,4470,CLOCKWISE
587730772815446274,10000,408901,4809,CLOCKWISE
587730772815773827,10000,408904,3543,ANTICLOCKWISE
587730772815839344,10000,410305,1574,CLOCKWISE
587730773334557456,10000,388991,1702,CLOCKWISE
587730773336391937,10000,393260,646,ANTICLOCKWISE
587730773338227253,10000,396106,4052,ANTICLOCKWISE
587730773340127871,10000,400358,2698,CLOCKWISE
587730773340913869,10000,401773,2616,CLOCKWISE
587730773342552573,10000,404602,4831,ANTICLOCKWISE
587730773342880020,10000,404605,3141,CLOCKWISE
587730773344387381,10000,406023,3053,CLOCKWISE
587730773344453091,10000,406024,100,CLOCKWISE
587730773345435780,10000,407437,763,ANTICLOCKWISE
587730773345501380,10000,407437,2893,CLOCKWISE
587730773345632590,10000,408840,4363,ANTICLOCKWISE
587730773346484492,10000,408848,5546,ANTICLOCKWISE
587730773346550051,10000,408849,471,CLOCKWISE
587730773347008587,10000,408853,2037,CLOCKWISE
587730773347008592,10000,408853,2246,CLOCKWISE
587730773347074256,10000,410253,4284,ANTICLOCKWISE
587730773347860810,10000,410261,2976,CLOCKWISE
587730773350088814,10000,411679,1925,ANTICLOCKWISE
587730773350220005,10000,413078,4237,ANTICLOCKWISE
587730773350613188,10000,413082,1302,CLOCKWISE
587730773353693301,10000,411712,1269,ANTICLOCKWISE
587730773354414192,10000,411719,214,CLOCKWISE
587730773354414249,10000,411719,2061,ANTICLOCKWISE
587730773870510621,10000,387562,2674,CLOCKWISE
587730773871886913,10000,391830,7077,ANTICLOCKWISE
587730773872411183,10000,393252,180,CLOCKWISE
587730773872411366,10000,393252,2854,CLOCKWISE
587730773876801880,10000,403172,1576,CLOCKWISE
587730773877326289,10000,403177,275,ANTICLOCKWISE
587730773877850388,10000,404588,201,CLOCKWISE
587730773878309063,10000,404592,365,CLOCKWISE
587730773879947394,10000,407415,1359,ANTICLOCKWISE
587730773882241247,10000,410238,1212,CLOCKWISE
587730773883224227,10000,411645,1104,ANTICLOCKWISE
587730773883551983,10000,411648,2743,CLOCKWISE
587730773883617437,10000,411648,4482,CLOCKWISE
587730773884338373,10000,413053,1582,ANTICLOCKWISE
587730773884469534,10000,413055,47,ANTICLOCKWISE
587730773884993777,10000,413059,1757,CLOCKWISE
587730773885059330,10000,413059,4953,CLOCKWISE
587730773885714680,10000,414462,860,CLOCKWISE
587730773886697721,10000,414471,424,ANTICLOCKWISE
587730773886763169,10000,414471,2840,ANTICLOCKWISE
587730773886763189,10000,414471,3451,CLOCKWISE
587730773887090890,10000,414474,5159,CLOCKWISE
587730773887418465,10000,414477,6107,ANTICLOCKWISE
587730773887746211,10000,414480,2910,CLOCKWISE
587730773888663871,10000,414489,1528,CLOCKWISE
587730773888794890,10000,413094,3840,CLOCKWISE
587730773888991473,10000,414492,1118,ANTICLOCKWISE
587730773889843359,10000,414500,218,CLOCKWISE
587730773890695410,10000,414507,5793,CLOCKWISE
587730773891154080,10000,414512,539,ANTICLOCKWISE
587730773891285162,10000,414513,1247,CLOCKWISE
587730773891285193,10000,414513,2029,ANTICLOCKWISE
587730774408560802,10000,393245,2343,CLOCKWISE
587730774409937524,10000,397500,1477,ANTICLOCKWISE
587730774410002657,10000,397500,5315,CLOCKWISE
587730774410396265,10000,397504,1125,ANTICLOCKWISE
587730774413541724,10000,404577,913,CLOCKWISE
587730774414393667,10000,405988,4480,ANTICLOCKWISE
587730774415114540,10000,405995,4714,ANTICLOCKWISE
587730774417342707,10000,410221,4028,ANTICLOCKWISE
587730774418325841,10000,411629,1146,CLOCKWISE
587730774419112091,10000,413033,4930,ANTICLOCKWISE
587730774421405958,10000,415845,2370,CLOCKWISE
587730774421471379,10000,414451,2925,ANTICLOCKWISE
587730774421668032,10000,415847,2935,CLOCKWISE
587730774421668054,10000,415847,3328,ANTICLOCKWISE
587730774422388931,10000,415854,195,ANTICLOCKWISE
587730774422716759,10000,415857,2159,ANTICLOCKWISE
587730774422913173,10000,415859,387,ANTICLOCKWISE
587730774423044224,10000,415860,564,CLOCKWISE
587730774423568612,10000,415865,1194,ANTICLOCKWISE
587730774424617259,10000,417266,4581,ANTICLOCKWISE
587730774425010364,10000,417270,1837,CLOCKWISE
587730774425469113,10000,417274,1265,CLOCKWISE
587730774426845448,10000,417287,1416,ANTICLOCKWISE
587730774427304124,10000,415899,2267,CLOCKWISE
587730774944777229,10000,394655,683,ANTICLOCKWISE
587730774945890425,10000,397491,3435,CLOCKWISE
587730774946611315,10000,398909,11398,ANTICLOCKWISE
587730774947463597,10000,400327,7310,CLOCKWISE
587730774948905299,10000,404563,1035,ANTICLOCKWISE
587730774950740380,10000,407388,969,ANTICLOCKWISE
587730774951657905,10000,408798,4973,CLOCKWISE
587730774952116526,10000,408802,4306,ANTICLOCKWISE
587730774953033972,10000,410211,295,CLOCKWISE
587730774956507361,10000,415829,204,ANTICLOCKWISE
587730774956703977,10000,415830,5530,CLOCKWISE
587730774958080176,10000,417235,4079,ANTICLOCKWISE
587730774958211295,10000,417236,1913,CLOCKWISE
587730774958604542,10000,417240,2639,CLOCKWISE
587730774958604584,10000,417240,1176,ANTICLOCKWISE
587730774958670091,10000,417241,835,ANTICLOCKWISE
587730774958735674,10000,418633,2927,ANTICLOCKWISE
587730774959653072,10000,418642,55,ANTICLOCKWISE
587730774960570647,10000,420040,2560,ANTICLOCKWISE
587730774960963701,10000,420043,10310,ANTICLOCKWISE
587730774963519732,10000,418677,1736,CLOCKWISE
587730774965223644,10000,418692,4257,ANTICLOCKWISE
587730774965420341,10000,418694,1942,CLOCKWISE
587730775483089403,10000,400316,4064,CLOCKWISE
587730775483285610,10000,400318,1936,CLOCKWISE
587730775483810277,10000,401731,1590,CLOCKWISE
587730775484334504,10000,403143,5898,CLOCKWISE
587730775486366253,10000,407376,5170,CLOCKWISE
587730775487152556,10000,408785,5295,CLOCKWISE
587730775488004408,10000,410193,3125,CLOCKWISE
587730775489839526,10000,414402,3709,ANTICLOCKWISE
587730775489905031,10000,414403,889,ANTICLOCKWISE
587730775490429038,10000,414408,760,CLOCKWISE
587730775490429203,10000,414407,4990,ANTICLOCKWISE
587730775491019173,10000,415807,2529,ANTICLOCKWISE
587730775494689047,10000,418625,459,ANTICLOCKWISE
587730775495475415,10000,420022,1150,ANTICLOCKWISE
587730775496589504,10000,420032,2325,CLOCKWISE
587730775499342126,10000,422831,5570,CLOCKWISE
587730775499931810,10000,420062,3985,ANTICLOCKWISE
587730775500128427,10000,421452,5371,CLOCKWISE
587730775500193994,10000,420065,1611,ANTICLOCKWISE
587730775502291143,10000,421472,3016,CLOCKWISE
587730775502356580,10000,420084,4105,CLOCKWISE
587730815748407582,10000,278592,2846,CLOCKWISE
587730815748669598,10000,277173,769,CLOCKWISE
587730815751225440,10000,274354,1727,ANTICLOCKWISE
587730815752470643,10000,272945,4738,ANTICLOCKWISE
587730815753060499,10000,271533,2329,ANTICLOCKWISE
587730815753191442,10000,271534,2317,CLOCKWISE
587730815754043443,10000,271542,1315,CLOCKWISE
587730815754699075,10000,271548,3025,ANTICLOCKWISE
587730815755223184,10000,271553,584,ANTICLOCKWISE
587730816286589071,10000,278604,5499,ANTICLOCKWISE
587730816289669238,10000,275788,4993,CLOCKWISE
587730816291373127,10000,272964,2421,CLOCKWISE
587730816292028429,10000,272970,2038,CLOCKWISE
587730816821887284,10000,282864,11442,CLOCKWISE
587730816822804717,10000,281446,5828,ANTICLOCKWISE
587730816824312037,10000,280036,3902,CLOCKWISE
587730816828702950,10000,275809,763,ANTICLOCKWISE
587730816829096098,10000,275812,1735,CLOCKWISE
587730816829227160,10000,275813,5139,ANTICLOCKWISE
587730816829358339,10000,275815,888,CLOCKWISE
587730816829816855,10000,274398,5280,ANTICLOCKWISE
587730817360658588,10000,282881,4171,CLOCKWISE
587730817363804334,10000,280060,4720,ANTICLOCKWISE
587730817364066476,10000,280063,160,CLOCKWISE
587730817364918422,10000,278647,584,ANTICLOCKWISE
587730817896546640,10000,285727,404,CLOCKWISE
587730817899692181,10000,282901,7400,ANTICLOCKWISE
587730817903231182,10000,280083,4394,ANTICLOCKWISE
587730818432368933,10000,290005,9456,CLOCKWISE
587730818434728062,10000,287166,5497,CLOCKWISE
587730818435448939,10000,287173,6046,ANTICLOCKWISE
587730818438529165,10000,282919,5109,ANTICLOCKWISE
587730818438725786,10000,282921,3054,ANTICLOCKWISE
587730818439053410,10000,282924,2648,ANTICLOCKWISE
587730845812983044,10000,325854,746,CLOCKWISE
587730845813310225,10000,325856,7535,ANTICLOCKWISE
587730845813376023,10000,324417,7729,CLOCKWISE
587730845816062184,10000,324442,3060,ANTICLOCKWISE
587730845816586609,10000,325886,8346,ANTICLOCKWISE
587730845817504260,10000,324455,6863,CLOCKWISE
587730845819011554,10000,325908,10276,ANTICLOCKWISE
587730845819273489,10000,324471,2606,CLOCKWISE
587730846350442969,10000,327299,6124,CLOCKWISE
587730846351492052,10000,327309,2902,CLOCKWISE
587730846351688178,10000,327311,1306,CLOCKWISE
587730846352998886,10000,327322,6784,ANTICLOCKWISE
587730846355751249,10000,327347,9803,ANTICLOCKWISE
587730846355947938,10000,327349,8747,CLOCKWISE
587730846356013540,10000,327350,768,CLOCKWISE
587730846887314278,10000,330179,4296,ANTICLOCKWISE
587730846887510170,10000,328741,916,ANTICLOCKWISE
587730846888887066,10000,330193,6555,ANTICLOCKWISE
587730846889280221,10000,328757,7167,CLOCKWISE
587730846889345512,10000,328757,9040,CLOCKWISE
587730846890525285,10000,330209,701,ANTICLOCKWISE
587730846890787633,10000,328771,1541,ANTICLOCKWISE
587730846891377212,10000,330216,8656,ANTICLOCKWISE
587730846891508346,10000,330217,10122,ANTICLOCKWISE
587730846892884321,10000,330230,1890,ANTICLOCKWISE
587730847422875010,10000,331607,4467,ANTICLOCKWISE
587730847423660183,10000,333054,5067,ANTICLOCKWISE
587730847427658223,10000,331651,3007,ANTICLOCKWISE
587730847428182356,10000,333095,10057,ANTICLOCKWISE
587730847428247934,10000,333096,5264,CLOCKWISE
587730847429820832,10000,331670,8687,ANTICLOCKWISE
587730847691047713,10000,331605,4205,CLOCKWISE
587730847961121639,10000,334500,2169,CLOCKWISE
587730847961186983,10000,334500,3989,CLOCKWISE
587730847961448864,10000,334503,1396,CLOCKWISE
587730847962366676,10000,334511,4290,ANTICLOCKWISE
587730847963480387,10000,334521,7482,CLOCKWISE
587730847964135827,10000,334527,4452,CLOCKWISE
587730847964463343,10000,334530,9691,CLOCKWISE
587730847965250081,10000,334538,558,CLOCKWISE
587730848496681159,10000,337367,8720,ANTICLOCKWISE
587730848497206783,10000,337372,6683,ANTICLOCKWISE
587730848497927193,10000,337379,5720,ANTICLOCKWISE
587730848500024034,10000,337398,9783,ANTICLOCKWISE
587730848500220371,10000,337400,3931,CLOCKWISE
587730848501137468,10000,337408,7117,ANTICLOCKWISE
587730848502841711,10000,337424,3584,ANTICLOCKWISE
587730848503431458,10000,337429,5215,ANTICLOCKWISE
587731172230824838,10000,325849,6360,CLOCKWISE
587731172230824947,10000,327289,8849,CLOCKWISE
587731172231807545,10000,327298,5000,ANTICLOCKWISE
587731172232201267,10000,325862,2976,CLOCKWISE
587731172234428810,10000,325882,10343,ANTICLOCKWISE
587731172767498868,10000,328728,2052,CLOCKWISE
587731172768285765,10000,328735,3226,ANTICLOCKWISE
587731172769923229,10000,328749,8204,ANTICLOCKWISE
587731172771496553,10000,328764,5656,CLOCKWISE
587731172771955193,10000,328768,8871,ANTICLOCKWISE
587731173305877305,10000,330181,5276,ANTICLOCKWISE
587731173306531972,10000,330187,4003,CLOCKWISE
587731173307777774,10000,330199,3804,ANTICLOCKWISE
587731173841437637,10000,333049,7703,ANTICLOCKWISE
587731173843337643,10000,333067,2429,ANTICLOCKWISE
587731173843338167,10000,333067,2166,ANTICLOCKWISE
587731173843469227,10000,334508,4134,CLOCKWISE
587731173844255155,10000,333075,7293,ANTICLOCKWISE
587731173845238008,10000,333084,6052,CLOCKWISE
587731174379946274,10000,335944,5253,CLOCKWISE
587731174380929599,10000,335953,5467,ANTICLOCKWISE
587731174382568049,10000,335968,9386,CLOCKWISE
587731174914720548,10000,337365,2504,ANTICLOCKWISE
587731174914982632,10000,338807,6962,ANTICLOCKWISE
587731174917145317,10000,337387,6558,CLOCKWISE
587731174919045471,10000,338844,9959,ANTICLOCKWISE
587731174919438544,10000,337408,7047,ANTICLOCKWISE
587731185113497991,10000,325895,4867,ANTICLOCKWISE
587731185114677529,10000,325906,7321,CLOCKWISE
587731185114743122,10000,325906,7650,CLOCKWISE
587731185115988249,10000,325918,9786,ANTICLOCKWISE
587731185118281941,10000,325939,1921,CLOCKWISE
587731185120510301,10000,325959,4516,ANTICLOCKWISE
587731185121099932,10000,325965,4867,CLOCKWISE
587731185121296566,10000,327406,8432,CLOCKWISE
587731185123917977,10000,327430,7156,CLOCKWISE
587731185124638747,10000,325997,3042,CLOCKWISE
587731185124769996,10000,325998,3790,ANTICLOCKWISE
587731185124900959,10000,325999,5315,ANTICLOCKWISE
587731185125032029,10000,326000,8203,ANTICLOCKWISE
587731185127063748,10000,326019,7148,ANTICLOCKWISE
587731185127129160,10000,327460,259,CLOCKWISE
587731185127719052,10000,326025,4273,CLOCKWISE
587731185128177852,10000,326029,6462,ANTICLOCKWISE
587731185129095320,10000,326038,3955,ANTICLOCKWISE
587731185129291913,10000,326039,6526,CLOCKWISE
587731185129554015,10000,326042,802,CLOCKWISE
587731185129750726,10000,327484,6521,ANTICLOCKWISE
587731185130799290,10000,324613,5166,ANTICLOCKWISE
587731185130995898,10000,326055,4221,ANTICLOCKWISE
587731185131323611,10000,324618,7042,CLOCKWISE
587731185132044450,10000,324625,1323,CLOCKWISE
587731185132568855,10000,324629,10348,CLOCKWISE
587731185132765392,10000,326071,9634,ANTICLOCKWISE
587731185132830898,10000,324632,1203,ANTICLOCKWISE
587731185132961819,10000,324633,4972,ANTICLOCKWISE
587731185134207091,10000,324644,9006,CLOCKWISE
587731185136238788,10000,324663,6635,ANTICLOCKWISE
587731185650500112,10000,328777,636,ANTICLOCKWISE
587731185651548703,10000,328786,7528,CLOCKWISE
587731185651875855,10000,328789,1609,ANTICLOCKWISE
587731185652072643,10000,328791,4623,CLOCKWISE
587731185652466003,10000,328794,7433,ANTICLOCKWISE
587731185652793694,10000,328797,9030,CLOCKWISE
587731185653776586,10000,328806,6383,ANTICLOCKWISE
587731185653973393,10000,328808,6469,ANTICLOCKWISE
587731185654628889,10000,328814,6103,ANTICLOCKWISE
587731185655742716,10000,328824,6738,ANTICLOCKWISE
587731185655808210,10000,328825,1763,ANTICLOCKWISE
587731185655808228,10000,328825,2053,CLOCKWISE
587731185655873603,10000,328825,10053,ANTICLOCKWISE
587731185656463691,10000,328831,7611,ANTICLOCKWISE
587731185659085059,10000,328855,4840,CLOCKWISE
587731185659412744,10000,328858,1979,CLOCKWISE
587731185659871405,10000,328862,10239,CLOCKWISE
587731185660002463,10000,328863,10617,ANTICLOCKWISE
587731185660068081,10000,328864,4802,ANTICLOCKWISE
587731185660199059,10000,328865,4016,CLOCKWISE
587731185661247540,10000,328875,2092,ANTICLOCKWISE
587731185664262368,10000,328902,9384,ANTICLOCKWISE
587731185664590032,10000,328905,7596,CLOCKWISE
587731185664590106,10000,328905,11433,ANTICLOCKWISE
587731185664655425,10000,328906,2228,CLOCKWISE
587731185664917631,10000,328908,6607,ANTICLOCKWISE
587731185665966282,10000,328918,7645,CLOCKWISE
587731185667997882,10000,326056,7765,ANTICLOCKWISE
587731185668128949,10000,327497,13397,CLOCKWISE
587731185668849799,10000,327504,2345,CLOCKWISE
587731185668849945,10000,327504,7186,ANTICLOCKWISE
587731185668915245,10000,327504,8653,ANTICLOCKWISE
587731185669177501,10000,327507,5421,ANTICLOCKWISE
587731185670160550,10000,327516,6678,CLOCKWISE
587731185670357175,10000,327518,4760,ANTICLOCKWISE
587731185670488278,10000,327519,8087,CLOCKWISE
587731185671340214,10000,327527,5078,ANTICLOCKWISE
587731185671471206,10000,327528,6419,ANTICLOCKWISE
587731186188157559,10000,331664,3256,ANTICLOCKWISE
587731186188354027,10000,330226,168,CLOCKWISE
587731186188419838,10000,331666,6641,ANTICLOCKWISE
587731186190450991,10000,331685,146,ANTICLOCKWISE
587731186192417014,10000,330262,9490,CLOCKWISE
587731186192613686,10000,330264,10670,ANTICLOCKWISE
587731186194972848,10000,331726,4055,CLOCKWISE
587731186196611249,10000,331741,3684,CLOCKWISE
587731186196807745,10000,331743,3070,CLOCKWISE
587731186199101678,10000,330324,897,ANTICLOCKWISE
587731186199101691,10000,331764,1026,ANTICLOCKWISE
587731186199756901,10000,331770,764,CLOCKWISE
587731186200019044,10000,331772,2023,ANTICLOCKWISE
587731186200150156,10000,331773,5148,CLOCKWISE
587731186203492528,10000,330364,1105,CLOCKWISE
587731186204475676,10000,330373,3686,ANTICLOCKWISE
587731186205458625,10000,330382,4095,CLOCKWISE
587731186205458652,10000,328942,5741,ANTICLOCKWISE
587731186205655240,10000,330384,1807,CLOCKWISE
587731186205720673,10000,330384,7546,CLOCKWISE
587731186206507205,10000,328951,9490,ANTICLOCKWISE
587731186207817858,10000,328963,6454,CLOCKWISE
587731186723651920,10000,333091,2191,ANTICLOCKWISE
587731186724241817,10000,334536,7526,ANTICLOCKWISE
587731186724569464,10000,333099,8664,CLOCKWISE
587731186724569574,10000,333099,11253,ANTICLOCKWISE
587731186726928800,10000,333121,5616,ANTICLOCKWISE
587731186727256448,10000,333124,5348,ANTICLOCKWISE
587731186727584019,10000,333127,2457,ANTICLOCKWISE
587731186727780741,10000,333129,2597,ANTICLOCKWISE
587731186729025884,10000,333140,7508,CLOCKWISE
587731186730336666,10000,333152,8855,ANTICLOCKWISE
587731186730991814,10000,334598,3348,CLOCKWISE
587731186731254109,10000,333161,3061,ANTICLOCKWISE
587731186733088982,10000,334617,7849,ANTICLOCKWISE
587731186734006479,10000,333186,375,ANTICLOCKWISE
587731186735186149,10000,334636,10724,ANTICLOCKWISE
587731186735186163,10000,333196,11970,ANTICLOCKWISE
587731186735841374,10000,333202,4683,ANTICLOCKWISE
587731186735841375,10000,333202,4726,ANTICLOCKWISE
587731186735841376,10000,333202,4751,ANTICLOCKWISE
587731186736234685,10000,333206,6075,ANTICLOCKWISE
587731186736300234,10000,333207,1562,ANTICLOCKWISE
587731186737807489,10000,333220,7348,ANTICLOCKWISE
587731186738200624,10000,333224,6367,ANTICLOCKWISE
587731186741346415,10000,331812,9402,ANTICLOCKWISE
587731186741543101,10000,331815,2405,CLOCKWISE
587731186742198306,10000,331820,14171,ANTICLOCKWISE
587731186742788238,10000,333266,3522,ANTICLOCKWISE
587731186745999456,10000,331855,5062,ANTICLOCKWISE
587731187261637133,10000,335981,8434,ANTICLOCKWISE
587731187261833727,10000,335983,7109,CLOCKWISE
587731187265241407,10000,336014,7274,ANTICLOCKWISE
587731187265503493,10000,336016,6885,CLOCKWISE
587731187267010935,10000,336030,11447,ANTICLOCKWISE
587731187268321642,10000,336042,13817,ANTICLOCKWISE
587731187269370029,10000,336052,2471,ANTICLOCKWISE
587731187269435644,10000,336053,527,ANTICLOCKWISE
587731187269501170,10000,336053,3807,ANTICLOCKWISE
587731187270418654,10000,336062,881,CLOCKWISE
587731187272974522,10000,336085,3995,CLOCKWISE
587731187273629834,10000,336091,639,ANTICLOCKWISE
587731187273826438,10000,336093,1475,CLOCKWISE
587731187275464902,10000,336108,2244,CLOCKWISE
587731187276906709,10000,336121,2305,ANTICLOCKWISE
587731187277299784,10000,336124,11332,CLOCKWISE
587731187277299902,10000,336124,12523,CLOCKWISE
587731187279069398,10000,334700,14782,ANTICLOCKWISE
587731187280773305,10000,334716,9489,ANTICLOCKWISE
587731187280969914,10000,334718,3080,CLOCKWISE
587731187281559664,10000,334723,11090,ANTICLOCKWISE
587731187282215080,10000,334729,10718,ANTICLOCKWISE
587731187282215200,10000,334729,8777,CLOCKWISE
587731187282739439,10000,334734,6783,CLOCKWISE
587731187283198100,10000,334738,7948,ANTICLOCKWISE
587731187283722328,10000,334743,7944,CLOCKWISE
587731187798835496,10000,338864,4095,ANTICLOCKWISE
587731187799228698,10000,338868,514,ANTICLOCKWISE
587731187799425218,10000,338869,11315,CLOCKWISE
587731187799753054,10000,337433,1622,ANTICLOCKWISE
587731187801325922,10000,338887,5933,ANTICLOCKWISE
587731187801850275,10000,338892,4103,ANTICLOCKWISE
587731187803881669,10000,338910,5848,ANTICLOCKWISE
587731187804537089,10000,338917,314,ANTICLOCKWISE
587731187804733711,10000,338918,5603,CLOCKWISE
587731187805257982,10000,338923,10094,ANTICLOCKWISE
587731187806109865,10000,337490,8108,ANTICLOCKWISE
587731187806961792,10000,338938,5450,CLOCKWISE
587731187807289480,10000,337502,645,ANTICLOCKWISE
587731187807289602,10000,337502,468,CLOCKWISE
587731187807420650,10000,338943,2662,ANTICLOCKWISE
587731187807682706,10000,337505,3271,CLOCKWISE
587731187807813863,10000,337506,6348,CLOCKWISE
587731187807813874,10000,337506,6552,ANTICLOCKWISE
587731187807813907,10000,338946,6820,ANTICLOCKWISE
587731187808076068,10000,338949,2862,ANTICLOCKWISE
587731187809976518,10000,338966,5256,ANTICLOCKWISE
587731187810107652,10000,338967,8246,ANTICLOCKWISE
587731187811156112,10000,337537,2781,ANTICLOCKWISE
587731187813580811,10000,337559,977,ANTICLOCKWISE
587731187814563978,10000,336128,1643,CLOCKWISE
587731187814629545,10000,336129,1545,ANTICLOCKWISE
587731187816071307,10000,337582,2059,CLOCKWISE
587731187816136870,10000,337582,8843,CLOCKWISE
587731187817381970,10000,337593,9858,CLOCKWISE
587731187817906359,10000,336159,831,CLOCKWISE
587731187819413572,10000,336172,5123,ANTICLOCKWISE
587731187820462112,10000,336182,2467,ANTICLOCKWISE
587731511530488020,10000,326109,4279,CLOCKWISE
587731511531077771,10000,324674,2774,ANTICLOCKWISE
587731511531405539,10000,324677,4328,ANTICLOCKWISE
587731511533437023,10000,326135,9170,CLOCKWISE
587731511533502601,10000,324696,6364,CLOCKWISE
587731511534158003,10000,324702,7750,ANTICLOCKWISE
587731511534944448,10000,324709,8664,CLOCKWISE
587731511535927433,10000,324718,10461,CLOCKWISE
587731511536124049,10000,324720,5470,ANTICLOCKWISE
587731511537500354,10000,324732,9246,CLOCKWISE
587731511538024593,10000,326178,1176,ANTICLOCKWISE
587731511538352270,10000,324740,9114,CLOCKWISE
587731511539662948,10000,324752,8518,CLOCKWISE
587731511543464101,10000,324787,3834,CLOCKWISE
587731511543922783,10000,324791,3922,ANTICLOCKWISE
587731511544053849,10000,324792,4991,CLOCKWISE
587731511546282149,10000,324813,3244,ANTICLOCKWISE
587731511546282150,10000,324813,3186,ANTICLOCKWISE
587731511546282153,10000,324813,3291,ANTICLOCKWISE
587731511546347648,10000,324813,3325,ANTICLOCKWISE
587731511546806433,10000,324818,1134,ANTICLOCKWISE
587731511549624713,10000,324844,622,CLOCKWISE
587731512067948651,10000,327554,7874,CLOCKWISE
587731512068014188,10000,327554,11577,CLOCKWISE
587731512068014237,10000,327555,4234,CLOCKWISE
587731512068341922,10000,327557,10959,CLOCKWISE
587731512069521552,10000,327568,8268,ANTICLOCKWISE
587731512069521638,10000,327569,700,ANTICLOCKWISE
587731512069587072,10000,327569,1533,ANTICLOCKWISE
587731512070307976,10000,327575,9141,ANTICLOCKWISE
587731512071684179,10000,327588,8392,CLOCKWISE
587731512071880866,10000,327590,1445,ANTICLOCKWISE
587731512072011907,10000,327591,4194,CLOCKWISE
587731512072208507,10000,327593,2338,CLOCKWISE
587731512072339593,10000,327594,6205,ANTICLOCKWISE
587731512072601822,10000,327597,2164,CLOCKWISE
587731512073257172,10000,327602,9674,CLOCKWISE
587731512073715869,10000,327607,2608,CLOCKWISE
587731512074567812,10000,327614,8533,ANTICLOCKWISE
587731512075223246,10000,327621,1088,ANTICLOCKWISE
587731512076140664,10000,327629,1164,ANTICLOCKWISE
587731512076664838,10000,327633,8093,ANTICLOCKWISE
587731512077713602,10000,327643,8994,CLOCKWISE
587731512078827668,10000,327653,10315,CLOCKWISE
587731512080597087,10000,327669,4489,ANTICLOCKWISE
587731512081318031,10000,327676,3565,CLOCKWISE
587731512081514569,10000,327678,1599,ANTICLOCKWISE
587731512084725935,10000,327707,3424,ANTICLOCKWISE
587731512604426317,10000,328990,6947,CLOCKWISE
587731512604688582,10000,330433,6220,CLOCKWISE
587731512605343925,10000,328999,2260,CLOCKWISE
587731512605540489,10000,330441,446,ANTICLOCKWISE
587731512606261403,10000,329007,5200,CLOCKWISE
587731512608161873,10000,330464,16592,ANTICLOCKWISE
587731512608489637,10000,330468,4345,CLOCKWISE
587731512609603747,10000,329038,1035,ANTICLOCKWISE
587731512609734749,10000,330479,836,CLOCKWISE
587731512610586761,10000,330487,532,ANTICLOCKWISE
587731512611307664,10000,330493,7915,ANTICLOCKWISE
587731512611700944,10000,330497,5333,CLOCKWISE
587731512611766423,10000,329057,8996,CLOCKWISE
587731512611963018,10000,329059,7135,ANTICLOCKWISE
587731512611963041,10000,329059,8384,CLOCKWISE
587731512612487206,10000,330504,2245,CLOCKWISE
587731512613797961,10000,329076,2063,CLOCKWISE
587731512616419422,10000,330540,5704,ANTICLOCKWISE
587731512618778855,10000,330562,452,ANTICLOCKWISE
587731512619237390,10000,329125,5348,CLOCKWISE
587731512619827335,10000,330571,4009,ANTICLOCKWISE
587731512621203470,10000,329144,366,CLOCKWISE
587731513141690478,10000,331874,3283,CLOCKWISE
587731513142345886,10000,331880,6553,ANTICLOCKWISE
587731513142542433,10000,331882,927,CLOCKWISE
587731513142935703,10000,331886,366,ANTICLOCKWISE
587731513143722101,10000,331892,9544,ANTICLOCKWISE
587731513143853231,10000,333334,5513,ANTICLOCKWISE
587731513144836238,10000,333343,4302,ANTICLOCKWISE
587731513145229790,10000,331906,12661,ANTICLOCKWISE
587731513145950343,10000,331913,2523,ANTICLOCKWISE
587731513146802324,10000,331921,454,CLOCKWISE
587731513150210256,10000,331952,5443,CLOCKWISE
587731513150603450,10000,331955,19571,ANTICLOCKWISE
587731513150734392,10000,331956,17996,CLOCKWISE
587731513151062208,10000,331959,13065,CLOCKWISE
587731513151520914,10000,331964,2470,CLOCKWISE
587731513154601075,10000,331992,2301,ANTICLOCKWISE
587731513155059795,10000,333436,2487,CLOCKWISE
587731513157681250,10000,332020,4745,CLOCKWISE
587731513159123123,10000,332033,4267,CLOCKWISE
587731513159909453,10000,333480,3848,ANTICLOCKWISE
587731513679544518,10000,334763,6881,ANTICLOCKWISE
587731513680134254,10000,334768,9099,CLOCKWISE
587731513680396396,10000,334771,97,CLOCKWISE
587731513681314016,10000,334779,10875,ANTICLOCKWISE
587731513681510491,10000,334781,1214,ANTICLOCKWISE
587731513683017785,10000,334795,2850,ANTICLOCKWISE
587731513683607682,10000,334800,3869,ANTICLOCKWISE
587731513684459711,10000,334808,4578,ANTICLOCKWISE
587731513684852835,10000,334811,7440,CLOCKWISE
587731513685049358,10000,334813,5877,ANTICLOCKWISE
587731513685901474,10000,334821,2239,ANTICLOCKWISE
587731513688391835,10000,334844,3707,CLOCKWISE
587731513690357818,10000,334862,741,ANTICLOCKWISE
587731513690488986,10000,334863,5443,CLOCKWISE
587731513694093453,10000,334896,2319,CLOCKWISE
587731513694093528,10000,334896,2975,CLOCKWISE
587731513695207667,10000,334906,4298,CLOCKWISE
587731513695666352,10000,334910,7123,ANTICLOCKWISE
587731514215497878,10000,337635,2578,ANTICLOCKWISE
587731514216874071,10000,337647,4045,ANTICLOCKWISE
587731514217070815,10000,337649,1685,CLOCKWISE
587731514217529517,10000,337653,6406,ANTICLOCKWISE
587731514217726097,10000,337655,1489,ANTICLOCKWISE
587731514217726108,10000,337655,2516,ANTICLOCKWISE
587731514217726115,10000,337655,2584,ANTICLOCKWISE
587731514218184853,10000,337659,6219,ANTICLOCKWISE
587731514218905636,10000,336226,721,ANTICLOCKWISE
587731514219823217,10000,337674,3815,CLOCKWISE
587731514220478636,10000,336240,2626,ANTICLOCKWISE
587731514221723870,10000,336252,891,CLOCKWISE
587731514224345323,10000,336276,378,ANTICLOCKWISE
587731514224738434,10002,337719,4487,ANTICLOCKWISE
587731514224869543,10000,337720,11529,ANTICLOCKWISE
587731514225721524,10000,336288,3430,CLOCKWISE
587731514226835607,10000,336298,7513,CLOCKWISE
587731514233454814,10000,337798,2122,CLOCKWISE
587731520660242805,10000,480871,3539,CLOCKWISE
587731520660832657,10000,485995,494,ANTICLOCKWISE
587731520660897878,10000,485995,2339,CLOCKWISE
587731520661356694,10000,489807,924,ANTICLOCKWISE
587731520661618993,10000,492332,3830,ANTICLOCKWISE
587731520662340053,10000,498594,3426,ANTICLOCKWISE
587731520664961176,10000,519279,111,CLOCKWISE
587731521199210850,10000,499835,4220,CLOCKWISE
587731521734181192,10000,484715,1099,CLOCKWISE
587731521735098484,10000,493585,4323,CLOCKWISE
587731521735426291,10000,494842,2942,ANTICLOCKWISE
587731521735492065,10000,496094,1273,CLOCKWISE
587731521735623077,10000,497344,342,CLOCKWISE
587731521737785634,10000,514495,4143,CLOCKWISE
587731679573836153,10000,488538,1274,CLOCKWISE
587731679575277754,10000,501076,2258,CLOCKWISE
587731679577178345,10000,516894,245,CLOCKWISE
587731680109986138,10000,483436,5046,ANTICLOCKWISE
587731680110117168,10000,484715,5821,ANTICLOCKWISE
587731680112279794,10000,503544,1741,CLOCKWISE
587731680649216279,10000,505999,2421,ANTICLOCKWISE
587731680650199259,10000,513290,1598,ANTICLOCKWISE
587731680650461211,10000,515693,820,ANTICLOCKWISE
587731680650461218,10000,515693,903,ANTICLOCKWISE
587731872845071122,10000,474394,4142,CLOCKWISE
587731872848937211,10000,509656,1051,ANTICLOCKWISE
587731872849265015,10000,512079,2541,ANTICLOCKWISE
587731873382269563,10000,479572,6255,ANTICLOCKWISE
587731873382924789,10000,484708,5118,ANTICLOCKWISE
587731873384563042,10000,499826,4993,ANTICLOCKWISE
587731873385152874,10000,504765,4803,ANTICLOCKWISE
587731873385546120,10000,508436,3603,ANTICLOCKWISE
587731873919467979,10000,483426,4161,ANTICLOCKWISE
587731873921171920,10000,498580,5198,CLOCKWISE
587731873921630526,10000,502300,2166,CLOCKWISE
587731873921892751,10000,504763,2556,ANTICLOCKWISE
587731873921958224,10000,504764,1949,ANTICLOCKWISE
587731873922613610,10000,510866,828,CLOCKWISE
587731874457846158,10000,498578,4840,CLOCKWISE
587731886266843506,10000,476989,1547,ANTICLOCKWISE
587731886269071391,10000,497338,1562,ANTICLOCKWISE
587731886269202658,10000,499826,5163,CLOCKWISE
587731886270316971,10000,508437,4689,CLOCKWISE
587731886803517867,10000,476986,2622,ANTICLOCKWISE
587731886807253274,10000,510866,1268,ANTICLOCKWISE
587731886807253343,10000,510866,1146,CLOCKWISE
587731887340650954,10000,480858,1766,CLOCKWISE
587731887341568501,10000,489792,4398,CLOCKWISE
587731887342944492,10000,501063,1841,ANTICLOCKWISE
587731887343403258,10000,505989,2762,CLOCKWISE
587731887344386338,10000,513281,568,ANTICLOCKWISE
587732053237301655,10000,491078,3122,CLOCKWISE
587732053770633599,10000,461267,5131,CLOCKWISE
587732053771354304,10000,469181,90,CLOCKWISE
587732053771747792,10000,471799,4576,CLOCKWISE
587732053772206431,10000,475705,5646,ANTICLOCKWISE
587732053773123987,10000,483444,2668,ANTICLOCKWISE
587732053773582865,10000,487273,4028,ANTICLOCKWISE
587732053773779426,10000,489811,182,CLOCKWISE
587732053773975932,10000,491075,3853,ANTICLOCKWISE
587732053774303570,10000,493595,3324,ANTICLOCKWISE
587732053774499874,10000,494851,3894,CLOCKWISE
587732053775417726,10000,502319,4630,ANTICLOCKWISE
587732053775876362,10000,506011,1345,CLOCKWISE
587732053777318186,10000,516902,1727,CLOCKWISE
587732054307963423,10000,467866,6727,ANTICLOCKWISE
587732054309667312,10000,482160,198,ANTICLOCKWISE
587732054309929372,10000,484721,2021,CLOCKWISE
587732054313599255,10000,514503,3613,CLOCKWISE
587732054846079454,10000,479583,6928,CLOCKWISE
587732054846276012,10000,480872,2247,ANTICLOCKWISE
587732054846865763,10000,485996,872,ANTICLOCKWISE
587732054848373202,10000,498595,5213,CLOCKWISE
587732054848700515,10000,501079,601,CLOCKWISE
587732054849290529,10000,506007,273,CLOCKWISE
587732054850011469,10000,512091,520,CLOCKWISE
587732152018927651,10000,461277,1523,CLOCKWISE
587732152554750299,10000,453272,3362,CLOCKWISE
587732152555012502,10000,455949,6062,CLOCKWISE
587732152555208824,10000,457284,5353,ANTICLOCKWISE
587732152822202724,10000,445186,3868,ANTICLOCKWISE
587732153091358847,10000,451928,2227,CLOCKWISE
587732153092080004,10000,458614,5755,ANTICLOCKWISE
587732153092800872,10000,465241,4854,ANTICLOCKWISE
587732156312256799,10000,446541,1768,CLOCKWISE
587732156313174652,10000,454613,5130,CLOCKWISE
587732156314157727,10000,462602,4606,CLOCKWISE
587732156315533727,10000,474416,1823,ANTICLOCKWISE
587732156315533729,10000,474416,1830,ANTICLOCKWISE
587732156316975138,10000,486010,6692,ANTICLOCKWISE
587732156318089623,10000,494863,366,ANTICLOCKWISE
587732156318613676,10000,498611,5366,ANTICLOCKWISE
587732156849193129,10000,447890,1768,ANTICLOCKWISE
587732156850569747,10000,461273,5492,CLOCKWISE
587732156851225083,10000,466560,5096,ANTICLOCKWISE
587732156853125406,10000,480885,1484,CLOCKWISE
587732156854239559,10000,491084,3919,ANTICLOCKWISE
587732157386654372,10000,454609,5151,ANTICLOCKWISE
587732157387899164,10000,465240,4828,ANTICLOCKWISE
587732157389734231,10000,480882,1399,ANTICLOCKWISE
587732157389996044,10000,483450,487,ANTICLOCKWISE
587732157390586091,10000,488549,3681,ANTICLOCKWISE
587732157392224564,10000,501090,647,CLOCKWISE
587732157927260534,10000,488547,3802,CLOCKWISE
587732157927784692,10000,492341,3913,CLOCKWISE
587732157929685110,10000,507239,4714,ANTICLOCKWISE
587732469849194729,10000,501096,305,CLOCKWISE
587732469849784473,10000,504797,3488,CLOCKWISE
587732470381871437,10000,469190,277,CLOCKWISE
587732470382985538,10000,478305,3940,CLOCKWISE
587732470386589925,10000,506022,1993,ANTICLOCKWISE
587732470920118520,10000,482168,2520,ANTICLOCKWISE
587732470921232740,10000,491083,2300,ANTICLOCKWISE
587732470921232769,10000,491083,2613,ANTICLOCKWISE
587732470921887987,10000,496111,3857,ANTICLOCKWISE
587732470922477896,10000,501091,414,CLOCKWISE
587732470923395406,10000,507243,4638,CLOCKWISE
587732470923657408,10000,508464,4228,CLOCKWISE
587732471456006557,10000,475709,5127,ANTICLOCKWISE
587732471456268600,10000,478299,4323,CLOCKWISE
587732471456268875,10000,478300,408,ANTICLOCKWISE
587732471456727090,10000,480880,5731,CLOCKWISE
587732471457054764,10000,483449,3057,CLOCKWISE
587732471458103585,10000,492343,64,ANTICLOCKWISE
587732471458168982,10000,493600,4238,ANTICLOCKWISE
587732471458431228,10000,494856,5586,ANTICLOCKWISE
587732471459348836,10000,502325,758,ANTICLOCKWISE
587732471459545350,10000,503558,3492,ANTICLOCKWISE
587732471460069612,10000,507241,865,ANTICLOCKWISE
587732471460135109,10000,507241,2715,ANTICLOCKWISE
587732482194342214,10000,514522,1529,ANTICLOCKWISE
587732482194735243,10000,516919,2776,CLOCKWISE
587732482730492209,10000,512108,1710,ANTICLOCKWISE
587732482730950911,10000,514519,929,CLOCKWISE
587732483266380082,10000,506021,846,ANTICLOCKWISE
587732483266707832,10000,508464,5243,ANTICLOCKWISE
587732483267690872,10000,515715,200,CLOCKWISE
587732483803578688,10000,509680,2624,ANTICLOCKWISE
587732484340121868,10000,508460,3036,ANTICLOCKWISE
587732576698564729,10000,362653,5971,ANTICLOCKWISE
587732576700989578,10000,365544,766,CLOCKWISE
587732576702431284,10000,365557,159,CLOCKWISE
587732577225605377,10000,355383,3889,ANTICLOCKWISE
587732577229996157,10000,359732,6532,ANTICLOCKWISE
587732577231896818,10000,362621,8035,CLOCKWISE
587732577233731734,10000,364072,1730,ANTICLOCKWISE
587732577233928428,10000,364074,2206,CLOCKWISE
587732577234714819,10000,364081,2059,ANTICLOCKWISE
587732577237336266,10000,366972,277,CLOCKWISE
587732577237663811,10000,366975,631,CLOCKWISE
587732577239171242,10000,366989,1153,CLOCKWISE
587732577239761152,10000,368426,4527,CLOCKWISE
587732577758085711,10000,351029,5947,CLOCKWISE
587732577758675094,10000,352473,435,CLOCKWISE
587732577760707022,10000,355367,4229,CLOCKWISE
587732577761493451,10000,356812,2184,ANTICLOCKWISE
587732577761558783,10000,356812,4025,CLOCKWISE
587732577761755373,10000,356814,759,CLOCKWISE
587732577763000563,10000,358261,3680,CLOCKWISE
587732577763131535,10000,358262,3915,ANTICLOCKWISE
587732577765425332,10000,361155,3701,ANTICLOCKWISE
587732577768243371,10000,364050,7152,ANTICLOCKWISE
587732577769160867,10000,365493,3387,CLOCKWISE
587732577769291883,10000,365494,10489,CLOCKWISE
587732577769291993,10000,365494,6130,ANTICLOCKWISE
587732577769816199,10000,365498,4776,ANTICLOCKWISE
587732577770275013,10000,365503,2634,ANTICLOCKWISE
587732577771585688,10000,368380,487,ANTICLOCKWISE
587732577773682873,10000,369831,2201,CLOCKWISE
587732577775059085,10000,369844,710,ANTICLOCKWISE
587732577776631971,10000,369858,3900,CLOCKWISE
587732578294694315,10000,353902,6282,ANTICLOCKWISE
587732578294694348,10000,353902,6765,CLOCKWISE
587732578295087620,10000,353906,6747,ANTICLOCKWISE
587732578295677149,10000,353911,5709,ANTICLOCKWISE
587732578295677307,10000,355350,973,ANTICLOCKWISE
587732578296201695,10000,355355,823,CLOCKWISE
587732578296594789,10000,356795,4238,ANTICLOCKWISE
587732578298102079,10000,358245,1378,CLOCKWISE
587732578298167346,10000,358245,5203,CLOCKWISE
587732578298560585,10000,359685,3558,ANTICLOCKWISE
587732578298560847,10000,359685,4483,CLOCKWISE
587732578299347325,10000,359692,5901,ANTICLOCKWISE
587732578300985510,10000,362578,4846,ANTICLOCKWISE
587732578302689333,10000,364028,1539,CLOCKWISE
587732578302754977,10000,364029,288,ANTICLOCKWISE
587732578303672498,10000,365471,1952,ANTICLOCKWISE
587732578304196825,10000,366909,2667,CLOCKWISE
587732578304983247,10000,366916,11773,CLOCKWISE
587732578305573083,10000,366922,2150,CLOCKWISE
587732578306752729,10000,368364,5003,ANTICLOCKWISE
587732578306949377,10000,368366,3233,CLOCKWISE
587732578307014836,10000,368366,4633,CLOCKWISE
587732578307080313,10000,368367,4813,CLOCKWISE
587732578307145871,10000,368368,473,ANTICLOCKWISE
587732578307211377,10000,368368,3354,CLOCKWISE
587732578307866815,10000,369806,5505,ANTICLOCKWISE
587732578308194380,10000,369809,4716,ANTICLOCKWISE
587732578308522092,10000,369812,2943,ANTICLOCKWISE
587732578310029509,10000,369826,5487,ANTICLOCKWISE
587732578310684832,10000,371263,4351,ANTICLOCKWISE
587732578310684883,10000,371263,6634,ANTICLOCKWISE
587732578310750357,10000,371263,6941,ANTICLOCKWISE
587732578311209084,10000,372698,3033,ANTICLOCKWISE
587732578313044023,10000,372715,2376,ANTICLOCKWISE
587732578313044057,10000,372715,209,ANTICLOCKWISE
587732578831565398,10000,356778,2492,ANTICLOCKWISE
587732578831696482,10000,355342,1495,ANTICLOCKWISE
587732578832220585,10000,356784,1074,ANTICLOCKWISE
587732578832745062,10000,358225,1467,CLOCKWISE
587732578833006984,10000,356791,873,ANTICLOCKWISE
587732578833203274,10000,358229,105,ANTICLOCKWISE
587732578833858961,10000,358235,982,CLOCKWISE
587732578833859013,10000,359671,2079,ANTICLOCKWISE
587732578836676873,10000,362567,4947,ANTICLOCKWISE
587732578836742398,10000,364002,5229,ANTICLOCKWISE
587732578838774104,10000,365455,1060,ANTICLOCKWISE
587732578839232705,10000,365459,505,ANTICLOCKWISE
587732578840477874,10000,366903,3807,CLOCKWISE
587732578840739917,10000,368338,2147,ANTICLOCKWISE
587732578841526412,10000,368345,8174,ANTICLOCKWISE
587732578844147836,10000,371232,1137,CLOCKWISE
587732578844344350,10000,371234,342,CLOCKWISE
587732578845982949,10000,372679,4002,CLOCKWISE
587732578847096978,10000,374119,4310,ANTICLOCKWISE
587732578848014497,10000,374127,4989,ANTICLOCKWISE
587732578848014611,10000,374127,5863,ANTICLOCKWISE
587732578849194086,10000,374138,1625,CLOCKWISE
587732578849915005,10000,375574,1877,CLOCKWISE
587732579378200693,10000,369775,3470,ANTICLOCKWISE
587732579379249391,10000,372646,4296,ANTICLOCKWISE
587732579380625637,10000,372658,4754,CLOCKWISE
587732579381542929,10000,374096,6714,CLOCKWISE
587732579382132846,10000,374102,3076,CLOCKWISE
587732579383705737,10000,375545,3964,ANTICLOCKWISE
587732579384950876,10000,376985,632,CLOCKWISE
587732579385278563,10000,376988,1449,CLOCKWISE
587732579385475195,10000,376990,176,ANTICLOCKWISE
587732701251371154,10000,361189,7381,ANTICLOCKWISE
587732701252878476,10000,362638,3982,CLOCKWISE
587732701253468363,10000,364078,868,ANTICLOCKWISE
587732701255237811,10000,364093,4444,CLOCKWISE
587732701256024161,10000,365535,2227,ANTICLOCKWISE
587732701256286276,10000,365537,2478,CLOCKWISE
587732701256613970,10000,365540,2872,ANTICLOCKWISE
587732701257203796,10000,366978,4610,ANTICLOCKWISE
587732701257597115,10000,366982,3347,ANTICLOCKWISE
587732701259104505,10000,366996,1673,CLOCKWISE
587732701264674924,10000,368479,3049,ANTICLOCKWISE
587732701777297868,10000,351030,2972,ANTICLOCKWISE
587732701782343832,10000,356827,3036,ANTICLOCKWISE
587732701783457879,10000,358273,3512,ANTICLOCKWISE
587732701783523495,10000,359710,2803,ANTICLOCKWISE
587732701785489581,10000,361164,3322,ANTICLOCKWISE
587732701785882664,10000,361167,5705,CLOCKWISE
587732701786734822,10000,362610,17958,CLOCKWISE
587732701787783371,10000,362620,9844,CLOCKWISE
587732701790273572,10000,365511,1180,ANTICLOCKWISE
587732701790863509,10000,365516,4115,CLOCKWISE
587732701791125693,10000,366951,7014,CLOCKWISE
587732701791649799,10000,366956,3562,CLOCKWISE
587732701794664697,10000,368416,757,CLOCKWISE
587732701794992281,10000,368419,1710,CLOCKWISE
587732701795451050,10000,368423,2971,ANTICLOCKWISE
587732701796630651,10000,369866,3302,CLOCKWISE
587732701798400061,10000,371313,3538,ANTICLOCKWISE
587732701798662157,10000,371315,4104,ANTICLOCKWISE
587732701799121047,10000,371320,1876,CLOCKWISE
587732701799842044,10000,371326,4709,CLOCKWISE
587732701800104073,10000,371329,1923,ANTICLOCKWISE
587732701801152701,10000,371339,324,ANTICLOCKWISE
587732702314692967,10000,353911,706,ANTICLOCKWISE
587732702317248774,10000,356809,4379,ANTICLOCKWISE
587732702317707406,10000,356813,5403,ANTICLOCKWISE
587732702318100785,10000,358253,4420,ANTICLOCKWISE
587732702318952613,10000,359696,4596,CLOCKWISE
587732702319280353,10000,359700,850,ANTICLOCKWISE
587732702322622625,10000,364035,4925,ANTICLOCKWISE
587732702323081254,10000,364039,5537,ANTICLOCKWISE
587732702324392186,10000,365486,2282,ANTICLOCKWISE
587732702325899344,10000,366932,4752,ANTICLOCKWISE
587732702325964957,10000,366933,2320,CLOCKWISE
587732702326620258,10000,366939,1622,ANTICLOCKWISE
587732702328258777,10000,369818,3706,ANTICLOCKWISE
587732702328717382,10000,369822,1880,ANTICLOCKWISE
587732702328717437,10000,369822,4040,CLOCKWISE
587732702328782984,10000,368390,5949,ANTICLOCKWISE
587732702329372783,10000,369828,5281,CLOCKWISE
587732702330683562,10000,371271,4933,ANTICLOCKWISE
587732702330814551,10000,369841,3216,ANTICLOCKWISE
587732702331273450,10000,371276,5243,ANTICLOCKWISE
587732702331601102,10000,371280,1163,CLOCKWISE
587732702331863138,10000,371282,2444,ANTICLOCKWISE
587732702332387418,10000,371287,937,ANTICLOCKWISE
587732702332780606,10000,371290,3603,CLOCKWISE
587732702332911766,10000,372721,4694,CLOCKWISE
587732702334877852,10000,372739,5121,ANTICLOCKWISE
587732702334943341,10000,372740,1215,ANTICLOCKWISE
587732702335205526,10000,372743,159,ANTICLOCKWISE
587732702335991955,10000,372750,1529,CLOCKWISE
587732702336974991,10000,374189,1347,CLOCKWISE
587732702850777494,10000,353903,3862,ANTICLOCKWISE
587732702850908411,10000,355343,1562,CLOCKWISE
587732702851825956,10000,355351,2718,ANTICLOCKWISE
587732702852087849,10000,356790,5088,CLOCKWISE
587732702852219413,10000,356792,2833,ANTICLOCKWISE
587732702854447354,10000,361120,2671,CLOCKWISE
587732702854447385,10000,361120,3242,CLOCKWISE
587732702855299249,10000,361127,5338,ANTICLOCKWISE
587732702855823614,10000,361132,5236,CLOCKWISE
587732702856544416,10000,362574,4298,ANTICLOCKWISE
587732702857003106,10000,364013,1156,ANTICLOCKWISE
587732702857003107,10000,364013,1159,ANTICLOCKWISE
587732702857461896,10000,364017,238,CLOCKWISE
587732702859165903,10000,365466,5852,ANTICLOCKWISE
587732702859231346,10000,365467,150,CLOCKWISE
587732702860017957,10000,366907,7658,CLOCKWISE
587732702860279889,10000,366909,6722,CLOCKWISE
587732702860542085,10000,366912,1800,CLOCKWISE
587732702860673261,10000,366913,12858,ANTICLOCKWISE
587732702862704747,10000,368363,4063,CLOCKWISE
587732702863753403,10000,369805,6885,ANTICLOCKWISE
587732702864212218,10000,371241,625,CLOCKWISE
587732702868275364,10000,372708,1956,CLOCKWISE
587732702868340972,10000,374138,3082,CLOCKWISE
587732702870437990,10000,374157,4459,ANTICLOCKWISE
587732702870438042,10000,374158,120,ANTICLOCKWISE
587732702870569116,10000,374159,1746,ANTICLOCKWISE
587732702872207494,10000,375603,1467,CLOCKWISE
587732702872273008,10000,375603,4311,ANTICLOCKWISE
587732702872666366,10000,375607,2771,CLOCKWISE
587732702873059417,10000,375610,4612,ANTICLOCKWISE
587732702873059430,10000,375610,5386,CLOCKWISE
587732702875156609,10000,375630,538,ANTICLOCKWISE
587732703388106765,10000,356782,6040,CLOCKWISE
587732703391711393,10000,362558,4222,CLOCKWISE
587732703393153233,10000,365439,5590,CLOCKWISE
587732703393677423,10000,365445,561,ANTICLOCKWISE
587732703394398362,10000,365451,2383,ANTICLOCKWISE
587732703394463904,10000,366885,1306,ANTICLOCKWISE
587732703395119293,10000,366891,992,ANTICLOCKWISE
587732703396495556,10000,369767,3177,CLOCKWISE
587732703396692127,10000,368337,3220,ANTICLOCKWISE
587732703397675120,10000,369778,8931,ANTICLOCKWISE
587732703398002898,10000,369781,6846,ANTICLOCKWISE
587732703398592753,10000,369787,3702,ANTICLOCKWISE
587732703398854697,10000,371220,10251,CLOCKWISE
587732703398920444,10000,371221,7671,CLOCKWISE
587732703399051508,10000,371222,6653,CLOCKWISE
587732703399706791,10000,371228,1515,CLOCKWISE
587732703400100018,10000,371231,3841,CLOCKWISE
587732703401148536,10000,372671,2446,CLOCKWISE
587732703401541780,10000,374105,926,CLOCKWISE
587732703402197212,10000,374110,6590,ANTICLOCKWISE
587732703404425361,10000,375560,4862,CLOCKWISE
587732703405408437,10000,375569,2518,CLOCKWISE
587732703405670497,10000,375571,4089,CLOCKWISE
587732703405670539,10000,375572,118,ANTICLOCKWISE
587732703406456984,10000,377006,5193,ANTICLOCKWISE
587732703407374590,10000,377015,4037,CLOCKWISE
587732703407636656,10000,377017,6210,ANTICLOCKWISE
587732703407833278,10000,377019,4896,CLOCKWISE
587732703407898637,10000,377020,315,ANTICLOCKWISE
587732703408357509,10000,378451,3185,CLOCKWISE
587732703408488552,10000,377025,3042,ANTICLOCKWISE
587732703409733794,10000,377036,5591,ANTICLOCKWISE
587732703410061483,10000,378467,2517,CLOCKWISE
587732703938871352,10000,375538,2216,ANTICLOCKWISE
587732703940509880,10000,376981,2623,CLOCKWISE
587732703940575343,10000,376982,130,ANTICLOCKWISE
587732703942738056,10000,378428,2738,ANTICLOCKWISE
587732703944114306,10000,379867,1732,CLOCKWISE
587732703944835167,10000,379873,4692,ANTICLOCKWISE
587732703946145930,10000,379886,29,ANTICLOCKWISE
587732703946211413,10000,379886,1247,ANTICLOCKWISE
587732703946604742,10000,379890,1466,CLOCKWISE
587732703946604744,10000,379890,1152,CLOCKWISE
587732703946670238,10000,379890,2975,ANTICLOCKWISE
587732703946997902,10000,379893,4425,ANTICLOCKWISE
587732769974648939,10000,378423,4015,ANTICLOCKWISE
587732769974649034,10000,379849,4274,ANTICLOCKWISE
587732769976549464,10000,379867,584,ANTICLOCKWISE
587732769976811626,10000,379869,3353,ANTICLOCKWISE
587732769981136969,10000,381334,1627,ANTICLOCKWISE
587732769981399252,10000,381336,1839,CLOCKWISE
587732769981726797,10000,381339,1638,CLOCKWISE
587732769982316624,10000,381344,5463,ANTICLOCKWISE
587732769983496271,10000,382779,3210,CLOCKWISE
587732769986773069,10000,381385,2473,ANTICLOCKWISE
587732769986838599,10000,381386,2500,ANTICLOCKWISE
587732769987428401,10000,381391,1651,CLOCKWISE
587732770499854503,10000,366877,3951,CLOCKWISE
587732770501886141,10000,371191,3720,CLOCKWISE
587732770501951656,10000,369760,4444,CLOCKWISE
587732770503131347,10000,372633,1129,CLOCKWISE
587732770503262401,10000,371204,1507,CLOCKWISE
587732770505031739,10000,374080,2849,ANTICLOCKWISE
587732770505293932,10000,375511,3076,CLOCKWISE
587732770505752723,10000,375515,5745,CLOCKWISE
587732770506801333,10000,376953,2062,ANTICLOCKWISE
587732770507981145,10000,378391,2537,ANTICLOCKWISE
587732770509291704,10000,378403,2705,ANTICLOCKWISE
587732770510274736,10000,379838,3037,ANTICLOCKWISE
587732770510733512,10000,381267,3926,CLOCKWISE
587732770511192129,10000,381271,3230,ANTICLOCKWISE
587732770511454238,10000,381273,4965,CLOCKWISE
587732770512109763,10000,381280,1542,CLOCKWISE
587732770515058785,10000,384154,3006,ANTICLOCKWISE
587732770518007905,10000,384181,1603,CLOCKWISE
587732770518597740,10000,384186,794,CLOCKWISE
587732770520957076,10000,384208,1523,ANTICLOCKWISE
587732770521153661,10000,384209,4899,ANTICLOCKWISE
587732770522529893,10000,382799,1107,ANTICLOCKWISE
587732770523775131,10000,382810,5137,CLOCKWISE
587732771034562627,10000,365424,3407,ANTICLOCKWISE
587732771035742434,10000,368300,5509,CLOCKWISE
587732771036987605,10000,369744,1059,ANTICLOCKWISE
587732771037511876,10000,369748,5182,ANTICLOCKWISE
587732771038101685,10000,372615,1853,CLOCKWISE
587732771040264347,10000,375494,317,ANTICLOCKWISE
587732771040264387,10000,375494,1930,CLOCKWISE
587732771041050795,10000,375501,3176,CLOCKWISE
587732771041771736,10000,376936,769,ANTICLOCKWISE
587732771042361465,10000,378368,1340,ANTICLOCKWISE
587732771043868789,10000,379808,3012,ANTICLOCKWISE
587732771043868860,10000,379808,1867,CLOCKWISE
587732771043999864,10000,378383,2834,CLOCKWISE
587732771045900448,10000,381252,389,ANTICLOCKWISE
587732771047080179,10000,382686,4094,CLOCKWISE
587732771047866447,10000,384116,3835,CLOCKWISE
587732771048128686,10000,382696,2453,CLOCKWISE
587732771051798651,10000,385575,416,CLOCKWISE
587732771052453989,10000,385580,3688,ANTICLOCKWISE
587732771052781737,10000,385583,3186,CLOCKWISE
587732771052978331,10000,385585,3410,CLOCKWISE
587732771053371512,10000,385589,296,ANTICLOCKWISE
587732771053502628,10000,387011,4049,ANTICLOCKWISE
587732771053633655,10000,387012,1977,CLOCKWISE
587732771053633674,10000,387012,2652,ANTICLOCKWISE
587732771053830412,10000,385593,2113,ANTICLOCKWISE
587732771054420036,10000,385598,3011,CLOCKWISE
587732771054420119,10000,387019,5956,CLOCKWISE
587732771054944374,10000,385603,2605,ANTICLOCKWISE
587732771055796300,10000,385611,1907,ANTICLOCKWISE
587732771056255165,10000,387036,3828,ANTICLOCKWISE
587732771057762489,10000,387050,4972,ANTICLOCKWISE
587732771059859656,10000,387069,3062,CLOCKWISE
587732771059990645,10000,385649,5018,CLOCKWISE
587732771060777063,10000,385656,5161,CLOCKWISE
587732771061432548,10000,385663,683,CLOCKWISE
587732771568746885,10000,363966,1539,CLOCKWISE
587732771572613315,10000,369732,2926,CLOCKWISE
587732771574644904,10000,374042,851,CLOCKWISE
587732771575234692,10000,374047,4726,ANTICLOCKWISE
587732771575824527,10000,375481,5689,CLOCKWISE
587732771575824580,10000,375482,1092,CLOCKWISE
587732771576348831,10000,375487,1406,CLOCKWISE
587732771576479849,10000,376916,909,CLOCKWISE
587732771576938636,10000,376920,2059,ANTICLOCKWISE
587732771578314955,10000,378360,1517,ANTICLOCKWISE
587732771579625616,10000,379797,3818,CLOCKWISE
587732771579691204,10000,379798,3823,ANTICLOCKWISE
587732771579953202,10000,381225,4875,ANTICLOCKWISE
587732771580215541,10000,381228,3494,ANTICLOCKWISE
587732771580280986,10000,381228,4393,ANTICLOCKWISE
587732771580346617,10000,381229,4713,CLOCKWISE
587732771581329514,10000,382662,2174,ANTICLOCKWISE
587732771583688844,10000,385529,221,CLOCKWISE
587732771583885417,10000,384109,1999,CLOCKWISE
587732771584540786,10000,385536,5320,CLOCKWISE
587732771585327192,10000,385543,5667,CLOCKWISE
587732771586113695,10000,386972,1634,ANTICLOCKWISE
587732771587489907,10000,386985,452,ANTICLOCKWISE
587732771587620976,10000,386986,1236,CLOCKWISE
587732771588473042,10000,386994,1802,ANTICLOCKWISE
587732771589062932,10000,388419,1251,CLOCKWISE
587732771590176904,10000,388429,3090,CLOCKWISE
587732771591356517,10000,388440,719,ANTICLOCKWISE
587732771592011962,10000,388446,3655,ANTICLOCKWISE
587732771592208524,10000,388448,1724,CLOCKWISE
587732771593781400,10000,388462,6213,CLOCKWISE
587732771594502416,10000,388469,4507,CLOCKWISE
587732771597189278,10000,388493,3476,CLOCKWISE
587732771853041822,10000,385537,5277,ANTICLOCKWISE
587732772106207547,10000,366838,4173,ANTICLOCKWISE
587732772106338575,10000,366839,4638,CLOCKWISE
587732772106993969,10000,368277,4648,ANTICLOCKWISE
587732772110598404,10000,374033,5439,CLOCKWISE
587732772110926084,10000,375466,1173,ANTICLOCKWISE
587732772114071757,10000,379775,2797,ANTICLOCKWISE
587732772114202738,10000,379776,3530,CLOCKWISE
587732772116037659,10000,381218,2759,ANTICLOCKWISE
587732772116168840,10000,382643,5043,CLOCKWISE
587732772117414026,10000,384078,1515,ANTICLOCKWISE
587732772117610675,10000,384079,5333,ANTICLOCKWISE
587732772120821905,10000,386952,5157,ANTICLOCKWISE
587732772121149570,10000,388375,2059,ANTICLOCKWISE
587732772122263693,10000,388385,4880,CLOCKWISE
587732772123443267,10000,389815,3703,ANTICLOCKWISE
587732772125081752,10000,389830,3539,ANTICLOCKWISE
587732772125343827,10000,391250,5058,CLOCKWISE
587732772125999226,10000,391256,5431,ANTICLOCKWISE
587732772126195846,10000,389840,5049,CLOCKWISE
587732772126261508,10000,391259,2575,ANTICLOCKWISE
587732772127768739,10000,391273,554,CLOCKWISE
587732772127834241,10000,391273,3097,CLOCKWISE
587732772128293067,10000,391278,120,ANTICLOCKWISE
587732772128358529,10000,391278,2339,CLOCKWISE
587732772128686201,10000,391281,3652,ANTICLOCKWISE
587732772129800356,10000,391291,3882,CLOCKWISE
587732772130062445,10000,391294,1374,ANTICLOCKWISE
587732772130979890,10000,391302,4985,ANTICLOCKWISE
587732772647600341,10000,376892,732,ANTICLOCKWISE
587732772648321170,10000,378325,3404,ANTICLOCKWISE
587732772651139235,10000,381202,2200,CLOCKWISE
587732772651335811,10000,382628,891,CLOCKWISE
587732772651991239,10000,382634,3022,ANTICLOCKWISE
587732772655005761,10000,386927,4861,ANTICLOCKWISE
587732772655333410,10000,386930,3792,CLOCKWISE
587732772657758339,10000,389792,768,ANTICLOCKWISE
587732772658282568,10000,389797,481,ANTICLOCKWISE
587732772658806927,10000,389801,4970,CLOCKWISE
587732772659134652,10000,391223,297,CLOCKWISE
587732772659331185,10000,391224,3709,ANTICLOCKWISE
587732772659462248,10000,391225,4841,ANTICLOCKWISE
587732772659658854,10000,391227,3660,ANTICLOCKWISE
587732772660707464,10000,392654,2048,ANTICLOCKWISE
587732772662870170,10000,392674,1045,CLOCKWISE
587732772663328821,10000,392678,1045,CLOCKWISE
587732772664377447,10000,394103,3112,ANTICLOCKWISE
587732772664574084,10000,392689,1367,CLOCKWISE
587732772665491581,10000,392698,827,CLOCKWISE
587732772665622665,10000,392698,6568,CLOCKWISE
587732772665884773,10000,392701,1466,CLOCKWISE
587732772666278024,10000,394120,6542,ANTICLOCKWISE
587732772666474638,10000,392706,5344,CLOCKWISE
587732772667392090,10000,394131,2460,CLOCKWISE
587732772668702788,10000,394143,2984,ANTICLOCKWISE
587732772670537787,10000,394159,6146,ANTICLOCKWISE
587732772670799988,10000,392746,1218,CLOCKWISE
587732772670996558,10000,392748,583,ANTICLOCKWISE
587733397576220993,10000,492792,4262,CLOCKWISE
587733398110929100,10000,511296,4493,ANTICLOCKWISE
587733398114402640,10000,481359,2719,ANTICLOCKWISE
587733398114468116,10000,481359,3139,ANTICLOCKWISE
587733398114664820,10000,480074,3034,ANTICLOCKWISE
587733398115516697,10000,472302,4749,CLOCKWISE
587733398115648029,10000,470997,5120,CLOCKWISE
587733398117220664,10000,456477,4401,CLOCKWISE
587733398117614004,10000,452465,6410,CLOCKWISE
587733398652649648,10000,470999,4892,ANTICLOCKWISE
587733399184802084,10000,513712,1410,ANTICLOCKWISE
587733399185391897,10000,508877,3663,ANTICLOCKWISE
587733399185522967,10000,507660,652,CLOCKWISE
587733399186243812,10000,501523,4040,CLOCKWISE
587733399186899258,10000,496557,936,ANTICLOCKWISE
587733399187030316,10000,495307,2207,ANTICLOCKWISE
587733399187423661,10000,491540,4319,ANTICLOCKWISE
587733431923245478,10000,482641,1117,ANTICLOCKWISE
587733431924031969,10000,476199,3048,ANTICLOCKWISE
587733431924228547,10000,474903,6655,CLOCKWISE
587733431925998204,10000,457808,4208,CLOCKWISE
587733432457036004,10000,511299,1983,CLOCKWISE
587733432459001913,10000,494051,573,ANTICLOCKWISE
587733432460706200,10000,478786,3488,ANTICLOCKWISE
587733432462148248,10000,465754,266,CLOCKWISE
587733432993906929,10000,512507,3648,CLOCKWISE
587733432996331789,10000,491539,2407,ANTICLOCKWISE
587733432997052829,10000,485201,4564,CLOCKWISE
587733432997183914,10000,483924,5945,ANTICLOCKWISE
587733432997315157,10000,482645,3276,ANTICLOCKWISE
587733432997642657,10000,480077,2792,CLOCKWISE
587733432999149975,10000,465755,3108,ANTICLOCKWISE
587733433530712190,10000,513713,1885,CLOCKWISE
587733433530843628,10000,512509,1158,CLOCKWISE
587733433533399066,10000,491541,3288,CLOCKWISE
587733433533465073,10000,490279,4975,CLOCKWISE
587733440516653115,10000,518495,1557,ANTICLOCKWISE
587733440516849908,10000,516110,2217,ANTICLOCKWISE
587733440517440011,10000,511304,1133,ANTICLOCKWISE
587733440518160691,10000,505216,5436,ANTICLOCKWISE
587733440518619557,10000,501525,2171,ANTICLOCKWISE
587733441054638531,10000,510096,2446,CLOCKWISE
587733441054835130,10000,508882,2443,CLOCKWISE
587733441055359515,10000,503991,4483,CLOCKWISE
587733441055490554,10000,502761,2591,CLOCKWISE
587733441055818270,10000,500291,2485,CLOCKWISE
587733441056080172,10000,497806,2178,CLOCKWISE
587733441056145421,10000,496559,4050,ANTICLOCKWISE
587733441591771554,10000,508883,3643,ANTICLOCKWISE
587733441591902616,10000,507665,4655,CLOCKWISE
587733441592164799,10000,505220,4234,CLOCKWISE
587733441593278830,10000,496562,4868,ANTICLOCKWISE
587733442128839041,10000,508886,859,ANTICLOCKWISE
587733603735306326,10000,500297,1683,ANTICLOCKWISE
587733603735830933,10000,495316,4969,ANTICLOCKWISE
587733604270145946,10000,519693,1565,CLOCKWISE
587733604270801352,10000,513726,1943,CLOCKWISE
587733604271128915,10000,511316,1627,CLOCKWISE
587733604274078184,10000,482656,4544,ANTICLOCKWISE
587733604275323047,10000,471011,4042,ANTICLOCKWISE
587733604807082205,10000,520878,3055,CLOCKWISE
587733604810687014,10000,486489,417,ANTICLOCKWISE
587733604810752310,10000,486489,1873,CLOCKWISE
587733604811866803,10000,474919,4413,ANTICLOCKWISE
587733604812587525,10000,468395,5575,ANTICLOCKWISE
587733605344739662,10000,513729,3645,ANTICLOCKWISE
587733605347295668,10000,490293,4062,CLOCKWISE
587733608019657061,10000,513722,2412,CLOCKWISE
587733608020574579,10000,505225,312,ANTICLOCKWISE
587733608556265785,10000,517315,2288,CLOCKWISE
587733608557052217,10000,510103,4397,CLOCKWISE
587733608557445467,10000,506451,1224,ANTICLOCKWISE
587733608557642091,10000,505226,3295,CLOCKWISE
587733608559477229,10000,489025,2661,ANTICLOCKWISE
587733608560132583,10000,481373,3144,CLOCKWISE
587733608560656789,10000,476213,1315,CLOCKWISE
587733609094709542,10000,504000,3460,CLOCKWISE
587733609095561597,10000,496570,348,CLOCKWISE
587733609095889375,10000,494067,4725,ANTICLOCKWISE
587733609097527812,10000,477509,1045,ANTICLOCKWISE
587733609629942099,10000,519696,1563,ANTICLOCKWISE
587733609632498052,10000,496571,3601,CLOCKWISE
587733609633284445,10000,490293,2542,CLOCKWISE
587734303265325295,10000,324484,5124,CLOCKWISE
587734303266963560,10000,325939,5551,CLOCKWISE
587734303268208826,10000,324510,6087,CLOCKWISE
587734303268405454,10000,325952,8741,CLOCKWISE
587734303269716099,10000,324524,5692,CLOCKWISE
587734303271223437,10000,325978,1095,CLOCKWISE
587734303271944363,10000,324544,6267,ANTICLOCKWISE
587734303272009764,10000,325985,3348,CLOCKWISE
587734303803244570,10000,327373,6877,ANTICLOCKWISE
587734303803441334,10000,327375,6805,ANTICLOCKWISE
587734303803965482,10000,327380,3358,ANTICLOCKWISE
587734303804621083,10000,327386,10689,CLOCKWISE
587734303804752184,10000,327387,9828,CLOCKWISE
587734303805407552,10000,327394,401,ANTICLOCKWISE
587734303805866210,10000,327397,9211,CLOCKWISE
587734303806718228,10000,327405,13047,ANTICLOCKWISE
587734303807176787,10000,327409,10236,CLOCKWISE
587734303807504423,10000,327412,6448,ANTICLOCKWISE
587734303808356505,10000,327420,9917,ANTICLOCKWISE
587734304339919063,10000,330251,9699,CLOCKWISE
587734304340508732,10000,330257,4616,CLOCKWISE
587734304340771117,10000,330259,8931,CLOCKWISE
587734304342212853,10000,330273,2683,ANTICLOCKWISE
587734304342802641,10000,330278,4450,CLOCKWISE
587734304342999147,10000,330280,642,CLOCKWISE
587734304344178892,10000,330290,10151,CLOCKWISE
587734304344572163,10000,330294,5479,CLOCKWISE
587734304876921154,10000,333133,5759,ANTICLOCKWISE
587734304877642050,10000,331700,478,ANTICLOCKWISE
587734304879149215,10000,333153,5578,CLOCKWISE
587734304880328816,10000,331724,10783,ANTICLOCKWISE
587734304880722145,10000,331728,2054,ANTICLOCKWISE
587734304880853101,10000,333169,791,CLOCKWISE
587734304880984255,10000,331730,2104,CLOCKWISE
587734304881311973,10000,331733,6648,CLOCKWISE
587734304881311994,10000,331733,7859,ANTICLOCKWISE
587734304881705135,10000,331737,1206,CLOCKWISE
587734304882098403,10000,331740,12124,ANTICLOCKWISE
587734304882360361,10000,331743,549,CLOCKWISE
587734304882753714,10000,333186,7492,CLOCKWISE
587734305413595165,10000,334571,3158,ANTICLOCKWISE
587734305413726285,10000,334572,6067,CLOCKWISE
587734305413726429,10000,334573,475,CLOCKWISE
587734305414775032,10000,334582,3488,CLOCKWISE
587734305415364729,10000,334587,12684,CLOCKWISE
587734305417003182,10000,334602,7452,CLOCKWISE
587734305417920820,10000,334611,629,CLOCKWISE
587734305419100496,10000,334622,1176,ANTICLOCKWISE
587734305419297028,10000,334623,10111,ANTICLOCKWISE
587734305419362429,10000,334624,980,CLOCKWISE
587734305951514828,10000,337460,9875,CLOCKWISE
587734305953022122,10000,337474,7866,CLOCKWISE
587734305953218770,10000,336036,9856,CLOCKWISE
587734305953873999,10000,336042,18662,ANTICLOCKWISE
587734305953939623,10000,336043,5056,CLOCKWISE
587734305954005277,10000,337483,16851,CLOCKWISE
587734305954463933,10000,336047,8672,CLOCKWISE
587734305954726160,10000,336050,2603,ANTICLOCKWISE
587734305955184815,10000,337494,5845,ANTICLOCKWISE
587734305956102350,10000,337503,1623,CLOCKWISE
587734305956298970,10000,337505,921,CLOCKWISE
587734621627154812,10000,471819,641,ANTICLOCKWISE
587734621627220221,10000,471819,517,CLOCKWISE
587734621628793074,10000,483466,722,ANTICLOCKWISE
587734621629382906,10000,488566,1539,ANTICLOCKWISE
587734621631086760,10000,499868,2822,CLOCKWISE
587734622160224871,10000,442477,6667,CLOCKWISE
587734622164222241,10000,474423,4707,ANTICLOCKWISE
587734622165074144,10000,480894,4621,ANTICLOCKWISE
587734622165074275,10000,480895,670,CLOCKWISE
587734622165270841,10000,483462,1221,ANTICLOCKWISE
587734622166188237,10000,489831,1500,ANTICLOCKWISE
587734622167040215,10000,496124,1675,CLOCKWISE
587734622167630046,10000,499865,1277,ANTICLOCKWISE
587734622697816089,10000,449243,2163,ANTICLOCKWISE
587734622698734029,10000,457289,583,ANTICLOCKWISE
587734622700109956,10000,467884,850,CLOCKWISE
587734622700700093,10000,473118,3703,CLOCKWISE
587734622701093269,10000,475721,3631,ANTICLOCKWISE
587734622701617503,10000,480891,4609,ANTICLOCKWISE
587734622703255787,10000,492355,2106,CLOCKWISE
587734622704435439,10000,501102,2010,CLOCKWISE
587734622704632007,10000,502338,4030,ANTICLOCKWISE
587734622705877262,10000,510907,2330,CLOCKWISE
587734623235735909,10000,459949,3303,ANTICLOCKWISE
587734623237832968,10000,477014,4981,ANTICLOCKWISE
587734623241240774,10000,502335,3420,CLOCKWISE
587734623241699454,10000,504801,2227,CLOCKWISE
587734623242223757,10000,508473,1592,CLOCKWISE
587734623242289316,10000,509690,569,CLOCKWISE
587734623243206796,10000,514526,123,CLOCKWISE
587734623778308327,10000,504798,1005,CLOCKWISE
587734623778636014,10000,507250,94,CLOCKWISE
587734689814610327,10000,365441,4331,CLOCKWISE
587734689815855312,10000,368318,1068,ANTICLOCKWISE
587734690348073423,10000,362542,2950,ANTICLOCKWISE
587734690348138898,10000,361108,1504,ANTICLOCKWISE
587734690348531948,10000,362546,4242,CLOCKWISE
587734690349842665,10000,363992,2309,CLOCKWISE
587734690350563626,10000,365433,2024,CLOCKWISE
587734690884747292,10000,363974,2805,CLOCKWISE
587734690884813085,10000,363975,1254,ANTICLOCKWISE
587734690884944222,10000,363976,3673,CLOCKWISE
587734690885468372,10000,365414,4422,CLOCKWISE
587734690885533800,10000,365415,2556,ANTICLOCKWISE
587734690886713468,10000,366859,4735,CLOCKWISE
587734690889138375,10000,371176,3508,ANTICLOCKWISE
587734690890383595,10000,372618,3047,ANTICLOCKWISE
587734690890842294,10000,374052,1258,ANTICLOCKWISE
587734691422929108,10000,368285,2720,CLOCKWISE
587734691424239818,10000,369729,1510,ANTICLOCKWISE
587734691424764185,10000,372595,4047,ANTICLOCKWISE
587734691425353860,10000,372600,5327,CLOCKWISE
587734691425550580,10000,372602,4502,CLOCKWISE
587734691426533607,10000,374041,3403,ANTICLOCKWISE
587734691427909826,10000,376911,2139,CLOCKWISE
587734691960324259,10000,371153,951,CLOCKWISE
587734691961372887,10000,374022,3046,ANTICLOCKWISE
587734691964256452,10000,378333,4637,CLOCKWISE
587734691964387533,10000,378334,4703,CLOCKWISE
587734840668520908,10000,458624,4590,ANTICLOCKWISE
587734841203491542,10000,443835,8151,ANTICLOCKWISE
587734841203949790,10000,446546,6034,ANTICLOCKWISE
587734841204736072,10000,453278,5357,CLOCKWISE
587734841741214272,10000,451933,4195,ANTICLOCKWISE
587734861605765319,10000,371197,5153,CLOCKWISE
587734861607469221,10000,372643,6226,CLOCKWISE
587734861607600274,10000,372644,8447,ANTICLOCKWISE
587734861610680462,10000,376959,5407,CLOCKWISE
587734861611139210,10000,376963,6134,CLOCKWISE
587734861612384378,10000,378402,3837,ANTICLOCKWISE
587734861612908576,10000,378407,703,ANTICLOCKWISE
587734862143160508,10000,372632,3951,ANTICLOCKWISE
587734862143291512,10000,374063,3475,ANTICLOCKWISE
587734862143291590,10000,374063,5866,ANTICLOCKWISE
587734862143815786,10000,374068,1119,ANTICLOCKWISE
587734862144143566,10000,374071,7721,ANTICLOCKWISE
587734862144798950,10000,375506,3427,ANTICLOCKWISE
587734862679965798,10000,375490,3231,CLOCKWISE
587734862681211026,10000,378357,1233,CLOCKWISE
587734862681342100,10000,376931,1710,CLOCKWISE
587734862683897962,10000,379807,4556,CLOCKWISE
587734862683963527,10000,381233,4549,CLOCKWISE
587734862684946556,10000,382666,1006,ANTICLOCKWISE
587734863216705661,10000,378344,2394,CLOCKWISE
587734863217754274,10000,378354,1724,CLOCKWISE
587734863220310165,10000,382652,3225,ANTICLOCKWISE
587734863222931569,10000,384099,3152,CLOCKWISE
587734863754625231,10000,382628,5094,ANTICLOCKWISE
587734863755083955,10000,381209,2676,CLOCKWISE
587734863756198004,10000,384066,2576,ANTICLOCKWISE
587734863757246606,10000,385498,63,ANTICLOCKWISE
587734863757443153,10000,385499,3442,CLOCKWISE
587734863757574386,10000,385501,449,ANTICLOCKWISE
587734863757639814,10000,384079,4392,CLOCKWISE
587734863759278171,10000,386937,5136,ANTICLOCKWISE
587734863760064725,10000,386945,1905,ANTICLOCKWISE
587734864295166164,10000,388349,238,CLOCKWISE
587734864295428186,10000,388350,5649,ANTICLOCKWISE
587734891673092202,10000,379847,4845,ANTICLOCKWISE
587734891673157793,10000,379848,1424,ANTICLOCKWISE
587734891673813103,10000,381279,1486,CLOCKWISE
587734891675779201,10000,381297,170,ANTICLOCKWISE
587734891676172361,10000,381301,365,CLOCKWISE
587734891681480802,10000,384196,5727,CLOCKWISE
587734891681611868,10000,384197,9183,ANTICLOCKWISE
587734892212060196,10000,384138,4524,CLOCKWISE
587734892212781102,10000,384145,4944,ANTICLOCKWISE
587734892212977769,10000,384147,2633,ANTICLOCKWISE
587734892213108891,10000,384148,804,CLOCKWISE
587734892213567571,10000,384152,7834,CLOCKWISE
587734892214747204,10000,385585,137,CLOCKWISE
587734892215730260,10000,385594,349,ANTICLOCKWISE
587734892219727935,10000,385630,4403,CLOCKWISE
587734892746833976,10000,385541,1898,ANTICLOCKWISE
587734892747751557,10000,385549,4054,CLOCKWISE
587734892748800065,10000,385559,1820,CLOCKWISE
587734892749193282,10000,385563,121,ANTICLOCKWISE
587734892750504026,10000,386995,6683,CLOCKWISE
587734892752666719,10000,387015,3828,ANTICLOCKWISE
587734892754436183,10000,388452,871,ANTICLOCKWISE
587734892756271213,10000,388468,9937,CLOCKWISE
587734893285867586,10000,388402,1093,CLOCKWISE
587734893287964700,10000,389840,2632,CLOCKWISE
587734893288161361,10000,389842,216,ANTICLOCKWISE
587734893288226891,10000,389842,3889,ANTICLOCKWISE
587734893288816771,10000,389848,1545,ANTICLOCKWISE
587734893290913849,10000,389867,4526,CLOCKWISE
587734893291700322,10000,389874,7936,ANTICLOCKWISE
587734893291765851,10000,391293,2507,CLOCKWISE
587734893293928553,10000,389895,311,CLOCKWISE
587734893820444804,10000,389800,2995,ANTICLOCKWISE
587734893820444806,10000,388381,2871,ANTICLOCKWISE
587734893820444810,10000,389800,3135,ANTICLOCKWISE
587734893824966809,10000,392676,2258,ANTICLOCKWISE
587734893826015411,10000,391269,2761,CLOCKWISE
587734893826277554,10000,392688,3794,CLOCKWISE
587734893827457154,10000,392699,2883,CLOCKWISE
587734893828374643,10000,392707,5940,ANTICLOCKWISE
587734894363279482,10000,394105,3624,CLOCKWISE
587734947519398112,10000,386923,1328,CLOCKWISE
587734947519725649,10000,388345,6208,ANTICLOCKWISE
587734948046373134,10000,371147,3954,ANTICLOCKWISE
587734948048076986,10000,375451,3448,ANTICLOCKWISE
587734948049715298,10000,378321,6264,CLOCKWISE
587734948049846462,10000,378323,671,ANTICLOCKWISE
587734948050436260,10000,379754,1222,CLOCKWISE
587734948052009190,10000,382617,5076,CLOCKWISE
587734948052074655,10000,382618,2487,CLOCKWISE
587734948052467739,10000,384045,313,CLOCKWISE
587734948052795554,10000,384048,1059,CLOCKWISE
587734948053188757,10000,384051,3593,CLOCKWISE
587734948053188790,10000,384051,5388,ANTICLOCKWISE
587734948053647563,10000,385478,1349,ANTICLOCKWISE
587734948054630581,10000,386908,1687,ANTICLOCKWISE
587734948055416953,10000,388335,1958,ANTICLOCKWISE
587734948056465565,10000,389763,5472,CLOCKWISE
587734948056858885,10000,389767,3854,ANTICLOCKWISE
587734948057907339,10000,391195,786,ANTICLOCKWISE
587734948058169462,10000,391197,2386,ANTICLOCKWISE
587734948586455262,10000,381171,5826,ANTICLOCKWISE
587734948587307283,10000,382603,3476,ANTICLOCKWISE
587734948590059656,10000,386894,3890,ANTICLOCKWISE
587734948592353397,10000,391172,4357,ANTICLOCKWISE
587734948593139880,10000,391179,6408,CLOCKWISE
587734948593205512,10000,391180,2138,CLOCKWISE
587734948593860772,10000,392603,2284,ANTICLOCKWISE
587734948594778275,10000,394027,5373,CLOCKWISE
587734948594909331,10000,394029,2499,ANTICLOCKWISE
587734948595302480,10000,394032,4219,ANTICLOCKWISE
587734948595499144,10000,395449,3965,CLOCKWISE
587734948596744247,10000,396873,4671,ANTICLOCKWISE
587734949114479181,10000,362499,6429,CLOCKWISE
587734949116641759,10000,366820,2611,ANTICLOCKWISE
587734949117100515,10000,368256,3394,ANTICLOCKWISE
587734949120573710,10000,376868,978,ANTICLOCKWISE
587734949120639380,10000,376868,5048,CLOCKWISE
587734949121622155,10000,378304,3893,ANTICLOCKWISE
587734949122015433,10000,379734,2539,ANTICLOCKWISE
587734949122212046,10000,381161,2966,ANTICLOCKWISE
587734949124178141,10000,384026,2145,ANTICLOCKWISE
587734949126144133,10000,388307,1889,ANTICLOCKWISE
587734949129355424,10000,392591,60,ANTICLOCKWISE
587734949130338457,10000,394015,5482,ANTICLOCKWISE
587734949131190469,10000,395438,5403,CLOCKWISE
587734949132435587,10000,396863,1190,ANTICLOCKWISE
587734949651874181,10000,365371,5264,CLOCKWISE
587734949652267406,10000,366808,3084,ANTICLOCKWISE
587734949653905817,10000,371118,5669,CLOCKWISE
587734949654298972,10000,371122,4263,CLOCKWISE
587734949655216428,10000,373990,2321,CLOCKWISE
587734949656789258,10000,376862,1979,CLOCKWISE
587734949657051418,10000,378291,4486,ANTICLOCKWISE
587734949657444553,10000,378295,960,CLOCKWISE
587734949657706714,10000,379723,2477,ANTICLOCKWISE
587734949658165553,10000,381152,5106,ANTICLOCKWISE
587734949658886342,10000,381159,1148,ANTICLOCKWISE
587734949663867040,10000,392569,2878,ANTICLOCKWISE
587734949668192426,10000,398265,768,ANTICLOCKWISE
587734949669109887,10000,398273,1427,CLOCKWISE
587734949669306534,10000,399686,1202,ANTICLOCKWISE
587734950199427218,10000,391140,433,CLOCKWISE
587734950201917633,10000,395410,5272,CLOCKWISE
587734950202048672,10000,396825,1256,CLOCKWISE
587734950202245131,10000,396826,5545,ANTICLOCKWISE
587734950202310813,10000,396827,4196,ANTICLOCKWISE
587734950202376363,10000,396828,1128,CLOCKWISE
587734950202441807,10000,396828,6322,CLOCKWISE
587734950202572864,10000,396829,4952,CLOCKWISE
587734950202835117,10000,396832,2684,ANTICLOCKWISE
587734950203818152,10000,399664,3804,CLOCKWISE
587734950204014737,10000,398255,1202,ANTICLOCKWISE
587734950204932198,10000,401083,4882,CLOCKWISE
587734950204997764,10000,399675,422,CLOCKWISE
587734950205325491,10000,401087,3042,ANTICLOCKWISE
587734950206767307,10000,402508,3731,CLOCKWISE
587735042533687433,10000,453289,3629,ANTICLOCKWISE
587735042535129362,10000,463943,1578,ANTICLOCKWISE
587735042535457097,10000,466582,1647,ANTICLOCKWISE
587735042536046787,10000,471827,5812,ANTICLOCKWISE
587735042539192603,10000,493630,2153,ANTICLOCKWISE
587735042539585699,10000,496139,229,CLOCKWISE
587735043067675237,10000,431545,4222,ANTICLOCKWISE
587735043068723733,10000,439762,5692,CLOCKWISE
587735043069313452,10000,445200,2567,CLOCKWISE
587735043070493154,10000,454627,3404,ANTICLOCKWISE
587735043071410508,10000,461291,6243,ANTICLOCKWISE
587735043072459065,10000,470517,740,CLOCKWISE
587735043073638440,10000,478324,1125,ANTICLOCKWISE
587735043074555917,10000,484752,5464,CLOCKWISE
587735043075014906,10000,487304,3615,ANTICLOCKWISE
587735043076063563,10000,494883,4135,ANTICLOCKWISE
587735043076522215,10000,498632,2500,ANTICLOCKWISE
587735043076849830,10000,499877,1744,CLOCKWISE
587735043077177348,10000,502353,2125,CLOCKWISE
587735043077308508,10000,503586,4823,ANTICLOCKWISE
587735043078226049,10000,508491,3253,ANTICLOCKWISE
587735043079340217,10000,514545,2480,CLOCKWISE
587735043604218589,10000,430166,4592,CLOCKWISE
587735043606577700,10000,450597,998,CLOCKWISE
587735043608739948,10000,466576,3277,ANTICLOCKWISE
587735043609919767,10000,475730,1492,ANTICLOCKWISE
587735043610902781,10000,483469,3442,ANTICLOCKWISE
587735043611689188,10000,487302,170,ANTICLOCKWISE
587735043613065364,10000,497383,2989,ANTICLOCKWISE
587735043613196514,10000,498629,4825,ANTICLOCKWISE
587735043613327544,10000,498631,735,CLOCKWISE
587735043613786298,10000,502350,4371,CLOCKWISE
587735043615293580,10000,512129,3458,CLOCKWISE
587735043616342151,10000,518131,1904,ANTICLOCKWISE
587735044141810225,10000,438392,6079,ANTICLOCKWISE
587735044142596710,10000,445195,1410,ANTICLOCKWISE
587735044142727678,10000,446548,4829,ANTICLOCKWISE
587735044145152565,10000,465255,2903,ANTICLOCKWISE
587735044145938591,10000,471819,4825,CLOCKWISE
587735044146593986,10000,475727,3185,CLOCKWISE
587735044147773646,10000,484747,3411,ANTICLOCKWISE
587735044149084285,10000,493621,3916,ANTICLOCKWISE
587735044149084497,10000,493622,1093,CLOCKWISE
587735044149149886,10000,493622,1072,CLOCKWISE
587735044151443598,10000,509702,2609,ANTICLOCKWISE
587735044151509021,10000,509702,2763,ANTICLOCKWISE
587735044153213044,10000,519319,487,ANTICLOCKWISE
587735044688117990,10000,509700,1813,ANTICLOCKWISE
587735044689297569,10000,516931,3183,ANTICLOCKWISE
587735235804594198,10000,435664,512,CLOCKWISE
587735235805380629,10000,441127,820,CLOCKWISE
587735235805905285,10000,446555,2541,ANTICLOCKWISE
587735235807543592,10000,458634,1278,ANTICLOCKWISE
587735235808592211,10000,467895,2871,CLOCKWISE
587735235809706094,10000,475734,1149,CLOCKWISE
587735236342972696,10000,449252,3733,ANTICLOCKWISE
587735236343431489,10000,453285,3161,CLOCKWISE
587735236344217835,10000,458631,5813,ANTICLOCKWISE
587735236877418539,10000,431541,3298,CLOCKWISE
587735236877877969,10000,435659,258,CLOCKWISE
587735236879974722,10000,451940,3657,CLOCKWISE
587735236882465080,10000,471821,3886,ANTICLOCKWISE
587735236882923945,10000,474429,5055,ANTICLOCKWISE
587735236883054810,10000,475729,2061,ANTICLOCKWISE
587735237419008037,10000,470511,3897,CLOCKWISE
587735237419728939,10000,475726,4733,ANTICLOCKWISE
587735237420515567,10000,482183,4509,ANTICLOCKWISE
587735239563083955,10000,488578,3111,CLOCKWISE
587735239565115542,10000,502357,2813,CLOCKWISE
587735240099692628,10000,488575,4245,ANTICLOCKWISE
587735240099692634,10000,488575,4365,ANTICLOCKWISE
587735240099692637,10000,488575,4123,ANTICLOCKWISE
587735240100413637,10000,493628,3631,CLOCKWISE
587735240102183062,10000,504820,1031,CLOCKWISE
587735240636235997,10000,488572,2615,CLOCKWISE
587735240637481097,10000,496135,194,CLOCKWISE
587735240639709408,10000,510921,827,ANTICLOCKWISE
587735241172844724,10000,487299,6149,CLOCKWISE
587735241173893362,10000,494879,4160,ANTICLOCKWISE
587735241174417601,10000,498628,1202,ANTICLOCKWISE
587735241176449213,10000,512127,3805,CLOCKWISE
587735241710436581,10000,493621,4763,CLOCKWISE
587735241710633081,10000,496128,2713,ANTICLOCKWISE
587735241710633088,10000,496128,2972,CLOCKWISE
587735241713451220,10000,513333,2607,CLOCKWISE
587735241713844400,10000,515737,547,ANTICLOCKWISE
587735342651605017,10000,379758,4069,ANTICLOCKWISE
587735342651605021,10000,379758,3871,ANTICLOCKWISE
587735342652981399,10000,381196,1350,CLOCKWISE
587735342653636749,10000,382626,2280,CLOCKWISE
587735343179367111,10000,361074,872,CLOCKWISE
587735343180022473,10000,363949,1580,CLOCKWISE
587735343180546445,10000,363953,3748,ANTICLOCKWISE
587735343180939794,10000,365391,3748,CLOCKWISE
587735343181922674,10000,366833,3131,CLOCKWISE
587735343184478330,10000,374011,2864,ANTICLOCKWISE
587735343184478443,10000,374012,785,ANTICLOCKWISE
587735343184674929,10000,374013,2454,CLOCKWISE
587735343185527040,10000,376878,3109,ANTICLOCKWISE
587735343185789152,10000,376880,4692,CLOCKWISE
587735343187558423,10000,379749,5174,ANTICLOCKWISE
587735343188148443,10000,381180,5175,ANTICLOCKWISE
587735343190507664,10000,385471,1133,CLOCKWISE
587735343192014933,10000,386906,209,CLOCKWISE
587735343192277112,10000,388328,1781,ANTICLOCKWISE
587735343715188922,10000,361064,898,ANTICLOCKWISE
587735343715975697,10000,362506,3771,ANTICLOCKWISE
587735343716172074,10000,362508,3651,ANTICLOCKWISE
587735343718007228,10000,368257,6076,ANTICLOCKWISE
587735343718138209,10000,368259,4565,ANTICLOCKWISE
587735343718203432,10000,368259,5410,CLOCKWISE
587735343719186717,10000,371131,6049,ANTICLOCKWISE
587735343721611548,10000,376871,2098,ANTICLOCKWISE
587735343721808249,10000,376872,5723,ANTICLOCKWISE
587735343722397882,10000,378305,2820,ANTICLOCKWISE
587735343722922259,10000,379736,798,ANTICLOCKWISE
587735343725478094,10000,384031,4326,ANTICLOCKWISE
587735343725543540,10000,384032,1198,CLOCKWISE
587735343726854305,10000,386887,1685,CLOCKWISE
587735344252060450,10000,363933,2853,ANTICLOCKWISE
587735344252191451,10000,362500,4722,CLOCKWISE
587735344252256645,10000,363935,1188,CLOCKWISE
587735344253370951,10000,366812,2532,CLOCKWISE
587735344255205710,10000,371123,6847,CLOCKWISE
587735344255271351,10000,371124,4782,CLOCKWISE
587735344257302669,10000,376860,1608,ANTICLOCKWISE
587735344257302672,10000,376860,1596,ANTICLOCKWISE
587735344258678984,10000,379725,3853,CLOCKWISE
587735344258744640,10000,379726,4774,CLOCKWISE
587735344261759109,10000,385448,183,CLOCKWISE
587735344262611123,10000,386877,1441,ANTICLOCKWISE
587735344264642598,10000,389734,4823,CLOCKWISE
587735344264904723,10000,391154,5886,CLOCKWISE
587735344265494665,10000,392577,3719,ANTICLOCKWISE
587735344795943152,10000,382578,4462,ANTICLOCKWISE
587735344798892083,10000,388291,1746,CLOCKWISE
587735344799088886,10000,388293,3658,CLOCKWISE
587735344799154422,10000,388294,1455,CLOCKWISE
587735344799285476,10000,388295,1749,ANTICLOCKWISE
587735344799285482,10000,389714,2569,ANTICLOCKWISE
587735344799481908,10000,389716,178,CLOCKWISE
587735344799547580,10000,389716,2767,ANTICLOCKWISE
587735344799809697,10000,389719,1018,ANTICLOCKWISE
587735344801186035,10000,392566,5210,ANTICLOCKWISE
587735346951815278,10000,399663,2733,ANTICLOCKWISE
587735346951815352,10000,399663,5255,CLOCKWISE
587735346952011780,10000,399665,916,ANTICLOCKWISE
587735346952143071,10000,399666,4957,CLOCKWISE
587735346955419805,10000,405325,3106,CLOCKWISE
587735346961055822,10000,409585,1865,CLOCKWISE
587735346961186880,10000,409586,946,CLOCKWISE
587735346961383587,10000,409588,1511,CLOCKWISE
587735346961711330,10000,409591,321,ANTICLOCKWISE
587735346961842370,10000,409592,4240,ANTICLOCKWISE
587735346962432321,10000,409598,985,CLOCKWISE
587735346962628838,10000,409599,5021,CLOCKWISE
587735346964135951,10000,411012,1274,ANTICLOCKWISE
587735346964856839,10000,409619,4171,CLOCKWISE
587735346966560935,10000,409635,6726,CLOCKWISE
587735347476234694,10000,372553,1688,ANTICLOCKWISE
587735347477086512,10000,375419,4660,ANTICLOCKWISE
587735347479314683,10000,381146,4170,ANTICLOCKWISE
587735347480297726,10000,384002,2396,ANTICLOCKWISE
587735347483967700,10000,392553,311,CLOCKWISE
587735347484033370,10000,392554,578,ANTICLOCKWISE
587735347484229655,10000,392555,2257,CLOCKWISE
587735347484557606,10000,393974,4141,CLOCKWISE
587735347485343910,10000,395397,703,ANTICLOCKWISE
587735347487572022,10000,399653,2070,ANTICLOCKWISE
587735347487572129,10000,399653,1323,ANTICLOCKWISE
587735347487572145,10000,399653,1855,ANTICLOCKWISE
587735347487637653,10000,399653,4651,ANTICLOCKWISE
587735347487965297,10000,401066,1837,ANTICLOCKWISE
587735347488358840,10000,401069,2371,ANTICLOCKWISE
587735347490193688,10000,403901,5834,ANTICLOCKWISE
587735347490259024,10000,403901,6546,ANTICLOCKWISE
587735347490521328,10000,403904,4854,ANTICLOCKWISE
587735347490914540,10000,405313,1305,ANTICLOCKWISE
587735347491242151,10000,405315,5602,ANTICLOCKWISE
587735347491897472,10000,406725,5173,ANTICLOCKWISE
587735347492683925,10000,406733,1697,CLOCKWISE
587735347493077092,10000,408139,2866,ANTICLOCKWISE
587735347493470345,10000,408143,2620,CLOCKWISE
587735347495043271,10000,409559,498,ANTICLOCKWISE
587735347495370886,10000,409561,4051,ANTICLOCKWISE
587735347495567535,10000,409563,2759,CLOCKWISE
587735347496223024,10000,410968,15571,ANTICLOCKWISE
587735347497664702,10000,412380,231,ANTICLOCKWISE
587735347499630752,10000,412398,512,CLOCKWISE
587735347503038678,10000,412429,2337,CLOCKWISE
587735347503235082,10000,412430,6515,CLOCKWISE
587735348009959505,10000,365365,6058,CLOCKWISE
587735348010353304,10000,366802,7173,CLOCKWISE
587735348011336144,10000,369675,3231,ANTICLOCKWISE
587735348011729419,10000,371110,2374,ANTICLOCKWISE
587735348011860008,10000,371111,3965,ANTICLOCKWISE
587735348012712427,10000,373979,2084,ANTICLOCKWISE
587735348014809537,10000,379708,4756,CLOCKWISE
587735348015530311,10000,381140,3447,CLOCKWISE
587735348016316736,10000,383994,3157,CLOCKWISE
587735348016644393,10000,385419,3853,ANTICLOCKWISE
587735348016840959,10000,385421,651,ANTICLOCKWISE
587735348017365205,10000,386847,1469,CLOCKWISE
587735348018216969,10000,388274,3945,ANTICLOCKWISE
587735348018544918,10000,389697,1174,ANTICLOCKWISE
587735348020969722,10000,395385,3107,ANTICLOCKWISE
587735348023132347,10000,399641,1004,ANTICLOCKWISE
587735348023722251,10000,401055,5908,ANTICLOCKWISE
587735348024377357,10000,402469,3146,CLOCKWISE
587735348024639670,10000,402472,2078,CLOCKWISE
587735348024770696,10000,402473,985,ANTICLOCKWISE
587735348025163823,10000,402476,4865,ANTICLOCKWISE
587735348026081435,10000,405297,2613,ANTICLOCKWISE
587735348026212508,10000,405298,4325,ANTICLOCKWISE
587735348026605686,10000,405302,284,ANTICLOCKWISE
587735348027261176,10000,406712,2254,ANTICLOCKWISE
587735348028309617,10000,408124,4743,CLOCKWISE
587735348028375083,10000,408125,2121,ANTICLOCKWISE
587735348028768494,10000,408129,324,ANTICLOCKWISE
587735348028834006,10000,409530,4936,CLOCKWISE
587735348029554813,10000,409537,441,ANTICLOCKWISE
587735348029554845,10000,409537,1468,ANTICLOCKWISE
587735348030275705,10000,410942,4106,CLOCKWISE
587735348030275786,10000,410943,745,CLOCKWISE
587735348031324365,10000,412350,2191,ANTICLOCKWISE
587735348031520936,10000,410953,5731,ANTICLOCKWISE
587735348032241814,10000,412358,4641,ANTICLOCKWISE
587735348032700434,10000,412362,3747,CLOCKWISE
587735348034666595,10000,413777,5229,CLOCKWISE
587735348035256502,10000,413783,3016,CLOCKWISE
587735348035584138,10000,413786,1051,ANTICLOCKWISE
587735348035911833,10000,413789,3447,ANTICLOCKWISE
587735348036501723,10000,415190,226,CLOCKWISE
587735348036632660,10000,415190,5320,ANTICLOCKWISE
587735348036763738,10000,415192,912,CLOCKWISE
587735348036960323,10000,415193,6412,ANTICLOCKWISE
587735348038533239,10000,415208,3924,CLOCKWISE
587735348039188592,10000,415214,3801,ANTICLOCKWISE
587735348039974974,10002,413826,4373,CLOCKWISE
587735348040106052,10000,415222,5061,CLOCKWISE
587735348040564927,10000,413832,1228,ANTICLOCKWISE
587735348546962357,10000,368232,3833,CLOCKWISE
587735348548862581,10000,373972,3672,CLOCKWISE
587735348549059045,10000,375403,2610,CLOCKWISE
587735348549059098,10000,373974,1651,ANTICLOCKWISE
587735348552073630,10000,382561,1608,ANTICLOCKWISE
587735348552139110,10000,383984,5800,ANTICLOCKWISE
587735348552597803,10000,383989,668,CLOCKWISE
587735348552597836,10000,383989,1602,ANTICLOCKWISE
587735348552663351,10000,385411,5332,ANTICLOCKWISE
587735348552728621,10000,383990,365,CLOCKWISE
587735348554957078,10000,391110,4184,CLOCKWISE
587735348556595359,10000,393958,3870,ANTICLOCKWISE
587735348556857573,10000,395376,745,CLOCKWISE
587735348558954769,10000,401040,4152,CLOCKWISE
587735348559741108,10000,401047,4898,CLOCKWISE
587735348560396443,10000,402461,3039,ANTICLOCKWISE
587735348562297005,10000,406695,78,CLOCKWISE
587735348562690209,10000,406698,5802,ANTICLOCKWISE
587735348562755733,10000,406699,2833,ANTICLOCKWISE
587735348562755778,10000,406699,3416,CLOCKWISE
587735348564197614,10000,409516,5413,CLOCKWISE
587735348564328698,10000,409518,1425,ANTICLOCKWISE
587735348564787273,10000,409522,1807,CLOCKWISE
587735348564918390,10000,410922,3273,ANTICLOCKWISE
587735348565508218,10000,410927,3795,CLOCKWISE
587735348567081119,10000,413737,2607,CLOCKWISE
587735348567408793,10000,412343,73,CLOCKWISE
587735348567736612,10000,413743,3153,ANTICLOCKWISE
587735348567867569,10000,413744,1691,ANTICLOCKWISE
587735348568129576,10000,413746,4711,CLOCKWISE
587735348568129748,10000,413746,6050,ANTICLOCKWISE
587735348568653946,10000,413751,2810,CLOCKWISE
587735348570030258,10000,415159,3384,CLOCKWISE
587735348572586133,10000,416575,2494,ANTICLOCKWISE
587735348572586195,10000,416575,4164,ANTICLOCKWISE
587735348575207618,10000,416599,4195,CLOCKWISE
587735348575600747,10000,416602,8487,ANTICLOCKWISE
587735348576452640,10000,416610,8626,CLOCKWISE
587735348576714885,10000,418005,4678,ANTICLOCKWISE
587735349087371693,10000,381122,4036,ANTICLOCKWISE
587735349089272047,10000,386830,771,ANTICLOCKWISE
587735349090582881,10000,389681,2762,CLOCKWISE
587735349091827909,10000,392527,2155,ANTICLOCKWISE
587735349093335241,10000,396785,4029,ANTICLOCKWISE
587735349093794192,10000,396789,2803,CLOCKWISE
587735349093925136,10000,398202,5247,ANTICLOCKWISE
587735349094449430,10000,398207,5763,ANTICLOCKWISE
587735349094580479,10000,399620,1540,CLOCKWISE
587735349095497907,10000,401037,2799,ANTICLOCKWISE
587735349096153348,10000,403858,3481,ANTICLOCKWISE
587735349097201910,10000,405273,406,ANTICLOCKWISE
587735349097463950,10000,405275,2119,ANTICLOCKWISE
587735349097922709,10000,406683,4762,CLOCKWISE
587735349098053849,10000,406684,5184,ANTICLOCKWISE
587735349099102418,10000,408097,2454,ANTICLOCKWISE
587735349099102488,10000,408097,4374,CLOCKWISE
587735349099561114,10000,409502,3426,CLOCKWISE
587735349099561193,10000,409503,735,CLOCKWISE
587735349100085403,10000,409507,2657,ANTICLOCKWISE
587735349100216470,10000,409508,5681,ANTICLOCKWISE
587735349101396076,10000,410918,2527,CLOCKWISE
587735349101789194,10000,412319,6039,ANTICLOCKWISE
587735349102510179,10000,413723,4836,CLOCKWISE
587735349102837948,10000,413726,4316,ANTICLOCKWISE
587735349103165637,10000,413730,1104,ANTICLOCKWISE
587735349103296653,10000,413730,5200,ANTICLOCKWISE
587735349103755396,10000,415130,1882,CLOCKWISE
587735349104279713,10000,415135,814,ANTICLOCKWISE
587735349105066187,10000,415142,3483,ANTICLOCKWISE
587735349105656076,10000,416540,5654,CLOCKWISE
587735349105721423,10000,416541,705,ANTICLOCKWISE
587735349106639026,10000,417941,4817,CLOCKWISE
587735349106966674,10000,417944,16805,CLOCKWISE
587735349107425465,10000,417948,9190,ANTICLOCKWISE
587735349107556453,10000,417950,1569,CLOCKWISE
587735349107687550,10000,417951,2149,CLOCKWISE
587735349108146253,10000,417955,1531,ANTICLOCKWISE
587735349113782440,10000,419397,6949,ANTICLOCKWISE
587735349113847917,10000,419398,5790,ANTICLOCKWISE
587735349628698969,10000,395358,4150,ANTICLOCKWISE
587735349630796022,10000,399613,4566,CLOCKWISE
587735349632368767,10000,403852,1065,CLOCKWISE
587735349633548430,10000,405268,1281,ANTICLOCKWISE
587735349633613874,10000,406672,5641,ANTICLOCKWISE
587735349633745031,10000,406673,4905,CLOCKWISE
587735349634465950,10000,408083,3492,CLOCKWISE
587735349635842201,10000,410896,1621,CLOCKWISE
587735349635907723,10000,409497,4398,CLOCKWISE
587735349637349524,10000,412308,858,CLOCKWISE
587735349640167588,10000,416519,165,ANTICLOCKWISE
587735349640364160,10000,417912,5298,ANTICLOCKWISE
587735349640822974,10000,417917,1388,ANTICLOCKWISE
587735349641347167,10000,417921,3559,ANTICLOCKWISE
587735349641478199,10000,417923,702,ANTICLOCKWISE
587735349642723341,10000,419325,1374,ANTICLOCKWISE
587735349643247722,10000,419330,892,ANTICLOCKWISE
587735349644099776,10000,420727,789,CLOCKWISE
587735349644165335,10000,420727,4766,ANTICLOCKWISE
587735349645148300,10000,420736,2757,ANTICLOCKWISE
587735349645279406,10000,420738,410,ANTICLOCKWISE
587735349645934737,10000,420743,4087,ANTICLOCKWISE
587735349647442032,10000,422144,3761,CLOCKWISE
587735349647966222,10000,422149,1625,ANTICLOCKWISE
587735349647966226,10000,422149,1474,ANTICLOCKWISE
587735349649211424,10000,420773,7022,ANTICLOCKWISE
587735349649211436,10000,420774,783,ANTICLOCKWISE
587735349649342614,10000,422161,6119,ANTICLOCKWISE
587735661007274165,10000,501135,2922,CLOCKWISE
587735661008781588,10000,509729,180,ANTICLOCKWISE
587735661008781607,10000,509729,1478,CLOCKWISE
587735661009371325,10000,513359,1701,ANTICLOCKWISE
587735662080950285,10000,504829,5122,CLOCKWISE
587735662081147107,10000,506058,871,CLOCKWISE
587735662618935508,10000,513349,593,CLOCKWISE
587735662619066529,10000,513349,3627,ANTICLOCKWISE
587735663155413220,10000,512139,3516,CLOCKWISE
587735663155871875,10000,514551,417,ANTICLOCKWISE
587735665320853930,10000,508879,4444,CLOCKWISE
587735665321312554,10000,506443,149,ANTICLOCKWISE
587735665322426682,10000,496559,2078,CLOCKWISE
587735665322688854,10000,494056,5881,CLOCKWISE
587735665857659275,10000,512514,4183,CLOCKWISE
587735665858970128,10000,500292,2469,CLOCKWISE
587735666394268078,10000,514920,1718,CLOCKWISE
587735666394399237,10000,513720,510,ANTICLOCKWISE
587735666394464286,10000,513719,4165,ANTICLOCKWISE
587735666395316575,10000,506447,1633,CLOCKWISE
587735666396234312,10000,497810,508,ANTICLOCKWISE
587735666931269857,10000,514921,3059,ANTICLOCKWISE
587735666931925374,10000,508886,2644,ANTICLOCKWISE
587735666932515269,10000,503996,3234,ANTICLOCKWISE
587735666933170431,10000,499056,802,CLOCKWISE
587735742076551517,10000,518448,1848,CLOCKWISE
587735742076682312,10000,518449,2148,ANTICLOCKWISE
587735742077403410,10000,513670,3270,ANTICLOCKWISE
587735742077599984,10000,512467,708,CLOCKWISE
587735742613946587,10000,517262,1086,ANTICLOCKWISE
587735742614798602,10000,512470,1833,CLOCKWISE
587735742615191866,10000,508839,1643,ANTICLOCKWISE
587735742615257513,10000,508839,4338,ANTICLOCKWISE
587735742615454044,10000,507622,2403,ANTICLOCKWISE
587735742617420115,10000,494020,3989,CLOCKWISE
587735742617420155,10000,494020,3738,CLOCKWISE
587735742618075408,10000,488981,928,CLOCKWISE
587735742618140808,10000,488982,834,CLOCKWISE
587735742620303825,10000,472277,5403,ANTICLOCKWISE
587735742620959244,10000,467044,5200,ANTICLOCKWISE
587735742621352314,10000,464412,635,CLOCKWISE
587735742622990900,10000,451103,5272,ANTICLOCKWISE
587735742623711403,10000,444363,423,CLOCKWISE
587735742624628787,10000,437566,1332,ANTICLOCKWISE
587735742624759915,10000,436200,3020,ANTICLOCKWISE
587735743152521448,10000,508843,3326,CLOCKWISE
587735743153373455,10000,502724,1928,ANTICLOCKWISE
587735743155732986,10000,485174,1197,CLOCKWISE
587735743155863862,10000,485174,3843,ANTICLOCKWISE
587735743155929566,10000,483898,1702,CLOCKWISE
587735743156126196,10000,482618,4427,ANTICLOCKWISE
587735743156978064,10000,476178,1064,CLOCKWISE
587735743157305770,10000,473582,1434,CLOCKWISE
587735743159141012,10000,459120,2939,CLOCKWISE
587735743159599677,10000,455125,1922,ANTICLOCKWISE
587735743159927496,10000,451105,2996,ANTICLOCKWISE
587735743688409365,10000,516074,2610,ANTICLOCKWISE
587735743689261300,10000,510059,1003,ANTICLOCKWISE
587735743691096142,10000,497773,3015,CLOCKWISE
587735743691489595,10000,495278,3686,ANTICLOCKWISE
587735743692144870,10000,490251,2733,ANTICLOCKWISE
587735743692538203,10000,487720,860,CLOCKWISE
587735743694766495,10000,469671,2241,CLOCKWISE
587735743694831971,10000,469671,2376,ANTICLOCKWISE
587735743694897489,10000,469671,3936,CLOCKWISE
587735743695093768,10000,467049,885,ANTICLOCKWISE
587735743697256603,10000,449765,2433,ANTICLOCKWISE
587735743697388049,10000,448419,132,ANTICLOCKWISE
587735743697453727,10000,448419,6118,ANTICLOCKWISE
587735743697453729,10000,448419,6057,ANTICLOCKWISE
587735743697584925,10000,447072,2892,CLOCKWISE
587735744226525529,10000,508847,3125,CLOCKWISE
587735744229278059,10000,490254,2452,ANTICLOCKWISE
587735744232555048,10000,464419,1951,ANTICLOCKWISE
587736477049225392,10000,394211,4236,ANTICLOCKWISE
587736477050798196,10000,392809,3921,ANTICLOCKWISE
587736477050863893,10000,392810,3856,CLOCKWISE
587736477052305564,10000,391407,202,ANTICLOCKWISE
587736477054075002,10000,387166,1344,CLOCKWISE
587736477054664857,10000,387171,854,CLOCKWISE
587736477055254921,10000,387176,4945,CLOCKWISE
587736477055582473,10000,385759,414,CLOCKWISE
587736477055975680,10000,385762,4390,CLOCKWISE
587736477056106818,10000,384341,9582,CLOCKWISE
587736477057351820,10000,382930,421,ANTICLOCKWISE
587736477058335203,10000,380090,3391,ANTICLOCKWISE
587736477058531591,10000,381516,4927,ANTICLOCKWISE
587736477058662721,10000,380093,3986,ANTICLOCKWISE
587736477060956401,10000,375833,279,CLOCKWISE
587736477065740853,10000,365860,6697,CLOCKWISE
587736477586227335,10000,395627,4169,ANTICLOCKWISE
587736477587538080,10000,395639,4930,ANTICLOCKWISE
587736477588062378,10000,394229,5575,ANTICLOCKWISE
587736477588455567,10000,394232,5091,ANTICLOCKWISE
587736477590880312,10000,390004,3137,CLOCKWISE
587736477591011459,10000,390005,2737,CLOCKWISE
587736477591797902,10000,388594,944,ANTICLOCKWISE
587736477592125662,10000,388597,486,CLOCKWISE
587736477592322243,10000,388598,5512,ANTICLOCKWISE
587736477592911997,10000,387184,1522,ANTICLOCKWISE
587736477593501713,10000,387189,1608,ANTICLOCKWISE
587736477594746961,10000,384358,347,CLOCKWISE
587736477594812675,10000,384358,4240,CLOCKWISE
587736477594878116,10000,382936,3153,ANTICLOCKWISE
587736477595074810,10000,382938,2152,CLOCKWISE
587736477595402489,10000,382940,5746,ANTICLOCKWISE
587736477595468069,10000,382941,3792,CLOCKWISE
587736477596319883,10000,381525,1070,ANTICLOCKWISE
587736477597106200,10000,378681,3034,CLOCKWISE
587736477597368587,10000,380110,811,CLOCKWISE
587736477599007002,10000,375844,425,CLOCKWISE
587736477599007082,10000,375844,1455,ANTICLOCKWISE
587736477603201488,10000,365865,7357,ANTICLOCKWISE
587736478124409015,10000,398464,4985,ANTICLOCKWISE
587736478125457630,10000,395649,3785,CLOCKWISE
587736478127554755,10000,394253,5625,CLOCKWISE
587736478127882517,10000,392840,4816,CLOCKWISE
587736478127948025,10000,392841,1224,CLOCKWISE
587736478128799929,10000,391432,1009,ANTICLOCKWISE
587736478128930972,10000,390015,649,ANTICLOCKWISE
587736478130307277,10000,388609,508,ANTICLOCKWISE
587736478130503873,10000,388610,4979,CLOCKWISE
587736478131224871,10000,387197,2346,ANTICLOCKWISE
587736478131880039,10000,385782,3191,ANTICLOCKWISE
587736478131945704,10000,385783,1183,ANTICLOCKWISE
587736478132273329,10000,384363,6461,ANTICLOCKWISE
587736478132666502,10000,384367,5167,ANTICLOCKWISE
587736478132666640,10000,384367,4387,ANTICLOCKWISE
587736478132928711,10000,384370,598,CLOCKWISE
587736478133846328,10000,381531,3795,CLOCKWISE
587736478135746964,10000,377271,3690,CLOCKWISE
587736478136271220,10000,375848,485,ANTICLOCKWISE
587736478136336753,10000,377276,4887,ANTICLOCKWISE
587736478138564765,10000,371580,688,CLOCKWISE
587736478139089211,10000,371585,1618,CLOCKWISE
587736478139875874,10000,368729,4304,ANTICLOCKWISE
587736478139941313,10000,368729,7136,CLOCKWISE
587736478139941507,10000,368729,10694,CLOCKWISE
587736478660296871,10000,399866,4679,ANTICLOCKWISE
587736478661279939,10000,399875,5811,CLOCKWISE
587736478661607573,10000,399878,2351,CLOCKWISE
587736478662197339,10000,398473,804,ANTICLOCKWISE
587736478662525086,10000,397064,524,ANTICLOCKWISE
587736478662787207,10000,397066,3002,ANTICLOCKWISE
587736478662983785,10000,397068,4646,ANTICLOCKWISE
587736478664097907,10000,395665,2100,CLOCKWISE
587736478664097987,10000,395665,4737,ANTICLOCKWISE
587736478664294535,10000,395667,1219,ANTICLOCKWISE
587736478665998468,10000,392851,5809,ANTICLOCKWISE
587736478666653876,10000,392857,5017,CLOCKWISE
587736478666719518,10000,391442,590,CLOCKWISE
587736478666850491,10000,391442,4808,CLOCKWISE
587736478668619912,10000,388622,1317,ANTICLOCKWISE
587736478668619965,10000,388622,2987,ANTICLOCKWISE
587736478668751019,10000,388623,2021,ANTICLOCKWISE
587736478669275375,10000,387208,724,ANTICLOCKWISE
587736478670192941,10000,385796,138,ANTICLOCKWISE
587736478672093463,10000,381544,556,CLOCKWISE
587736478672158994,10000,381544,3888,CLOCKWISE
587736478672159046,10000,381544,4427,CLOCKWISE
587736478672748671,10000,380125,2793,CLOCKWISE
587736478673010925,10000,380127,4316,ANTICLOCKWISE
587736478673076232,10000,378702,1001,CLOCKWISE
587736478673076561,10000,378702,1281,ANTICLOCKWISE
587736478673469941,10000,378706,1421,ANTICLOCKWISE
587736478673600904,10000,378707,1955,CLOCKWISE
587736478675042729,10000,374436,3127,CLOCKWISE
587736478676091339,10000,373016,2859,CLOCKWISE
587736478676812485,10000,370161,10378,ANTICLOCKWISE
587736479197888657,10000,402690,2194,CLOCKWISE
587736479198675138,10000,401289,3722,ANTICLOCKWISE
587736479199002818,10000,401292,4228,ANTICLOCKWISE
587736479199199338,10000,401293,6238,CLOCKWISE
587736479199330492,10000,399886,4394,CLOCKWISE
587736479199789261,10000,399890,5850,CLOCKWISE
587736479201427591,10000,398495,715,ANTICLOCKWISE
587736479202148510,10000,397089,2103,ANTICLOCKWISE
587736479204442323,10000,392866,2275,CLOCKWISE
587736479205425362,10000,391458,4689,ANTICLOCKWISE
587736479464882280,10000,404083,5117,CLOCKWISE
587736523758305288,10000,367139,505,CLOCKWISE
587736523760205996,10000,365723,4545,CLOCKWISE
587736523760271520,10000,364290,689,ANTICLOCKWISE
587736523761254502,10000,364299,249,ANTICLOCKWISE
587736523761320067,10000,364299,5024,CLOCKWISE
587736523764400324,10000,361459,2874,CLOCKWISE
587736524294782990,10000,368567,3044,CLOCKWISE
587736524297732327,10000,367162,4379,ANTICLOCKWISE
587736524297863200,10000,367163,4596,CLOCKWISE
587736524298060144,10000,365733,129,CLOCKWISE
587736524298322105,10000,365735,861,ANTICLOCKWISE
587736524298911894,10000,365740,3519,ANTICLOCKWISE
587736524299960484,10000,365749,6049,ANTICLOCKWISE
587736524300419305,10000,364320,3371,CLOCKWISE
587736524831981802,10000,371433,4474,ANTICLOCKWISE
587736524833882247,10000,370020,368,CLOCKWISE
587736524834472063,10000,370025,2052,ANTICLOCKWISE
587736524834996541,10000,368598,2774,ANTICLOCKWISE
587736524837224673,10000,367186,4675,CLOCKWISE
587736524837421163,10000,367188,1105,CLOCKWISE
587736524837552211,10000,367189,4298,CLOCKWISE
587736524837683355,10000,367190,4498,ANTICLOCKWISE
587736525099040894,10000,371421,519,ANTICLOCKWISE
587736525368393919,10000,374289,1453,ANTICLOCKWISE
587736525368918248,10000,372864,1679,CLOCKWISE
587736525369639149,10000,372870,5685,CLOCKWISE
587736525370687716,10000,371450,3045,CLOCKWISE
587736525370884306,10000,372882,2205,CLOCKWISE
587736525370884322,10000,372882,2624,CLOCKWISE
587736525371146336,10000,372884,4765,CLOCKWISE
587736525371736382,10000,371460,725,ANTICLOCKWISE
587736525371867429,10000,371461,3906,CLOCKWISE
587736525371998365,10000,371462,3366,ANTICLOCKWISE
587736525372457083,10000,371466,6247,ANTICLOCKWISE
587736525373702266,10000,370046,5382,CLOCKWISE
587736525375144083,10000,368628,1659,ANTICLOCKWISE
587736525905199342,10000,375718,275,CLOCKWISE
587736525905264814,10000,377146,3200,CLOCKWISE
587736525905395871,10000,375719,3314,CLOCKWISE
587736525908082886,10000,374315,673,ANTICLOCKWISE
587736525908476058,10000,374318,4864,ANTICLOCKWISE
587736525910966460,10000,372911,4296,CLOCKWISE
587736525911031972,10000,371482,670,CLOCKWISE
587736525911228618,10000,371484,2341,CLOCKWISE
587736525911949446,10000,371490,2135,ANTICLOCKWISE
587736525912015131,10000,371491,2848,CLOCKWISE
587736526442856576,10000,377152,4605,ANTICLOCKWISE
587736526443446404,10000,377158,3887,CLOCKWISE
587736526444691725,10000,377170,710,ANTICLOCKWISE
587736526446133393,10000,375754,4891,ANTICLOCKWISE
587736526446788816,10000,374332,1777,ANTICLOCKWISE
587736526709654063,10000,379991,828,CLOCKWISE
587736540937978045,10000,379984,3670,ANTICLOCKWISE
587736540938830013,10000,379992,2027,ANTICLOCKWISE
587736541475307735,10000,381413,3256,ANTICLOCKWISE
587736541476225211,10000,381422,1847,ANTICLOCKWISE
587736541476356300,10000,381423,2691,ANTICLOCKWISE
587736541478453430,10000,380017,2948,ANTICLOCKWISE
587736541478519010,10000,380018,1791,ANTICLOCKWISE
587736541479633137,10000,378602,3890,ANTICLOCKWISE
587736541480616130,10000,377184,2456,CLOCKWISE
587736541480681763,10000,377185,2017,ANTICLOCKWISE
587736541480747293,10000,377185,5938,ANTICLOCKWISE
587736541481074916,10000,377188,3128,ANTICLOCKWISE
587736541481140497,10000,377189,3058,ANTICLOCKWISE
587736541481140514,10000,377189,3211,CLOCKWISE
587736541481402560,10000,377191,2276,CLOCKWISE
587736541481599234,10000,375765,2074,CLOCKWISE
587736541482254640,10000,375771,3559,CLOCKWISE
587736541483303111,10000,374351,5869,CLOCKWISE
587736541483565183,10000,374354,4191,ANTICLOCKWISE
587736541484876067,10000,372936,4328,ANTICLOCKWISE
587736541485138140,10000,371508,3644,CLOCKWISE
587736541487694096,10000,367237,113,CLOCKWISE
587736541487890684,10000,368671,780,ANTICLOCKWISE
587736541489070518,10000,365817,1823,ANTICLOCKWISE
587736541489135877,10000,365817,4364,CLOCKWISE
587736541489529121,10000,365821,341,ANTICLOCKWISE
587736541490708815,10000,362963,5747,ANTICLOCKWISE
587736541490774315,10000,362964,2258,ANTICLOCKWISE
587736541490774340,10000,362964,2869,ANTICLOCKWISE
587736541491495306,10000,361536,7338,CLOCKWISE
587736542011195577,10000,385673,5687,CLOCKWISE
587736542011326647,10000,384253,590,ANTICLOCKWISE
587736542011850900,10000,384257,3857,CLOCKWISE
587736542012440679,10000,384262,5300,CLOCKWISE
587736542014406830,10000,382857,5587,ANTICLOCKWISE
587736542014734499,10000,382861,385,CLOCKWISE
587736542017355984,10000,380036,1836,ANTICLOCKWISE
587736542017487005,10000,380037,2265,CLOCKWISE
587736542018994185,10000,378624,5697,CLOCKWISE
587736542019453068,10000,377202,2836,CLOCKWISE
587736542019715333,10000,377205,68,ANTICLOCKWISE
587736542020436177,10000,375783,2920,ANTICLOCKWISE
587736542021026105,10000,375789,1025,CLOCKWISE
587736542022599035,10000,374374,3615,CLOCKWISE
587736542022664479,10000,372945,1075,ANTICLOCKWISE
587736542022992263,10000,372948,1524,CLOCKWISE
587736542023254156,10000,371519,6826,ANTICLOCKWISE
587736542023385364,10000,371521,2543,ANTICLOCKWISE
587736542023647578,10000,371524,533,CLOCKWISE
587736542023844171,10000,371525,5460,ANTICLOCKWISE
587736542023975183,10000,371526,5576,CLOCKWISE
587736542024499452,10000,370100,5147,ANTICLOCKWISE
587736542024696071,10000,370102,2582,ANTICLOCKWISE
587736542025351495,10000,370108,3257,ANTICLOCKWISE
587736542025351559,10000,368676,4100,ANTICLOCKWISE
587736542025482609,10000,368678,36,ANTICLOCKWISE
587736542025613537,10000,370111,1912,ANTICLOCKWISE
587736542025679059,10000,368679,2528,ANTICLOCKWISE
587736542026006928,10000,367250,5311,ANTICLOCKWISE
587736542026203474,10000,367252,2387,ANTICLOCKWISE
587736542026400050,10000,368686,526,ANTICLOCKWISE
587736542026858577,10000,367258,992,ANTICLOCKWISE
587736542027514285,10000,365831,4158,CLOCKWISE
587736542029611537,10000,361548,609,ANTICLOCKWISE
587736542548983856,10000,387102,6223,CLOCKWISE
587736542549704781,10000,387109,1930,ANTICLOCKWISE
587736542549835966,10000,387110,6496,ANTICLOCKWISE
587736542550294664,10000,385693,5080,CLOCKWISE
587736542550294716,10000,385694,676,ANTICLOCKWISE
587736542550884531,10000,385699,1268,ANTICLOCKWISE
587736542553440408,10000,382877,5035,ANTICLOCKWISE
587736542554816785,10000,382890,4975,CLOCKWISE
587736542555340823,10000,380046,2089,CLOCKWISE
587736542555799782,10000,380050,2811,ANTICLOCKWISE
587736542555865438,10000,381476,2503,CLOCKWISE
587736542556192932,10000,380054,760,CLOCKWISE
587736542557044885,10000,380062,1684,CLOCKWISE
587736542557176092,10000,378637,2700,ANTICLOCKWISE
587736542557700365,10000,378641,16500,ANTICLOCKWISE
587736542557700406,10000,378642,1405,CLOCKWISE
587736542558290179,10000,377220,12367,ANTICLOCKWISE
587736542558683370,10000,377224,1129,CLOCKWISE
587736542558879911,10000,375797,3835,ANTICLOCKWISE
587736542558880088,10000,377226,811,ANTICLOCKWISE
587736542559338739,10000,375802,353,CLOCKWISE
587736542559404058,10000,375802,3294,ANTICLOCKWISE
587736542559994173,10000,375808,1355,ANTICLOCKWISE
587736542561370549,10000,372962,278,ANTICLOCKWISE
587736542563139875,10000,370116,6486,CLOCKWISE
587736542563664265,10000,370122,1022,CLOCKWISE
587736542564778162,10000,367268,1193,CLOCKWISE
587736542564975007,10000,367269,6358,CLOCKWISE
587736542565368220,10000,367273,4803,CLOCKWISE
587736542566154616,10000,364413,8076,CLOCKWISE
587736542566482306,10000,362982,5814,CLOCKWISE
587736542566547738,10000,364417,2236,ANTICLOCKWISE
587736542566744551,10000,362985,3329,CLOCKWISE
587736542567858590,10000,361560,2670,CLOCKWISE
587736543084740790,10000,389931,3687,ANTICLOCKWISE
587736543084806334,10000,389932,3165,CLOCKWISE
587736543086444752,10000,389947,3237,ANTICLOCKWISE
587736543086772366,10000,389950,2320,ANTICLOCKWISE
587736543087689901,10000,388539,5183,CLOCKWISE
587736543088410816,10000,387126,1442,CLOCKWISE
587736543090114839,10000,385720,5877,CLOCKWISE
587736543090311257,10000,385723,692,ANTICLOCKWISE
587736543090638968,10000,384303,4141,CLOCKWISE
587736543090770099,10000,384304,5237,CLOCKWISE
587736543093260619,10000,381481,832,CLOCKWISE
587736543093457128,10000,382906,3357,CLOCKWISE
587736543094440222,10000,381491,8378,ANTICLOCKWISE
587736543095095517,10000,380072,11314,ANTICLOCKWISE
587736543095357572,10000,380075,705,ANTICLOCKWISE
587736543095423185,10000,380075,6543,ANTICLOCKWISE
587736543095619808,10000,378651,4469,ANTICLOCKWISE
587736543095947447,10000,378654,2354,CLOCKWISE
587736543096078579,10000,378655,3934,ANTICLOCKWISE
587736543096668384,10000,377234,1510,CLOCKWISE
587736543096799408,10000,377235,2157,ANTICLOCKWISE
587736543096996118,10000,377237,3686,CLOCKWISE
587736543096996183,10000,377237,4560,ANTICLOCKWISE
587736543097127196,10000,377238,2170,ANTICLOCKWISE
587736543098503412,10000,374394,1335,CLOCKWISE
587736543098765599,10000,374396,4259,CLOCKWISE
587736543099158838,10000,374400,2501,CLOCKWISE
587736543100076144,10000,372978,5153,CLOCKWISE
587736543100404147,10000,371551,5303,ANTICLOCKWISE
587736543100535242,10000,371553,615,CLOCKWISE
587736543100666106,10000,371553,5683,ANTICLOCKWISE
587736543100666193,10000,371554,522,CLOCKWISE
587736543100993916,10000,370126,1015,CLOCKWISE
587736543102894542,10000,367279,9864,CLOCKWISE
587736543103943093,10000,365856,3812,CLOCKWISE
587736543104860800,10000,362996,6201,ANTICLOCKWISE
587736543621415004,10000,392764,4182,CLOCKWISE
587736543622004918,10000,391353,2102,CLOCKWISE
587736543622725766,10000,391359,4669,CLOCKWISE
587736543622725866,10000,391359,5026,ANTICLOCKWISE
587736543623577785,10000,391367,5262,ANTICLOCKWISE
587736543624102148,10000,391372,4016,CLOCKWISE
587736543624102221,10000,391372,5501,CLOCKWISE
587736543624167645,10000,391373,1829,ANTICLOCKWISE
587736543624167670,10000,389955,2296,CLOCKWISE
587736543624626352,10000,389959,2464,CLOCKWISE
587736543625216173,10000,389964,3615,CLOCKWISE
587736543626461373,10000,388557,2381,ANTICLOCKWISE
587736543627051195,10000,388562,5386,ANTICLOCKWISE
587736543627444362,10000,387146,303,CLOCKWISE
587736543627772072,10000,387149,585,CLOCKWISE
587736543628427431,10000,387155,1543,ANTICLOCKWISE
587736543629410464,10000,385743,752,ANTICLOCKWISE
587736543629672610,10000,385745,3205,CLOCKWISE
587736543631507556,10000,382917,6450,ANTICLOCKWISE
587736543631573236,10000,382918,6296,CLOCKWISE
587736543633670385,10000,380088,2643,ANTICLOCKWISE
587736543634522457,10000,378670,2125,ANTICLOCKWISE
587736545237926110,10000,358617,680,ANTICLOCKWISE
587736545238057187,10000,358618,917,CLOCKWISE
587736545238516027,10000,358622,6156,CLOCKWISE
587736545239105769,10000,357191,6618,ANTICLOCKWISE
587736545775583637,10000,360060,7193,CLOCKWISE
587736545776238882,10000,358630,592,ANTICLOCKWISE
587736545776894243,10000,357200,1876,ANTICLOCKWISE
587736545778073844,10000,357210,5494,CLOCKWISE
587736545778532587,10000,355778,9327,ANTICLOCKWISE
587736545780105453,10000,354354,2474,ANTICLOCKWISE
587736545781940537,10000,351495,1984,ANTICLOCKWISE
587736545782202536,10000,350059,5250,CLOCKWISE
587736546309046366,10000,365768,291,ANTICLOCKWISE
587736546309308631,10000,365770,1615,CLOCKWISE
587736546309308666,10000,365770,2456,ANTICLOCKWISE
587736546309439719,10000,365771,3580,ANTICLOCKWISE
587736546309964035,10000,364342,2706,ANTICLOCKWISE
587736546310816013,10000,364350,1608,CLOCKWISE
587736546312454552,10000,361496,10028,CLOCKWISE
587736546312651095,10000,361498,5506,CLOCKWISE
587736546313175407,10000,361502,6160,ANTICLOCKWISE
587736546313306561,10000,361504,2476,ANTICLOCKWISE
587736546313437298,10000,360069,3045,ANTICLOCKWISE
587736546313437304,10000,360069,2868,ANTICLOCKWISE
587736546314289457,10000,360077,883,CLOCKWISE
587736546314486093,10000,360078,5150,ANTICLOCKWISE
587736546314879290,10000,358646,1902,ANTICLOCKWISE
587736546314879354,10000,360082,3303,ANTICLOCKWISE
587736546315272208,10000,358649,8483,CLOCKWISE
587736546315469040,10000,358651,6723,ANTICLOCKWISE
587736546315665787,10000,358653,8836,ANTICLOCKWISE
587736546316452142,10000,357224,8266,ANTICLOCKWISE
587736546316517807,10000,357225,6997,ANTICLOCKWISE
587736546319204994,10000,352937,2765,ANTICLOCKWISE
587736546846572812,10000,367207,811,ANTICLOCKWISE
587736546847359332,10000,367214,2402,ANTICLOCKWISE
587736546847949267,10000,365786,5630,ANTICLOCKWISE
587736546848276701,10000,365789,3435,ANTICLOCKWISE
587736546848932178,10000,365795,10358,ANTICLOCKWISE
587736546849325342,10000,364365,2447,CLOCKWISE
587736546849390881,10000,364365,9467,ANTICLOCKWISE
587736546849718576,10000,364368,8850,CLOCKWISE
587736546850111848,10000,364372,4313,CLOCKWISE
587736546850373905,10000,364374,5679,CLOCKWISE
587736546850636072,10000,362943,743,ANTICLOCKWISE
587736546851094842,10000,362947,1406,CLOCKWISE
587736546851357210,10000,361515,142,CLOCKWISE
587736546852864114,10000,360092,10621,CLOCKWISE
587736546854830456,10000,357238,4215,ANTICLOCKWISE
587736546854896157,10000,357239,2866,CLOCKWISE
587736546854961504,10000,357239,3867,ANTICLOCKWISE
587736546854961587,10000,357239,5076,ANTICLOCKWISE
587736546855485688,10000,355808,4495,CLOCKWISE
587736547382853974,10000,370065,5214,ANTICLOCKWISE
587736547382919364,10000,371496,4856,ANTICLOCKWISE
587736547383771368,10000,368642,140,ANTICLOCKWISE
587736547383967989,10000,370076,918,CLOCKWISE
587736547385213253,10000,368655,686,ANTICLOCKWISE
587736547386523891,10000,367234,14254,ANTICLOCKWISE
587736547386523982,10000,367235,2266,CLOCKWISE
587736547386589459,10000,365802,12394,ANTICLOCKWISE
587736547386982791,10000,367239,3783,CLOCKWISE
587736547388227681,10000,364383,6461,CLOCKWISE
587736547388293578,10000,364384,4387,ANTICLOCKWISE
587736547389997305,10000,361531,4547,ANTICLOCKWISE
587736547392356858,10000,358680,7988,CLOCKWISE
587736584431403189,10000,518416,4109,ANTICLOCKWISE
587736584431731023,10000,517228,3633,CLOCKWISE
587736584432320773,10000,513639,3181,ANTICLOCKWISE
587736584433238277,10000,510023,3495,ANTICLOCKWISE
587736584435073365,10000,498983,3226,CLOCKWISE
587736584435532032,10000,496494,4885,CLOCKWISE
587736584435663080,10000,495245,2200,CLOCKWISE
587736584438087874,10000,481310,204,CLOCKWISE
587736584438481185,10000,478737,3620,ANTICLOCKWISE
587736584438677866,10000,477446,4269,CLOCKWISE
587736584439660790,10000,470953,1578,ANTICLOCKWISE
587736584440447274,10000,465709,3775,CLOCKWISE
587736584440709459,10000,463072,2285,ANTICLOCKWISE
587736584441364724,10000,459098,4206,CLOCKWISE
587736584968994893,10000,517232,2911,CLOCKWISE
587736584968995032,10000,517232,2771,CLOCKWISE
587736584969322707,10000,516040,1462,CLOCKWISE
587736584969322849,10000,516040,3061,CLOCKWISE
587736584970371405,10000,510026,1703,ANTICLOCKWISE
587736584973254866,10000,493998,2438,ANTICLOCKWISE
587736584973320378,10000,493998,4797,CLOCKWISE
587736584973779251,10000,490223,2585,CLOCKWISE
587736584974893301,10000,483875,2210,CLOCKWISE
587736584975024293,10000,482595,993,CLOCKWISE
587736584975024396,10000,482595,2479,ANTICLOCKWISE
587736584975286498,10000,481313,4522,CLOCKWISE
587736584975548623,10000,478739,4460,CLOCKWISE
587736584975745218,10000,477448,4823,CLOCKWISE
587736584975745313,10000,477448,7809,ANTICLOCKWISE
587736584975745322,10000,477448,5077,CLOCKWISE
587736584977056123,10000,469649,4871,ANTICLOCKWISE
587736584977383876,10000,465711,2320,CLOCKWISE
587736584978235751,10000,460428,849,CLOCKWISE
587736584978760086,10000,456440,1193,CLOCKWISE
587736584979939504,10000,448400,5270,CLOCKWISE
587736584980136361,10000,445702,1971,CLOCKWISE
587736584980922845,10000,440277,5786,ANTICLOCKWISE
587736585505603906,10000,519610,32,CLOCKWISE
587736585505800432,10000,518423,3844,ANTICLOCKWISE
587736585507373173,10000,511239,3578,ANTICLOCKWISE
587736585507766548,10000,508816,1050,ANTICLOCKWISE
587736585508880583,10000,502699,146,ANTICLOCKWISE
587736585509142676,10000,501466,2814,CLOCKWISE
587736585509142724,10000,501466,2307,ANTICLOCKWISE
587736585509535961,10000,498990,4054,ANTICLOCKWISE
587736585510125858,10000,495252,3608,ANTICLOCKWISE
587736585510715632,10000,491487,3877,ANTICLOCKWISE
587736585512812877,10000,478744,949,ANTICLOCKWISE
587736585513730060,10000,472262,2380,CLOCKWISE
587736585514320235,10000,468342,8578,CLOCKWISE
587736585514385753,10000,468343,3108,CLOCKWISE
587736585514385803,10000,468343,4764,CLOCKWISE
587736585515303296,10000,460430,4721,ANTICLOCKWISE
587736586046079077,10000,502702,3123,CLOCKWISE
587736586047127808,10000,496505,418,ANTICLOCKWISE
587736586047324286,10000,495256,629,ANTICLOCKWISE
587736586047914078,10000,491491,1080,ANTICLOCKWISE
587736586048503993,10000,487698,3636,CLOCKWISE
587736586048503997,10000,487698,4875,ANTICLOCKWISE
587736586048897334,10000,485156,3536,CLOCKWISE
587736586049290312,10000,482600,6707,ANTICLOCKWISE
587736586049683595,10000,480033,5725,ANTICLOCKWISE
587736586049880401,10000,478746,2348,ANTICLOCKWISE
587736586051452985,10000,468345,5082,CLOCKWISE
587736586051780997,10000,465718,1617,CLOCKWISE
587736586052174312,10000,461758,2281,ANTICLOCKWISE
587736586052698414,10000,459106,3226,CLOCKWISE
587736586054467804,10000,445708,2562,CLOCKWISE
587736586054795357,10000,442999,2645,ANTICLOCKWISE
587736586055254228,10000,438921,368,ANTICLOCKWISE
587736586582360246,10000,507605,2092,ANTICLOCKWISE
587736586582753397,10000,505161,4053,ANTICLOCKWISE
587736618247979243,10000,498983,1618,CLOCKWISE
587736618249748848,10000,487688,2831,ANTICLOCKWISE
587736618783277182,10000,508810,3081,ANTICLOCKWISE
587736618784063737,10000,503923,75,CLOCKWISE
587736618784391453,10000,502694,896,ANTICLOCKWISE
587736618784784586,10000,500224,3987,ANTICLOCKWISE
587736618784915710,10000,500226,285,ANTICLOCKWISE
587736618784981347,10000,498984,5445,CLOCKWISE
587736618789503209,10000,470954,918,CLOCKWISE
587736618789699606,10000,469646,4100,CLOCKWISE
587736618790551565,10000,464394,1839,ANTICLOCKWISE
587736618791927930,10000,453768,994,CLOCKWISE
587736618791928339,10000,453768,781,ANTICLOCKWISE
587736618791993649,10000,453768,3644,ANTICLOCKWISE
587736618792059124,10000,452428,4079,CLOCKWISE
587736618792059213,10000,452428,876,ANTICLOCKWISE
587736618793501341,10000,442994,578,ANTICLOCKWISE
587736618793566568,10000,441635,4177,ANTICLOCKWISE
587736618795598360,10000,425195,5056,CLOCKWISE
587736619320279244,10000,510028,261,CLOCKWISE
587736619320803508,10000,507598,1063,ANTICLOCKWISE
587736619320934587,10000,506377,4045,CLOCKWISE
587736619320934651,10000,506377,4836,ANTICLOCKWISE
587736619322376396,10000,497745,2358,ANTICLOCKWISE
587736619324276988,10000,486424,5337,ANTICLOCKWISE
587736619324539230,10000,485152,1059,ANTICLOCKWISE
587736619325391094,10000,480030,3091,CLOCKWISE
587736619326832905,10000,469649,6369,ANTICLOCKWISE
587736619327291827,10000,465712,5677,ANTICLOCKWISE
587736619327291944,10000,465712,7344,CLOCKWISE
587736619328209156,10000,459101,4243,ANTICLOCKWISE
587736619328668038,10000,456442,393,CLOCKWISE
587736619328668163,10000,456442,1062,ANTICLOCKWISE
587736619328864568,10000,453769,3293,ANTICLOCKWISE
587736619329061265,10000,453770,5640,ANTICLOCKWISE
587736619329388910,10000,451090,1027,ANTICLOCKWISE
587736619329782318,10000,448402,186,ANTICLOCKWISE
587736619330175385,10000,444350,358,CLOCKWISE
587736619330306460,10000,444351,997,ANTICLOCKWISE
587736619857215713,10000,511241,130,CLOCKWISE
587736619857740013,10000,508818,2411,ANTICLOCKWISE
587736619857805343,10000,508818,3215,CLOCKWISE
587736619860361232,10000,494003,1853,ANTICLOCKWISE
587736619861082396,10000,488965,1869,ANTICLOCKWISE
587736619862524260,10000,480033,3971,ANTICLOCKWISE
587736619862589703,10000,478744,3094,ANTICLOCKWISE
587736619863376234,10000,473565,3370,CLOCKWISE
587736619864096978,10000,468343,4580,ANTICLOCKWISE
587736619864752612,10000,464400,458,CLOCKWISE
587736619864883457,10000,463079,4162,CLOCKWISE
587736619866521975,10000,451093,132,CLOCKWISE
587736619866587563,10000,451093,4815,CLOCKWISE
587736619867374113,10000,444354,346,CLOCKWISE
587736619867570783,10000,442998,4279,ANTICLOCKWISE
587736619868160295,10000,438920,4982,ANTICLOCKWISE
587736619869405768,10000,427957,5248,ANTICLOCKWISE
587736620394414127,10000,511244,1750,CLOCKWISE
587736620396642345,10000,498996,660,ANTICLOCKWISE
587736620396642354,10000,498996,659,ANTICLOCKWISE
587736620397691032,10000,491491,3347,CLOCKWISE
587736620398739665,10000,485157,1573,ANTICLOCKWISE
587736620399198572,10000,482602,4102,ANTICLOCKWISE
587736620401295611,10000,468346,6939,ANTICLOCKWISE
587736620402934124,10000,456447,4242,ANTICLOCKWISE
587736751931523319,10000,510065,871,ANTICLOCKWISE
587736751931785484,10000,507633,357,CLOCKWISE
587736751932178612,10000,505189,592,ANTICLOCKWISE
587736751932244329,10000,503961,1115,CLOCKWISE
587736751932506305,10000,502731,3648,CLOCKWISE
587736751932834021,10000,500261,5066,ANTICLOCKWISE
587736751932965022,10000,499021,781,CLOCKWISE
587736751934210418,10000,488990,4234,CLOCKWISE
587736751934734707,10000,485179,1516,ANTICLOCKWISE
587736751935258920,10000,481341,4234,CLOCKWISE
587736751935324461,10000,481342,1807,CLOCKWISE
587736751935914289,10000,476183,1891,CLOCKWISE
587736751936963034,10000,467051,5447,ANTICLOCKWISE
587736752467673168,10000,516083,286,CLOCKWISE
587736752467673179,10000,516083,285,CLOCKWISE
587736752467673368,10000,516083,287,ANTICLOCKWISE
587736752468066527,10000,513687,3074,CLOCKWISE
587736752472129864,10000,482626,1464,CLOCKWISE
587736752472457349,10000,480058,2441,ANTICLOCKWISE
587736752472785164,10000,477479,1742,ANTICLOCKWISE
587736752472785273,10000,477478,6915,ANTICLOCKWISE
587736752472850904,10000,477479,4707,ANTICLOCKWISE
587736752472850982,10000,476184,3493,ANTICLOCKWISE
587736752473768026,10000,469676,2898,CLOCKWISE
587736752476062363,10000,448422,128,CLOCKWISE
587736753005461716,10000,511279,5653,CLOCKWISE
587736753005789403,10000,508855,3717,CLOCKWISE
587736753006247948,10000,506418,4741,CLOCKWISE
587736753006313724,10000,505194,1161,ANTICLOCKWISE
587736753009918074,10000,476186,5764,ANTICLOCKWISE
587736753011229056,10000,465740,5396,ANTICLOCKWISE
587736753011622403,10000,461780,6867,CLOCKWISE
587736753012408809,10000,455132,4662,ANTICLOCKWISE
587736753012932919,10000,451114,1155,ANTICLOCKWISE
587736753541873851,10000,516088,1871,ANTICLOCKWISE
587736753542856979,10000,508858,1146,ANTICLOCKWISE
587736753545216361,10000,491524,3223,CLOCKWISE
587736753547313367,10000,473594,234,ANTICLOCKWISE
587736781460537608,10000,501497,2651,CLOCKWISE
587736781995901133,10000,512481,3594,CLOCKWISE
587736781996949666,10000,505189,3429,CLOCKWISE
587736781997867223,10000,499022,3914,ANTICLOCKWISE
587736781997932745,10000,499023,2243,CLOCKWISE
587736781997998369,10000,497779,744,CLOCKWISE
587736781998588083,10000,494032,931,CLOCKWISE
587736781999374764,10000,486453,2891,ANTICLOCKWISE
587736782000029904,10000,482625,2517,ANTICLOCKWISE
587736782001340680,10000,470981,5034,CLOCKWISE
587736782001340710,10000,470982,1956,CLOCKWISE
587736782002454831,10000,461778,1725,ANTICLOCKWISE
587736782002586073,10000,460452,1149,CLOCKWISE
587736782002716755,10000,459124,2604,ANTICLOCKWISE
587736782004290060,10000,445723,4465,CLOCKWISE
587736782533165238,10000,512485,1309,CLOCKWISE
587736782533689503,10000,508855,705,CLOCKWISE
587736782537294293,10000,480059,901,ANTICLOCKWISE
587736782537359716,10000,480059,3449,CLOCKWISE
587736782537949675,10000,474890,2194,ANTICLOCKWISE
587736782540898630,10000,449769,569,ANTICLOCKWISE
587736782541029827,10000,448423,4509,CLOCKWISE
587736782541095133,10000,448424,3621,CLOCKWISE
587736782541423078,10000,445726,4760,ANTICLOCKWISE
587736783069511907,10000,517280,2563,CLOCKWISE
587736783071281360,10000,503967,2795,ANTICLOCKWISE
587736783076720677,10000,460456,6482,ANTICLOCKWISE
587736783076720687,10000,460456,6688,ANTICLOCKWISE
587736783076786491,10000,460457,3730,ANTICLOCKWISE
587736783077704151,10000,451114,3362,ANTICLOCKWISE
587736783609987215,10000,491524,4992,ANTICLOCKWISE
587736803471851619,10000,411058,4181,CLOCKWISE
587736803471851630,10000,411058,4541,ANTICLOCKWISE
587736803473162372,10000,409671,3975,CLOCKWISE
587736804008656970,10000,413853,1610,CLOCKWISE
587736804545396877,10000,415246,4636,ANTICLOCKWISE
587736804545593484,10000,416641,2685,ANTICLOCKWISE
587736805619007655,10000,420810,4744,CLOCKWISE
587736805619073197,10000,420811,3797,ANTICLOCKWISE
587736805619335268,10000,419424,4515,ANTICLOCKWISE
587736807227064337,10000,405490,715,ANTICLOCKWISE
587736807761903848,10000,409679,4937,ANTICLOCKWISE
587736807762362573,10000,408283,704,ANTICLOCKWISE
587736807763017894,10000,408289,1079,ANTICLOCKWISE
587736807764000871,10000,408297,5257,ANTICLOCKWISE
587736807766360175,10000,404108,308,ANTICLOCKWISE
587736807767212174,10000,402708,4288,ANTICLOCKWISE
587736807767277738,10000,402709,868,ANTICLOCKWISE
587736807767343288,10000,402709,6620,CLOCKWISE
587736807770947696,10000,395689,5600,ANTICLOCKWISE
587736807772258516,10000,392871,946,ANTICLOCKWISE
587736808298446903,10000,412473,4134,CLOCKWISE
587736808298774645,10000,411078,5042,ANTICLOCKWISE
587736808301985815,10000,408308,389,CLOCKWISE
587736808304017526,10000,405519,4013,CLOCKWISE
587736808304410783,10000,404118,2657,ANTICLOCKWISE
587736808304541872,10000,405524,5454,CLOCKWISE
587736808304607241,10000,405525,137,CLOCKWISE
587736808305721508,10000,401315,2502,CLOCKWISE
587736808306442402,10000,401322,2393,ANTICLOCKWISE
587736808307097966,10000,399919,3415,CLOCKWISE
587736808307163345,10000,399920,1607,ANTICLOCKWISE
587736808307294434,10000,399921,1645,ANTICLOCKWISE
587736808836497549,10000,413881,1602,ANTICLOCKWISE
587736808838857357,10000,409709,2222,CLOCKWISE
587736808839118970,10000,409711,2482,ANTICLOCKWISE
587736808839512181,10000,409715,1287,CLOCKWISE
587736808840429811,10000,408322,5058,CLOCKWISE
587736808840953995,10000,408327,1463,ANTICLOCKWISE
587736808842002462,10000,405530,63,CLOCKWISE
587736808842461283,10000,404129,3578,ANTICLOCKWISE
587736808844427277,10000,401332,2288,CLOCKWISE
587736808844820671,10000,399927,3087,ANTICLOCKWISE
587736809373565157,10000,415278,2673,CLOCKWISE
587736809374023798,10000,415282,3125,ANTICLOCKWISE
587736809375400111,10000,412503,1832,ANTICLOCKWISE
587736809375989868,10000,412508,2592,CLOCKWISE
587736809376514212,10000,411115,2855,ANTICLOCKWISE
587736809376645397,10000,411116,2522,CLOCKWISE
587736809377431788,10000,411123,5182,CLOCKWISE
587736809379594440,10000,406940,4567,ANTICLOCKWISE
587736809380315320,10000,405543,2715,CLOCKWISE
587736809380839625,10000,405548,1476,ANTICLOCKWISE
587736809382084818,10000,401340,182,CLOCKWISE
587736809382412529,10000,401343,243,ANTICLOCKWISE
587736809382740128,10000,401345,4509,ANTICLOCKWISE
587736809912598603,10000,415297,5203,CLOCKWISE
587736809912991823,10000,413906,4159,ANTICLOCKWISE
587736809913516165,10000,413911,3087,CLOCKWISE
587736809913581713,10000,413912,1280,ANTICLOCKWISE
587736809914106020,10000,412520,1332,ANTICLOCKWISE
587736809915220099,10000,412530,1361,ANTICLOCKWISE
587736809915744441,10000,409738,2737,CLOCKWISE
587736809916203017,10000,409742,1168,CLOCKWISE
587736809916399788,10000,409744,2159,CLOCKWISE
587736809917448401,10000,408353,393,ANTICLOCKWISE
587736809918234812,10000,405553,1713,ANTICLOCKWISE
587736812057788714,10000,390050,3775,ANTICLOCKWISE
587736812058247432,10000,388635,5551,CLOCKWISE
587736812058443936,10000,388637,3560,ANTICLOCKWISE
587736812058902723,10000,387221,4160,CLOCKWISE
587736812061196523,10000,381552,4080,CLOCKWISE
587736812061589580,10000,381556,2463,ANTICLOCKWISE
587736812061655546,10000,380132,1461,ANTICLOCKWISE
587736812062179748,10000,378711,2394,ANTICLOCKWISE
587736812062900617,10000,377290,4735,ANTICLOCKWISE
587736812593414389,10000,395705,689,ANTICLOCKWISE
587736812593479867,10000,394290,3489,CLOCKWISE
587736812593807505,10000,394294,74,CLOCKWISE
587736812594004194,10000,392879,4001,ANTICLOCKWISE
587736812594200705,10000,392881,1284,ANTICLOCKWISE
587736812594528439,10000,392884,1084,ANTICLOCKWISE
587736812599443764,10000,380140,3582,CLOCKWISE
587736812599509426,10000,380141,3804,CLOCKWISE
587736812600033704,10000,378719,5845,CLOCKWISE
587736812601737340,10000,374451,12848,CLOCKWISE
587736812601737361,10000,374451,12971,CLOCKWISE
587736812602655225,10000,371600,2946,CLOCKWISE
587736813130416287,10000,397118,5494,CLOCKWISE
587736813131792577,10000,394304,272,CLOCKWISE
587736813132448030,10000,392893,6325,CLOCKWISE
587736813133365401,10000,390067,2359,ANTICLOCKWISE
587736813134348579,10000,388657,5208,ANTICLOCKWISE
587736813137101286,10000,380148,1037,CLOCKWISE
587736813138149903,10000,377305,1100,CLOCKWISE
587736813139264080,10000,374458,2297,ANTICLOCKWISE
587736813398589511,10000,397116,4389,ANTICLOCKWISE
587736813668073550,10000,397126,1160,ANTICLOCKWISE
587736813669056829,10000,395722,6664,CLOCKWISE
587736813671022837,10000,390074,6266,ANTICLOCKWISE
587736813672923309,10000,385832,3738,CLOCKWISE
587736813674430866,10000,381577,2639,CLOCKWISE
587736813674954973,10000,380157,3616,ANTICLOCKWISE
587736814204485837,10000,399945,2232,ANTICLOCKWISE
587736814204551398,10000,399946,1265,CLOCKWISE
587736897962377339,10000,496508,4156,ANTICLOCKWISE
587736897963032807,10000,492753,2101,ANTICLOCKWISE
587736897964278022,10000,483882,5439,ANTICLOCKWISE
587736897964867747,10000,480036,3968,ANTICLOCKWISE
587736897964999053,10000,478748,5250,CLOCKWISE
587736897965064479,10000,478749,1679,ANTICLOCKWISE
587736897965588875,10000,474868,3010,CLOCKWISE
587736897967030695,10000,464402,2893,CLOCKWISE
587736898499051769,10000,499000,646,CLOCKWISE
587736898500493490,10000,490236,1138,ANTICLOCKWISE
587736898501476547,10000,483886,3944,ANTICLOCKWISE
587736898501607737,10000,482606,3817,CLOCKWISE
587736898502066426,10000,480040,1347,CLOCKWISE
587736898502132049,10000,478751,3898,CLOCKWISE
587736898502394022,10000,477461,645,CLOCKWISE
587736898503770472,10000,467037,4097,ANTICLOCKWISE
587736898504098100,10000,464404,4982,CLOCKWISE
587736899037430030,10000,491500,4414,CLOCKWISE
587736899038281940,10000,486438,7547,CLOCKWISE
587736899038413052,10000,483887,3934,ANTICLOCKWISE
587736899039592838,10000,476169,5511,ANTICLOCKWISE
587736899039658204,10000,476169,5815,CLOCKWISE
587736899040051473,10000,473574,4745,CLOCKWISE
587736899040444606,10000,469660,5840,CLOCKWISE
587736899573842188,10000,496518,473,ANTICLOCKWISE
587736899575611609,10000,485168,4916,ANTICLOCKWISE
587736899576004970,10000,481330,4614,CLOCKWISE
587736899577971057,10000,467043,1652,ANTICLOCKWISE
587736914600788063,10000,404103,1243,CLOCKWISE
587736914601443582,10000,402702,3929,CLOCKWISE
587736914602164319,10000,401300,5569,ANTICLOCKWISE
587736914603213018,10000,399901,1856,CLOCKWISE
587736914603802926,10000,399906,5752,ANTICLOCKWISE
587736914603999465,10000,398498,570,CLOCKWISE
587736914604064971,10000,398498,4476,ANTICLOCKWISE
587736914604065133,10000,398498,4529,ANTICLOCKWISE
587736914604523734,10000,398502,5964,ANTICLOCKWISE
587736914605375773,10000,395686,51,ANTICLOCKWISE
587736914606096600,10000,394277,3259,CLOCKWISE
587736914606883069,10000,392868,3462,ANTICLOCKWISE
587736914610094641,10000,385803,1945,CLOCKWISE
587736915137724520,10000,406912,4703,CLOCKWISE
587736915139100798,10000,402709,2915,ANTICLOCKWISE
587736915140215033,10000,402720,1188,ANTICLOCKWISE
587736915140804835,10000,401317,1713,CLOCKWISE
587736915141853430,10000,398507,1667,ANTICLOCKWISE
587736915142377698,10000,397099,5228,ANTICLOCKWISE
587736915142443214,10000,398512,2455,ANTICLOCKWISE
587736915143753884,10000,394284,2449,CLOCKWISE
587736915144212733,10000,394288,5790,ANTICLOCKWISE
587736915148210474,10000,385814,4360,ANTICLOCKWISE
587736915148734864,10000,382974,4391,CLOCKWISE
587736915149521220,10000,381557,3371,CLOCKWISE
587736915150569991,10000,378716,3369,ANTICLOCKWISE
587736915150766288,10000,378718,2771,ANTICLOCKWISE
587736915150963208,10000,377293,2517,CLOCKWISE
587736915153519217,10000,370168,7338,CLOCKWISE
587736915674529893,10000,408315,532,CLOCKWISE
587736915675119845,10000,408320,4639,ANTICLOCKWISE
587736915676233952,10000,405524,1196,CLOCKWISE
587736915676299414,10000,405524,1277,CLOCKWISE
587736915676364895,10000,405525,677,ANTICLOCKWISE
587736915676758185,10000,405528,2686,CLOCKWISE
587736915676954807,10000,404125,2518,CLOCKWISE
587736915677872418,10000,402727,3000,ANTICLOCKWISE
587736915678855391,10000,401328,229,ANTICLOCKWISE
587736915679445228,10000,399924,3128,ANTICLOCKWISE
587736915679903939,10000,398518,631,ANTICLOCKWISE
587736915680166140,10000,398520,1872,ANTICLOCKWISE
587736915680821421,10000,397114,161,ANTICLOCKWISE
587736915680952589,10000,397115,4337,ANTICLOCKWISE
587736915681083712,10000,395704,1037,ANTICLOCKWISE
587736915681214672,10000,397118,911,ANTICLOCKWISE
587736915681214771,10000,395704,6593,ANTICLOCKWISE
587736915681476781,10000,395707,2240,CLOCKWISE
587736915682066587,10000,394297,5658,CLOCKWISE
587736915683246411,10000,391475,6646,ANTICLOCKWISE
587736915684032758,10000,390065,563,CLOCKWISE
587736915684622786,10000,388651,2822,ANTICLOCKWISE
587736915685736892,10000,385820,5591,CLOCKWISE
587736915686064471,10000,384401,4603,ANTICLOCKWISE
587736915686523250,10000,384405,5796,CLOCKWISE
587736915686785439,10000,381561,4481,ANTICLOCKWISE
587736915687374970,10000,381566,5044,CLOCKWISE
587736915687506309,10000,381567,6067,CLOCKWISE
587736915690193422,10000,373027,10495,CLOCKWISE
587736916211990663,10000,409721,4054,ANTICLOCKWISE
587736916213366905,10000,406930,1374,ANTICLOCKWISE
587736916213957009,10000,406936,185,CLOCKWISE
587736916214218925,10000,406938,1282,CLOCKWISE
587736916215398524,10000,404140,1303,ANTICLOCKWISE
587736916215464120,10000,404140,3932,ANTICLOCKWISE
587736916215595230,10000,404142,487,CLOCKWISE
587736916215660777,10000,404142,3043,CLOCKWISE
587736916216250695,10000,402741,1541,ANTICLOCKWISE
587736916216316159,10000,402741,4332,ANTICLOCKWISE
587736916216447192,10000,401334,4481,ANTICLOCKWISE
587736916216512715,10000,401335,2474,CLOCKWISE
587736916217495780,10000,399935,4718,CLOCKWISE
587736916217889084,10000,398528,3408,CLOCKWISE
587736916218609884,10000,398534,4186,CLOCKWISE
587736916219461991,10000,395718,272,ANTICLOCKWISE
587736916219723855,10000,395720,495,ANTICLOCKWISE
587736916220051682,10000,394308,3823,ANTICLOCKWISE
587736916220969357,10000,391484,363,ANTICLOCKWISE
587736916221231259,10000,391486,2212,CLOCKWISE
587736916221493587,10000,390070,3639,ANTICLOCKWISE
587736916223328593,10000,385827,4792,ANTICLOCKWISE
587736916223394212,10000,385828,2654,CLOCKWISE
587736916224901649,10000,381572,6464,CLOCKWISE
587736916225360224,10000,380152,1818,CLOCKWISE
587736916752597165,10000,405547,4939,CLOCKWISE
587736916752597171,10000,405547,5023,ANTICLOCKWISE
587736916753449183,10000,404151,1686,ANTICLOCKWISE
587736916753580300,10000,404152,1524,CLOCKWISE
587736916754169977,10000,402750,2480,CLOCKWISE
587736916754170093,10000,402751,950,ANTICLOCKWISE
587736916755022134,10000,399942,184,ANTICLOCKWISE
587736916755480798,10000,399945,3904,CLOCKWISE
587736916755939625,10000,398539,2824,ANTICLOCKWISE
587736916757053549,10000,395724,4160,ANTICLOCKWISE
587736916758167906,10000,392903,4865,ANTICLOCKWISE
587736916758561186,10000,392907,3303,CLOCKWISE
587736916758626580,10000,392907,6241,CLOCKWISE
587736916759478523,10000,390080,4330,CLOCKWISE
587736916759675317,10000,388664,78,ANTICLOCKWISE
587736916759740889,10000,388664,4572,CLOCKWISE
587736916761837913,10000,382997,4380,CLOCKWISE
587736916762034702,10000,383000,246,ANTICLOCKWISE
587736916762427983,10000,381579,1492,ANTICLOCKWISE
587736917286715519,10000,412527,4026,CLOCKWISE
587736917288091813,10000,409743,1467,ANTICLOCKWISE
587736918894772418,10000,495259,3908,CLOCKWISE
587736918895493496,10000,490233,3084,ANTICLOCKWISE
587736919432953916,10000,487704,3626,ANTICLOCKWISE
587736919433281731,10000,485161,894,CLOCKWISE
587736919433806197,10000,481323,2239,CLOCKWISE
587736919434264977,10000,477458,1925,CLOCKWISE
587736919434526822,10000,476165,4502,ANTICLOCKWISE
587736919435706660,10000,467035,3717,ANTICLOCKWISE
587736919436558662,10000,460435,4415,ANTICLOCKWISE
587736919437738365,10000,451095,939,CLOCKWISE
587736919437869516,10000,449751,4920,ANTICLOCKWISE
587736919437935152,10000,449751,6562,ANTICLOCKWISE
587736919438066047,10000,449752,5521,CLOCKWISE
587736919438852534,10000,443000,4862,ANTICLOCKWISE
587736919439573447,10000,437559,5678,ANTICLOCKWISE
587736919968579792,10000,497759,4331,CLOCKWISE
587736919968645138,10000,496513,642,CLOCKWISE
587736919969366411,10000,491498,3129,ANTICLOCKWISE
587736919969497278,10000,491499,2857,CLOCKWISE
587736919970087081,10000,486435,5386,CLOCKWISE
587736919970087083,10000,486435,5461,CLOCKWISE
587736919970087354,10000,487707,5564,ANTICLOCKWISE
587736919973232915,10000,464406,226,CLOCKWISE
587736919973757224,10000,460439,1808,ANTICLOCKWISE
587736919973822787,10000,459110,4706,ANTICLOCKWISE
587736919974543466,10000,453779,817,ANTICLOCKWISE
587736920504795388,10000,503945,2414,CLOCKWISE
587736920506695761,10000,490240,1117,CLOCKWISE
587736920506761280,10000,490240,5695,CLOCKWISE
587736920507679140,10000,483890,2737,ANTICLOCKWISE
587736920507875684,10000,482611,1198,CLOCKWISE
587736920509907321,10000,467041,449,CLOCKWISE
587736920510038389,10000,467041,5838,ANTICLOCKWISE
587736920512004691,10000,451101,3271,ANTICLOCKWISE
587736920512725286,10000,445715,395,CLOCKWISE
587736921042125147,10000,502718,4832,CLOCKWISE
587736921042190662,10000,501484,3609,ANTICLOCKWISE
587736921044222219,10000,487712,573,ANTICLOCKWISE
587736921044287841,10000,487712,5158,CLOCKWISE
587736921044484443,10000,486442,4982,CLOCKWISE
587736921044877653,10000,482613,275,ANTICLOCKWISE
587736921045598443,10000,477466,3792,ANTICLOCKWISE
587736921046254174,10000,472276,396,CLOCKWISE
587736921047040275,10000,467043,5201,ANTICLOCKWISE
587736921047368154,10000,464410,4810,CLOCKWISE
587736940372033599,10000,518392,1955,ANTICLOCKWISE
587736940372164747,10000,518393,3120,ANTICLOCKWISE
587736940372492618,10000,517205,2271,CLOCKWISE
587736940372623544,10000,516011,2224,CLOCKWISE
587736940372820075,10000,514815,1472,CLOCKWISE
587736940373409890,10000,512414,1542,ANTICLOCKWISE
587736940374720675,10000,507572,1534,ANTICLOCKWISE
587736940374786215,10000,506351,735,ANTICLOCKWISE
587736940374982761,10000,505126,4407,ANTICLOCKWISE
587736940375834851,10000,502674,348,ANTICLOCKWISE
587736940376293537,10000,500205,2717,ANTICLOCKWISE
587736940376490133,10000,498965,2045,CLOCKWISE
587736940377407681,10000,493977,1566,ANTICLOCKWISE
587736940908576991,10000,520762,78,ANTICLOCKWISE
587736940909035538,10000,519582,264,CLOCKWISE
587736940909363348,10000,518397,1348,CLOCKWISE
587736940909494472,10000,517206,2419,ANTICLOCKWISE
587736940909756621,10000,517209,1457,CLOCKWISE
587736940912246962,10000,506356,2804,CLOCKWISE
587736940912312508,10000,506357,2414,ANTICLOCKWISE
587736940912377971,10000,505131,4316,ANTICLOCKWISE
587736940912574537,10000,505133,2842,CLOCKWISE
587736940912705670,10000,503906,1066,ANTICLOCKWISE
587736940913885283,10000,498971,454,CLOCKWISE
587736940913950872,10000,497726,3304,CLOCKWISE
587736940914278663,10000,496481,4893,ANTICLOCKWISE
587736941445709912,10000,523121,527,ANTICLOCKWISE
587736941447479476,10000,514824,2529,CLOCKWISE
587736941447676171,10000,514826,2176,ANTICLOCKWISE
587736941448462403,10000,511219,1128,CLOCKWISE
587736941449052341,10000,508796,3685,ANTICLOCKWISE
587736941449314544,10000,507580,4307,ANTICLOCKWISE
587736941449904273,10000,503909,2517,ANTICLOCKWISE
587736941450887470,10000,500214,2882,ANTICLOCKWISE
587736941451018287,10000,498973,4368,ANTICLOCKWISE
587736941984022634,10000,518406,3014,CLOCKWISE
587736941986119822,10000,508799,770,ANTICLOCKWISE
587736941986250829,10000,508800,1169,ANTICLOCKWISE
587736941986971868,10000,505140,3061,ANTICLOCKWISE
587736941987365153,10000,502684,473,ANTICLOCKWISE
587736941987758384,10000,501452,2821,CLOCKWISE
587736941988806967,10000,496490,640,CLOCKWISE
587736941989068891,10000,493987,2945,CLOCKWISE
587736941989134444,10000,492731,3433,CLOCKWISE
587736941989658932,10000,490213,4502,CLOCKWISE
587736941990707581,10000,485142,1838,CLOCKWISE
587736941991690537,10000,478732,900,CLOCKWISE
587736941992542597,10000,473553,4597,ANTICLOCKWISE
587736941994049993,10000,463068,2178,ANTICLOCKWISE
587736941994246663,10000,463070,1939,CLOCKWISE
587736941994311964,10000,463070,4679,CLOCKWISE
587736941994377449,10000,461747,3852,CLOCKWISE
587736941994770839,10000,459095,3649,CLOCKWISE
587736941995360621,10000,455101,1854,ANTICLOCKWISE
587736941995557227,10000,453763,4414,ANTICLOCKWISE
587736941995557310,10000,453764,1368,CLOCKWISE
587736941995819581,10000,452425,5576,ANTICLOCKWISE
587736941996147078,10000,449740,4684,ANTICLOCKWISE
587736941996343557,10000,448395,4452,CLOCKWISE
587736941996671471,10000,445698,3311,ANTICLOCKWISE
587736941997195908,10000,441632,2136,ANTICLOCKWISE
587736941999227615,10000,426573,4692,CLOCKWISE
587736942521417800,10000,517219,3265,ANTICLOCKWISE
587736942522401014,10000,513634,4064,CLOCKWISE
587736942523318370,10000,510018,2348,ANTICLOCKWISE
587736942524104898,10000,505143,2258,ANTICLOCKWISE
587736942524235999,10000,505144,3649,CLOCKWISE
587736942524825727,10000,501454,3304,ANTICLOCKWISE
587736942524891377,10000,501455,2057,ANTICLOCKWISE
587736942525481135,10000,498981,330,CLOCKWISE
587736942526922927,10000,491480,4494,ANTICLOCKWISE
587736942526988476,10000,490217,4505,CLOCKWISE
587736942528495915,10000,481308,4596,CLOCKWISE
587736942528757993,10000,480023,4720,CLOCKWISE
587736942528888890,10000,478735,3574,ANTICLOCKWISE
587736942529478707,10000,474855,1850,CLOCKWISE
587736942529806385,10000,473557,4056,ANTICLOCKWISE
587736942532559272,10000,453765,4311,CLOCKWISE
587736942532690545,10000,453767,275,ANTICLOCKWISE
587736945739301370,10000,457780,136,ANTICLOCKWISE
587736945740874445,10000,447061,3591,ANTICLOCKWISE
587736946275910028,10000,463088,928,CLOCKWISE
587736946276237747,10000,459112,1210,ANTICLOCKWISE
587736946276499874,10000,457783,1994,ANTICLOCKWISE
587736946277548329,10000,449756,437,ANTICLOCKWISE
587736946278007254,10000,445713,2104,ANTICLOCKWISE
587736946278531532,10000,441647,1650,CLOCKWISE
587736946812584133,10000,465727,2904,ANTICLOCKWISE
587736946812715039,10000,465727,5195,CLOCKWISE
587736946814681404,10000,449759,3127,CLOCKWISE
587736962383937640,10000,509978,2650,ANTICLOCKWISE
587736962920087714,10000,513596,2008,CLOCKWISE
587736962920349838,10000,513599,1301,CLOCKWISE
587736962921136348,10000,511193,2460,CLOCKWISE
587736963457482813,10000,513601,2443,ANTICLOCKWISE
587736963457941633,10000,512401,313,CLOCKWISE
587736963458269352,10000,511196,3685,ANTICLOCKWISE
587736963458793610,10000,509989,1369,ANTICLOCKWISE
587736963459645641,10000,506340,4763,ANTICLOCKWISE
587736963994747036,10000,514807,1092,CLOCKWISE
587736963995992226,10000,509992,4335,ANTICLOCKWISE
587736963996254364,10000,508779,2549,CLOCKWISE
587736963996844142,10000,507565,3240,ANTICLOCKWISE
587736964532207778,10000,514813,1340,CLOCKWISE
587736964533649520,10000,508784,2040,ANTICLOCKWISE
587736975269494948,10000,496460,4036,ANTICLOCKWISE
587736975269626031,10000,495211,937,CLOCKWISE
587736975273230605,10000,477417,4515,CLOCKWISE
587736975274541299,10000,470927,476,ANTICLOCKWISE
587736975275327817,10000,465684,2122,ANTICLOCKWISE
587736975275524351,10000,464367,596,ANTICLOCKWISE
587736975277621531,10000,452406,1466,CLOCKWISE
587736975277621638,10000,452406,3802,ANTICLOCKWISE
587736975806038068,10000,498950,4495,CLOCKWISE
587736975806627942,10000,496463,1691,CLOCKWISE
587736975807217772,10000,493964,1610,CLOCKWISE
587736975808594199,10000,487662,2717,CLOCKWISE
587736975810167043,10000,478711,4266,CLOCKWISE
587736975810429142,10000,477420,4434,CLOCKWISE
587736975810560134,10000,477422,2222,CLOCKWISE
587736975810560203,10000,477422,1346,CLOCKWISE
587736975811084587,10000,473533,4627,CLOCKWISE
587736975811215599,10000,473534,4377,ANTICLOCKWISE
587736975811543239,10000,472234,3746,CLOCKWISE
587736975811674355,10000,470930,2853,ANTICLOCKWISE
587736975811936540,10000,469623,4087,ANTICLOCKWISE
587736975812329835,10000,467002,7014,ANTICLOCKWISE
587736975812526124,10000,467004,2275,ANTICLOCKWISE
587736975812984981,10000,463051,3998,ANTICLOCKWISE
587736975813378407,10000,460405,2610,ANTICLOCKWISE
587736975813509431,10000,460406,2016,CLOCKWISE
587736975814427128,10000,453747,1911,ANTICLOCKWISE
587736975815279018,10000,449726,4666,ANTICLOCKWISE
587736975815672130,10000,447033,7538,CLOCKWISE
587736976343302248,10000,500196,1638,CLOCKWISE
587736976343826640,10000,497714,3332,CLOCKWISE
587736976344219852,10000,495219,3789,CLOCKWISE
587736976345596190,10000,488933,89,CLOCKWISE
587736976346579176,10000,483848,5682,ANTICLOCKWISE
587736976347693228,10000,477424,3281,ANTICLOCKWISE
587736976348152083,10000,474836,3564,ANTICLOCKWISE
587736976348348639,10000,473537,3987,ANTICLOCKWISE
587736976348872945,10000,470933,3941,ANTICLOCKWISE
587736976349003990,10000,470934,4204,ANTICLOCKWISE
587736976349659434,10000,467007,5372,CLOCKWISE
587736976350183540,10000,463055,3248,CLOCKWISE
587736976350576876,10000,461735,1179,CLOCKWISE
587736976351035724,10000,457753,1061,CLOCKWISE
587736976351690958,10000,453751,2633,ANTICLOCKWISE
587736976352281035,10000,449728,5172,ANTICLOCKWISE
587736976352346441,10000,449728,5812,ANTICLOCKWISE
587736976352608607,10000,448384,572,ANTICLOCKWISE
587736976353395197,10000,442978,5851,ANTICLOCKWISE
587736976879190228,10000,506347,674,CLOCKWISE
587736976879321205,10000,505122,354,CLOCKWISE
587736976879517870,10000,503895,2718,CLOCKWISE
587736976880369811,10000,501436,1510,ANTICLOCKWISE
587736976881942788,10000,493974,561,ANTICLOCKWISE
587736976883384546,10000,485126,1952,ANTICLOCKWISE
587736976883384668,10000,485126,3288,ANTICLOCKWISE
587736976885154103,10000,476136,156,CLOCKWISE
587736976885219602,10000,476136,2605,CLOCKWISE
587736976886006208,10000,470936,4370,ANTICLOCKWISE
587736976886202773,10000,469629,5880,ANTICLOCKWISE
587736976888103146,10000,457755,3604,ANTICLOCKWISE
587736976889086271,10000,452415,7271,CLOCKWISE
587736976889544991,10000,449731,7060,ANTICLOCKWISE
587736976889741878,10000,448387,456,ANTICLOCKWISE
587736976890134770,10000,445690,1981,ANTICLOCKWISE
587736976890200596,10000,445691,127,ANTICLOCKWISE
587736977416847492,10000,505128,1690,ANTICLOCKWISE
587736977417240758,10000,502671,2501,CLOCKWISE
587736977419796513,10000,490203,2240,CLOCKWISE
587736977420189882,10000,488941,2076,CLOCKWISE
587736977424384135,10000,464381,1954,ANTICLOCKWISE
587736977425498545,10000,456427,5940,CLOCKWISE
587736977425891727,10000,455095,3456,CLOCKWISE
587736977425957141,10000,455096,409,ANTICLOCKWISE
587736977426415929,10000,451077,2928,ANTICLOCKWISE
587736977427267952,10000,445693,626,CLOCKWISE
587736980111884795,10000,512549,1791,ANTICLOCKWISE
587736980112212449,10000,508917,2398,CLOCKWISE
587736980649411165,10000,506480,4743,CLOCKWISE
587736980649476740,10000,506480,6195,CLOCKWISE
587736981186085527,10000,508921,2062,ANTICLOCKWISE
587736981186806501,10000,501564,6014,CLOCKWISE
587736981187527211,10000,495347,2985,ANTICLOCKWISE
587738371134390630,10000,450620,4636,CLOCKWISE
587738371134849402,10000,454648,2361,CLOCKWISE
587738371667066985,10000,421890,3791,CLOCKWISE
587738371668509268,10000,432934,6984,ANTICLOCKWISE
587738371669033305,10000,437046,2624,ANTICLOCKWISE
587738371669557791,10000,439779,4656,CLOCKWISE
587738371669950809,10000,442503,171,ANTICLOCKWISE
587738371669950817,10000,442502,5770,ANTICLOCKWISE
587738371670212958,10000,445217,2925,CLOCKWISE
587738371670475003,10000,446572,135,ANTICLOCKWISE
587738371670802450,10000,449270,5206,CLOCKWISE
587738371671261456,10000,453304,2410,CLOCKWISE
587738371672768682,10000,462638,203,ANTICLOCKWISE
587738371673161979,10000,465281,2496,CLOCKWISE
587738372204003926,10000,424658,5828,CLOCKWISE
587738372204593881,10000,428802,818,CLOCKWISE
587738372205838796,10000,438410,3378,ANTICLOCKWISE
587738372209181060,10000,461309,1865,CLOCKWISE
587738372741267994,10000,428799,5126,CLOCKWISE
587738372743102989,10000,443853,5178,CLOCKWISE
587738372743233962,10000,443855,896,CLOCKWISE
587738372743430517,10000,445211,4408,CLOCKWISE
587738372743496003,10000,445212,2402,ANTICLOCKWISE
587738372743758134,10000,447915,4384,ANTICLOCKWISE
587738372744872295,10000,454641,1625,CLOCKWISE
587738372745986472,10000,462631,5059,ANTICLOCKWISE
587738372746051629,10000,463953,3178,ANTICLOCKWISE
587738409250848865,10000,395400,5748,CLOCKWISE
587738409252028570,10000,398236,4078,ANTICLOCKWISE
587738409252290685,10000,398239,2363,ANTICLOCKWISE
587738409253208193,10000,399659,104,ANTICLOCKWISE
587738409254715525,10000,401081,5572,CLOCKWISE
587738409256812571,10000,405320,4129,ANTICLOCKWISE
587738409258188891,10000,406737,1272,ANTICLOCKWISE
587738409259303139,10000,408150,7001,CLOCKWISE
587738409260351642,10000,409561,3340,CLOCKWISE
587738409785163957,10000,391129,2777,ANTICLOCKWISE
587738409786736649,10000,395391,4130,ANTICLOCKWISE
587738409787850947,10000,398227,2484,CLOCKWISE
587738409788375224,10000,398232,1099,ANTICLOCKWISE
587738409790210140,10000,402477,1381,ANTICLOCKWISE
587738409790668918,10000,402481,110,ANTICLOCKWISE
587738409790799946,10000,403889,2023,CLOCKWISE
587738409790996670,10000,403891,1576,CLOCKWISE
587738409791652104,10000,405302,888,ANTICLOCKWISE
587738409791848474,10000,403898,5753,CLOCKWISE
587738409792831648,10000,405313,1365,CLOCKWISE
587738409793421383,10000,406722,1369,ANTICLOCKWISE
587738409793552533,10000,408126,2921,CLOCKWISE
587738409793618024,10000,406724,188,ANTICLOCKWISE
587738409793814637,10000,408128,6180,CLOCKWISE
587738409794142337,10000,408131,4845,ANTICLOCKWISE
587738409794863225,10000,409539,3594,ANTICLOCKWISE
587738409796436007,10000,409554,866,CLOCKWISE
587738409796960380,10000,410957,5264,CLOCKWISE
587738410323476527,10000,398215,4492,CLOCKWISE
587738410325770397,10000,402464,5614,CLOCKWISE
587738410326687791,10000,403880,1964,CLOCKWISE
587738410327212203,10000,405290,2008,ANTICLOCKWISE
587738410327474292,10000,405292,3822,CLOCKWISE
587738410327801941,10000,405295,5445,CLOCKWISE
587738410328260730,10000,406703,4185,ANTICLOCKWISE
587738410328981641,10000,406710,971,CLOCKWISE
587738410330292318,10000,409526,4063,ANTICLOCKWISE
587738410331406467,10000,410935,4157,CLOCKWISE
587738410332455130,10000,412343,2256,ANTICLOCKWISE
587738410332651774,10000,412345,1558,ANTICLOCKWISE
587738410332717236,10000,412345,3419,CLOCKWISE
587738410333307050,10000,412350,5521,CLOCKWISE
587738410333307060,10000,412350,6133,CLOCKWISE
587738410333634725,10000,413751,1023,CLOCKWISE
587738410335600810,10000,415164,5711,ANTICLOCKWISE
587738410335993957,10000,415167,3440,ANTICLOCKWISE
587738410859364544,10000,396794,3690,CLOCKWISE
587738410859692206,10000,398209,3556,ANTICLOCKWISE
587738410860085332,10000,399624,3110,ANTICLOCKWISE
587738410860216457,10000,399625,3030,ANTICLOCKWISE
587738410861527181,10000,402454,3572,CLOCKWISE
587738410862117011,10000,403866,4640,CLOCKWISE
587738410862903417,10000,403874,919,CLOCKWISE
587738410864148624,10000,406694,5239,CLOCKWISE
587738410864345286,10000,406696,3320,CLOCKWISE
587738410864345325,10000,408099,4017,ANTICLOCKWISE
587738410864673031,10000,408102,4700,CLOCKWISE
587738410864869507,10000,408104,957,CLOCKWISE
587738410865066083,10000,409507,798,ANTICLOCKWISE
587738410866704538,10000,410921,1026,ANTICLOCKWISE
587738410867228914,10000,412324,1521,ANTICLOCKWISE
587738410867425357,10000,412326,152,CLOCKWISE
587738410868080757,10000,412331,3826,ANTICLOCKWISE
587738410868080788,10000,413728,5794,ANTICLOCKWISE
587738410868342845,10000,413730,5244,CLOCKWISE
587738410868736129,10000,412337,3586,ANTICLOCKWISE
587738410868801736,10000,413735,3968,ANTICLOCKWISE
587738410870046865,10000,413746,4262,ANTICLOCKWISE
587738410870636678,10000,415147,1626,ANTICLOCKWISE
587738410871226484,10000,416545,3421,ANTICLOCKWISE
587738410872012928,10000,416553,526,ANTICLOCKWISE
587738411395449056,10000,398199,1125,CLOCKWISE
587738411396497605,10000,399619,5231,CLOCKWISE
587738411398070281,10000,403858,1158,CLOCKWISE
587738411399381164,10000,406679,3467,ANTICLOCKWISE
587738411401085042,10000,409499,1422,CLOCKWISE
587738411401216188,10000,409500,3680,ANTICLOCKWISE
587738411401609345,10000,410903,1166,ANTICLOCKWISE
587738411401674888,10000,410903,3505,CLOCKWISE
587738411402461336,10000,412308,5222,CLOCKWISE
587738411402920064,10000,412312,6615,CLOCKWISE
587738411405475996,10000,415128,2733,CLOCKWISE
587738411405541383,10000,415128,5831,CLOCKWISE
587738411405541389,10000,415128,5630,CLOCKWISE
587738411405541392,10000,415128,5850,CLOCKWISE
587738411405869135,10000,416525,1212,ANTICLOCKWISE
587738411406065697,10000,416526,3905,ANTICLOCKWISE
587738411406327952,10000,416529,3543,ANTICLOCKWISE
587738411406852256,10000,417926,1295,CLOCKWISE
587738411407179967,10000,417929,426,CLOCKWISE
587738411407376559,10000,417931,84,CLOCKWISE
587738411407507490,10000,417932,827,CLOCKWISE
587738411407966347,10000,419327,3175,ANTICLOCKWISE
587738411409473647,10000,419341,128,ANTICLOCKWISE
587738411939463309,10000,413707,1450,CLOCKWISE
587738411942019205,10000,417910,2363,CLOCKWISE
587738411944181854,10000,419321,395,ANTICLOCKWISE
587738411945361417,10000,420720,4468,ANTICLOCKWISE
587738411945885803,10000,422113,204,CLOCKWISE
587738411946410091,10000,422117,4257,ANTICLOCKWISE
587738564404576889,10000,365369,5567,CLOCKWISE
587738564404904612,10000,366806,262,ANTICLOCKWISE
587738564405362954,10000,368242,855,CLOCKWISE
587738564406411596,10000,371114,4419,ANTICLOCKWISE
587738564406608264,10000,372546,1855,ANTICLOCKWISE
587738564407394706,10000,373983,3385,ANTICLOCKWISE
587738564407787796,10000,375416,703,CLOCKWISE
587738564408508460,10000,376850,4568,CLOCKWISE
587738564408574326,10000,376851,1737,ANTICLOCKWISE
587738564941578971,10000,368236,555,ANTICLOCKWISE
587738564942954945,10000,372541,2044,ANTICLOCKWISE
587738564943020616,10000,372542,957,CLOCKWISE
587738564943478947,10000,373976,843,CLOCKWISE
587738564943676013,10000,373978,262,CLOCKWISE
587738564943741450,10000,373978,5455,ANTICLOCKWISE
587738564946100585,10000,381135,657,CLOCKWISE
587738565478974076,10000,372533,2544,CLOCKWISE
587738565479236139,10000,372535,4905,CLOCKWISE
587738565481791969,10000,379699,3878,CLOCKWISE
587738565482316000,10000,381129,389,ANTICLOCKWISE
587738565482381591,10000,382553,3193,CLOCKWISE
587738565482774743,10000,383980,1452,CLOCKWISE
587738565483102512,10000,383983,2595,ANTICLOCKWISE
587738565483495608,10000,385408,4230,ANTICLOCKWISE
587738565484085539,10000,386835,5359,CLOCKWISE
587738568163852451,10000,410990,4345,ANTICLOCKWISE
587738568164507846,10000,410996,4067,CLOCKWISE
587738568164966530,10000,411000,5530,ANTICLOCKWISE
587738568165949589,10000,411010,631,ANTICLOCKWISE
587738568166932711,10000,411019,1923,ANTICLOCKWISE
587738568168243322,10000,411030,7017,ANTICLOCKWISE
587738568168439890,10000,411032,5216,CLOCKWISE
587738568170340468,10000,411049,4805,ANTICLOCKWISE
587738568170733658,10000,409654,4122,ANTICLOCKWISE
587738568171257977,10000,409659,4451,CLOCKWISE
587738568172044368,10000,409666,2593,CLOCKWISE
587738568173551760,10000,408279,1885,CLOCKWISE
587738568174076064,10000,408284,3277,CLOCKWISE
587738568174534758,10000,406885,2500,CLOCKWISE
587738568175648809,10000,406895,4649,CLOCKWISE
587738568176238725,10000,405497,341,ANTICLOCKWISE
587738568176500884,10000,405499,3519,ANTICLOCKWISE
587738568176631995,10000,404096,141,ANTICLOCKWISE
587738568431042701,10000,410979,2800,CLOCKWISE
587738568700330067,10000,412384,5284,ANTICLOCKWISE
587738568701313133,10000,413790,5279,ANTICLOCKWISE
587738568701509801,10000,412395,5923,ANTICLOCKWISE
587738568701902967,10000,413796,1460,ANTICLOCKWISE
587738568702165160,10000,413798,5826,CLOCKWISE
587738568702427708,10000,413801,1016,ANTICLOCKWISE
587738568702820437,10000,413804,4544,CLOCKWISE
587738568703672459,10000,413812,4230,CLOCKWISE
587738568705179861,10000,412429,8653,CLOCKWISE
587738568705441984,10000,413828,7444,CLOCKWISE
587738568705572992,10000,413829,7725,ANTICLOCKWISE
587738568709308589,10000,412467,1648,ANTICLOCKWISE
587738568710160525,10000,411076,4992,CLOCKWISE
587738568711536695,10000,409690,5213,CLOCKWISE
587738568712192165,10000,409696,4660,CLOCKWISE
587738568712978653,10000,408303,1672,CLOCKWISE
587738568713568454,10000,406905,4459,ANTICLOCKWISE
587738569236938898,10000,415174,4353,CLOCKWISE
587738569237659878,10000,416574,1910,ANTICLOCKWISE
587738569237987462,10000,415184,780,ANTICLOCKWISE
587738569238118548,10000,415185,1837,CLOCKWISE
587738569239036052,10000,415194,164,ANTICLOCKWISE
587738569239101635,10000,415194,2537,CLOCKWISE
587738569239560346,10000,416591,3469,ANTICLOCKWISE
587738569240281214,10000,415205,838,ANTICLOCKWISE
587738569240739997,10000,415209,5715,ANTICLOCKWISE
587738569240936608,10000,415211,2504,CLOCKWISE
587738569241198738,10000,416606,3806,ANTICLOCKWISE
587738569241329978,10000,416607,5130,ANTICLOCKWISE
587738569243426969,10000,415234,115,CLOCKWISE
587738569245524033,10000,413858,452,CLOCKWISE
587738569246310530,10000,413865,2563,ANTICLOCKWISE
587738569246638274,10000,412471,3366,ANTICLOCKWISE
587738569247031538,10000,412475,1950,ANTICLOCKWISE
587738569247162533,10000,412476,2577,CLOCKWISE
587738569247752362,10000,412481,6241,ANTICLOCKWISE
587738569249325309,10000,411098,2296,ANTICLOCKWISE
587738569249914991,10000,411103,1587,CLOCKWISE
587738569250046135,10000,409705,3928,ANTICLOCKWISE
587738569250963666,10000,408313,2660,ANTICLOCKWISE
587738569773678660,10000,417958,3066,ANTICLOCKWISE
587738569774006459,10000,417961,1215,CLOCKWISE
587738569774989556,10000,417970,3845,CLOCKWISE
587738569775251546,10000,417972,3336,CLOCKWISE
587738569776562258,10000,417984,3583,CLOCKWISE
587738569776758862,10000,417986,5699,ANTICLOCKWISE
587738569777217682,10000,417990,2998,ANTICLOCKWISE
587738569777414338,10000,417992,5052,ANTICLOCKWISE
587738569777479826,10000,419384,2432,CLOCKWISE
587738569777938632,10000,417997,6117,ANTICLOCKWISE
587738569778004086,10000,419388,7209,CLOCKWISE
587738569778069628,10000,417998,6046,ANTICLOCKWISE
587738569778331779,10000,418001,524,CLOCKWISE
587738569778593963,10000,418003,5076,ANTICLOCKWISE
587738569778856129,10000,418006,944,ANTICLOCKWISE
587738569779052734,10000,418007,4888,CLOCKWISE
587738569780363407,10000,418019,4645,ANTICLOCKWISE
587738569782657135,10000,416648,2916,ANTICLOCKWISE
587738569783247032,10000,415261,543,CLOCKWISE
587738569784361082,10000,415271,304,CLOCKWISE
587738569784885337,10000,413880,5533,ANTICLOCKWISE
587738569785606241,10000,413887,3412,ANTICLOCKWISE
587738569785934034,10000,413890,4744,ANTICLOCKWISE
587738569786654910,10000,412500,2039,ANTICLOCKWISE
587738569786785908,10000,412501,2245,ANTICLOCKWISE
587738569787310130,10000,412506,2680,ANTICLOCKWISE
587738569787310271,10000,412506,2799,ANTICLOCKWISE
587738569787375883,10000,411109,839,CLOCKWISE
587738569787506962,10000,412508,2605,ANTICLOCKWISE
587738569787572303,10000,411110,3278,CLOCKWISE
587738569787769017,10000,411112,2524,CLOCKWISE
587738570310287493,10000,419346,4832,CLOCKWISE
587738570310352982,10000,419347,1980,ANTICLOCKWISE
587738570311270637,10000,420745,1590,ANTICLOCKWISE
587738570312057118,10000,420751,5374,CLOCKWISE
587738570312908981,10000,420760,1794,CLOCKWISE
587738570313826491,10000,420768,2440,ANTICLOCKWISE
587738570314416219,10000,420774,898,ANTICLOCKWISE
587738570318479461,10000,419421,6559,CLOCKWISE
587738570318479472,10000,419422,50,CLOCKWISE
587738570318544984,10000,419422,3729,CLOCKWISE
587738570318676165,10000,419423,4818,CLOCKWISE
587738570318938258,10000,419426,2187,CLOCKWISE
587738570319855800,10000,418043,3878,CLOCKWISE
587738570320576616,10000,418050,3017,ANTICLOCKWISE
587738570320904353,10000,416661,1198,ANTICLOCKWISE
587738570321166494,10000,418055,3316,ANTICLOCKWISE
587738570322739387,10000,416677,5021,ANTICLOCKWISE
587738570323198072,10000,415289,1256,CLOCKWISE
587738570323591374,10000,415292,5642,ANTICLOCKWISE
587738570324050158,10000,413902,2395,CLOCKWISE
587738570848731301,10000,422137,3123,ANTICLOCKWISE
587738570848796679,10000,423522,3369,CLOCKWISE
587738570848927867,10000,422139,1712,ANTICLOCKWISE
587738570849714356,10000,423531,3282,CLOCKWISE
587738570850173033,10000,423535,2292,CLOCKWISE
587738570850566222,10000,422153,5693,CLOCKWISE
587738570850828560,10000,423541,4275,ANTICLOCKWISE
587738570851483763,10000,422162,2971,ANTICLOCKWISE
587738570852401305,10000,422170,4952,ANTICLOCKWISE
587738570852794461,10000,423559,3867,CLOCKWISE
587738570853187709,10000,423563,2015,ANTICLOCKWISE
587738570854432965,10000,422189,1625,ANTICLOCKWISE
587738570855350390,10000,422197,5482,CLOCKWISE
587738570858627165,10000,419451,4723,CLOCKWISE
587738570858627172,10000,419451,4907,ANTICLOCKWISE
587738570858758245,10000,419453,198,CLOCKWISE
587738570859544783,10000,418069,3865,CLOCKWISE
587738570859610303,10000,418070,1837,ANTICLOCKWISE
587738570860789971,10000,416689,129,CLOCKWISE
587738570860855483,10000,416689,2028,ANTICLOCKWISE
587738615412031522,10000,515823,3837,CLOCKWISE
587738615944446048,10000,502412,2874,CLOCKWISE
587738615945363498,10000,507330,2992,CLOCKWISE
587738615946543302,10000,510988,2668,ANTICLOCKWISE
587738615947853902,10000,514615,2723,ANTICLOCKWISE
587738616481251513,10000,504873,670,CLOCKWISE
587738616482234478,10000,508549,5013,ANTICLOCKWISE
587738616483414227,10000,513401,769,CLOCKWISE
587738617017729207,10000,506095,2146,ANTICLOCKWISE
587738617021464774,10000,518199,1910,CLOCKWISE
587738618091339906,10000,508534,2384,CLOCKWISE
587738618091864169,10000,510967,2453,ANTICLOCKWISE
587738946129559653,10000,489874,5697,CLOCKWISE
587738946131722387,10000,501154,303,CLOCKWISE
587738946132574387,10000,504857,3290,ANTICLOCKWISE
587738946133884997,10000,510965,2071,ANTICLOCKWISE
587738946134343855,10000,513382,3432,CLOCKWISE
587738946134802511,10000,514588,385,CLOCKWISE
587738946656403641,10000,426046,2287,ANTICLOCKWISE
587738946656862703,10000,430184,3002,CLOCKWISE
587738946657255825,10000,431562,5751,CLOCKWISE
587738946658304386,10000,439780,3493,ANTICLOCKWISE
587738946659221787,10000,446573,456,CLOCKWISE
587738946661777690,10000,463962,2840,CLOCKWISE
587738946661777698,10000,463962,2447,CLOCKWISE
587738946665316582,10000,486057,64,CLOCKWISE
587738946668396677,10000,502386,2289,CLOCKWISE
587738946668593283,10000,503620,3978,ANTICLOCKWISE
587738946669576200,10000,507306,4423,ANTICLOCKWISE
587738947192816125,10000,424660,3435,ANTICLOCKWISE
587738947192881588,10000,424660,5274,CLOCKWISE
587738947195765012,10000,445217,1103,ANTICLOCKWISE
587738947196354737,10000,450616,1658,CLOCKWISE
587738947196485964,10000,451960,5207,ANTICLOCKWISE
587738947197600098,10000,458651,1562,ANTICLOCKWISE
587738947197927466,10000,461309,3980,ANTICLOCKWISE
587738947198058767,10000,462635,2999,CLOCKWISE
587738947198582981,10000,465279,4670,CLOCKWISE
587738947198714043,10000,466598,1739,ANTICLOCKWISE
587738947198910691,10000,467914,1621,CLOCKWISE
587738947198976213,10000,467914,4188,CLOCKWISE
587738947200352508,10000,477051,3535,CLOCKWISE
587738947205660818,10000,506077,135,CLOCKWISE
587738947206578277,10000,510955,1661,ANTICLOCKWISE
587738947729687138,10000,426041,910,ANTICLOCKWISE
587738947733356758,10000,453300,4281,ANTICLOCKWISE
587738947734405368,10000,459978,4543,ANTICLOCKWISE
587738947734470854,10000,461306,820,ANTICLOCKWISE
587738947734864116,10000,463955,2882,CLOCKWISE
587738947734995228,10000,465275,3374,CLOCKWISE
587738947735322906,10000,466595,5139,ANTICLOCKWISE
587738947735388551,10000,466596,2044,ANTICLOCKWISE
587738947736240445,10000,471844,3221,CLOCKWISE
587738947739844770,10000,493651,1190,CLOCKWISE
587738947742203934,10000,506073,5307,ANTICLOCKWISE
587738947742203984,10000,506074,545,CLOCKWISE
587738947742990424,10000,509738,456,CLOCKWISE
587738947743580257,10000,512164,2122,ANTICLOCKWISE
587738948271210728,10000,461304,3910,CLOCKWISE
587738948272193758,10000,467909,1457,ANTICLOCKWISE
587738948272652484,10000,470533,1832,ANTICLOCKWISE
587738948273307880,10000,475747,5036,CLOCKWISE
587738948273963193,10000,479632,722,CLOCKWISE
587738948275339482,10000,487322,3511,CLOCKWISE
587738948278222996,10000,503610,3454,CLOCKWISE
587738948279271632,10000,509732,4823,ANTICLOCKWISE
587738948279468143,10000,509734,2172,ANTICLOCKWISE
587738950960087156,10000,514791,268,ANTICLOCKWISE
587739096444305532,10000,517018,671,ANTICLOCKWISE
587739096444371067,10000,517018,3367,ANTICLOCKWISE
587739096444960772,10000,518216,396,ANTICLOCKWISE
587739096981176450,10000,518210,1174,CLOCKWISE
587739114162028913,10000,435690,2562,ANTICLOCKWISE
587739114165567569,10000,458666,5872,CLOCKWISE
587739114165829895,10000,459998,1135,CLOCKWISE
587739114166026486,10000,461327,757,CLOCKWISE
587739114166288612,10000,462653,5180,ANTICLOCKWISE
587739114167337329,10000,469245,6137,CLOCKWISE
587739114169041041,10000,478366,3962,ANTICLOCKWISE
587739114169434460,10000,480947,5616,ANTICLOCKWISE
587739114169696436,10000,482234,1728,CLOCKWISE
587739114171924664,10000,492419,3420,ANTICLOCKWISE
587739114696278439,10000,419118,3684,ANTICLOCKWISE
587739114696540712,10000,421897,3572,ANTICLOCKWISE
587739114700276020,10000,446582,1510,ANTICLOCKWISE
587739114701062456,10000,451973,5015,ANTICLOCKWISE
587739114701390098,10000,453317,2171,ANTICLOCKWISE
587739114702766212,10000,462649,5033,CLOCKWISE
587739114703487134,10000,466612,7128,CLOCKWISE
587739114704535730,10000,471863,1884,CLOCKWISE
587739114705125588,10000,475771,2011,CLOCKWISE
587739114706632889,10000,483515,2329,ANTICLOCKWISE
587739114706829342,10000,484795,1818,ANTICLOCKWISE
587739114709712961,10000,498682,3123,ANTICLOCKWISE
587739115235115392,10000,434314,1290,ANTICLOCKWISE
587739115235312125,10000,437052,3677,CLOCKWISE
587739115235901717,10000,441146,4708,CLOCKWISE
587739115236884927,10000,446579,4155,CLOCKWISE
587739115237081512,10000,447930,1579,ANTICLOCKWISE
587739115237278142,10000,449279,1644,ANTICLOCKWISE
587739115237474492,10000,451969,402,CLOCKWISE
587739115237474558,10000,450625,3890,CLOCKWISE
587739115237736752,10000,453312,2160,CLOCKWISE
587739115238719824,10000,458660,4797,ANTICLOCKWISE
587739115238785372,10000,458661,2173,ANTICLOCKWISE
587739115240227058,10000,467926,423,ANTICLOCKWISE
587739115240358145,10000,469238,2367,CLOCKWISE
587739115240489249,10000,469239,1498,ANTICLOCKWISE
587739115240816850,10000,470551,2885,ANTICLOCKWISE
587739115241275561,10000,473164,4162,ANTICLOCKWISE
587739115241406697,10000,474466,6160,ANTICLOCKWISE
587739115242455223,10000,480940,1251,CLOCKWISE
587739115242848276,10000,482227,5514,ANTICLOCKWISE
587739115243241503,10000,484790,5287,ANTICLOCKWISE
587739115244945591,10000,493669,1173,CLOCKWISE
587739115245994119,10000,498677,809,CLOCKWISE
587739115769627165,10000,420503,3105,ANTICLOCKWISE
587739115770544665,10000,427427,1958,ANTICLOCKWISE
587739115771199934,10000,431562,4887,CLOCKWISE
587739115771724443,10000,434311,6159,ANTICLOCKWISE
587739115772445116,10000,441143,4923,CLOCKWISE
587739115773428126,10000,446576,340,ANTICLOCKWISE
587739115774607601,10000,454650,3826,CLOCKWISE
587739115776114895,10000,463966,2141,CLOCKWISE
587739115777425662,10000,471854,6104,ANTICLOCKWISE
587739115778539674,10000,478355,2241,ANTICLOCKWISE
587739115779064030,10000,480937,4006,ANTICLOCKWISE
587739115780898981,10000,489880,2404,CLOCKWISE
587739115781095653,10000,491145,824,CLOCKWISE
587739115781226659,10000,492406,1292,CLOCKWISE
587739115782865126,10000,499919,1269,CLOCKWISE
587739115783716941,10000,503631,4072,CLOCKWISE
587739115784044733,10000,504864,1168,CLOCKWISE
587739116319015004,10000,498669,4347,CLOCKWISE
587739116319998234,10000,502394,941,ANTICLOCKWISE
587739130807386305,10000,513590,1905,ANTICLOCKWISE
587739130807582887,10000,512387,1244,CLOCKWISE
587739130807648345,10000,512387,4046,ANTICLOCKWISE
587739130807844955,10000,512389,1211,ANTICLOCKWISE
587739130810138768,10000,503879,4030,ANTICLOCKWISE
587739130811580590,10000,497701,5325,ANTICLOCKWISE
587739130812498138,10000,493958,748,CLOCKWISE
587739130816233785,10000,476124,4485,ANTICLOCKWISE
587739131345043581,10000,513597,1729,CLOCKWISE
587739131345830024,10000,509980,2919,ANTICLOCKWISE
587739131346354326,10000,507550,2744,ANTICLOCKWISE
587739131346878657,10000,506333,4272,ANTICLOCKWISE
587739131347271810,10000,505111,3087,CLOCKWISE
587739131347664917,10000,502654,678,CLOCKWISE
587739131348320306,10000,500187,3630,ANTICLOCKWISE
587739131348517250,10000,500189,4324,CLOCKWISE
587739131349762336,10000,493962,549,ANTICLOCKWISE
587739131350483210,10000,491451,4476,ANTICLOCKWISE
587739131350810811,10000,490191,2929,CLOCKWISE
587739131351007530,10000,488928,699,ANTICLOCKWISE
587739131351400714,10000,486391,1600,ANTICLOCKWISE
587739131353235718,10000,477421,762,ANTICLOCKWISE
587739131353432198,10000,476127,2754,ANTICLOCKWISE
587739131353694469,10000,474832,4556,ANTICLOCKWISE
587739131884470442,10000,505114,4154,CLOCKWISE
587739131884536043,10000,505115,3149,ANTICLOCKWISE
587739131885650117,10000,500192,1074,ANTICLOCKWISE
587739131887026520,10000,493966,318,CLOCKWISE
587739131887812896,10000,490193,3163,CLOCKWISE
587739131888468359,10000,487664,4886,ANTICLOCKWISE
587739131888533974,10000,486393,4575,ANTICLOCKWISE
587739131888599441,10000,486394,4455,ANTICLOCKWISE
587739131888861362,10000,485122,751,ANTICLOCKWISE
587739131888861636,10000,485122,135,CLOCKWISE
587739131889320129,10000,482567,1130,CLOCKWISE
587739131890106643,10000,478714,3395,CLOCKWISE
587739131890106685,10000,478714,2846,CLOCKWISE
587739131890499738,10000,477424,3678,CLOCKWISE
587739131892072793,10000,468317,2188,CLOCKWISE
587739131892203662,10000,467004,4623,ANTICLOCKWISE
587739132419702960,10000,513606,2870,ANTICLOCKWISE
587739132419965207,10000,512404,1812,CLOCKWISE
587739132420161805,10000,511198,2548,ANTICLOCKWISE
587739132421210203,10000,507561,3554,ANTICLOCKWISE
587739132421603712,10000,506343,2761,CLOCKWISE
587739132421669159,10000,506344,139,CLOCKWISE
587739132422127962,10000,503893,4134,ANTICLOCKWISE
587739132423504027,10000,498959,3087,ANTICLOCKWISE
587739132423504107,10000,497714,4680,CLOCKWISE
587739132424290455,10000,495223,1181,ANTICLOCKWISE
587739132425142549,10000,490198,1258,ANTICLOCKWISE
587739132426453238,10000,483851,498,ANTICLOCKWISE
587739132426715320,10000,482572,4881,CLOCKWISE
587739132426846421,10000,481290,367,CLOCKWISE
587739132429598943,10000,465693,2055,ANTICLOCKWISE
587739132962275638,10000,491463,4765,ANTICLOCKWISE
587739132964897003,10000,477431,2885,ANTICLOCKWISE
587739132965159216,10000,474841,4810,CLOCKWISE
587739132965159229,10000,474842,394,ANTICLOCKWISE
587739132965224667,10000,474842,1919,ANTICLOCKWISE
587739133500522838,10000,486407,3953,ANTICLOCKWISE
587739133501702371,10000,480013,6893,ANTICLOCKWISE
587739133502357833,10000,474845,1182,CLOCKWISE
587739133502685454,10000,473547,3226,ANTICLOCKWISE
587739152814178821,10000,414938,4976,CLOCKWISE
587739152815358362,10000,423286,4480,CLOCKWISE
587739152817324356,10000,437057,4755,ANTICLOCKWISE
587739152818241790,10000,442513,5020,ANTICLOCKWISE
587739152820076895,10000,454659,3392,ANTICLOCKWISE
587739152820535556,10000,457332,6354,CLOCKWISE
587739153351901824,10000,421898,2033,ANTICLOCKWISE
587739153352294924,10000,426051,180,CLOCKWISE
587739153355571345,10000,447930,4842,CLOCKWISE
587739153358127309,10000,463971,2960,CLOCKWISE
587739153358389612,10000,465292,4802,ANTICLOCKWISE
587739153889493768,10000,430187,887,ANTICLOCKWISE
587739153892049147,10000,447927,2032,ANTICLOCKWISE
587739153892245887,10000,447929,79,ANTICLOCKWISE
587739153894408622,10000,462644,2801,ANTICLOCKWISE
587739154427216295,10000,437049,3867,CLOCKWISE
587739154430754992,10000,461314,4714,ANTICLOCKWISE
587739154431279327,10000,463965,1928,CLOCKWISE
587739154432327925,10000,470544,6619,CLOCKWISE
587739156575486172,10000,478369,1430,CLOCKWISE
587739156578304189,10000,492421,2915,ANTICLOCKWISE
587739156581843050,10000,507333,3110,ANTICLOCKWISE
587739156582760667,10000,510989,2235,CLOCKWISE
587739156583022696,10000,510991,2371,ANTICLOCKWISE
587739156583284876,10000,510994,67,ANTICLOCKWISE
587739157111963814,10000,478365,798,CLOCKWISE
587739157112553673,10000,482232,992,ANTICLOCKWISE
587739157113536526,10000,486074,5381,CLOCKWISE
587739157115240652,10000,494933,75,ANTICLOCKWISE
587739157117337742,10000,503643,2203,ANTICLOCKWISE
587739157117730996,10000,504875,3975,CLOCKWISE
587739157117927572,10000,506103,5196,CLOCKWISE
587739157118189892,10000,507328,3772,ANTICLOCKWISE
587739157118779539,10000,509769,759,CLOCKWISE
587739157119565971,10000,512196,3417,CLOCKWISE
587739157119828125,10000,512198,4548,CLOCKWISE
587739157120549024,10000,514612,4361,CLOCKWISE
587739157120549059,10000,514612,1726,ANTICLOCKWISE
587739157646934155,10000,469242,300,ANTICLOCKWISE
587739157648244955,10000,477066,1559,CLOCKWISE
587739157648441566,10000,478361,1695,ANTICLOCKWISE
587739157649162427,10000,482229,2456,CLOCKWISE
587739157650473218,10000,488616,4145,CLOCKWISE
587739157651914757,10000,494930,1626,ANTICLOCKWISE
587739157652439184,10000,498679,2700,ANTICLOCKWISE
587739157652963393,10000,499926,1335,CLOCKWISE
587739157655978085,10000,512192,132,ANTICLOCKWISE
587739157656699021,10000,514605,2546,ANTICLOCKWISE
587739157656764521,10000,514606,909,CLOCKWISE
587739157657288784,10000,517004,561,ANTICLOCKWISE
587739157657747713,10000,517008,3177,CLOCKWISE
587739157657878590,10000,518201,3578,ANTICLOCKWISE
587739158183542963,10000,470547,5404,CLOCKWISE
587739158185771173,10000,482226,1117,CLOCKWISE
587739158186164362,10000,484789,1956,ANTICLOCKWISE
587739158186361056,10000,486066,863,CLOCKWISE
587739158186361096,10000,486066,3268,ANTICLOCKWISE
587739158187671630,10000,492408,4378,CLOCKWISE
587739158187671663,10000,492408,3131,ANTICLOCKWISE
587739158190489693,10000,504866,814,CLOCKWISE
587739158190686372,10000,506094,3376,CLOCKWISE
587739158191145086,10000,507321,64,CLOCKWISE
587739158192652451,10000,513395,914,ANTICLOCKWISE
587739158194159717,10000,518196,269,ANTICLOCKWISE
587739158194618384,10000,519388,699,ANTICLOCKWISE
587739158194815099,10000,520574,128,CLOCKWISE
587739158194815134,10000,520574,125,ANTICLOCKWISE
587739158723231845,10000,487337,4193,ANTICLOCKWISE
587739158723821707,10000,491141,2662,ANTICLOCKWISE
587739158724280493,10000,493663,1915,ANTICLOCKWISE
587739158725329161,10000,498671,976,ANTICLOCKWISE
587739158731030649,10000,519384,619,ANTICLOCKWISE
587739165702422588,10000,442974,369,ANTICLOCKWISE
587739166237196422,10000,459081,3096,ANTICLOCKWISE
587739166238966048,10000,447035,1561,CLOCKWISE
587739166774264112,10000,459084,2359,CLOCKWISE
587739166775247041,10000,452413,4056,CLOCKWISE
587739167313101032,10000,448388,1913,CLOCKWISE
587739167313166414,10000,447040,1055,CLOCKWISE
587739167848071398,10000,461741,2098,ANTICLOCKWISE
587739294013587531,10000,508590,4033,ANTICLOCKWISE
587739294014177403,10000,509812,2751,CLOCKWISE
587739294015029367,10000,511031,4294,ANTICLOCKWISE
587739294015750272,10000,512246,3587,CLOCKWISE
587739294549213284,10000,507360,1691,CLOCKWISE
587739294549541032,10000,507363,1365,ANTICLOCKWISE
587739294552162367,10000,513447,607,ANTICLOCKWISE
587739294552555759,10000,513451,1380,ANTICLOCKWISE
587739294553014419,10000,514657,2167,ANTICLOCKWISE
587739295086018682,10000,508578,1857,ANTICLOCKWISE
587739295086542906,10000,509799,2406,ANTICLOCKWISE
587739295086805089,10000,511013,4881,ANTICLOCKWISE
587739295086805097,10000,511014,223,ANTICLOCKWISE
587739295086805145,10000,511013,3941,CLOCKWISE
587739295088312478,10000,514643,203,ANTICLOCKWISE
587739295089623208,10000,515853,587,ANTICLOCKWISE
587739295623741568,10000,513427,3627,ANTICLOCKWISE
587739295624331358,10000,513432,3361,ANTICLOCKWISE
587739295626559540,10000,518240,2171,ANTICLOCKWISE
587739296163430556,10000,519428,1787,ANTICLOCKWISE
587739296696565844,10000,513418,2303,ANTICLOCKWISE
587739302601883722,10000,513458,4989,CLOCKWISE
587739302602539092,10000,513464,3644,ANTICLOCKWISE
587739302607126599,10000,515907,382,ANTICLOCKWISE
587739302607782004,10000,515913,447,CLOCKWISE
587739302607978575,10000,515914,3857,ANTICLOCKWISE
587739302608240736,10000,515917,1069,ANTICLOCKWISE
587739302608437379,10000,515919,108,ANTICLOCKWISE
587739302609616986,10000,514731,2113,ANTICLOCKWISE
587739302610403415,10000,514738,4324,ANTICLOCKWISE
587739302612041807,10000,511139,1529,CLOCKWISE
587739302613549153,10000,508725,1736,ANTICLOCKWISE
587739302613876844,10000,507509,1808,ANTICLOCKWISE
587739302870122705,10000,512252,1731,ANTICLOCKWISE
587739303138754687,10000,514660,3166,CLOCKWISE
587739303138885697,10000,515860,370,ANTICLOCKWISE
587739303144652969,10000,518300,471,ANTICLOCKWISE
587739303147012178,10000,515934,1614,CLOCKWISE
587739303147667798,10000,515940,2784,CLOCKWISE
587739303148650682,10000,513549,4215,ANTICLOCKWISE
587739303675494612,10000,517052,2353,ANTICLOCKWISE
587739303678902332,10000,520647,51,CLOCKWISE
587739303685259436,10000,515947,1740,ANTICLOCKWISE
587739303685259479,10000,517142,1996,ANTICLOCKWISE
587739303685390414,10000,517143,1237,CLOCKWISE
587739303685456020,10000,515949,1726,ANTICLOCKWISE
587739303685849231,10000,515952,3111,ANTICLOCKWISE
587739303686111391,10000,514757,106,CLOCKWISE
587739303686308012,10000,514759,992,ANTICLOCKWISE
587739303686766730,10000,513561,1170,ANTICLOCKWISE
587739304222589093,10000,517146,3217,CLOCKWISE
587739304224882783,10000,513572,2641,ANTICLOCKWISE
587739304224948332,10000,513573,1278,CLOCKWISE
587739304225275980,10000,512371,1927,ANTICLOCKWISE
587739375630942399,10000,491180,331,CLOCKWISE
587739375631138881,10000,491181,3115,CLOCKWISE
587739375631728791,10000,492447,783,CLOCKWISE
587739375632056476,10000,494961,3527,CLOCKWISE
587739375632580750,10000,496217,1084,ANTICLOCKWISE
587739375632777370,10000,496218,5213,CLOCKWISE
587739375632908395,10000,497468,1665,ANTICLOCKWISE
587739375633825852,10000,499963,2548,ANTICLOCKWISE
587739375633956971,10000,501203,356,ANTICLOCKWISE
587739375634219100,10000,501205,2048,ANTICLOCKWISE
587739375634219130,10000,501205,3525,ANTICLOCKWISE
587739375634939987,10000,503678,5565,CLOCKWISE
587739376154378606,10000,420519,5259,CLOCKWISE
587739376154575390,10000,421908,5939,CLOCKWISE
587739376155427025,10000,427445,659,CLOCKWISE
587739376157589848,10000,441164,985,ANTICLOCKWISE
587739376157655339,10000,441164,1635,CLOCKWISE
587739376157786330,10000,441165,2597,ANTICLOCKWISE
587739376158310681,10000,445241,2096,ANTICLOCKWISE
587739376162439334,10000,467947,3603,CLOCKWISE
587739376162898168,10000,470572,59,CLOCKWISE
587739376164667491,10000,478384,2928,ANTICLOCKWISE
587739376164798688,10000,479676,907,CLOCKWISE
587739376165453969,10000,482253,1887,CLOCKWISE
587739376165847221,10000,484816,1305,CLOCKWISE
587739376166305914,10000,486095,3059,ANTICLOCKWISE
587739376168206368,10000,494954,1981,ANTICLOCKWISE
587739376168206571,10000,493700,2579,ANTICLOCKWISE
587739376168861813,10000,496211,2689,ANTICLOCKWISE
587739376169189503,10000,497462,4182,CLOCKWISE
587739376171614294,10000,504905,4523,CLOCKWISE
587739376689480481,10000,410748,5754,CLOCKWISE
587739376690004876,10000,413548,1613,ANTICLOCKWISE
587739376690791168,10000,419126,2002,CLOCKWISE
587739376690856327,10000,420515,5310,ANTICLOCKWISE
587739376691314972,10000,423292,5994,CLOCKWISE
587739376692035937,10000,427441,6244,CLOCKWISE
587739376692887888,10000,432952,5362,CLOCKWISE
587739376693149944,10000,435694,5238,CLOCKWISE
587739376693346546,10000,435696,3742,CLOCKWISE
587739376694067628,10000,441160,1257,ANTICLOCKWISE
587739376694395307,10000,442521,4809,ANTICLOCKWISE
587739376695705837,10000,450638,6073,CLOCKWISE
587739376696361202,10000,454668,2307,CLOCKWISE
587739376696754322,10000,456008,704,CLOCKWISE
587739376697213025,10000,460005,4228,ANTICLOCKWISE
587739376697278747,10000,460006,2381,ANTICLOCKWISE
587739376699179151,10000,469257,146,ANTICLOCKWISE
587739376699834610,10000,473181,5329,CLOCKWISE
587739376700031232,10000,474484,3598,ANTICLOCKWISE
587739376700031237,10000,473183,2654,CLOCKWISE
587739376700620935,10000,477082,5817,ANTICLOCKWISE
587739376705601649,10000,497458,273,ANTICLOCKWISE
587739376706257042,10000,499951,1142,CLOCKWISE
587739376706584718,10000,501192,2574,CLOCKWISE
587739376707633244,10000,503669,211,ANTICLOCKWISE
587739376707698802,10000,504898,1843,ANTICLOCKWISE
587739376708550719,10000,506132,1299,ANTICLOCKWISE
587739377226416670,10000,413543,4479,ANTICLOCKWISE
587739377227203224,10000,419121,6630,ANTICLOCKWISE
587739377227465146,10000,420512,6265,CLOCKWISE
587739377229627887,10000,435691,2420,CLOCKWISE
587739377230414160,10000,439793,3007,ANTICLOCKWISE
587739377231331582,10000,445234,73,ANTICLOCKWISE
587739377231659366,10000,446589,2075,ANTICLOCKWISE
587739377232969924,10000,454665,2385,ANTICLOCKWISE
587739377233887535,10000,460003,3076,ANTICLOCKWISE
587739377234346243,10000,462658,6871,ANTICLOCKWISE
587739377234346284,10000,462658,5644,ANTICLOCKWISE
587739377235001476,10000,466622,841,CLOCKWISE
587739377235656781,10000,469253,803,CLOCKWISE
587739377236771089,10000,475781,1489,ANTICLOCKWISE
587739377239195787,10000,487359,743,CLOCKWISE
587739377239457850,10000,487361,1200,CLOCKWISE
587739377239588989,10000,488631,2348,CLOCKWISE
587739377243127999,10000,502424,1279,ANTICLOCKWISE
587739377244962829,10000,507350,341,ANTICLOCKWISE
587739377245618336,10000,509791,760,CLOCKWISE
587739377245749427,10000,509792,3390,CLOCKWISE
587739377767874786,10000,443875,1800,CLOCKWISE
587739377770954768,10000,462655,5099,ANTICLOCKWISE
587739377770955006,10000,462656,2235,ANTICLOCKWISE
587739377771610283,10000,466619,524,ANTICLOCKWISE
587739377771741381,10000,467934,5588,CLOCKWISE
587739377772003613,10000,467937,948,ANTICLOCKWISE
587739377772462249,10000,470561,2761,ANTICLOCKWISE
587739377772724336,10000,473172,3513,CLOCKWISE
587739377772855603,10000,473174,812,CLOCKWISE
587739377774428309,10000,480952,5889,ANTICLOCKWISE
587739377774428325,10000,480953,1424,ANTICLOCKWISE
587739377774952536,10000,483522,4810,CLOCKWISE
587739377775083624,10000,484802,2794,ANTICLOCKWISE
587739377775214689,10000,484803,4172,CLOCKWISE
587739377777508455,10000,494941,2872,ANTICLOCKWISE
587739377778032781,10000,496197,1004,ANTICLOCKWISE
587739377779802255,10000,503654,318,ANTICLOCKWISE
587739377782358110,10000,511001,5370,ANTICLOCKWISE
587739378318114975,10000,509779,3319,ANTICLOCKWISE
587739378319425693,10000,513417,106,CLOCKWISE
587739379912671410,10000,497675,3450,ANTICLOCKWISE
587739379917324464,10000,479975,3998,ANTICLOCKWISE
587739379917521125,10000,478687,2735,ANTICLOCKWISE
587739379919028389,10000,472212,1499,CLOCKWISE
587739379920797963,10000,463032,2273,ANTICLOCKWISE
587739380447641741,10000,506304,3761,CLOCKWISE
587739380448493756,10000,502625,5020,CLOCKWISE
587739380450132062,10000,497680,5726,ANTICLOCKWISE
587739380450787437,10000,495188,3053,ANTICLOCKWISE
587739380451573871,10000,492684,3868,CLOCKWISE
587739380452163707,10000,491430,2657,ANTICLOCKWISE
587739380452294785,10000,490168,4657,ANTICLOCKWISE
587739380453081232,10000,486369,3262,CLOCKWISE
587739380453277835,10000,486371,3305,ANTICLOCKWISE
587739380453671137,10000,483822,4427,ANTICLOCKWISE
587739380454850594,10000,478692,570,CLOCKWISE
587739380457930953,10000,463035,470,ANTICLOCKWISE
587739380458324062,10000,461714,3424,CLOCKWISE
587739380458389580,10000,461715,2934,CLOCKWISE
587739380460028252,10000,452395,4462,CLOCKWISE
587739380984381553,10000,507525,735,CLOCKWISE
587739380985561224,10000,503859,2705,ANTICLOCKWISE
587739380985757851,10000,503861,2724,CLOCKWISE
587739380987658279,10000,497687,1551,CLOCKWISE
587739380988313811,10000,495195,199,CLOCKWISE
587739380988969193,10000,492690,2380,CLOCKWISE
587739380990738493,10000,485102,3525,ANTICLOCKWISE
587739380990869660,10000,485103,2030,ANTICLOCKWISE
587739380991590583,10000,481268,348,CLOCKWISE
587739380992573753,10000,477407,2170,ANTICLOCKWISE
587739380992901259,10000,474817,4596,ANTICLOCKWISE
587739380993360068,10000,473521,1339,CLOCKWISE
587739380994670823,10000,466990,5810,ANTICLOCKWISE
587739380995260607,10000,463039,2157,CLOCKWISE
587739380996702511,10000,455074,324,ANTICLOCKWISE
587739380996964635,10000,453737,3254,CLOCKWISE
587739380997423378,10000,451057,5320,CLOCKWISE
587739380997685499,10000,449715,2243,ANTICLOCKWISE
587739381521186890,10000,509959,1809,CLOCKWISE
587739381524594827,10000,498933,1628,ANTICLOCKWISE
587739381524988079,10000,497692,69,CLOCKWISE
587739381525053614,10000,497692,3220,CLOCKWISE
587739381525315692,10000,496447,348,ANTICLOCKWISE
587739381525315810,10000,496447,2822,CLOCKWISE
587739381525971167,10000,493948,3768,ANTICLOCKWISE
587739381526626442,10000,491437,5618,ANTICLOCKWISE
587739381527085149,10000,488913,2887,CLOCKWISE
587739381527085310,10000,488913,2937,ANTICLOCKWISE
587739381529510115,10000,478701,1297,CLOCKWISE
587739381529575537,10000,478701,2471,CLOCKWISE
587739381530755154,10000,472223,1757,ANTICLOCKWISE
587739381530886329,10000,472224,562,CLOCKWISE
587739381531541720,10000,468305,661,ANTICLOCKWISE
587739381531803750,10000,466993,5272,ANTICLOCKWISE
587739381533245609,10000,459070,3975,ANTICLOCKWISE
587739381533442308,10000,457741,3072,CLOCKWISE
587739381534228721,10000,453741,1432,CLOCKWISE
587739381534425294,10000,452402,898,CLOCKWISE
587739382057664577,10000,513580,4096,CLOCKWISE
587739382059958366,10000,506320,3532,CLOCKWISE
587739382060810415,10000,503873,4410,CLOCKWISE
587739382061990078,10000,498938,4218,ANTICLOCKWISE
587739382062121196,10000,498939,4781,ANTICLOCKWISE
587739382062579853,10000,497698,5173,CLOCKWISE
587739382063562917,10000,493955,1774,ANTICLOCKWISE
587739382064611664,10000,488920,606,CLOCKWISE
587739382064677026,10000,487651,2437,ANTICLOCKWISE
587739382065332422,10000,485110,4227,CLOCKWISE
587739382067036280,10000,477414,2904,CLOCKWISE
587739382067953916,10000,473529,4101,CLOCKWISE
587739382068674846,10000,469618,3639,ANTICLOCKWISE
587739382068805964,10000,468309,1926,ANTICLOCKWISE
587739382070706411,10000,457745,2599,CLOCKWISE
587739382071492957,10000,452404,3975,CLOCKWISE
587739382594732112,10000,514784,63,CLOCKWISE
587739382595125343,10000,512381,1874,CLOCKWISE
587739384743002483,10000,436157,3581,ANTICLOCKWISE
587739385280069916,10000,437526,3762,ANTICLOCKWISE
587739385280921654,10000,432055,102,ANTICLOCKWISE
587739385281118643,10000,430682,1129,CLOCKWISE
587739385817006364,10000,438892,4773,CLOCKWISE
587739385817727135,10000,433428,535,ANTICLOCKWISE
587739386352632010,10000,448376,2398,ANTICLOCKWISE
587739386352828616,10000,447029,3563,ANTICLOCKWISE
587739405702070403,10000,509817,1430,ANTICLOCKWISE
587739405705216062,10000,513471,1626,ANTICLOCKWISE
587739405705216150,10000,513471,978,ANTICLOCKWISE
587739405706395846,10000,514684,522,CLOCKWISE
587739405706723471,10000,514687,1444,CLOCKWISE
587739405708558447,10000,515901,1304,ANTICLOCKWISE
587739405710000199,10000,514716,3574,CLOCKWISE
587739405711835281,10000,513531,4776,CLOCKWISE
587739405712097298,10000,513534,1017,CLOCKWISE
587739405712228387,10000,513535,3286,ANTICLOCKWISE
587739405714194459,10000,511140,2434,CLOCKWISE
587739405714260105,10000,511141,1485,CLOCKWISE
587739405714915421,10000,508719,1687,ANTICLOCKWISE
587739405717340253,10000,503846,812,CLOCKWISE
587739405720289423,10000,495183,328,ANTICLOCKWISE
587739405720289591,10000,495183,525,ANTICLOCKWISE
587739406221967525,10000,441164,2687,CLOCKWISE
587739406223343846,10000,447949,3145,CLOCKWISE
587739406224720099,10000,456013,6019,ANTICLOCKWISE
587739406226227410,10000,463993,1617,CLOCKWISE
587739406227800201,10000,473187,931,CLOCKWISE
587739406228783226,10000,477090,2158,CLOCKWISE
587739406232256713,10000,491180,3980,ANTICLOCKWISE
587739406232453211,10000,492442,4817,ANTICLOCKWISE
587739406232453240,10000,492442,5137,ANTICLOCKWISE
587739406235271394,10000,501204,3197,ANTICLOCKWISE
587739406237433967,10000,508587,1774,ANTICLOCKWISE
587739406237499526,10000,507368,4241,CLOCKWISE
587739406238548094,10000,509813,2233,ANTICLOCKWISE
587739406239793333,10000,512245,1212,CLOCKWISE
587739406240579744,10000,514659,3148,CLOCKWISE
587739406240841796,10000,514661,3011,ANTICLOCKWISE
587739406240972978,10000,514663,782,ANTICLOCKWISE
587739406244446344,10000,517087,3032,ANTICLOCKWISE
587739406244642969,10000,517089,2687,ANTICLOCKWISE
587739406249099328,10000,514737,1376,ANTICLOCKWISE
587739406249164911,10000,514737,4031,CLOCKWISE
587739406249427179,10000,514740,2558,ANTICLOCKWISE
587739406249754706,10000,514743,1520,CLOCKWISE
587739406249754781,10000,514743,3403,CLOCKWISE
587739406250344569,10000,513547,858,CLOCKWISE
587739406250737831,10000,512345,2835,ANTICLOCKWISE
587739406250934523,10000,512347,3582,ANTICLOCKWISE
587739406252638323,10000,508727,1992,ANTICLOCKWISE
587739406253424766,10000,507515,2877,ANTICLOCKWISE
587739406253555960,10000,506295,2778,CLOCKWISE
587739406253687028,10000,507518,1801,ANTICLOCKWISE
587739406253883585,10000,506298,1827,CLOCKWISE
587739406254014617,10000,506299,1705,CLOCKWISE
587739406254932157,10000,503853,1141,ANTICLOCKWISE
587739406256504984,10000,498920,4405,CLOCKWISE
587739406257160404,10000,496434,3451,ANTICLOCKWISE
587739406257946813,10000,493936,4417,CLOCKWISE
587739406259257351,10000,488903,2050,CLOCKWISE
587739406260699316,10000,482542,3196,ANTICLOCKWISE
587739406260830444,10000,482543,4059,ANTICLOCKWISE
587739406261420260,10000,478688,4996,CLOCKWISE
587739406262403275,10000,474812,1462,ANTICLOCKWISE
587739406262403343,10000,474812,2693,CLOCKWISE
587739406265417917,10000,459060,3179,ANTICLOCKWISE
587739406266532214,10000,452391,4396,ANTICLOCKWISE
587739406269415554,10000,436156,2937,CLOCKWISE
587739406754775513,10000,416341,575,CLOCKWISE
587739406754775570,10000,416340,5448,CLOCKWISE
587739406754775589,10000,416341,137,ANTICLOCKWISE
587739406755103237,10000,419126,6578,CLOCKWISE
587739406761066692,10000,456008,4584,ANTICLOCKWISE
587739406762442907,10000,463986,4667,ANTICLOCKWISE
587739406763950191,10000,470570,4167,CLOCKWISE
587739406766440675,10000,482251,4221,CLOCKWISE
587739406767226997,10000,486092,4139,ANTICLOCKWISE
587739406767358093,10000,487366,1230,CLOCKWISE
587739406767620312,10000,488637,4381,ANTICLOCKWISE
587739406768537616,10000,491175,1542,ANTICLOCKWISE
587739406769258658,10000,493699,1867,ANTICLOCKWISE
587739406772404335,10000,504902,3300,ANTICLOCKWISE
587739406772469929,10000,504903,1520,ANTICLOCKWISE
587739406773452949,10000,507360,2504,ANTICLOCKWISE
587739406773584002,10000,508580,1641,ANTICLOCKWISE
587739406774698075,10000,511018,3527,ANTICLOCKWISE
587739406775550041,10000,512234,2248,CLOCKWISE
587739406780072097,10000,518268,673,CLOCKWISE
587739406780989591,10000,519464,2087,ANTICLOCKWISE
587739406781120685,10000,518277,4431,CLOCKWISE
587739406781513755,10000,519469,134,ANTICLOCKWISE
587739406786887778,10000,515943,3246,ANTICLOCKWISE
587739406787018757,10000,515944,3346,CLOCKWISE
587739406787215481,10000,515946,3576,CLOCKWISE
587739406789050487,10000,512359,114,CLOCKWISE
587739406789509234,10000,511155,551,ANTICLOCKWISE
587739406790426811,10000,508735,5125,CLOCKWISE
587739406790623407,10000,508737,5175,CLOCKWISE
587739406794948775,10000,495192,1810,CLOCKWISE
587739406795014308,10000,495192,4105,CLOCKWISE
587739406795538595,10000,493943,3289,CLOCKWISE
587739406795800729,10000,491429,2581,ANTICLOCKWISE
587739406795931772,10000,491430,3913,CLOCKWISE
587739406795931788,10000,491431,524,ANTICLOCKWISE
587739406796521626,10000,490173,1596,ANTICLOCKWISE
587739406797570321,10000,485101,4941,CLOCKWISE
587739406799143165,10000,477404,722,ANTICLOCKWISE
587739406801830111,10000,464357,1061,ANTICLOCKWISE
587739406802092339,10000,461715,2095,ANTICLOCKWISE
587739406803009815,10000,457737,524,ANTICLOCKWISE
587739406803272174,10000,456406,2927,CLOCKWISE
587739406804255048,10000,449712,1063,ANTICLOCKWISE
587739406804255062,10000,449712,1304,ANTICLOCKWISE
587739406804582470,10000,448368,1724,ANTICLOCKWISE
587739406804844800,10000,447021,4028,ANTICLOCKWISE
587739406805172563,10000,444318,1408,ANTICLOCKWISE
587739407291384323,10000,416338,1777,CLOCKWISE
587739407292105385,10000,421904,252,CLOCKWISE
587739407292563569,10000,424676,683,CLOCKWISE
587739407292563617,10000,424675,6194,ANTICLOCKWISE
587739407293284661,10000,428820,1228,CLOCKWISE
587739407293612265,10000,431575,3773,CLOCKWISE
587739407293678029,10000,431576,2352,ANTICLOCKWISE
587739407297085647,10000,453324,6390,CLOCKWISE
587739407298068616,10000,458673,2182,CLOCKWISE
587739407298134177,10000,458674,139,CLOCKWISE
587739407300034736,10000,469254,1247,CLOCKWISE
587739407301017779,10000,474482,3426,ANTICLOCKWISE
587739407301279892,10000,475783,577,ANTICLOCKWISE
587739407302983822,10000,483529,1223,ANTICLOCKWISE
587739407303180477,10000,483530,3876,CLOCKWISE
587739407303245886,10000,483531,2560,ANTICLOCKWISE
587739407303573656,10000,486087,5160,CLOCKWISE
587739407303704788,10000,487361,3428,ANTICLOCKWISE
587739407303901342,10000,487362,5250,ANTICLOCKWISE
587739407304294536,10000,488635,2987,ANTICLOCKWISE
587739407304753360,10000,491168,4857,ANTICLOCKWISE
587739407306522769,10000,497455,2941,CLOCKWISE
587739407308095620,10000,503662,3525,CLOCKWISE
587739407308357751,10000,503665,378,ANTICLOCKWISE
587739407309668467,10000,507354,1785,ANTICLOCKWISE
587739407309865092,10000,508574,4349,CLOCKWISE
587739407310782535,10000,511011,1589,CLOCKWISE
587739407311765519,10000,513433,2615,ANTICLOCKWISE
587739407311962688,10000,513435,2689,CLOCKWISE
587739407312224316,10000,514640,150,ANTICLOCKWISE
587739407314387107,10000,517053,44,CLOCKWISE
587739407316680883,10000,519454,34,ANTICLOCKWISE
587739407317991550,10000,520649,100,ANTICLOCKWISE
587739407324872895,10000,515954,1632,CLOCKWISE
587739407325331539,10000,514760,1806,ANTICLOCKWISE
587739407326052358,10000,513565,2259,CLOCKWISE
587739407327428678,10000,511164,5009,CLOCKWISE
587739407327625488,10000,509955,1358,ANTICLOCKWISE
587739407328280747,10000,508745,2708,CLOCKWISE
587739407329001648,10000,506311,778,CLOCKWISE
587739407329460509,10000,505089,3206,ANTICLOCKWISE
587739407329788043,10000,503863,3031,CLOCKWISE
587739407331754197,10000,496442,5293,CLOCKWISE
587739407331885183,10000,497691,4026,CLOCKWISE
587739407332081830,10000,496445,3464,ANTICLOCKWISE
587739407332344066,10000,495197,2816,CLOCKWISE
587739407332344228,10000,495197,1891,ANTICLOCKWISE
587739407332999391,10000,492692,3321,ANTICLOCKWISE
587739407333064831,10000,492692,4990,ANTICLOCKWISE
587739407335030935,10000,483829,2351,ANTICLOCKWISE
587739407335948434,10000,479986,1247,CLOCKWISE
587739407336145011,10000,478698,3655,ANTICLOCKWISE
587739407336669337,10000,476115,1782,CLOCKWISE
587739407337455890,10000,472221,1715,CLOCKWISE
587739407338045697,10000,469612,244,ANTICLOCKWISE
587739407338242225,10000,468303,1645,CLOCKWISE
587739407338701049,10000,465676,5267,CLOCKWISE
587739407339880540,10000,459068,1437,ANTICLOCKWISE
587739407342698861,10000,442967,4604,ANTICLOCKWISE
587739407830155653,10000,431572,118,ANTICLOCKWISE
587739407831072821,10000,437060,1901,ANTICLOCKWISE
587739407832645941,10000,446587,2240,CLOCKWISE
587739407833301259,10000,450634,7027,CLOCKWISE
587739407833563150,10000,451979,5865,CLOCKWISE
587739407833628991,10000,451980,4549,CLOCKWISE
587739407833694506,10000,453322,927,ANTICLOCKWISE
587739407833759981,10000,454662,1480,CLOCKWISE
587739407833956588,10000,454663,6171,CLOCKWISE
587739407835005122,10000,461329,4549,ANTICLOCKWISE
587739407835201810,10000,462656,1292,ANTICLOCKWISE
587739407835922560,10000,465302,1369,CLOCKWISE
587739407837233271,10000,473175,3055,CLOCKWISE
587739407837298697,10000,473175,3590,CLOCKWISE
587739407838675113,10000,479666,1095,ANTICLOCKWISE
587739407839461495,10000,483525,3100,ANTICLOCKWISE
587739407841296534,10000,491165,4162,CLOCKWISE
587739407846342745,10000,509787,1287,ANTICLOCKWISE
587739407846736022,10000,511003,862,CLOCKWISE
587739407847653538,10000,512219,1267,CLOCKWISE
587739407849029748,10000,515836,1352,ANTICLOCKWISE
587739407849095205,10000,515837,1508,ANTICLOCKWISE
587739407861547141,10000,518339,1261,ANTICLOCKWISE
587739407863775331,10000,513573,440,CLOCKWISE
587739407865413758,10000,509963,2668,ANTICLOCKWISE
587739407865676053,10000,508750,2830,ANTICLOCKWISE
587739407866396851,10000,506316,2508,ANTICLOCKWISE
587739407866527880,10000,506317,4427,CLOCKWISE
587739407869673772,10000,495202,279,CLOCKWISE
587739407870263465,10000,492696,3693,CLOCKWISE
587739407871836375,10000,486381,3676,ANTICLOCKWISE
587739407872753803,10000,482556,2411,ANTICLOCKWISE
587739407873867909,10000,477413,4318,ANTICLOCKWISE
587739407873867950,10000,477413,5126,ANTICLOCKWISE
587739407874195618,10000,476121,4508,ANTICLOCKWISE
587739407875703125,10000,466995,3250,CLOCKWISE
587739407875899511,10000,466996,4024,CLOCKWISE
587739407876554999,10000,461722,3933,ANTICLOCKWISE
587739407877734636,10000,456413,2947,ANTICLOCKWISE
587739407878455466,10000,452404,2449,CLOCKWISE
587739407878979849,10000,448375,387,CLOCKWISE
587739408374628558,10000,477073,5241,CLOCKWISE
587739408375480433,10000,480951,5401,ANTICLOCKWISE
587739408375873669,10000,483520,4412,ANTICLOCKWISE
587739408376004699,10000,483521,3336,CLOCKWISE
587739408376922235,10000,488624,4653,CLOCKWISE
587739408377446530,10000,489895,4355,CLOCKWISE
587739408377708605,10000,492421,993,CLOCKWISE
587739408377774104,10000,492421,4733,CLOCKWISE
587739408378626162,10000,494940,5520,ANTICLOCKWISE
587739408380264596,10000,501180,2578,CLOCKWISE
587739408380723337,10000,503651,2918,CLOCKWISE
587739408384852063,10000,514629,901,ANTICLOCKWISE
587739408402284678,10000,511175,3938,CLOCKWISE
587739408404250723,10000,505099,2936,ANTICLOCKWISE
587739408406085809,10000,498941,3037,ANTICLOCKWISE
587739408408444933,10000,488920,1208,ANTICLOCKWISE
587739408408707222,10000,488922,5372,ANTICLOCKWISE
587739408408903897,10000,487655,4944,CLOCKWISE
587739408410214624,10000,481279,26,ANTICLOCKWISE
587739408411132037,10000,476122,3898,CLOCKWISE
587739457221492825,10000,490133,2298,CLOCKWISE
587739457222213839,10000,487604,5007,ANTICLOCKWISE
587739457222606989,10000,487608,2483,CLOCKWISE
587739457223524551,10000,483792,4446,ANTICLOCKWISE
587739457225556142,10000,476082,1061,CLOCKWISE
587739457225687169,10000,476083,1081,CLOCKWISE
587739457227522181,10000,469583,2522,CLOCKWISE
587739457229160590,10000,461694,33,ANTICLOCKWISE
587739457758560399,10000,491397,5196,ANTICLOCKWISE
587739457758757000,10000,490136,4530,CLOCKWISE
587739457759674527,10000,487610,4312,ANTICLOCKWISE
587739457761116328,10000,483799,1823,CLOCKWISE
587739457761640588,10000,481239,3792,CLOCKWISE
587739457762623659,10000,477379,509,CLOCKWISE
587739457762623689,10000,477379,2790,ANTICLOCKWISE
587739457763737796,10000,473495,4303,ANTICLOCKWISE
587739457763934392,10000,472194,3562,CLOCKWISE
587739457764000009,10000,472195,3073,CLOCKWISE
587739458296086718,10000,491404,2249,ANTICLOCKWISE
587739458296610981,10000,488880,1679,ANTICLOCKWISE
587739458296676538,10000,490146,2608,ANTICLOCKWISE
587739458297331889,10000,487618,1933,ANTICLOCKWISE
587739458299494487,10000,479961,3378,CLOCKWISE
587739458299625581,10000,479962,4270,ANTICLOCKWISE
587739458299691233,10000,478674,1534,CLOCKWISE
587739458832367785,10000,495170,185,CLOCKWISE
587739458833088679,10000,492665,1978,ANTICLOCKWISE
587739458835251308,10000,485081,1278,CLOCKWISE
587739458838724781,10000,472205,1025,ANTICLOCKWISE
587739459369500769,10000,496422,4897,ANTICLOCKWISE
587739459371925674,10000,488895,3019,CLOCKWISE
587739459373760673,10000,482537,4922,CLOCKWISE
587739459375005950,10000,477396,800,CLOCKWISE
587739459905519717,10000,500149,4810,CLOCKWISE
587739459905716298,10000,500151,4404,ANTICLOCKWISE
587739459906895968,10000,496428,336,CLOCKWISE
587739459907027075,10000,496429,2513,ANTICLOCKWISE
587739504467640417,10000,502511,1579,CLOCKWISE
587739504467771464,10000,502512,223,ANTICLOCKWISE
587739504468033628,10000,503746,4032,ANTICLOCKWISE
587739504468951189,10000,503755,1066,ANTICLOCKWISE
587739504472490049,10000,503787,1020,ANTICLOCKWISE
587739504474915038,10000,500104,3839,CLOCKWISE
587739504477143138,10000,496390,3528,ANTICLOCKWISE
587739504479174785,10000,492647,3848,ANTICLOCKWISE
587739504479371338,10000,491389,3008,ANTICLOCKWISE
587739505004773474,10000,506200,782,ANTICLOCKWISE
587739505005035679,10000,506202,4432,CLOCKWISE
587739505005035717,10000,504976,4857,CLOCKWISE
587739505005494376,10000,506206,7034,CLOCKWISE
587739505006215340,10000,506213,4472,CLOCKWISE
587739505006608578,10000,506217,1801,CLOCKWISE
587739505008115802,10000,506230,3064,ANTICLOCKWISE
587739505009164415,10000,505014,4946,ANTICLOCKWISE
587739505009950753,10000,505021,3384,CLOCKWISE
587739505011720448,10000,502577,2785,CLOCKWISE
587739505011916882,10000,502578,5044,CLOCKWISE
587739505012179029,10000,501346,2486,ANTICLOCKWISE
587739505012375613,10000,501348,480,ANTICLOCKWISE
587739505013620862,10000,500121,5595,CLOCKWISE
587739505014407313,10000,498887,2482,CLOCKWISE
587739505014931634,10000,496399,2600,ANTICLOCKWISE
587739505016242340,10000,493906,4036,ANTICLOCKWISE
587739505541447713,10000,507420,1569,ANTICLOCKWISE
587739505541447715,10000,507420,1600,ANTICLOCKWISE
587739505541578876,10000,507421,5456,ANTICLOCKWISE
587739505541644458,10000,507422,2906,CLOCKWISE
587739505542299739,10000,507428,264,CLOCKWISE
587739505542824043,10000,507433,141,ANTICLOCKWISE
587739505544331376,10000,508665,4860,ANTICLOCKWISE
587739505544462351,10000,508666,4935,CLOCKWISE
587739505544724621,10000,508669,3258,ANTICLOCKWISE
587739505544986718,10000,508671,3947,ANTICLOCKWISE
587739505548656892,10000,505038,6027,ANTICLOCKWISE
587739505549705309,10000,502587,2817,ANTICLOCKWISE
587739505550360679,10000,502593,3460,CLOCKWISE
587739505552654458,10000,497655,209,CLOCKWISE
587739505553178740,10000,496412,708,CLOCKWISE
587739506077532278,10000,508632,2091,CLOCKWISE
587739506078122130,10000,509853,4710,ANTICLOCKWISE
587739506078253189,10000,508638,4172,CLOCKWISE
587739506078908588,10000,509861,519,ANTICLOCKWISE
587739506079236289,10000,509863,5065,ANTICLOCKWISE
587739506079825959,10000,509869,1006,CLOCKWISE
587739506080219213,10000,509873,333,ANTICLOCKWISE
587739506081005594,10000,509880,91,CLOCKWISE
587739506084413501,10000,507476,1033,ANTICLOCKWISE
587739506085068881,10000,507482,1500,CLOCKWISE
587739506086248543,10000,506271,1920,CLOCKWISE
587739506086772871,10000,505050,2519,CLOCKWISE
587739506087428275,10000,503827,2782,CLOCKWISE
587739506087493770,10000,503828,460,CLOCKWISE
587739506089721934,10000,498901,5391,ANTICLOCKWISE
587739506614796361,10000,511063,3628,CLOCKWISE
587739506615255169,10000,511067,5393,ANTICLOCKWISE
587739506617221405,10000,512294,86,CLOCKWISE
587739506617286728,10000,512294,1268,CLOCKWISE
587739506618007728,10000,512301,1683,ANTICLOCKWISE
587739506621808890,10000,508700,2207,CLOCKWISE
587739506623447230,10000,507496,2394,ANTICLOCKWISE
587739506623578222,10000,507497,1990,ANTICLOCKWISE
587739506625020012,10000,503833,3773,CLOCKWISE
587739506625413226,10000,503837,2230,CLOCKWISE
587739506626920467,10000,500146,3999,ANTICLOCKWISE
587739507152715832,10000,513486,767,CLOCKWISE
587739507154354305,10000,514703,1591,ANTICLOCKWISE
587739507155337280,10000,513510,2667,CLOCKWISE
587739507156582557,10000,513521,68,CLOCKWISE
587739507157172326,10000,512322,1192,ANTICLOCKWISE
587739507158155347,10000,512331,370,CLOCKWISE
587739507158417496,10000,511125,2534,ANTICLOCKWISE
587739507160055913,10000,509928,3337,CLOCKWISE
587739507161104556,10000,507503,3710,ANTICLOCKWISE
587739507163725970,10000,501384,2406,CLOCKWISE
587739509835104574,10000,434792,4251,CLOCKWISE
587739509836415164,10000,426552,1826,ANTICLOCKWISE
587739510909173998,10000,437532,3920,ANTICLOCKWISE
587739510909895084,10000,432059,4547,ANTICLOCKWISE
587739510910157361,10000,430686,6078,ANTICLOCKWISE
587739510910288111,10000,429311,5149,CLOCKWISE
587739607544234147,10000,489951,4305,ANTICLOCKWISE
587739607546658828,10000,496259,1143,CLOCKWISE
587739607547838559,10000,497518,679,ANTICLOCKWISE
587739607548231830,10000,498767,922,ANTICLOCKWISE
587739607549476949,10000,501258,1270,ANTICLOCKWISE
587739607551443032,10000,502511,1235,ANTICLOCKWISE
587739607554195617,10000,503768,3404,CLOCKWISE
587739607555113055,10000,502544,3327,ANTICLOCKWISE
587739607556882553,10000,501326,1287,CLOCKWISE
587739607559307400,10000,498868,1791,ANTICLOCKWISE
587739607559438455,10000,498870,499,ANTICLOCKWISE
587739607561666674,10000,493892,4276,CLOCKWISE
587739607562453126,10000,492643,1334,CLOCKWISE
587739607565336699,10000,485065,1047,ANTICLOCKWISE
587739608081956963,10000,493739,4157,ANTICLOCKWISE
587739608084381813,10000,500002,1784,ANTICLOCKWISE
587739608084775012,10000,500005,4139,ANTICLOCKWISE
587739608088969320,10000,503749,702,ANTICLOCKWISE
587739608089755751,10000,504985,2329,ANTICLOCKWISE
587739608090083668,10000,504988,2889,CLOCKWISE
587739608091001054,10000,504996,3579,ANTICLOCKWISE
587739608091656305,10000,505002,4081,ANTICLOCKWISE
587739608091721814,10000,505003,2182,ANTICLOCKWISE
587739608095850507,10000,501345,2403,ANTICLOCKWISE
587739608095850508,10000,501345,2271,ANTICLOCKWISE
587739608095850652,10000,501345,4270,ANTICLOCKWISE
587739608096243830,10000,501348,4492,ANTICLOCKWISE
587739608096833563,10000,500116,2918,ANTICLOCKWISE
587739608099127448,10000,495152,1483,ANTICLOCKWISE
587739608100110489,10000,492650,2283,ANTICLOCKWISE
587739608101486792,10000,487605,2882,CLOCKWISE
587739608102076553,10000,486339,1457,ANTICLOCKWISE
587739608102732068,10000,485070,637,ANTICLOCKWISE
587739608103059589,10000,483795,2539,ANTICLOCKWISE
587739608618696841,10000,496243,3276,ANTICLOCKWISE
587739608620925059,10000,501237,148,ANTICLOCKWISE
587739608621056051,10000,501238,3162,ANTICLOCKWISE
587739608623677581,10000,504958,1613,ANTICLOCKWISE
587739608624005235,10000,504961,1216,ANTICLOCKWISE
587739608628199539,10000,506225,3130,ANTICLOCKWISE
587739608628265015,10000,507448,2163,CLOCKWISE
587739608628658241,10000,507451,3777,CLOCKWISE
587739608629182522,10000,506234,6009,ANTICLOCKWISE
587739608629182525,10000,506234,5879,ANTICLOCKWISE
587739608632721528,10000,502580,3399,ANTICLOCKWISE
587739608633180190,10000,502584,3247,CLOCKWISE
587739608633180263,10000,502584,3868,ANTICLOCKWISE
587739608633245802,10000,502585,1221,ANTICLOCKWISE
587739608634818752,10000,498885,2268,CLOCKWISE
587739608636391626,10000,496406,4340,CLOCKWISE
587739608637309073,10000,493910,3026,CLOCKWISE
587739608638357668,10000,490140,3533,ANTICLOCKWISE
587739608639406226,10000,487615,1648,ANTICLOCKWISE
587739608639602792,10000,486345,2068,ANTICLOCKWISE
587739608639668361,10000,486345,4396,ANTICLOCKWISE
587739608640061508,10000,485074,1433,CLOCKWISE
587739609157599397,10000,502470,1080,ANTICLOCKWISE
587739609157730391,10000,502471,742,ANTICLOCKWISE
587739609158123619,10000,503706,3723,ANTICLOCKWISE
587739609158778970,10000,504941,4047,CLOCKWISE
587739609159696508,10000,506176,1433,ANTICLOCKWISE
587739609160482931,10000,507405,4606,ANTICLOCKWISE
587739609160548456,10000,507406,1349,CLOCKWISE
587739609163038850,10000,508648,1179,CLOCKWISE
587739609163497561,10000,508652,3224,ANTICLOCKWISE
587739609163890843,10000,508656,268,CLOCKWISE
587739609166839907,10000,508683,1091,ANTICLOCKWISE
587739609167364130,10000,507468,4599,ANTICLOCKWISE
587739609167364222,10000,508687,4209,ANTICLOCKWISE
587739609169526803,10000,505040,2744,CLOCKWISE
587739609170182319,10000,505046,4900,CLOCKWISE
587739609172148323,10000,501369,1282,ANTICLOCKWISE
587739609173983331,10000,496413,2608,CLOCKWISE
587739609691652216,10000,498729,829,ANTICLOCKWISE
587739609692700788,10000,499980,3509,ANTICLOCKWISE
587739609694470200,10000,504931,279,CLOCKWISE
587739609695191112,10000,506163,4539,ANTICLOCKWISE
587739609696632899,10000,508617,4145,ANTICLOCKWISE
587739609697747070,10000,509844,554,CLOCKWISE
587739609699647649,10000,511073,3433,CLOCKWISE
587739609699975250,10000,511076,1995,CLOCKWISE
587739609700171897,10000,511078,2551,CLOCKWISE
587739609700499646,10000,511081,4005,ANTICLOCKWISE
587739609701613662,10000,511091,2481,CLOCKWISE
587739609701613685,10000,511091,2882,ANTICLOCKWISE
587739609702400117,10000,511099,492,CLOCKWISE
587739609702531192,10000,511100,930,ANTICLOCKWISE
587739609705218190,10000,508696,3176,ANTICLOCKWISE
587739609707839605,10000,505053,4629,CLOCKWISE
587739610231341140,10000,507379,708,ANTICLOCKWISE
587739610235273315,10000,511062,984,CLOCKWISE
587739610235535470,10000,512272,3520,CLOCKWISE
587739610235666467,10000,512273,4728,CLOCKWISE
587739610236190836,10000,512278,2465,ANTICLOCKWISE
587739610236780683,10000,512284,956,ANTICLOCKWISE
587739610239402112,10000,512308,1144,ANTICLOCKWISE
587739610239533160,10000,513514,336,ANTICLOCKWISE
587739610243661969,10000,508711,3298,CLOCKWISE
587739610244120683,10000,507496,3552,ANTICLOCKWISE
587739610245824600,10000,505064,3843,CLOCKWISE
587739610249822294,10000,493928,2743,CLOCKWISE
587739610250674260,10000,491419,2333,CLOCKWISE
587739629557383335,10000,478667,2558,CLOCKWISE
587739629557383391,10000,478667,3717,CLOCKWISE
587739629559283823,10000,470889,4063,CLOCKWISE
587739630095040650,10000,477381,4928,CLOCKWISE
587739630632763973,10000,476095,2356,CLOCKWISE
587739630632828957,10000,476095,2910,CLOCKWISE
587739630633812153,10000,472203,2576,ANTICLOCKWISE
587739631169962153,10000,476098,3479,CLOCKWISE
587739631170224238,10000,476100,4870,ANTICLOCKWISE
587739631170879670,10000,472205,2823,ANTICLOCKWISE
587739631705522367,10000,483816,822,ANTICLOCKWISE
587739631706701981,10000,478685,3095,ANTICLOCKWISE
587739631707357336,10000,476103,3605,CLOCKWISE
587739631707422842,10000,476104,839,ANTICLOCKWISE
587739646199136447,10000,470596,2104,CLOCKWISE
587739646199922761,10000,473212,1629,CLOCKWISE
587739646202675286,10000,483567,1479,ANTICLOCKWISE
587739646203199602,10000,484850,2511,ANTICLOCKWISE
587739646206738562,10000,494998,4338,CLOCKWISE
587739646207721565,10000,496258,4483,CLOCKWISE
587739646208442564,10000,497513,5010,ANTICLOCKWISE
587739646208442578,10000,498759,70,ANTICLOCKWISE
587739646208835672,10000,498762,873,CLOCKWISE
587739646211719297,10000,502503,3644,CLOCKWISE
587739646735221081,10000,469279,4960,ANTICLOCKWISE
587739646735876246,10000,471900,4532,ANTICLOCKWISE
587739646738563164,10000,482276,4741,ANTICLOCKWISE
587739646738890823,10000,483560,4375,ANTICLOCKWISE
587739646738956411,10000,483562,180,CLOCKWISE
587739646739480703,10000,484844,2836,CLOCKWISE
587739646739611726,10000,486120,3972,ANTICLOCKWISE
587739646739677230,10000,486121,925,ANTICLOCKWISE
587739646739939547,10000,487396,660,CLOCKWISE
587739646742036533,10000,493730,1681,ANTICLOCKWISE
587739646743150617,10000,494994,2944,ANTICLOCKWISE
587739646743150720,10000,494994,2773,CLOCKWISE
587739646745968757,10000,501244,4766,ANTICLOCKWISE
587739646747345036,10000,503724,1006,CLOCKWISE
587739646747738208,10000,504956,4916,CLOCKWISE
587739647272157308,10000,471895,6375,CLOCKWISE
587739647272157309,10000,471895,2103,CLOCKWISE
587739647273271463,10000,475807,5120,CLOCKWISE
587739647273795715,10000,478400,784,CLOCKWISE
587739647274057808,10000,478402,3173,ANTICLOCKWISE
587739647274451157,10000,480983,3822,CLOCKWISE
587739647275761809,10000,486113,5179,ANTICLOCKWISE
587739647277072480,10000,489933,2956,ANTICLOCKWISE
587739647277858896,10000,492463,2416,ANTICLOCKWISE
587739647278645338,10000,494981,4595,CLOCKWISE
587739647279890556,10000,497492,2022,ANTICLOCKWISE
587739647281660056,10000,501233,4916,CLOCKWISE
587739647281856710,10000,502470,3073,ANTICLOCKWISE
587739647281922151,10000,502471,470,ANTICLOCKWISE
587739647282184283,10000,502473,1628,CLOCKWISE
587739647282643136,10000,502477,3702,ANTICLOCKWISE
587739647808962651,10000,473196,5230,CLOCKWISE
587739647809945733,10000,477100,1695,ANTICLOCKWISE
587739647815254114,10000,494979,1558,ANTICLOCKWISE
587739647815909467,10000,497484,2652,CLOCKWISE
587739647816761491,10000,499979,2611,CLOCKWISE
587739647820103773,10000,506169,4816,ANTICLOCKWISE
587739647820955748,10000,507400,165,CLOCKWISE
587739648346816624,10000,479683,1408,CLOCKWISE
587739648347668620,10000,482262,3228,ANTICLOCKWISE
587739648348586098,10000,486105,978,CLOCKWISE
587739648349044880,10000,487381,1454,CLOCKWISE
587739648349044959,10000,487381,1042,ANTICLOCKWISE
587739648351928400,10000,497476,1448,ANTICLOCKWISE
587739648352256128,10000,497479,2950,CLOCKWISE
587739648352256135,10000,498724,3404,CLOCKWISE
587739648353763417,10000,501218,2077,CLOCKWISE
587739648353894575,10000,502454,5239,CLOCKWISE
587739648353960076,10000,502455,787,ANTICLOCKWISE
587739648354877538,10000,503695,3006,ANTICLOCKWISE
587739648355270668,10000,504928,1682,CLOCKWISE
587739648356057214,10000,507383,2587,ANTICLOCKWISE
587739648358875236,10000,509844,2838,ANTICLOCKWISE
587739648889192612,10000,499967,1363,ANTICLOCKWISE
587739648889258093,10000,499967,2172,ANTICLOCKWISE
587739648889782429,10000,501210,3745,ANTICLOCKWISE
587739648889978979,10000,502447,2018,ANTICLOCKWISE
587739648890765451,10000,504915,3881,ANTICLOCKWISE
587739648890962017,10000,503688,1001,CLOCKWISE
587739648891748469,10000,506150,4092,ANTICLOCKWISE
587739648892665932,10000,508599,4741,CLOCKWISE
587739648895156244,10000,512258,4024,ANTICLOCKWISE
587739648896008325,10000,512266,3220,ANTICLOCKWISE
587739651030646929,10000,461694,3673,ANTICLOCKWISE
587739651032285351,10000,455054,1634,CLOCKWISE
587739651032744116,10000,452378,4827,ANTICLOCKWISE
587739651033923939,10000,445654,1896,ANTICLOCKWISE
587739651567190212,10000,465655,3346,CLOCKWISE
587739651567648938,10000,463020,988,ANTICLOCKWISE
587739651567779982,10000,463021,433,CLOCKWISE
587739651568435412,10000,460376,3625,CLOCKWISE
587739651568435441,10000,459047,4610,ANTICLOCKWISE
587739651569090692,10000,456389,2308,ANTICLOCKWISE
587739651570073818,10000,451040,3407,CLOCKWISE
587739651570270368,10000,451042,1830,ANTICLOCKWISE
587739651570598154,10000,448353,3215,CLOCKWISE
587739651570794643,10000,448355,450,CLOCKWISE
587739651571122345,10000,445657,4717,ANTICLOCKWISE
587739651571384585,10000,444305,2524,ANTICLOCKWISE
587739651571843233,10000,441593,2975,CLOCKWISE
587739652106420423,10000,456394,2508,ANTICLOCKWISE
587739652107206797,10000,452386,348,CLOCKWISE
587739652107600031,10000,449701,3117,CLOCKWISE
587739652111597867,10000,427921,4616,ANTICLOCKWISE
587739652640604420,10000,470903,3281,ANTICLOCKWISE
587739652641259769,10000,468290,152,CLOCKWISE
587739652642308352,10000,463029,1145,ANTICLOCKWISE
587739652643684608,10000,456398,2617,CLOCKWISE
587739652645454063,10000,447015,3616,CLOCKWISE
587739652645519547,10000,447016,591,ANTICLOCKWISE
587739652645585156,10000,445665,3501,ANTICLOCKWISE
587739652649451912,10000,423788,6483,CLOCKWISE
587739706327826546,10000,490072,2344,ANTICLOCKWISE
587739706329006196,10000,488817,2051,ANTICLOCKWISE
587739706331037806,10000,485020,134,CLOCKWISE
587739706331496519,10000,485024,1645,CLOCKWISE
587739706331889728,10000,483750,888,ANTICLOCKWISE
587739706333986964,10000,479917,3829,CLOCKWISE
587739706335166619,10000,476051,641,CLOCKWISE
587739706336084180,10000,473460,2684,ANTICLOCKWISE
587739706336346300,10000,472160,504,ANTICLOCKWISE
587739706337460346,10000,469555,3734,ANTICLOCKWISE
587739706338836628,10000,464307,4341,CLOCKWISE
587739706339688638,10000,461671,770,CLOCKWISE
587739706341195990,10000,456364,5759,ANTICLOCKWISE
587739706342899883,10000,448330,2416,ANTICLOCKWISE
587739706595934397,10000,490069,2840,CLOCKWISE
587739706864763010,10000,491335,4822,ANTICLOCKWISE
587739706865156346,10000,491340,521,CLOCKWISE
587739706865746029,10000,491345,1927,CLOCKWISE
587739706866663512,10000,490090,2732,CLOCKWISE
587739706867122295,10000,488828,3635,ANTICLOCKWISE
587739706867581086,10000,488833,116,ANTICLOCKWISE
587739706868236411,10000,487569,4478,ANTICLOCKWISE
587739706868236436,10000,487570,877,ANTICLOCKWISE
587739706868826289,10000,486303,5135,ANTICLOCKWISE
587739706870333468,10000,482483,3581,CLOCKWISE
587739706870661300,10000,481203,1492,ANTICLOCKWISE
587739706871119884,10000,481207,404,CLOCKWISE
587739706871185581,10000,479921,984,ANTICLOCKWISE
587739706872365225,10000,477349,1781,ANTICLOCKWISE
587739706873675953,10000,473467,3288,CLOCKWISE
587739706875445375,10000,466941,1422,CLOCKWISE
587739706875642120,10000,466943,1710,CLOCKWISE
587739706876756178,10000,462996,4506,ANTICLOCKWISE
587739706876887142,10000,461674,324,CLOCKWISE
587739706877870317,10000,457696,4474,CLOCKWISE
587739706878132373,10000,457698,4097,ANTICLOCKWISE
587739706879246554,10000,452360,4990,ANTICLOCKWISE
587739706880163982,10000,448334,1030,ANTICLOCKWISE
587739706881999051,10000,440219,472,ANTICLOCKWISE
587739706882130106,10000,438857,2295,CLOCKWISE
587739706882261205,10000,437493,4720,CLOCKWISE
587739706882719949,10000,436130,4482,CLOCKWISE
587739706883768521,10000,432027,3886,ANTICLOCKWISE
587739706883965271,10000,429278,1376,CLOCKWISE
587739706884686243,10000,426527,4677,CLOCKWISE
587739706885603425,10000,421000,3251,ANTICLOCKWISE
587739706885668978,10000,421000,5601,CLOCKWISE
587739706886259030,10000,416834,2921,CLOCKWISE
587739706886586905,10000,415444,2300,CLOCKWISE
587739707402616990,10000,492604,6461,CLOCKWISE
587739707403796594,10000,491355,5281,ANTICLOCKWISE
587739707407335557,10000,483766,2276,ANTICLOCKWISE
587739707407859755,10000,482489,5227,CLOCKWISE
587739707407991013,10000,482491,3698,ANTICLOCKWISE
587739707409891424,10000,477355,618,ANTICLOCKWISE
587739707409891442,10000,477355,1436,ANTICLOCKWISE
587739707410677938,10000,474769,4908,ANTICLOCKWISE
587739707411005635,10000,474772,6041,ANTICLOCKWISE
587739707411792118,10000,470870,4849,ANTICLOCKWISE
587739707412119581,10000,470873,2055,CLOCKWISE
587739707412381874,10000,469566,4052,ANTICLOCKWISE
587739707412775123,10000,468259,2368,CLOCKWISE
587739707413037233,10000,466948,3322,ANTICLOCKWISE
587739707413233668,10000,465632,5646,ANTICLOCKWISE
587739707415527583,10000,456370,5042,CLOCKWISE
587739707416051912,10000,455039,6574,ANTICLOCKWISE
587739707417034899,10000,449681,2678,ANTICLOCKWISE
587739707420180585,10000,434768,974,CLOCKWISE
587739707420508450,10000,433400,722,CLOCKWISE
587739707420705031,10000,432029,703,CLOCKWISE
587739707421098317,10000,430657,3564,ANTICLOCKWISE
587739707421229466,10000,430659,383,CLOCKWISE
587739707421687998,10000,427908,900,ANTICLOCKWISE
587739707422409038,10000,423772,1183,CLOCKWISE
587739707423654172,10000,416839,2451,ANTICLOCKWISE
587739707940405394,10000,493870,4057,ANTICLOCKWISE
587739707941716105,10000,491365,3781,CLOCKWISE
587739707942371496,10000,490109,624,ANTICLOCKWISE
587739707942633560,10000,490111,276,ANTICLOCKWISE
587739707943747600,10000,487586,3316,ANTICLOCKWISE
587739707945517234,10000,482497,2238,CLOCKWISE
587739707946827966,10000,479938,3899,ANTICLOCKWISE
587739707949318333,10000,472182,1482,CLOCKWISE
587739707949580440,10000,469570,910,CLOCKWISE
587739707950432494,10000,466953,2883,ANTICLOCKWISE
587739707952791746,10000,457708,646,ANTICLOCKWISE
587739707953578272,10000,455046,4594,ANTICLOCKWISE
587739707953840205,10000,453710,941,CLOCKWISE
587739707954036917,10000,452371,382,ANTICLOCKWISE
587739707955740831,10000,444296,4040,CLOCKWISE
587739707956723971,10000,438865,5627,CLOCKWISE
587739707957051710,10000,437504,294,CLOCKWISE
587739707957772571,10000,433404,176,CLOCKWISE
587739707959410982,10000,425156,892,ANTICLOCKWISE
587739707960394009,10000,419621,6022,ANTICLOCKWISE
587739707962097965,10000,409872,3867,ANTICLOCKWISE
587739708475244680,10000,498849,2756,CLOCKWISE
587739708475965598,10000,497611,1917,ANTICLOCKWISE
587739708476817513,10000,496371,753,ANTICLOCKWISE
587739708476817541,10000,496371,1617,ANTICLOCKWISE
587739708477079703,10000,496373,4345,CLOCKWISE
587739708477538493,10000,495127,857,CLOCKWISE
587739708478324878,10000,493880,1656,ANTICLOCKWISE
587739708478914730,10000,493885,4795,ANTICLOCKWISE
587739708478980324,10000,492629,3227,ANTICLOCKWISE
587739708480159925,10000,491380,1846,ANTICLOCKWISE
587739708481077286,10000,488859,5173,ANTICLOCKWISE
587739708481077362,10000,488859,5211,ANTICLOCKWISE
587739708482584724,10000,485058,536,CLOCKWISE
587739708483567739,10000,482508,825,ANTICLOCKWISE
587739708483567742,10000,482508,1469,ANTICLOCKWISE
587739708484092024,10000,481229,1657,ANTICLOCKWISE
587739708484485253,10000,478656,1653,CLOCKWISE
587739708485992662,10000,474784,2585,CLOCKWISE
587739708487172208,10000,469577,654,CLOCKWISE
587739708487368768,10000,468268,1078,CLOCKWISE
587739708487500047,10000,468269,2420,ANTICLOCKWISE
587739708487958667,10000,466959,2177,ANTICLOCKWISE
587739708489400477,10000,460365,2285,ANTICLOCKWISE
587739708490645570,10000,455048,4027,ANTICLOCKWISE
587739708490973269,10000,453712,3855,ANTICLOCKWISE
587739708491170066,10000,452373,4959,CLOCKWISE
587739708492284190,10000,447000,4674,ANTICLOCKWISE
587739708492546251,10000,447002,5237,CLOCKWISE
587739708492808383,10000,444298,3134,CLOCKWISE
587739708493725998,10000,440230,2024,CLOCKWISE
587739708495102207,10000,433408,3868,CLOCKWISE
587739709014016155,10000,497622,1366,CLOCKWISE
587739709014474834,10000,497626,395,ANTICLOCKWISE
587739709015851110,10000,495139,4340,CLOCKWISE
587739709016572001,10000,493892,4567,ANTICLOCKWISE
587739709018275970,10000,490129,660,ANTICLOCKWISE
587739709019586563,10000,486334,902,ANTICLOCKWISE
587739709021028592,10000,481230,2765,CLOCKWISE
587739709280288889,10000,501327,184,CLOCKWISE
587739719214235669,10000,490047,1954,ANTICLOCKWISE
587739719214563421,10000,490050,4192,CLOCKWISE
587739719214956621,10000,490054,1349,CLOCKWISE
587739719215546518,10000,490059,2635,CLOCKWISE
587739719216791695,10000,488805,767,CLOCKWISE
587739719217184955,10000,488808,3139,CLOCKWISE
587739719217381511,10000,488810,4061,CLOCKWISE
587739719217840360,10000,487545,4948,ANTICLOCKWISE
587739719218102365,10000,487547,4657,CLOCKWISE
587739719219871887,10000,485017,2744,ANTICLOCKWISE
587739719751630992,10000,492575,407,CLOCKWISE
587739719752024163,10000,492578,4983,ANTICLOCKWISE
587739719753924720,10000,491336,1835,ANTICLOCKWISE
587739719754907893,10000,490082,933,ANTICLOCKWISE
587739719756284001,10000,487560,763,ANTICLOCKWISE
587739719756873847,10000,486293,3591,CLOCKWISE
587739719759495233,10000,481199,5235,ANTICLOCKWISE
587739719761920121,10000,476057,3581,CLOCKWISE
587739719762575364,10000,473464,3611,CLOCKWISE
587739719762640986,10000,473465,2604,CLOCKWISE
587739719765852308,10000,461672,4206,CLOCKWISE
587739719766048868,10000,461673,5217,CLOCKWISE
587739719766966351,10000,457695,4579,ANTICLOCKWISE
587739719769194592,10000,448333,1640,CLOCKWISE
587739719770308769,10000,442930,4422,ANTICLOCKWISE
587739719771095167,10000,438855,2825,CLOCKWISE
587739719772536993,10000,432024,125,CLOCKWISE
587739719773651323,10000,426525,5575,CLOCKWISE
587739719773847822,10000,425146,2594,CLOCKWISE
587739720289222685,10000,493838,2295,ANTICLOCKWISE
587739720289681524,10000,493843,1095,CLOCKWISE
587739720289812545,10000,493843,5342,ANTICLOCKWISE
587739720291188831,10000,492599,5450,CLOCKWISE
587739720291385479,10000,492601,5173,CLOCKWISE
587739720291975289,10000,492606,4680,CLOCKWISE
587739720292630699,10000,491353,1987,CLOCKWISE
587739720293286009,10000,488830,1647,CLOCKWISE
587739720294400104,10000,488840,1326,ANTICLOCKWISE
587739720294990033,10000,486304,4582,CLOCKWISE
587739720297218148,10000,481208,117,CLOCKWISE
587739720298201260,10000,478640,2094,CLOCKWISE
587739720298594320,10000,478643,3402,CLOCKWISE
587739720300232839,10000,473472,2423,ANTICLOCKWISE
587739720300232842,10000,473472,2340,ANTICLOCKWISE
587739720300429384,10000,472171,1403,CLOCKWISE
587739720301871291,10000,466945,3064,CLOCKWISE
587739720302330008,10000,465632,3224,CLOCKWISE
587739720305017031,10000,453699,2765,CLOCKWISE
587739720307179701,10000,444288,851,ANTICLOCKWISE
587739720308424799,10000,438860,1184,ANTICLOCKWISE
587739720308490475,10000,437495,3458,ANTICLOCKWISE
587739720314323456,10000,407068,878,ANTICLOCKWISE
587739720823603314,10000,496321,450,ANTICLOCKWISE
587739720824193093,10000,496326,586,CLOCKWISE
587739720825438309,10000,496337,3727,ANTICLOCKWISE
587739720826290312,10000,496345,1879,ANTICLOCKWISE
587739720828125335,10000,493857,4984,CLOCKWISE
587739720828321935,10000,493859,3392,CLOCKWISE
587739720829108344,10000,493866,2882,CLOCKWISE
587739720830222472,10000,491359,4013,CLOCKWISE
587739720834023578,10000,483772,3270,ANTICLOCKWISE
587739720836579519,10000,476066,4273,ANTICLOCKWISE
587739720836972657,10000,474772,4064,ANTICLOCKWISE
587739720838873236,10000,469571,1946,ANTICLOCKWISE
587739720841363536,10000,459033,716,CLOCKWISE
587739720841822402,10000,456374,162,ANTICLOCKWISE
587739720841888001,10000,457707,2153,ANTICLOCKWISE
587739720841953473,10000,456375,1046,ANTICLOCKWISE
587739720843002037,10000,452369,1270,CLOCKWISE
587739720843264257,10000,449683,4641,CLOCKWISE
587739720843526344,10000,448339,2394,ANTICLOCKWISE
587739720843985142,10000,446994,4003,CLOCKWISE
587739720845361431,10000,441584,3884,ANTICLOCKWISE
587739720846344576,10000,436138,3013,ANTICLOCKWISE
587739720847327507,10000,430659,4986,ANTICLOCKWISE
587739720847589676,10000,429285,2096,ANTICLOCKWISE
587739720851259905,10000,408472,963,CLOCKWISE
587739720851259946,10000,408472,2262,CLOCKWISE
587739720851587373,10000,407072,1667,ANTICLOCKWISE
587739720851587584,10000,405667,5879,ANTICLOCKWISE
587739721360867442,10000,498817,1908,ANTICLOCKWISE
587739721361391764,10000,498822,757,CLOCKWISE
587739721363816552,10000,497599,2616,ANTICLOCKWISE
587739721364668500,10000,496359,893,CLOCKWISE
587739721365454923,10000,495115,1979,ANTICLOCKWISE
587739721366765696,10000,495127,4844,CLOCKWISE
587739721367748690,10000,492625,2765,ANTICLOCKWISE
587739721368535160,10000,491373,137,ANTICLOCKWISE
587739721369387133,10000,488852,870,ANTICLOCKWISE
587739721371877537,10000,483781,4781,CLOCKWISE
587739721372401741,10000,481221,2915,ANTICLOCKWISE
587739721372663905,10000,481223,4555,ANTICLOCKWISE
587739721373712569,10000,477364,1585,ANTICLOCKWISE
587739721373778031,10000,477364,3839,CLOCKWISE
587739721374105726,10000,476072,2913,CLOCKWISE
587739721377317032,10000,464325,5845,ANTICLOCKWISE
587739721377710253,10000,463008,560,ANTICLOCKWISE
587739721379479802,10000,455045,6520,CLOCKWISE
587739721383084192,10000,437504,3100,CLOCKWISE
587739721383346374,10000,437506,4826,ANTICLOCKWISE
587739721384526226,10000,430663,3083,ANTICLOCKWISE
587739721388720691,10000,407074,6586,CLOCKWISE
587739721898131537,10000,501300,5401,CLOCKWISE
587739721898328162,10000,501302,2459,ANTICLOCKWISE
587739721900097615,10000,500080,4697,ANTICLOCKWISE
587739721900490907,10000,500084,3273,CLOCKWISE
587739721901932613,10000,498855,3202,CLOCKWISE
587739721902784592,10000,497618,2323,ANTICLOCKWISE
587739721902850109,10000,497619,1917,CLOCKWISE
587739721905995918,10000,491378,3753,ANTICLOCKWISE
587739721907830899,10000,488866,7928,CLOCKWISE
587739721908682946,10000,485059,1464,ANTICLOCKWISE
587739721910583443,10000,479947,366,ANTICLOCKWISE
587739721910648970,10000,478658,333,ANTICLOCKWISE
587739721910780016,10000,479948,3248,CLOCKWISE
587739721910845497,10000,478659,2717,CLOCKWISE
587739721911763166,10000,476080,1053,CLOCKWISE
587739721913073825,10000,470884,4053,ANTICLOCKWISE
587739721915957344,10000,459041,3803,ANTICLOCKWISE
587739722169385094,10000,498847,294,CLOCKWISE
587739809409728661,10000,470815,324,ANTICLOCKWISE
587739809411629186,10000,468212,3263,ANTICLOCKWISE
587739809413136540,10000,462956,1751,CLOCKWISE
587739809413464180,10000,461635,2432,CLOCKWISE
587739809413791883,10000,461638,2628,ANTICLOCKWISE
587739809415757918,10000,456336,1636,ANTICLOCKWISE
587739809416085648,10000,455004,157,CLOCKWISE
587739809416675510,10000,452329,3151,ANTICLOCKWISE
587739809416872065,10000,452331,2768,CLOCKWISE
587739809417724137,10000,449651,2535,CLOCKWISE
587739809418313887,10000,446960,3877,CLOCKWISE
587739809420476653,10000,438834,4300,ANTICLOCKWISE
587739809946337420,10000,474722,2607,ANTICLOCKWISE
587739809946665117,10000,473425,82,CLOCKWISE
587739809947058255,10000,473428,2606,CLOCKWISE
587739809947123890,10000,472126,688,CLOCKWISE
587739809947189440,10000,472126,3983,ANTICLOCKWISE
587739809947582661,10000,472130,1179,ANTICLOCKWISE
587739809947648157,10000,472130,2192,CLOCKWISE
587739809948369040,10000,469522,3765,ANTICLOCKWISE
587739809950662757,10000,464282,4881,ANTICLOCKWISE
587739809950924896,10000,462964,2740,ANTICLOCKWISE
587739809951514670,10000,461646,928,ANTICLOCKWISE
587739809952104630,10000,460324,4412,CLOCKWISE
587739809952301201,10000,458997,2688,ANTICLOCKWISE
587739809955381285,10000,448311,4371,CLOCKWISE
587739809955840119,10000,446966,4837,ANTICLOCKWISE
587739809956429937,10000,444265,3646,ANTICLOCKWISE
587739809957019897,10000,441555,4144,ANTICLOCKWISE
587739809957216495,10000,441557,3003,CLOCKWISE
587739809957609611,10000,440199,3885,CLOCKWISE
587739809957675252,10000,438837,3910,CLOCKWISE
587739809958068559,10000,437476,5365,ANTICLOCKWISE
587739809959379340,10000,432009,2936,CLOCKWISE
587739809964294243,10000,408455,1848,ANTICLOCKWISE
587739809964753133,10000,405652,7287,ANTICLOCKWISE
587739809965474100,10000,401439,2880,ANTICLOCKWISE
587739810483339502,10000,476021,3968,ANTICLOCKWISE
587739810483536067,10000,476023,2161,ANTICLOCKWISE
587739810483667081,10000,476024,3489,CLOCKWISE
587739810483798187,10000,474728,1788,ANTICLOCKWISE
587739810484322401,10000,474732,4222,ANTICLOCKWISE
587739810484846854,10000,473436,4901,ANTICLOCKWISE
587739810485239985,10000,472137,3786,ANTICLOCKWISE
587739810485633217,10000,470835,2966,ANTICLOCKWISE
587739810486747255,10000,468225,4923,ANTICLOCKWISE
587739810488647843,10000,462972,3332,CLOCKWISE
587739810488975546,10000,461651,5093,CLOCKWISE
587739810489303207,10000,461654,4310,ANTICLOCKWISE
587739810489762048,10000,459003,910,ANTICLOCKWISE
587739810489958786,10000,457673,4730,CLOCKWISE
587739810490089636,10000,457675,2566,CLOCKWISE
587739810490613917,10000,457679,5172,ANTICLOCKWISE
587739810490679412,10000,456347,3860,ANTICLOCKWISE
587739810491793553,10000,452342,2363,ANTICLOCKWISE
587739810492121311,10000,451002,3095,CLOCKWISE
587739810492973278,10000,448318,2826,CLOCKWISE
587739810493366600,10000,445622,214,CLOCKWISE
587739810495594591,10000,437482,4208,ANTICLOCKWISE
587739810496839714,10000,432014,4886,CLOCKWISE
587739810497429812,10000,429268,1313,CLOCKWISE
587739810497757483,10000,426514,1256,CLOCKWISE
587739810498740420,10000,422375,1469,CLOCKWISE
587739810499920142,10000,416826,4364,CLOCKWISE
587739810500379066,10000,414043,4267,ANTICLOCKWISE
587739810501493136,10000,408458,7413,ANTICLOCKWISE
587739811020013721,10000,478608,1158,CLOCKWISE
587739811020275862,10000,477317,1355,CLOCKWISE
587739811021062193,10000,476029,3728,ANTICLOCKWISE
587739811021783255,10000,474738,4335,CLOCKWISE
587739811024797755,10000,468236,2276,CLOCKWISE
587739811025518661,10000,464293,3940,ANTICLOCKWISE
587739811026043096,10000,462977,3650,CLOCKWISE
587739811026043138,10000,464298,3875,CLOCKWISE
587739811026960615,10000,460335,1841,ANTICLOCKWISE
587739811027091624,10000,460336,2264,CLOCKWISE
587739811028140206,10000,456353,3946,CLOCKWISE
587739811029188815,10000,452347,2842,ANTICLOCKWISE
587739811029385479,10000,451006,1758,CLOCKWISE
587739811030630596,10000,446977,1107,ANTICLOCKWISE
587739811030630649,10000,446977,3377,CLOCKWISE
587739811031351594,10000,444277,3273,ANTICLOCKWISE
587739811032727794,10000,437485,1754,CLOCKWISE
587739811032858816,10000,437486,2001,ANTICLOCKWISE
587739811033186520,10000,436122,3798,CLOCKWISE
587739811035414681,10000,425141,5042,CLOCKWISE
587739811035480508,10000,425141,12474,ANTICLOCKWISE
587739811036332419,10000,420995,92,CLOCKWISE
587739811037184378,10000,416830,5701,CLOCKWISE
587739811037315549,10000,416832,444,ANTICLOCKWISE
587739811037774286,10000,414048,2007,CLOCKWISE
587739811038888566,10000,407061,2805,CLOCKWISE
587739811559047308,10000,476040,965,ANTICLOCKWISE
587739811560161431,10000,473451,3042,ANTICLOCKWISE
587739811561078930,10000,470851,2071,CLOCKWISE
587739811561210012,10000,470852,3657,ANTICLOCKWISE
587739811561472186,10000,469546,981,CLOCKWISE
587739811561996455,10000,468239,4567,CLOCKWISE
587739811564749031,10000,459015,1768,ANTICLOCKWISE
587739811567239271,10000,449670,3400,ANTICLOCKWISE
587739811568943396,10000,442927,2768,ANTICLOCKWISE
587739811569008830,10000,442927,4336,ANTICLOCKWISE
587739811569271059,10000,441571,2266,ANTICLOCKWISE
587739811569598742,10000,440213,4386,CLOCKWISE
587739811570254194,10000,436125,1293,ANTICLOCKWISE
587739811570385173,10000,436126,871,ANTICLOCKWISE
587739811570778430,10000,434761,559,ANTICLOCKWISE
587739811570909491,10000,434762,1921,ANTICLOCKWISE
587739811571368322,10000,432022,4874,ANTICLOCKWISE
587739811571892524,10000,429275,2863,ANTICLOCKWISE
587739811572285834,10000,427901,280,ANTICLOCKWISE
587739811572285885,10000,427901,1597,CLOCKWISE
587739811572482239,10000,426523,6872,ANTICLOCKWISE
587739811572810257,10000,425146,1371,ANTICLOCKWISE
587739811573923953,10000,419612,3552,CLOCKWISE
587739811574579427,10000,415442,4323,CLOCKWISE
587739812095328419,10000,478622,3811,ANTICLOCKWISE
587739812096114828,10000,477336,3919,ANTICLOCKWISE
587739812096180393,10000,477337,2652,CLOCKWISE
587739812098146451,10000,472158,4080,ANTICLOCKWISE
587739814239731959,10000,457716,4361,CLOCKWISE
587739814240256293,10000,456388,2628,CLOCKWISE
587739814241763497,10000,448352,631,ANTICLOCKWISE
587739814242222248,10000,445655,4041,CLOCKWISE
587739814242681074,10000,444305,2077,CLOCKWISE
587739814243205254,10000,440233,3771,CLOCKWISE
587739814244647101,10000,432039,4023,CLOCKWISE
587739814245171546,10000,429292,1345,ANTICLOCKWISE
587739814245236970,10000,429292,3797,ANTICLOCKWISE
587739814246023274,10000,423779,1355,ANTICLOCKWISE
587739814246547960,10000,421012,2232,ANTICLOCKWISE
587739814777061417,10000,457721,589,ANTICLOCKWISE
587739814777323626,10000,456390,4017,CLOCKWISE
587739814778241163,10000,452383,3599,ANTICLOCKWISE
587739814779617662,10000,444306,4527,ANTICLOCKWISE
587739814780010643,10000,442952,6601,ANTICLOCKWISE
587739814780076290,10000,442953,2243,CLOCKWISE
587739814780469486,10000,440237,2615,CLOCKWISE
587739814781452645,10000,434783,318,CLOCKWISE
587739814782632324,10000,427919,6045,ANTICLOCKWISE
587739814783221806,10000,423782,4404,CLOCKWISE
587739815313211557,10000,464346,383,CLOCKWISE
587739815313277164,10000,464346,4356,CLOCKWISE
587739815313277169,10000,464347,88,CLOCKWISE
587739815313932538,10000,460381,3516,ANTICLOCKWISE
587739815313932541,10000,460381,3760,ANTICLOCKWISE
587739815315702065,10000,451046,3852,CLOCKWISE
587739815317209187,10000,442956,2708,CLOCKWISE
587739815317274829,10000,442957,1832,ANTICLOCKWISE
587739815317471378,10000,441599,3759,ANTICLOCKWISE
587739815318061399,10000,438881,3956,CLOCKWISE
587739815319699805,10000,429300,2846,ANTICLOCKWISE
587739815320158687,10000,426547,1984,ANTICLOCKWISE
587739815850082476,10000,466982,2580,ANTICLOCKWISE
587739815850868970,10000,461709,598,ANTICLOCKWISE
587739815851458816,10000,459059,1220,CLOCKWISE
587739815852507362,10000,453730,1164,ANTICLOCKWISE
587739815852704121,10000,452391,1775,ANTICLOCKWISE
587739815853883530,10000,447018,2004,CLOCKWISE
587739815855849717,10000,434789,3642,CLOCKWISE
587739826589139025,10000,465583,1389,CLOCKWISE
587739827125289098,10000,469518,758,CLOCKWISE
587739827126337753,10000,468217,299,ANTICLOCKWISE
587739827127189611,10000,464274,5352,ANTICLOCKWISE
587739827127648437,10000,462958,2118,CLOCKWISE
587739827130532047,10000,455005,4233,ANTICLOCKWISE
587739827132629289,10000,446961,2851,CLOCKWISE
587739827133677861,10000,444264,3398,CLOCKWISE
587739827134202024,10000,441553,540,ANTICLOCKWISE
587739827137610078,10000,427886,5124,CLOCKWISE
587739827138396411,10000,423751,1198,ANTICLOCKWISE
587739827140428052,10000,414038,3637,CLOCKWISE
587739827140559064,10000,414039,2925,ANTICLOCKWISE
587739827660652720,10000,474723,1569,CLOCKWISE
587739827661897834,10000,472130,2658,CLOCKWISE
587739827662356618,10000,472134,3721,CLOCKWISE
587739827662553237,10000,470831,744,CLOCKWISE
587739827662946405,10000,470834,2689,ANTICLOCKWISE
587739827665109152,10000,464284,3695,CLOCKWISE
587739827665240120,10000,464286,469,CLOCKWISE
587739827667009662,10000,459001,4777,CLOCKWISE
587739827669434625,10000,449657,164,ANTICLOCKWISE
587739827669631195,10000,449658,4133,ANTICLOCKWISE
587739827669958909,10000,448314,3246,CLOCKWISE
587739827670024359,10000,448315,818,ANTICLOCKWISE
587739827670417674,10000,446970,1894,CLOCKWISE
587739827670876406,10000,444267,4609,CLOCKWISE
587739827670876416,10000,444268,96,CLOCKWISE
587739827674480663,10000,429264,5919,CLOCKWISE
587739827674743007,10000,427889,396,CLOCKWISE
587739827674808613,10000,427890,270,ANTICLOCKWISE
587739827674939712,10000,427890,4344,ANTICLOCKWISE
587739827675857012,10000,422372,3323,ANTICLOCKWISE
587739827676053852,10000,422373,6270,ANTICLOCKWISE
587739827676184935,10000,420988,2928,CLOCKWISE
587739827678478745,10000,409855,3140,CLOCKWISE
587739827678740896,10000,408457,1572,ANTICLOCKWISE
587739828197589069,10000,477316,1287,CLOCKWISE
587739828202897524,10000,464293,751,CLOCKWISE
587739828203749629,10000,461656,5341,CLOCKWISE
587739828204142704,10000,460333,41,ANTICLOCKWISE
587739828204535968,10000,459007,5279,CLOCKWISE
587739828205387973,10000,456352,776,ANTICLOCKWISE
587739828205912221,10000,453682,2159,CLOCKWISE
587739828206436470,10000,452345,3712,ANTICLOCKWISE
587739828211024039,10000,432013,6700,CLOCKWISE
587739828211024152,10000,433387,477,CLOCKWISE
587739828211220748,10000,432015,7113,CLOCKWISE
587739828211351741,10000,430642,82,ANTICLOCKWISE
587739828211941483,10000,429270,3565,ANTICLOCKWISE
587739828212858950,10000,423758,3667,ANTICLOCKWISE
587739828212859299,10000,423758,10026,CLOCKWISE
587739828213055835,10000,423760,3281,CLOCKWISE
587739828213121240,10000,423760,7431,CLOCKWISE
587739828213317870,10000,422377,3771,CLOCKWISE
587739828215480562,10000,411255,5252,ANTICLOCKWISE
587739828215939562,10000,408460,5904,CLOCKWISE
587739828734722229,10000,478612,1622,ANTICLOCKWISE
587739828738916407,10000,468235,2734,ANTICLOCKWISE
587739828738916491,10000,468235,937,CLOCKWISE
587739828739113119,10000,468237,914,CLOCKWISE
587739828740554922,10000,462979,4174,ANTICLOCKWISE
587739828740817086,10000,462982,1710,ANTICLOCKWISE
587739828741079138,10000,461661,2344,CLOCKWISE
587739828744356072,10000,449668,538,ANTICLOCKWISE
587739828744552584,10000,448322,4113,ANTICLOCKWISE
587739828744814725,10000,448325,3311,ANTICLOCKWISE
587739828745339075,10000,445630,483,CLOCKWISE
587739828745666766,10000,444278,1041,ANTICLOCKWISE
587739828746387574,10000,441568,4457,ANTICLOCKWISE
587739828746584088,10000,441570,1489,ANTICLOCKWISE
587739829272576127,10000,478621,57,CLOCKWISE
587739829275197573,10000,472155,3406,ANTICLOCKWISE
587739829279391834,10000,459018,1936,ANTICLOCKWISE
587739829280702608,10000,453692,635,CLOCKWISE
587739843769335999,10000,454961,851,ANTICLOCKWISE
587739843769532573,10000,454963,124,ANTICLOCKWISE
587739843769991288,10000,453628,104,CLOCKWISE
587739843770974279,10000,450953,150,CLOCKWISE
587739843771170933,10000,452297,3721,ANTICLOCKWISE
587739843772350599,10000,448274,633,ANTICLOCKWISE
587739843774120204,10000,442878,94,ANTICLOCKWISE
587739843774251209,10000,442879,1740,ANTICLOCKWISE
587739843775103119,10000,440166,3519,ANTICLOCKWISE
587739843775168705,10000,440167,4822,ANTICLOCKWISE
587739843775365291,10000,438806,3787,ANTICLOCKWISE
587739843775430919,10000,438807,1697,CLOCKWISE
587739843775561932,10000,438808,3368,ANTICLOCKWISE
587739843777396858,10000,431980,5512,CLOCKWISE
587739843779363131,10000,425108,5271,ANTICLOCKWISE
587739844310073520,10000,448282,342,CLOCKWISE
587739844310728777,10000,446938,4496,CLOCKWISE
587739844311253217,10000,444237,2497,CLOCKWISE
587739844312432757,10000,440171,796,CLOCKWISE
587739844312432856,10000,440171,3260,CLOCKWISE
587739844316299569,10000,426490,4834,ANTICLOCKWISE
587739844317479163,10000,422352,4555,ANTICLOCKWISE
587739844317741307,10000,420968,1770,ANTICLOCKWISE
587739844319772995,10000,412630,3020,ANTICLOCKWISE
587739844320166331,10000,411236,2136,CLOCKWISE
587739844321608148,10000,404237,4432,CLOCKWISE
587739844321870118,10000,402833,738,CLOCKWISE
587739844322328965,10000,400020,2901,CLOCKWISE
587739844844519522,10000,456310,76,ANTICLOCKWISE
587739844844650648,10000,456311,2972,CLOCKWISE
587739844846289076,10000,452311,482,ANTICLOCKWISE
587739844846616704,10000,450971,1064,CLOCKWISE
587739844847009928,10000,449629,4126,ANTICLOCKWISE
587739844849762423,10000,441536,6136,ANTICLOCKWISE
587739844849762601,10000,441537,300,CLOCKWISE
587739844850221116,10000,440180,2094,CLOCKWISE
587739844850549118,10000,438820,2104,CLOCKWISE
587739844850614454,10000,438820,3560,ANTICLOCKWISE
587739844850942150,10000,437458,5247,CLOCKWISE
587739844851007723,10000,437459,3763,CLOCKWISE
587739844851138784,10000,436093,4310,ANTICLOCKWISE
587739844852252941,10000,433364,1543,CLOCKWISE
587739844852384030,10000,431992,2695,CLOCKWISE
587739844852711717,10000,430621,469,CLOCKWISE
587739844853432589,10000,427872,2720,ANTICLOCKWISE
587739844854219006,10000,423736,3544,ANTICLOCKWISE
587739844854546610,10000,423739,4295,CLOCKWISE
587739844854677803,10000,422356,1084,ANTICLOCKWISE
587739844854743117,10000,422356,4550,ANTICLOCKWISE
587739844854939655,10000,420971,3011,CLOCKWISE
587739844855464238,10000,419587,3471,ANTICLOCKWISE
587739844855791884,10000,418199,4395,CLOCKWISE
587739844856906028,10000,414030,71,CLOCKWISE
587739844857889108,10000,408444,2337,CLOCKWISE
587739844860051935,10000,398617,5861,ANTICLOCKWISE
587739844860641342,10000,395797,6748,CLOCKWISE
587739844860641738,10000,395797,6276,CLOCKWISE
587739844860772850,10000,395799,1445,CLOCKWISE
587739845380014221,10000,462941,1546,ANTICLOCKWISE
587739845380079813,10000,461618,1859,CLOCKWISE
587739845380735105,10000,460297,2167,CLOCKWISE
587739845380800734,10000,460298,136,CLOCKWISE
587739845381390438,10000,458973,5113,ANTICLOCKWISE
587739845382373609,10000,456319,3930,CLOCKWISE
587739845384470693,10000,450980,662,ANTICLOCKWISE
587739845386109162,10000,445603,876,ANTICLOCKWISE
587739845386764585,10000,442897,1946,ANTICLOCKWISE
587739845386961061,10000,442898,3339,ANTICLOCKWISE
587739845386961123,10000,442898,4975,CLOCKWISE
587739845387354312,10000,441543,2316,ANTICLOCKWISE
587739845387485357,10000,440183,3502,CLOCKWISE
587739845387550858,10000,440184,3207,CLOCKWISE
587739845388861737,10000,436102,344,ANTICLOCKWISE
587739845389910347,10000,430624,1268,ANTICLOCKWISE
587739845390106842,10000,430625,2878,ANTICLOCKWISE
587739845390565604,10000,429252,3976,ANTICLOCKWISE
587739845391024516,10000,426500,3487,CLOCKWISE
587739845391941975,10000,423745,644,ANTICLOCKWISE
587739845392531830,10000,419590,726,CLOCKWISE
587739845392924929,10000,419593,897,ANTICLOCKWISE
587739845393383836,10000,416814,4539,ANTICLOCKWISE
587739845393449192,10000,416814,5035,CLOCKWISE
587739845393776961,10000,415425,179,ANTICLOCKWISE
587739845394170248,10000,414034,1206,CLOCKWISE
587739845394497758,10000,412639,6963,CLOCKWISE
587739845394760078,10000,411244,3709,ANTICLOCKWISE
587739845394956404,10000,409847,3092,CLOCKWISE
587739845396070982,10000,404245,767,CLOCKWISE
587739845396791938,10000,401436,6314,ANTICLOCKWISE
587739845916360840,10000,464257,3139,CLOCKWISE
587739845916491877,10000,465577,2612,CLOCKWISE
587739845916885097,10000,464262,1124,CLOCKWISE
587739845919113364,10000,458982,873,ANTICLOCKWISE
587739845919834315,10000,457657,5419,CLOCKWISE
587739845923766424,10000,444255,2564,CLOCKWISE
587739845926387920,10000,434739,819,CLOCKWISE
587739845926650112,10000,433370,4462,ANTICLOCKWISE
587739845929992486,10000,419595,8686,ANTICLOCKWISE
587739845930057735,10000,419595,12024,ANTICLOCKWISE
587739845930058143,10000,419596,3095,ANTICLOCKWISE
587739848613167488,10000,516149,2422,CLOCKWISE
587739848613495319,10000,512548,2389,ANTICLOCKWISE
587739848613560375,10000,511341,2060,ANTICLOCKWISE
587739848613560989,10000,511342,675,ANTICLOCKWISE
587739848614412881,10000,502794,5076,CLOCKWISE
587739848615133801,10000,495342,1278,CLOCKWISE
587739849150759600,10000,508918,3945,CLOCKWISE
587739849150890615,10000,507700,4308,CLOCKWISE
587739849150956055,10000,507700,3748,ANTICLOCKWISE
587739849151152584,10000,505255,1182,CLOCKWISE
587739849687171737,10000,514957,2119,CLOCKWISE
587739849688154151,10000,505256,6446,ANTICLOCKWISE
587739849688220029,10000,504028,5131,ANTICLOCKWISE
587739862037561872,10000,511349,186,CLOCKWISE
587739862574104682,10000,514962,1544,CLOCKWISE
587739862574301767,10000,512557,4944,ANTICLOCKWISE
587739862574366802,10000,512557,3922,ANTICLOCKWISE
587739862574564076,10000,510140,3239,ANTICLOCKWISE
587739863111172756,10000,513763,2982,ANTICLOCKWISE
587739863111172791,10000,513763,3844,CLOCKWISE
587739863111303683,10000,512559,3302,ANTICLOCKWISE
587739863111369309,10000,511352,4577,ANTICLOCKWISE
587739863111893083,10000,506488,2093,CLOCKWISE
587741386735288858,10000,413557,1644,CLOCKWISE
587741386735682022,10000,414955,3347,CLOCKWISE
587741386736206254,10000,419136,3071,CLOCKWISE
587741386736271622,10000,419137,2483,ANTICLOCKWISE
587741386739155217,10000,435710,4590,ANTICLOCKWISE
587741387270980311,10000,407951,2523,CLOCKWISE
587741387271045877,10000,407951,5501,ANTICLOCKWISE
587741387272684136,10000,419132,3639,CLOCKWISE
587741387274256547,10000,428829,748,CLOCKWISE
587741387274256792,10000,427451,1790,ANTICLOCKWISE
587741387275829553,10000,437075,3135,CLOCKWISE
587741387275895186,10000,437076,1945,CLOCKWISE
587741387808834066,10000,414949,2127,ANTICLOCKWISE
587741387809948178,10000,423296,6308,CLOCKWISE
587741387810210271,10000,424682,516,CLOCKWISE
587741387810799707,10000,427447,5981,CLOCKWISE
587741387810865503,10000,428826,538,ANTICLOCKWISE
587741387812372919,10000,437072,3637,ANTICLOCKWISE
587741387812438291,10000,437072,3240,CLOCKWISE
587741389966278808,10000,484851,3468,ANTICLOCKWISE
587741390492336456,10000,439814,3802,ANTICLOCKWISE
587741390493450571,10000,445257,1210,CLOCKWISE
587741390494040332,10000,447964,665,ANTICLOCKWISE
587741390494630168,10000,452004,7841,CLOCKWISE
587741390494695709,10000,452005,1624,ANTICLOCKWISE
587741390494695745,10000,452005,3576,ANTICLOCKWISE
587741390495088828,10000,453349,3905,ANTICLOCKWISE
587741390496923831,10000,462686,700,CLOCKWISE
587741390497841370,10000,466651,3920,ANTICLOCKWISE
587741390499020916,10000,471902,3872,CLOCKWISE
587741390500331704,10000,477111,4369,ANTICLOCKWISE
587741391028617585,10000,438445,4940,ANTICLOCKWISE
587741391030190319,10000,446607,2616,CLOCKWISE
587741391032025363,10000,456025,1892,CLOCKWISE
587741391034319028,10000,466647,3210,ANTICLOCKWISE
587741391035695167,10000,473203,5339,ANTICLOCKWISE
587741391036022948,10000,474507,2773,ANTICLOCKWISE
587741391036153949,10000,474509,1452,ANTICLOCKWISE
587741391036481762,10000,475810,2077,ANTICLOCKWISE
587741391039103105,10000,486118,471,ANTICLOCKWISE
587741391039234255,10000,486119,1394,CLOCKWISE
587741391039692814,10000,487395,864,CLOCKWISE
587741391567192427,10000,449304,4850,ANTICLOCKWISE
587741391567257849,10000,449305,1433,CLOCKWISE
587741391568240914,10000,454682,5453,ANTICLOCKWISE
587741391569879271,10000,462678,1988,CLOCKWISE
587741391571255552,10000,469273,2088,ANTICLOCKWISE
587741391571910855,10000,471894,2641,CLOCKWISE
587741391572566210,10000,475802,3699,ANTICLOCKWISE
587741391574270102,10000,480983,1346,ANTICLOCKWISE
587741391575711865,10000,487387,385,CLOCKWISE
587741391575711896,10000,487387,674,ANTICLOCKWISE
587741392103014441,10000,445246,606,ANTICLOCKWISE
587741392103080115,10000,446599,1652,CLOCKWISE
587741392106029277,10000,461347,1631,ANTICLOCKWISE
587741392108585082,10000,473195,2790,ANTICLOCKWISE
587741392108912788,10000,474499,93,ANTICLOCKWISE
587741392109764756,10000,478393,1273,CLOCKWISE
587741392110551161,10000,480977,2531,ANTICLOCKWISE
587741392112648450,10000,488656,4819,CLOCKWISE
587741392112713868,10000,489923,1736,CLOCKWISE
587741392370598098,10000,441167,1509,ANTICLOCKWISE
587741392643752086,10000,466635,6462,ANTICLOCKWISE
587741392644341899,10000,470575,4145,ANTICLOCKWISE
587741392644735135,10000,471885,1890,CLOCKWISE
587741392646766704,10000,480971,2891,ANTICLOCKWISE
587741392646766761,10000,480971,4353,ANTICLOCKWISE
587741392647618682,10000,484822,3989,CLOCKWISE
587741392648798418,10000,488649,4596,CLOCKWISE
587741392649126041,10000,489918,4010,CLOCKWISE
587741392650109131,10000,493708,1917,ANTICLOCKWISE
587741420030460071,10000,457366,2716,ANTICLOCKWISE
587741420031508628,10000,462687,3526,ANTICLOCKWISE
587741420559925358,10000,419137,5527,CLOCKWISE
587741420560449890,10000,421918,6036,ANTICLOCKWISE
587741420561826057,10000,428837,919,CLOCKWISE
587741420562874806,10000,435711,4484,CLOCKWISE
587741420563988788,10000,442537,3194,CLOCKWISE
587741420564906022,10000,446610,1548,ANTICLOCKWISE
587741420566544550,10000,454689,3358,CLOCKWISE
587741420567265379,10000,458696,782,CLOCKWISE
587741420567462003,10000,460027,1593,ANTICLOCKWISE
587741420568641719,10000,465329,1419,CLOCKWISE
587741421095747989,10000,413556,3822,CLOCKWISE
587741421096862064,10000,420526,6005,CLOCKWISE
587741421097058595,10000,421915,3975,ANTICLOCKWISE
587741421097189648,10000,423302,1098,ANTICLOCKWISE
587741421098500127,10000,431587,284,ANTICLOCKWISE
587741421098828062,10000,432963,828,CLOCKWISE
587741421099024781,10000,434336,1634,CLOCKWISE
587741421100466472,10000,442533,3322,ANTICLOCKWISE
587741421100597583,10000,442534,6603,CLOCKWISE
587741421101711611,10000,447958,3754,CLOCKWISE
587741421102563593,10000,453342,5125,ANTICLOCKWISE
587741421105905783,10000,469275,32,ANTICLOCKWISE
587741421632291207,10000,413553,1200,CLOCKWISE
587741421632291234,10000,413553,169,ANTICLOCKWISE
587741421632356666,10000,413554,1244,CLOCKWISE
587741421633273937,10000,420522,2052,ANTICLOCKWISE
587741421634388352,10000,427448,1021,ANTICLOCKWISE
587741421634781512,10000,428829,1394,CLOCKWISE
587741421637599497,10000,445247,3860,ANTICLOCKWISE
587741421638189305,10000,447954,1270,ANTICLOCKWISE
587741421639041202,10000,453338,2063,CLOCKWISE
587741421639434413,10000,454680,9423,CLOCKWISE
587741421639631022,10000,456019,296,CLOCKWISE
587741421640417288,10000,460019,1432,ANTICLOCKWISE
587741421640482973,10000,460020,684,CLOCKWISE
587741421642645754,10000,470582,4511,CLOCKWISE
587741422172700904,10000,437070,3227,CLOCKWISE
587741422173290738,10000,439804,798,CLOCKWISE
587741422173749497,10000,442528,2356,CLOCKWISE
587741422175518896,10000,453334,2083,CLOCKWISE
587741422176370832,10000,457350,4914,ANTICLOCKWISE
587741422176633021,10000,458683,9657,CLOCKWISE
587741422177026605,10000,460016,4830,CLOCKWISE
587741422177550606,10000,462672,5485,ANTICLOCKWISE
587741422178009193,10000,465316,5504,CLOCKWISE
587741488761143407,10000,484897,4327,ANTICLOCKWISE
587741488762454019,10000,487456,4867,CLOCKWISE
587741488763764854,10000,488738,696,ANTICLOCKWISE
587741488763764881,10000,488738,1531,CLOCKWISE
587741488765796478,10000,490022,2822,ANTICLOCKWISE
587741488766189744,10000,490026,2213,ANTICLOCKWISE
587741488766255128,10000,490026,3171,CLOCKWISE
587741488766713981,10000,490031,868,CLOCKWISE
587741489281892589,10000,430229,3318,CLOCKWISE
587741489282482445,10000,432982,7335,ANTICLOCKWISE
587741489283989743,10000,439832,2926,CLOCKWISE
587741489284645044,10000,443915,1133,CLOCKWISE
587741489286873328,10000,453368,2640,CLOCKWISE
587741489287200984,10000,454710,904,ANTICLOCKWISE
587741489288249486,10000,458719,4598,ANTICLOCKWISE
587741489289953497,10000,465356,2024,CLOCKWISE
587741489290608801,10000,466679,156,ANTICLOCKWISE
587741489291853938,10000,471930,3294,CLOCKWISE
587741489291919574,10000,471931,4072,CLOCKWISE
587741489293033544,10000,474545,2699,CLOCKWISE
587741489294475438,10000,479735,1184,ANTICLOCKWISE
587741489296113807,10000,483602,2222,CLOCKWISE
587741489298538622,10000,487449,5638,CLOCKWISE
587741489299325127,10000,488726,981,CLOCKWISE
587741489299849307,10000,489996,3517,CLOCKWISE
587741489300308045,10000,490001,291,CLOCKWISE
587741489300766799,10000,490005,179,CLOCKWISE
587741489300897909,10000,490006,2046,ANTICLOCKWISE
587741489300963432,10000,491269,5543,ANTICLOCKWISE
587741489301684323,10000,491276,3298,CLOCKWISE
587741489302405151,10000,491283,834,ANTICLOCKWISE
587741489303322829,10000,492551,4482,CLOCKWISE
587741489303453828,10000,492553,183,ANTICLOCKWISE
587741489813127405,10000,399516,3438,CLOCKWISE
587741489814700156,10000,409367,3816,ANTICLOCKWISE
587741489814766233,10000,410767,5134,CLOCKWISE
587741489815093875,10000,412168,3118,CLOCKWISE
587741489815290346,10000,412170,751,ANTICLOCKWISE
587741489815683523,10000,414965,6098,CLOCKWISE
587741489815814487,10000,414966,4220,ANTICLOCKWISE
587741489816273505,10000,419147,1357,ANTICLOCKWISE
587741489816469852,10000,419148,5089,CLOCKWISE
587741489816928807,10000,421929,3991,ANTICLOCKWISE
587741489817059588,10000,423315,4074,ANTICLOCKWISE
587741489817387417,10000,424701,3726,CLOCKWISE
587741489818042692,10000,427467,3724,ANTICLOCKWISE
587741489820860797,10000,442552,183,ANTICLOCKWISE
587741489820991682,10000,442552,6637,ANTICLOCKWISE
587741489822236862,10000,449325,824,ANTICLOCKWISE
587741489823678587,10000,454706,1406,CLOCKWISE
587741489825382588,10000,462702,4930,CLOCKWISE
587741489827086474,10000,467989,2682,CLOCKWISE
587741489828004076,10000,471924,1300,CLOCKWISE
587741489828266135,10000,473229,4706,CLOCKWISE
587741489828331667,10000,473230,734,ANTICLOCKWISE
587741489830363252,10000,478435,4291,CLOCKWISE
587741489833050212,10000,486155,5631,CLOCKWISE
587741489833836570,10000,487435,226,ANTICLOCKWISE
587741489834164272,10000,487438,1223,CLOCKWISE
587741489834164325,10000,487437,5013,ANTICLOCKWISE
587741489834492055,10000,488710,2397,ANTICLOCKWISE
587741489834688588,10000,488711,6059,CLOCKWISE
587741489837506714,10000,492527,258,CLOCKWISE
587741489837703312,10000,492528,4270,ANTICLOCKWISE
587741489838030942,10000,493788,3039,ANTICLOCKWISE
587741489838489681,10000,493793,853,CLOCKWISE
587741489838817419,10000,493795,5074,CLOCKWISE
587741489839997014,10000,493806,2805,ANTICLOCKWISE
587741489840718006,10000,495067,2736,ANTICLOCKWISE
587741490081235830,10000,398102,4430,CLOCKWISE
587741490350326198,10000,403742,5188,CLOCKWISE
587741490350457446,10000,405149,2571,CLOCKWISE
587741490351833675,10000,413563,5951,CLOCKWISE
587741490351964413,10000,413565,514,CLOCKWISE
587741490352750750,10000,417752,881,CLOCKWISE
587741490353275329,10000,421924,1609,CLOCKWISE
587741490353799561,10000,423313,4617,ANTICLOCKWISE
587741490354192757,10000,426081,4460,ANTICLOCKWISE
587741490354258408,10000,426082,3700,CLOCKWISE
587741490354389283,10000,427462,2397,ANTICLOCKWISE
587741490354389369,10000,427462,3725,ANTICLOCKWISE
587741490354717117,10000,428843,2946,CLOCKWISE
587741490355437961,10000,432975,2943,CLOCKWISE
587741490355503476,10000,432976,424,CLOCKWISE
587741490358583464,10000,447972,4991,CLOCKWISE
587741490358649050,10000,449320,3654,CLOCKWISE
587741490359894164,10000,453360,4277,CLOCKWISE
587741490359959721,10000,454701,373,ANTICLOCKWISE
587741490361139231,10000,460040,4461,ANTICLOCKWISE
587741490361401602,10000,461370,2307,ANTICLOCKWISE
587741490362712181,10000,465346,3590,ANTICLOCKWISE
587741490364678263,10000,473225,83,CLOCKWISE
587741490365857948,10000,477130,188,CLOCKWISE
587741490367234200,10000,481012,5363,ANTICLOCKWISE
587741490367692868,10000,482301,771,ANTICLOCKWISE
587741490367823991,10000,482302,2304,CLOCKWISE
587741490369200318,10000,486149,1591,ANTICLOCKWISE
587741490369265743,10000,486149,2887,ANTICLOCKWISE
587741490369593493,10000,487424,5404,CLOCKWISE
587741490370052217,10000,488697,4959,ANTICLOCKWISE
587741490370707557,10000,489969,4826,CLOCKWISE
587741490371297425,10000,491238,4138,ANTICLOCKWISE
587741490372477047,10000,492509,2814,ANTICLOCKWISE
587741490372608204,10000,492510,5333,ANTICLOCKWISE
587741490373328938,10000,493774,614,CLOCKWISE
587741490374115409,10000,495035,891,ANTICLOCKWISE
587741490375098459,10000,495044,1129,ANTICLOCKWISE
587741490375163981,10000,496295,5054,ANTICLOCKWISE
587741490375491718,10000,496299,200,CLOCKWISE
587741490376212520,10000,496305,3478,CLOCKWISE
587741490377195651,10000,497562,3184,ANTICLOCKWISE
587741490377523385,10000,497565,2872,ANTICLOCKWISE
587741490888311479,10000,412162,2207,ANTICLOCKWISE
587741490889687491,10000,420532,3125,CLOCKWISE
587741490890276941,10000,423309,4877,CLOCKWISE
587741490891653447,10000,431595,4177,CLOCKWISE
587741490892308784,10000,434345,4430,ANTICLOCKWISE
587741490892505337,10000,435716,2978,ANTICLOCKWISE
587741490893357292,10000,439819,5803,CLOCKWISE
587741490894143723,10000,443904,489,ANTICLOCKWISE
587741490894667968,10000,446616,574,ANTICLOCKWISE
587741490895323434,10000,450663,2669,ANTICLOCKWISE
587741490895388914,10000,450664,421,ANTICLOCKWISE
587741490897813673,10000,461365,2759,CLOCKWISE
587741490897813705,10000,461365,3780,CLOCKWISE
587741490898075746,10000,461367,4225,ANTICLOCKWISE
587741490899124341,10000,466659,1053,ANTICLOCKWISE
587741490900304062,10000,470604,1370,CLOCKWISE
587741490900631668,10000,471913,941,ANTICLOCKWISE
587741490901680250,10000,475825,515,CLOCKWISE
587741490902007949,10000,477123,806,CLOCKWISE
587741490902597797,10000,478421,4201,CLOCKWISE
587741490902859906,10000,478423,5119,ANTICLOCKWISE
587741490903646302,10000,482292,2491,CLOCKWISE
587741490904170703,10000,483578,1068,CLOCKWISE
587741490904432794,10000,484859,838,ANTICLOCKWISE
587741490904432828,10000,484858,4858,ANTICLOCKWISE
587741490905022650,10000,484864,2175,ANTICLOCKWISE
587741490905940077,10000,488688,3558,ANTICLOCKWISE
587741490906595446,10000,488694,4332,ANTICLOCKWISE
587741490907512900,10000,491232,4014,ANTICLOCKWISE
587741490907512906,10000,491232,3899,ANTICLOCKWISE
587741490907775138,10000,491235,338,ANTICLOCKWISE
587741490907971778,10000,492496,3144,ANTICLOCKWISE
587741490908889228,10000,493762,998,ANTICLOCKWISE
587741490909217025,10000,493764,6001,CLOCKWISE
587741490909544559,10000,495022,824,ANTICLOCKWISE
587741490910593096,10000,496282,4257,ANTICLOCKWISE
587741490910855290,10000,496285,2197,ANTICLOCKWISE
587741490911641671,10000,496292,145,ANTICLOCKWISE
587741490912362612,10000,497546,4022,CLOCKWISE
587741490913149129,10000,497554,2059,ANTICLOCKWISE
587741490913214545,10000,497554,3049,CLOCKWISE
587741490913870052,10000,498805,5178,CLOCKWISE
587741490914066608,10000,498807,3228,ANTICLOCKWISE
587741490914197598,10000,498808,3038,ANTICLOCKWISE
587741491432259838,10000,452007,651,CLOCKWISE
587741491432587526,10000,453350,5458,ANTICLOCKWISE
587741491437305998,10000,473214,887,ANTICLOCKWISE
587741491437437083,10000,473215,2962,ANTICLOCKWISE
587741491438354523,10000,477117,5339,CLOCKWISE
587741491439403064,10000,480998,1578,ANTICLOCKWISE
587741491443662991,10000,491225,5054,CLOCKWISE
587741491443728588,10000,491226,811,ANTICLOCKWISE
587741491443794054,10000,492487,1436,CLOCKWISE
587741491444318321,10000,493748,4046,CLOCKWISE
587741491444777122,10000,493753,809,ANTICLOCKWISE
587741491445301298,10000,495011,3107,ANTICLOCKWISE
587741491445825662,10000,496267,1825,CLOCKWISE
587741491446612108,10000,496275,395,CLOCKWISE
587741491446743161,10000,497524,288,ANTICLOCKWISE
587741491447988346,10000,498780,2048,ANTICLOCKWISE
587741491448447075,10000,498784,3236,ANTICLOCKWISE
587741491450675330,10000,500047,781,ANTICLOCKWISE
587741491450675335,10000,501285,577,CLOCKWISE
587741491451265256,10000,501290,3543,ANTICLOCKWISE
587741531697250499,10000,442557,4990,CLOCKWISE
587741531697905835,10000,445276,745,ANTICLOCKWISE
587741531701641314,10000,461383,1530,ANTICLOCKWISE
587741531703279757,10000,466679,727,ANTICLOCKWISE
587741531703804090,10000,467998,4179,ANTICLOCKWISE
587741531705180321,10000,473240,3150,CLOCKWISE
587741531707080832,10000,478444,3599,CLOCKWISE
587741531709636700,10000,484888,2220,ANTICLOCKWISE
587741531709898887,10000,484890,5354,ANTICLOCKWISE
587741531710095477,10000,484892,4828,CLOCKWISE
587741531711340661,10000,487451,2313,CLOCKWISE
587741531711537302,10000,487453,1918,ANTICLOCKWISE
587741531711668348,10000,487454,586,ANTICLOCKWISE
587741531711799427,10000,487455,2187,ANTICLOCKWISE
587741531712389296,10000,488730,341,ANTICLOCKWISE
587741531712585775,10000,488731,2495,ANTICLOCKWISE
587741531713962055,10000,490009,5494,CLOCKWISE
587741531718484075,10000,491314,1788,CLOCKWISE
587741532226191884,10000,402337,4277,ANTICLOCKWISE
587741532226912565,10000,406560,715,ANTICLOCKWISE
587741532227764666,10000,410770,5638,CLOCKWISE
587741532229796167,10000,421931,2087,ANTICLOCKWISE
587741532231762291,10000,432980,6770,ANTICLOCKWISE
587741532233269456,10000,439829,5058,ANTICLOCKWISE
587741532234907688,10000,447978,1564,ANTICLOCKWISE
587741532237922393,10000,461377,4760,ANTICLOCKWISE
587741532237922396,10000,461377,4892,ANTICLOCKWISE
587741532237987846,10000,461377,5036,ANTICLOCKWISE
587741532237988099,10000,460051,1402,CLOCKWISE
587741532239429766,10000,466672,1862,CLOCKWISE
587741532239626433,10000,466674,2246,CLOCKWISE
587741532240347315,10000,469306,1832,CLOCKWISE
587741532242182319,10000,475840,4257,ANTICLOCKWISE
587741532242772117,10000,477140,4042,CLOCKWISE
587741532243755135,10000,479732,4448,CLOCKWISE
587741532246704200,10000,486165,2746,ANTICLOCKWISE
587741532246835216,10000,487438,1141,CLOCKWISE
587741532247294080,10000,487442,3987,CLOCKWISE
587741532247490743,10000,488713,4062,ANTICLOCKWISE
587741532247752790,10000,488715,4025,ANTICLOCKWISE
587741532248735903,10000,489991,533,CLOCKWISE
587741532251422819,10000,492538,2707,ANTICLOCKWISE
587741532252471428,10000,493805,2176,CLOCKWISE
587741532253257877,10000,493812,2974,CLOCKWISE
587741532253257900,10000,493812,3638,CLOCKWISE
587741532254240845,10000,492564,929,ANTICLOCKWISE
587741532255420519,10000,493831,4872,ANTICLOCKWISE
587741532255486066,10000,493832,5225,CLOCKWISE
587741532763455750,10000,406556,2565,ANTICLOCKWISE
587741532764897730,10000,413567,3061,CLOCKWISE
587741532765880612,10000,419147,3933,ANTICLOCKWISE
587741532766011774,10000,420538,2019,CLOCKWISE
587741532768043286,10000,431601,3805,ANTICLOCKWISE
587741532768567558,10000,434350,5826,ANTICLOCKWISE
587741532768698632,10000,434352,996,ANTICLOCKWISE
587741532770205742,10000,442550,610,ANTICLOCKWISE
587741532774137961,10000,460043,4647,ANTICLOCKWISE
587741532776169605,10000,467985,679,CLOCKWISE
587741532776497291,10000,469299,1567,ANTICLOCKWISE
587741532776824947,10000,470611,1262,CLOCKWISE
587741532777218168,10000,471921,130,CLOCKWISE
587741532777414788,10000,471923,277,CLOCKWISE
587741532778004573,10000,474532,4228,CLOCKWISE
587741532779315307,10000,478430,2734,ANTICLOCKWISE
587741532781346964,10000,483591,1938,CLOCKWISE
587741532783837198,10000,489974,2472,ANTICLOCKWISE
587741532784099383,10000,488710,3688,CLOCKWISE
587741532785279130,10000,491250,4713,CLOCKWISE
587741532786131051,10000,493775,3663,ANTICLOCKWISE
587741532787114110,10000,493784,4734,CLOCKWISE
587741532788555855,10000,495051,3162,CLOCKWISE
587741532788949194,10000,495055,3706,CLOCKWISE
587741532789145822,10000,495057,3057,CLOCKWISE
587741532789211171,10000,495057,5096,ANTICLOCKWISE
587741532789866550,10000,496315,473,CLOCKWISE
587741532789932040,10000,496315,874,CLOCKWISE
587741532789932043,10000,496315,908,CLOCKWISE
587741532790915245,10000,495073,3692,CLOCKWISE
587741532791308385,10000,495077,1276,CLOCKWISE
587741532792357025,10000,495086,3338,ANTICLOCKWISE
587741533299408966,10000,402331,2666,CLOCKWISE
587741533300064812,10000,406553,3897,ANTICLOCKWISE
587741533301244311,10000,413562,2078,ANTICLOCKWISE
587741533301768398,10000,416355,3042,CLOCKWISE
587741533303603554,10000,427459,6312,CLOCKWISE
587741533303996813,10000,428841,1401,ANTICLOCKWISE
587741533304062221,10000,428841,2849,ANTICLOCKWISE
587741533304062222,10000,428841,3026,ANTICLOCKWISE
587741533304455403,10000,431597,1230,ANTICLOCKWISE
587741533304651991,10000,431598,3951,ANTICLOCKWISE
587741533304652026,10000,431599,101,CLOCKWISE
587741533305241813,10000,435717,3765,ANTICLOCKWISE
587741533306159398,10000,439821,3567,ANTICLOCKWISE
587741533306421493,10000,441184,3084,ANTICLOCKWISE
587741533306421567,10000,441184,5409,ANTICLOCKWISE
587741533310877817,10000,461369,2528,CLOCKWISE
587741533313302618,10000,470607,970,ANTICLOCKWISE
587741533313368264,10000,470608,1804,ANTICLOCKWISE
587741533313499297,10000,471915,2850,CLOCKWISE
587741533313761508,10000,473221,1558,ANTICLOCKWISE
587741533314482277,10000,474528,2378,ANTICLOCKWISE
587741533315137789,10000,477128,624,ANTICLOCKWISE
587741533315465312,10000,478424,118,CLOCKWISE
587741533315465422,10000,478424,398,CLOCKWISE
587741533315662055,10000,478425,3826,CLOCKWISE
587741533316841598,10000,482297,1898,CLOCKWISE
587741533317038225,10000,482299,3187,CLOCKWISE
587741533317562527,10000,483585,1264,ANTICLOCKWISE
587741533317824574,10000,484865,3276,CLOCKWISE
587741533318152291,10000,484868,3164,CLOCKWISE
587741533318283430,10000,486145,1093,ANTICLOCKWISE
587741533319462953,10000,488696,5347,CLOCKWISE
587741533320839288,10000,491238,3470,ANTICLOCKWISE
587741533325361239,10000,497550,581,CLOCKWISE
587741533327655018,10000,497571,1290,ANTICLOCKWISE
587741533327785988,10000,497572,736,CLOCKWISE
587741533841522877,10000,434342,3659,ANTICLOCKWISE
587741533843554555,10000,443903,1139,ANTICLOCKWISE
587741533844603161,10000,450661,653,ANTICLOCKWISE
587741533844799677,10000,450663,1786,CLOCKWISE
587741533845848286,10000,456031,3276,ANTICLOCKWISE
587741533847617719,10000,462692,1847,ANTICLOCKWISE
587741533849518267,10000,470601,3161,CLOCKWISE
587741533849977062,10000,473214,4576,CLOCKWISE
587741533852074111,10000,479711,2510,ANTICLOCKWISE
587741533852598281,10000,481003,152,ANTICLOCKWISE
587741533852795042,10000,482289,341,ANTICLOCKWISE
587741533854236826,10000,486136,2775,ANTICLOCKWISE
587741533854761065,10000,487413,1808,CLOCKWISE
587741533859414138,10000,496276,1762,ANTICLOCKWISE
587741533861249137,10000,498785,4923,CLOCKWISE
587741533861314710,10000,498786,4527,ANTICLOCKWISE
587741533861511283,10000,498788,1119,CLOCKWISE
587741533863673971,10000,500050,704,CLOCKWISE
587741533864132779,10000,500054,3175,ANTICLOCKWISE
587741533864722539,10000,500059,3354,ANTICLOCKWISE
587741533865640109,10000,500068,271,CLOCKWISE
587741533865705562,10000,498826,4358,CLOCKWISE
587741533867278409,10000,498841,557,ANTICLOCKWISE
587741533867671701,10000,498845,1048,CLOCKWISE
587741534395105382,10000,496265,378,ANTICLOCKWISE
587741534395695242,10000,497518,3614,CLOCKWISE
587741534395695288,10000,497518,4978,CLOCKWISE
587741534397071405,10000,498776,991,ANTICLOCKWISE
587741534397661294,10000,500024,382,ANTICLOCKWISE
587741534397726829,10000,500024,1684,CLOCKWISE
587741534400020531,10000,501283,2333,CLOCKWISE
587741534400086093,10000,502519,500,ANTICLOCKWISE
587741534402183254,10000,501303,118,ANTICLOCKWISE
587741534402379843,10000,502539,3329,ANTICLOCKWISE
587741534404280328,10000,501322,652,ANTICLOCKWISE
587741566050238614,10000,486130,2849,ANTICLOCKWISE
587741566587109471,10000,487402,1934,CLOCKWISE
587741566588354650,10000,491211,2581,CLOCKWISE
587741600410632336,10000,464072,3233,ANTICLOCKWISE
587741600411353242,10000,465397,4464,ANTICLOCKWISE
587741600411746427,10000,466718,4092,CLOCKWISE
587741600414433403,10000,471983,1658,CLOCKWISE
587741600414957613,10000,473290,5004,ANTICLOCKWISE
587741600415219741,10000,473293,2629,ANTICLOCKWISE
587741600417054935,10000,475909,3136,CLOCKWISE
587741600417120413,10000,475910,1774,CLOCKWISE
587741600418955406,10000,477222,500,CLOCKWISE
587741600419020928,10000,477222,2867,ANTICLOCKWISE
587741600420462703,10000,477235,3026,ANTICLOCKWISE
587741600420528160,10000,478529,1411,CLOCKWISE
587741600421969987,10000,478542,2876,CLOCKWISE
587741600422428793,10000,477253,4030,ANTICLOCKWISE
587741600422887541,10000,477257,3363,ANTICLOCKWISE
587741600424263823,10000,475975,3923,ANTICLOCKWISE
587741600428589206,10000,472113,214,ANTICLOCKWISE
587741600948289620,10000,466715,1075,ANTICLOCKWISE
587741600948813893,10000,469345,1756,CLOCKWISE
587741600950452406,10000,471975,2577,CLOCKWISE
587741600950517839,10000,473278,4628,ANTICLOCKWISE
587741600950583450,10000,471976,4225,ANTICLOCKWISE
587741600950583489,10000,471976,2811,ANTICLOCKWISE
587741600950780014,10000,473281,2618,ANTICLOCKWISE
587741600950911149,10000,473282,4120,ANTICLOCKWISE
587741600951435422,10000,474588,3374,ANTICLOCKWISE
587741600951566432,10000,474589,2688,CLOCKWISE
587741600952156277,10000,475893,1346,ANTICLOCKWISE
587741600952746039,10000,475898,4464,CLOCKWISE
587741600953598121,10000,477201,2861,ANTICLOCKWISE
587741600954712217,10000,478504,1666,ANTICLOCKWISE
587741600954908809,10000,478506,1718,CLOCKWISE
587741600956350547,10000,478519,1347,ANTICLOCKWISE
587741600956743832,10000,479813,740,ANTICLOCKWISE
587741600957595751,10000,479820,4454,ANTICLOCKWISE
587741600959103072,10000,479834,3328,CLOCKWISE
587741600959234193,10000,479835,4395,CLOCKWISE
587741600959692944,10000,479839,5241,ANTICLOCKWISE
587741600959758632,10000,479840,2662,ANTICLOCKWISE
587741600960086094,10000,479843,4772,ANTICLOCKWISE
587741600960413746,10000,479846,5119,ANTICLOCKWISE
587741600964149419,10000,476003,1725,CLOCKWISE
587741600964804716,10000,476008,4066,CLOCKWISE
587741600964870266,10000,474711,4251,ANTICLOCKWISE
587741600965787766,10000,473419,640,ANTICLOCKWISE
587741601486405754,10000,473270,622,ANTICLOCKWISE
587741601487978660,10000,475883,2155,ANTICLOCKWISE
587741601489158324,10000,477189,1393,CLOCKWISE
587741601489158341,10000,477189,1898,CLOCKWISE
587741601489420330,10000,477191,2765,CLOCKWISE
587741601490469045,10000,479784,3199,CLOCKWISE
587741601490796667,10000,479787,105,ANTICLOCKWISE
587741601490993265,10000,479789,1029,ANTICLOCKWISE
587741601491714170,10000,479795,3965,CLOCKWISE
587741601495056486,10000,481113,329,CLOCKWISE
587741601496760443,10000,481128,4312,ANTICLOCKWISE
587741601498529967,10000,481144,4324,CLOCKWISE
587741601500168416,10000,479873,2538,ANTICLOCKWISE
587741601500627063,10000,478587,2554,ANTICLOCKWISE
587741602022490253,10000,473262,4064,CLOCKWISE
587741602023276715,10000,474570,2857,ANTICLOCKWISE
587741602024456346,10000,477175,132,ANTICLOCKWISE
587741602024980618,10000,478472,2632,ANTICLOCKWISE
587741602026094729,10000,479772,5128,ANTICLOCKWISE
587741602028650686,10000,482367,2765,CLOCKWISE
587741602029633654,10000,483657,2150,CLOCKWISE
587741602030026834,10000,483660,4946,ANTICLOCKWISE
587741602032189532,10000,483680,2729,ANTICLOCKWISE
587741602032451617,10000,483683,140,ANTICLOCKWISE
587741602032976029,10000,484965,4263,ANTICLOCKWISE
587741602033893420,10000,483696,255,CLOCKWISE
587741602034876428,10000,482424,461,ANTICLOCKWISE
587741602034942254,10000,483705,3305,CLOCKWISE
587741602035335267,10000,482428,2252,ANTICLOCKWISE
587741602038087868,10000,479882,3717,CLOCKWISE
587741602038284412,10000,479884,4124,ANTICLOCKWISE
587741602038546552,10000,478596,5369,ANTICLOCKWISE
587741602039136399,10000,478602,3048,ANTICLOCKWISE
587741602558836844,10000,474558,2946,CLOCKWISE
587741602558967928,10000,474559,3416,ANTICLOCKWISE
587741602562113741,10000,481051,4474,CLOCKWISE
587741602563227815,10000,482346,449,ANTICLOCKWISE
587741602563489974,10000,482348,3347,ANTICLOCKWISE
587741602563555478,10000,482349,1264,ANTICLOCKWISE
587741602565455968,10000,484925,3471,CLOCKWISE
587741602566176937,10000,484932,2390,CLOCKWISE
587741602566439053,10000,484934,3560,CLOCKWISE
587741602568142954,10000,486224,4903,CLOCKWISE
587741602568536142,10000,486228,3633,CLOCKWISE
587741602569781364,10000,486240,314,ANTICLOCKWISE
587741602569846888,10000,486240,2818,CLOCKWISE
587741602571354286,10000,486254,2998,ANTICLOCKWISE
587741602572468375,10000,484989,3100,ANTICLOCKWISE
587741602572599488,10000,484991,436,CLOCKWISE
587741602574106907,10000,483727,330,ANTICLOCKWISE
587741603094986868,10000,474551,3221,ANTICLOCKWISE
587741603095969879,10000,477154,1081,ANTICLOCKWISE
587741603096887422,10000,479745,2984,CLOCKWISE
587741603097149529,10000,479747,3877,CLOCKWISE
587741603097215141,10000,478458,3163,ANTICLOCKWISE
587741603097870440,10000,479754,3261,CLOCKWISE
587741603099770951,10000,483623,3936,ANTICLOCKWISE
587741603100885053,10000,484911,4896,CLOCKWISE
587741603101016178,10000,484913,4504,CLOCKWISE
587741603101081679,10000,486188,4457,ANTICLOCKWISE
587741603101737070,10000,486195,1688,CLOCKWISE
587741603102064755,10000,487470,254,CLOCKWISE
587741603102982225,10000,487478,3002,ANTICLOCKWISE
587741603103244522,10000,487480,5748,CLOCKWISE
587741603103768736,10000,487485,3781,ANTICLOCKWISE
587741603104489611,10000,487492,1827,ANTICLOCKWISE
587741603105472603,10000,488770,166,CLOCKWISE
587741603106127927,10000,488776,1232,ANTICLOCKWISE
587741603106390107,10000,488778,1560,ANTICLOCKWISE
587741603107962997,10000,487524,1892,ANTICLOCKWISE
587741603110518941,10000,486275,3848,CLOCKWISE
587741603110977698,10000,486279,2448,CLOCKWISE
587741707793137805,10000,433003,4551,ANTICLOCKWISE
587741707793727773,10000,435749,3729,CLOCKWISE
587741707794120959,10000,437119,7027,ANTICLOCKWISE
587741707794645234,10000,439852,6487,ANTICLOCKWISE
587741707795562615,10000,442581,339,CLOCKWISE
587741707796742239,10000,448005,2533,ANTICLOCKWISE
587741707797463187,10000,450704,757,CLOCKWISE
587741707798184119,10000,452053,3364,ANTICLOCKWISE
587741707798970542,10000,454741,318,CLOCKWISE
587741707799036048,10000,454741,2508,CLOCKWISE
587741707799691445,10000,457416,5441,CLOCKWISE
587741707799953494,10000,458749,5346,CLOCKWISE
587741707802509438,10000,465394,984,CLOCKWISE
587741707803033663,10000,466715,3184,ANTICLOCKWISE
587741707803230397,10000,466717,3947,CLOCKWISE
587741707803623575,10000,468035,1797,ANTICLOCKWISE
587741707803754542,10000,468036,1138,CLOCKWISE
587741707804541112,10000,470663,3927,CLOCKWISE
587741707805130810,10000,470668,4156,ANTICLOCKWISE
587741707805851777,10000,473284,5856,ANTICLOCKWISE
587741707807555771,10000,474601,2477,CLOCKWISE
587741707807621276,10000,475900,1226,CLOCKWISE
587741707807948895,10000,475902,4500,ANTICLOCKWISE
587741707809325137,10000,477210,4204,ANTICLOCKWISE
587741707809456272,10000,477211,4282,CLOCKWISE
587741707810111705,10000,477217,5632,ANTICLOCKWISE
587741707811094606,10000,478519,4375,ANTICLOCKWISE
587741707811553400,10000,478524,1317,ANTICLOCKWISE
587741707812143143,10000,478529,1421,CLOCKWISE
587741708321489452,10000,392448,4788,CLOCKWISE
587741708321555192,10000,392449,1930,ANTICLOCKWISE
587741708322406910,10000,396700,5621,ANTICLOCKWISE
587741708324504058,10000,409380,4732,CLOCKWISE
587741708324765881,10000,409382,4578,ANTICLOCKWISE
587741708325880064,10000,416375,506,CLOCKWISE
587741708326142276,10000,416377,3032,ANTICLOCKWISE
587741708326600957,10000,419164,2656,ANTICLOCKWISE
587741708328435967,10000,427485,5493,CLOCKWISE
587741708328501447,10000,427486,2581,CLOCKWISE
587741708329418878,10000,432997,4786,ANTICLOCKWISE
587741708330139908,10000,435744,6741,CLOCKWISE
587741708331450609,10000,441213,123,CLOCKWISE
587741708331647121,10000,441214,2826,CLOCKWISE
587741708332171503,10000,443935,4329,CLOCKWISE
587741708332564635,10000,445294,199,ANTICLOCKWISE
587741708333088968,10000,448000,2151,ANTICLOCKWISE
587741708334792863,10000,453392,888,ANTICLOCKWISE
587741708335055011,10000,454733,1604,ANTICLOCKWISE
587741708335120509,10000,454733,4410,CLOCKWISE
587741708335644867,10000,456075,1270,ANTICLOCKWISE
587741708336955533,10000,460080,1937,CLOCKWISE
587741708337086598,10000,461408,2505,ANTICLOCKWISE
587741708337938585,10000,464061,2295,ANTICLOCKWISE
587741708339904679,10000,469340,3715,CLOCKWISE
587741708340428915,10000,469345,2999,ANTICLOCKWISE
587741708340429046,10000,469345,1838,ANTICLOCKWISE
587741708340494470,10000,470655,2004,ANTICLOCKWISE
587741708340691037,10000,470656,4590,CLOCKWISE
587741708342001961,10000,473277,4024,CLOCKWISE
587741708342263912,10000,474581,2557,CLOCKWISE
587741708342984802,10000,475886,1816,ANTICLOCKWISE
587741708343967801,10000,477190,384,CLOCKWISE
587741708344164467,10000,475896,5745,ANTICLOCKWISE
587741708344492140,10000,477195,50,ANTICLOCKWISE
587741708345213096,10000,478494,3542,ANTICLOCKWISE
587741708345802882,10000,478499,5620,ANTICLOCKWISE
587741708347375731,10000,481090,5768,ANTICLOCKWISE
587741708347572412,10000,479806,1689,ANTICLOCKWISE
587741708858098511,10000,393862,1308,CLOCKWISE
587741708861309017,10000,410778,3410,CLOCKWISE
587741708861440434,10000,410779,4377,ANTICLOCKWISE
587741708863340801,10000,420552,418,CLOCKWISE
587741708863537362,10000,420553,4625,ANTICLOCKWISE
587741708865634589,10000,431618,5027,ANTICLOCKWISE
587741708865831165,10000,431620,3128,ANTICLOCKWISE
587741708867665993,10000,441206,5635,ANTICLOCKWISE
587741708868976783,10000,446641,4517,ANTICLOCKWISE
587741708869369971,10000,446645,2083,CLOCKWISE
587741708870680655,10000,452041,3805,ANTICLOCKWISE
587741708871270580,10000,454727,3118,CLOCKWISE
587741708871336123,10000,454727,4053,ANTICLOCKWISE
587741708871663763,10000,456067,990,ANTICLOCKWISE
587741708872188009,10000,457404,4404,ANTICLOCKWISE
587741708872646848,10000,458740,2907,CLOCKWISE
587741708872712381,10000,458740,5524,ANTICLOCKWISE
587741708873302138,10000,461402,525,CLOCKWISE
587741708874088582,10000,464054,2423,CLOCKWISE
587741708874154173,10000,464055,2435,CLOCKWISE
587741708875333737,10000,466702,389,ANTICLOCKWISE
587741708876906603,10000,470651,71,ANTICLOCKWISE
587741708876906676,10000,470650,3470,CLOCKWISE
587741708876906724,10000,471957,452,CLOCKWISE
587741708877103220,10000,471958,2583,ANTICLOCKWISE
587741708877103268,10000,471958,4540,ANTICLOCKWISE
587741708877955119,10000,473269,2486,CLOCKWISE
587741708880052356,10000,477182,4408,CLOCKWISE
587741708880773200,10000,478482,3233,CLOCKWISE
587741708880904199,10000,478483,2373,ANTICLOCKWISE
587741708882149501,10000,481072,789,CLOCKWISE
587741708882804891,10000,481078,1174,ANTICLOCKWISE
587741708882935972,10000,481079,955,ANTICLOCKWISE
587741708883787906,10000,482371,1565,ANTICLOCKWISE
587741708884181203,10000,482374,5480,ANTICLOCKWISE
587741708884967603,10000,482381,4401,CLOCKWISE
587741708885557297,10000,482387,2750,ANTICLOCKWISE
587741709396017910,10000,402339,2069,ANTICLOCKWISE
587741709397721610,10000,410774,1864,CLOCKWISE
587741709397787154,10000,410774,4800,CLOCKWISE
587741709400670578,10000,426092,3363,CLOCKWISE
587741709402374445,10000,432990,1996,ANTICLOCKWISE
587741709402505417,10000,434362,2054,ANTICLOCKWISE
587741709403488537,10000,438472,5960,CLOCKWISE
587741709404078330,10000,441202,1167,ANTICLOCKWISE
587741709404406017,10000,441205,2028,ANTICLOCKWISE
587741709406634263,10000,452033,1279,CLOCKWISE
587741709406830685,10000,452035,1492,ANTICLOCKWISE
587741709406896132,10000,452035,1833,ANTICLOCKWISE
587741709407158352,10000,453379,220,ANTICLOCKWISE
587741709408075907,10000,456062,2560,ANTICLOCKWISE
587741709408207041,10000,456063,5196,ANTICLOCKWISE
587741709408731284,10000,458732,4571,CLOCKWISE
587741709411287195,10000,466693,1240,CLOCKWISE
587741709411876931,10000,468013,719,ANTICLOCKWISE
587741709412270205,10000,469327,3384,CLOCKWISE
587741709413581007,10000,471955,627,CLOCKWISE
587741709413843119,10000,474561,2312,ANTICLOCKWISE
587741709414432986,10000,475865,131,ANTICLOCKWISE
587741709414498415,10000,474567,152,ANTICLOCKWISE
587741709415088297,10000,475871,83,CLOCKWISE
587741709415547053,10000,477170,512,ANTICLOCKWISE
587741709416530093,10000,479762,1931,CLOCKWISE
587741709417250979,10000,479768,5440,CLOCKWISE
587741709417906362,10000,481061,5441,CLOCKWISE
587741709418102807,10000,481063,2423,CLOCKWISE
587741709418102935,10000,481063,2733,ANTICLOCKWISE
587741709419020489,10000,482356,203,ANTICLOCKWISE
587741709420724366,10000,483652,3936,CLOCKWISE
587741709420724396,10000,484930,4478,ANTICLOCKWISE
587741709421445220,10000,484937,295,ANTICLOCKWISE
587741709939376460,10000,435731,2683,CLOCKWISE
587741709940359362,10000,439835,1810,ANTICLOCKWISE
587741709940883616,10000,442560,238,ANTICLOCKWISE
587741709941735629,10000,445279,5373,ANTICLOCKWISE
587741709942390936,10000,449334,2134,ANTICLOCKWISE
587741709943439383,10000,452032,1700,CLOCKWISE
587741709945012444,10000,458727,1165,ANTICLOCKWISE
587741709946454045,10000,462720,2924,ANTICLOCKWISE
587741709946650740,10000,464043,2118,ANTICLOCKWISE
587741709948485779,10000,469321,2022,CLOCKWISE
587741709948813454,10000,471939,3341,CLOCKWISE
587741709950058784,10000,474554,5234,CLOCKWISE
587741709951828125,10000,478457,3312,ANTICLOCKWISE
587741709953466500,10000,481049,1778,ANTICLOCKWISE
587741709954121971,10000,482339,4571,CLOCKWISE
587741709954252965,10000,482340,4312,CLOCKWISE
587741709954253007,10000,482341,738,ANTICLOCKWISE
587741709954580607,10000,482344,721,CLOCKWISE
587741709954580626,10000,482343,4537,CLOCKWISE
587741709955104848,10000,483629,1686,ANTICLOCKWISE
587741709955170472,10000,483630,2218,ANTICLOCKWISE
587741709955432549,10000,483632,3017,ANTICLOCKWISE
587741709956808816,10000,486197,5088,ANTICLOCKWISE
587741709957464191,10000,486204,2009,ANTICLOCKWISE
587741709959036941,10000,486218,3197,CLOCKWISE
587741709959168116,10000,487491,4218,CLOCKWISE
587741709959954550,10000,487498,4754,CLOCKWISE
587741710483718270,10000,466681,1167,CLOCKWISE
587741710485094458,10000,470627,3748,ANTICLOCKWISE
587741710485553255,10000,471938,419,CLOCKWISE
587741710488502340,10000,479745,2122,CLOCKWISE
587741710489223299,10000,481039,2093,CLOCKWISE
587741710490599488,10000,483616,3469,CLOCKWISE
587741710492172467,10000,486184,3851,CLOCKWISE
587741710492565623,10000,486187,5813,CLOCKWISE
587741710492565631,10000,486187,6367,ANTICLOCKWISE
587741710496694418,10000,490032,4431,ANTICLOCKWISE
587741710496825500,10000,488768,1603,CLOCKWISE
587741720675614892,10000,477274,1369,ANTICLOCKWISE
587741720676794469,10000,475989,4840,ANTICLOCKWISE
587741720677646543,10000,475997,5083,ANTICLOCKWISE
587741721209864380,10000,481119,4600,CLOCKWISE
587741721210257527,10000,481123,2466,CLOCKWISE
587741721211502712,10000,479848,670,CLOCKWISE
587741721212354704,10000,479856,535,ANTICLOCKWISE
587741721213337680,10000,479864,2502,ANTICLOCKWISE
587741721213468846,10000,478576,1751,CLOCKWISE
587741721213796612,10000,478579,2337,ANTICLOCKWISE
587741721214451817,10000,478585,752,ANTICLOCKWISE
587741721215369435,10000,477300,3581,ANTICLOCKWISE
587741721216549119,10000,474718,4009,ANTICLOCKWISE
587741721216614557,10000,474719,462,CLOCKWISE
587741721745752224,10000,483676,1274,ANTICLOCKWISE
587741721746079803,10000,483678,3812,ANTICLOCKWISE
587741721746079866,10000,482397,6086,CLOCKWISE
587741721746342035,10000,482400,1444,CLOCKWISE
587741721746538606,10000,483683,476,CLOCKWISE
587741721746604223,10000,483683,5749,CLOCKWISE
587741721747062832,10000,483687,4591,ANTICLOCKWISE
587741721749094513,10000,482425,3477,ANTICLOCKWISE
587741721752371310,10000,478594,4563,CLOCKWISE
587741721752371349,10000,478594,5178,CLOCKWISE
587741721752371363,10000,478594,5274,CLOCKWISE
587741721752567887,10000,478596,2649,CLOCKWISE
587741721753223302,10000,477309,2791,ANTICLOCKWISE
587741721753419866,10000,476016,3927,ANTICLOCKWISE
587741722014056499,10000,482393,3627,CLOCKWISE
587741722014056517,10000,483674,3936,CLOCKWISE
587741722283147475,10000,484958,5045,CLOCKWISE
587741722284392594,10000,484970,1675,CLOCKWISE
587741722284851248,10000,484974,1692,ANTICLOCKWISE
587741722284982391,10000,484975,2295,CLOCKWISE
587741722285441175,10000,484979,5027,ANTICLOCKWISE
587741722287276102,10000,483718,1907,CLOCKWISE
587741722289045619,10000,481169,3469,CLOCKWISE
587741722289176704,10000,481171,156,CLOCKWISE
587741722289438818,10000,481173,2940,CLOCKWISE
587741722550927413,10000,484952,3450,ANTICLOCKWISE
587741722819428462,10000,487499,5201,ANTICLOCKWISE
587741722819494015,10000,487500,3150,ANTICLOCKWISE
587741722820935915,10000,487514,982,ANTICLOCKWISE
587741722824081584,10000,484995,5638,ANTICLOCKWISE
587741722826702960,10000,482461,70,ANTICLOCKWISE
587741722827096179,10000,481180,4548,CLOCKWISE
587741723356430460,10000,490036,3531,CLOCKWISE
587741723357020249,10000,488775,3651,ANTICLOCKWISE
587741723359314020,10000,488796,4788,CLOCKWISE
587741723360952420,10000,487542,4742,CLOCKWISE
587741723362459778,10000,486284,5780,CLOCKWISE
587741724964028576,10000,464134,5473,ANTICLOCKWISE
587741724964880499,10000,465461,4431,CLOCKWISE
587741724965208211,10000,465464,6990,CLOCKWISE
587741724965863458,10000,465470,6871,ANTICLOCKWISE
587741724967305231,10000,466800,5095,ANTICLOCKWISE
587741724967305236,10000,465483,4642,ANTICLOCKWISE
587741724971827329,10000,464206,3159,ANTICLOCKWISE
587741724973858950,10000,462904,1119,CLOCKWISE
587741724975825037,10000,460271,1547,CLOCKWISE
587741725500702886,10000,465452,435,ANTICLOCKWISE
587741725501096037,10000,466772,3732,CLOCKWISE
587741725502275671,10000,466783,5216,CLOCKWISE
587741725503062074,10000,468104,4859,ANTICLOCKWISE
587741725503520911,10000,466795,2407,CLOCKWISE
587741725503783003,10000,468111,2068,ANTICLOCKWISE
587741725504045146,10000,466799,3616,CLOCKWISE
587741725505159236,10000,468123,5728,CLOCKWISE
587741725505552505,10000,468127,3122,ANTICLOCKWISE
587741725506928817,10000,468140,2942,ANTICLOCKWISE
587741725507911823,10000,466835,2955,ANTICLOCKWISE
587741725508042935,10000,466836,2152,CLOCKWISE
587741725508305040,10000,466838,4909,ANTICLOCKWISE
587741725508829305,10000,466843,4303,CLOCKWISE
587741725509156948,10000,465529,4258,ANTICLOCKWISE
587741725509550261,10000,465533,2537,CLOCKWISE
587741725511319670,10000,464230,2207,ANTICLOCKWISE
587741725511516373,10000,464232,3568,CLOCKWISE
587741725512040554,10000,462916,191,ANTICLOCKWISE
587741725512171731,10000,462917,2496,ANTICLOCKWISE
587741726039933018,10000,469415,3626,CLOCKWISE
587741726039933081,10000,469415,4904,CLOCKWISE
587741726040522855,10000,470730,1031,ANTICLOCKWISE
587741726040653959,10000,469422,1351,CLOCKWISE
587741726041506018,10000,470739,2307,ANTICLOCKWISE
587741726042030226,10000,470744,750,CLOCKWISE
587741726042095806,10000,469435,4507,CLOCKWISE
587741726043799662,10000,470760,842,CLOCKWISE
587741726043996300,10000,469452,4215,CLOCKWISE
587741726045503647,10000,468156,865,ANTICLOCKWISE
587741726046027891,10000,468160,2707,CLOCKWISE
587741726046879984,10000,468168,3771,CLOCKWISE
587741726047338654,10000,466858,3003,ANTICLOCKWISE
587741726048714926,10000,464235,3132,ANTICLOCKWISE
587741726575099917,10000,470708,5583,ANTICLOCKWISE
587741726575558881,10000,470713,1792,CLOCKWISE
587741726575689933,10000,472020,4934,ANTICLOCKWISE
587741726576083039,10000,472024,3017,ANTICLOCKWISE
587741726576607424,10000,472029,290,CLOCKWISE
587741726576934968,10000,472031,4994,CLOCKWISE
587741726577918082,10000,472040,5800,ANTICLOCKWISE
587741726577983567,10000,472041,4390,ANTICLOCKWISE
587741726579163257,10000,472052,1311,ANTICLOCKWISE
587741726579359816,10000,472054,2368,CLOCKWISE
587741726579359827,10000,472053,4524,ANTICLOCKWISE
587741726580146328,10000,472061,3553,ANTICLOCKWISE
587741726580539561,10000,472064,3673,CLOCKWISE
587741726581522553,10000,470767,5316,ANTICLOCKWISE
587741726582505542,10000,470776,4714,ANTICLOCKWISE
587741726582636626,10000,470778,1249,CLOCKWISE
587741726582702172,10000,470778,5066,CLOCKWISE
587741726583226571,10000,469474,3511,ANTICLOCKWISE
587741726583292117,10000,469475,2711,ANTICLOCKWISE
587741726583750795,10000,469479,1754,ANTICLOCKWISE
587741726583947353,10000,469480,5194,ANTICLOCKWISE
587741726584471725,10000,469486,856,ANTICLOCKWISE
587741726585716879,10000,466872,4615,ANTICLOCKWISE
587741726585847885,10000,466873,3716,CLOCKWISE
587741727112102072,10000,473319,1364,ANTICLOCKWISE
587741727112364293,10000,473321,5633,ANTICLOCKWISE
587741727112757337,10000,473325,1594,CLOCKWISE
587741727112822945,10000,474627,146,ANTICLOCKWISE
587741727112953907,10000,473327,2137,CLOCKWISE
587741727115968611,10000,474655,5164,ANTICLOCKWISE
587741727117606938,10000,473369,2469,CLOCKWISE
587741727118458984,10000,473377,4831,CLOCKWISE
587741727118458990,10000,473377,4764,CLOCKWISE
587741727120359592,10000,472092,243,ANTICLOCKWISE
587741727121145989,10000,472099,1541,ANTICLOCKWISE
587741727121473695,10000,470796,386,CLOCKWISE
587741727121801281,10000,470799,2345,ANTICLOCKWISE
587741727123374401,10000,468193,3067,CLOCKWISE
587741727124422800,10000,466889,2007,CLOCKWISE
587741727648972863,10000,475917,6458,ANTICLOCKWISE
587741727649497155,10000,475923,1531,CLOCKWISE
587741727649562753,10000,475923,1933,CLOCKWISE
587741727650086953,10000,475928,1412,ANTICLOCKWISE
587741727650873461,10000,477230,5361,ANTICLOCKWISE
587741727652970725,10000,477250,124,ANTICLOCKWISE
587741727654477948,10000,475968,2149,ANTICLOCKWISE
587741727654740085,10000,475970,4746,ANTICLOCKWISE
587741727655854225,10000,474683,3119,CLOCKWISE
587741727656181855,10000,474686,461,ANTICLOCKWISE
587741727916228753,10000,474609,3501,ANTICLOCKWISE
587741815173611652,10000,448042,2191,ANTICLOCKWISE
587741815174267066,10000,449395,2589,CLOCKWISE
587741815177412719,10000,457461,2454,CLOCKWISE
587741815177609438,10000,457463,2663,CLOCKWISE
587741815178133683,10000,457468,1365,ANTICLOCKWISE
587741815697244232,10000,399542,3908,ANTICLOCKWISE
587741815698030990,10000,403774,654,CLOCKWISE
587741815700586854,10000,414999,4683,CLOCKWISE
587741815700914343,10000,416395,5271,ANTICLOCKWISE
587741815701176625,10000,417789,6140,ANTICLOCKWISE
587741815701242131,10000,417790,2941,CLOCKWISE
587741815701897575,10000,420576,4744,ANTICLOCKWISE
587741815702159629,10000,421966,289,ANTICLOCKWISE
587741815702290580,10000,421967,3905,CLOCKWISE
587741815703797952,10000,427509,1942,ANTICLOCKWISE
587741815704846592,10000,431649,735,ANTICLOCKWISE
587741815705305250,10000,433026,2007,CLOCKWISE
587741815705960544,10000,435772,2128,CLOCKWISE
587741815707009193,10000,439876,3996,CLOCKWISE
587741815707992259,10000,442606,948,ANTICLOCKWISE
587741815708057883,10000,442607,50,CLOCKWISE
587741815708188866,10000,442608,911,CLOCKWISE
587741815708385476,10000,443967,1047,CLOCKWISE
587741815708778612,10000,445325,1790,ANTICLOCKWISE
587741815709630607,10000,448034,2404,CLOCKWISE
587741815710154901,10000,449386,806,CLOCKWISE
587741815710285952,10000,449387,2677,ANTICLOCKWISE
587741815711990016,10000,453432,1659,CLOCKWISE
587741815712710816,10000,456113,5027,CLOCKWISE
587741815712776346,10000,456114,3640,ANTICLOCKWISE
587741815713759412,10000,457456,3679,CLOCKWISE
587741816231232269,10000,388195,1857,CLOCKWISE
587741816232411689,10000,393875,3445,ANTICLOCKWISE
587741816233263594,10000,398123,3199,ANTICLOCKWISE
587741816234049899,10000,402358,6111,ANTICLOCKWISE
587741816234246477,10000,402360,4132,CLOCKWISE
587741816234377585,10000,403768,6322,CLOCKWISE
587741816235884978,10000,409395,4803,CLOCKWISE
587741816236081414,10000,410796,1378,CLOCKWISE
587741816238309586,10000,420572,94,ANTICLOCKWISE
587741816240275751,10000,428883,4535,CLOCKWISE
587741816240537829,10000,430263,311,ANTICLOCKWISE
587741816240800053,10000,431640,3765,ANTICLOCKWISE
587741816240865367,10000,431640,4814,CLOCKWISE
587741816240865506,10000,430265,5297,ANTICLOCKWISE
587741816241062143,10000,431642,5800,ANTICLOCKWISE
587741816241258627,10000,433017,3639,CLOCKWISE
587741816242372816,10000,435767,4130,ANTICLOCKWISE
587741816245649458,10000,448026,3651,ANTICLOCKWISE
587741816245911595,10000,448028,4628,CLOCKWISE
587741816246108319,10000,449377,5554,CLOCKWISE
587741816246763656,10000,450728,2502,ANTICLOCKWISE
587741816246960392,10000,450730,4000,ANTICLOCKWISE
587741816247222406,10000,452075,5523,ANTICLOCKWISE
587741816247681059,10000,453421,192,ANTICLOCKWISE
587741816247746688,10000,453421,4413,ANTICLOCKWISE
587741816248467606,10000,454767,4005,CLOCKWISE
587741816248729742,10000,456106,407,CLOCKWISE
587741816249057426,10000,456109,1379,CLOCKWISE
587741816250630262,10000,460116,2218,CLOCKWISE
587741816250892437,10000,460118,5534,ANTICLOCKWISE
587741816251285679,10000,460122,4124,CLOCKWISE
587741816251351114,10000,461449,4569,CLOCKWISE
587741816768692766,10000,392453,5195,ANTICLOCKWISE
587741816769544663,10000,398117,5679,ANTICLOCKWISE
587741816770003344,10000,399532,4695,CLOCKWISE
587741816770527580,10000,402354,6893,CLOCKWISE
587741816771772766,10000,407985,4158,ANTICLOCKWISE
587741816771903831,10000,409387,5188,CLOCKWISE
587741816773345600,10000,414990,1567,CLOCKWISE
587741816775377194,10000,424729,1607,ANTICLOCKWISE
587741816775508309,10000,424730,2997,ANTICLOCKWISE
587741816776622233,10000,428878,1332,ANTICLOCKWISE
587741816776949911,10000,430258,2056,ANTICLOCKWISE
587741816778588377,10000,435761,6049,ANTICLOCKWISE
587741816779178150,10000,438499,1742,CLOCKWISE
587741816779636920,10000,441227,3428,CLOCKWISE
587741816779964618,10000,441230,1814,ANTICLOCKWISE
587741816780357783,10000,442593,124,CLOCKWISE
587741816780423325,10000,443950,3284,ANTICLOCKWISE
587741816780423385,10000,443951,451,CLOCKWISE
587741816780554390,10000,442594,3346,ANTICLOCKWISE
587741816781144339,10000,445312,2853,ANTICLOCKWISE
587741816781275371,10000,445313,4794,ANTICLOCKWISE
587741816781471894,10000,446667,2751,ANTICLOCKWISE
587741816781472009,10000,446668,48,CLOCKWISE
587741816782258438,10000,449371,1267,ANTICLOCKWISE
587741816782520492,10000,449373,1637,CLOCKWISE
587741816784748608,10000,456098,1907,CLOCKWISE
587741816785076351,10000,456101,1718,CLOCKWISE
587741816785141892,10000,456101,3295,ANTICLOCKWISE
587741816785207316,10000,457435,741,ANTICLOCKWISE
587741816785207563,10000,457435,3351,ANTICLOCKWISE
587741816786649365,10000,461435,4694,ANTICLOCKWISE
587741816787239061,10000,461440,4876,CLOCKWISE
587741816787632305,10000,462768,3956,CLOCKWISE
587741816787959941,10000,462771,4381,ANTICLOCKWISE
587741816788156556,10000,462773,2386,CLOCKWISE
587741817306284509,10000,399527,2483,ANTICLOCKWISE
587741817306350186,10000,399528,1359,CLOCKWISE
587741817307005448,10000,402350,6220,CLOCKWISE
587741817307267480,10000,403760,551,CLOCKWISE
587741817307988345,10000,407979,1563,ANTICLOCKWISE
587741817309495586,10000,413587,3437,CLOCKWISE
587741817311985952,10000,424726,2134,ANTICLOCKWISE
587741817312772294,10000,428871,4597,ANTICLOCKWISE
587741817313362024,10000,430254,733,ANTICLOCKWISE
587741817313493133,10000,431630,253,CLOCKWISE
587741817313558754,10000,431630,5613,ANTICLOCKWISE
587741817314803857,10000,435755,1693,ANTICLOCKWISE
587741817315655823,10000,439858,1723,ANTICLOCKWISE
587741817316769924,10000,443945,4440,ANTICLOCKWISE
587741817316835531,10000,443946,2349,CLOCKWISE
587741817317097659,10000,445303,4710,ANTICLOCKWISE
587741817317425269,10000,445307,265,CLOCKWISE
587741817318211630,10000,448015,1134,CLOCKWISE
587741817318604976,10000,449365,4622,CLOCKWISE
587741817319260176,10000,450716,4485,ANTICLOCKWISE
587741817320243402,10000,454748,5468,CLOCKWISE
587741817320636580,10000,456088,3610,CLOCKWISE
587741817321160890,10000,456093,3563,CLOCKWISE
587741817321619566,10000,457430,4949,CLOCKWISE
587741817322471598,10000,460098,4507,CLOCKWISE
587741817323323502,10000,462757,3788,ANTICLOCKWISE
587741817323651198,10000,462760,3957,CLOCKWISE
587741817323978884,10000,464084,3735,CLOCKWISE
587741817324699783,10000,465410,2858,ANTICLOCKWISE
587741817325158585,10000,465414,4712,ANTICLOCKWISE
587741817325682789,10000,466736,1416,CLOCKWISE
587741817325813922,10000,466737,3438,ANTICLOCKWISE
587741817851674867,10000,438487,673,CLOCKWISE
587741817851806008,10000,438488,5298,ANTICLOCKWISE
587741817855017097,10000,449361,2426,CLOCKWISE
587741817855475791,10000,450711,703,ANTICLOCKWISE
587741817855672451,10000,452055,2231,ANTICLOCKWISE
587741817857704030,10000,458754,3527,CLOCKWISE
587741817858490482,10000,460090,4136,ANTICLOCKWISE
587741817859014797,10000,461422,4109,ANTICLOCKWISE
587741817859080291,10000,461423,261,ANTICLOCKWISE
587741817859539079,10000,462751,3240,CLOCKWISE
587741817859997846,10000,464076,4940,CLOCKWISE
587741817860128820,10000,464078,704,CLOCKWISE
587741817860194380,10000,464078,2873,ANTICLOCKWISE
587741817860194468,10000,464078,5842,ANTICLOCKWISE
587741817861636253,10000,468042,565,ANTICLOCKWISE
587741817861898455,10000,468044,3906,CLOCKWISE
587741817862422649,10000,468049,1290,ANTICLOCKWISE
587741817862619264,10000,468050,4727,CLOCKWISE
587741817862684840,10000,468051,2369,CLOCKWISE
587741819453571218,10000,439879,1369,CLOCKWISE
587741819454423323,10000,442607,873,CLOCKWISE
587741819988869298,10000,435769,2064,ANTICLOCKWISE
587741819989458979,10000,438506,4205,CLOCKWISE
587741819989590240,10000,438508,2897,CLOCKWISE
587741819989721385,10000,439872,3343,CLOCKWISE
587741819989917962,10000,439874,3524,ANTICLOCKWISE
587741819990376605,10000,441239,2680,ANTICLOCKWISE
587741819990835358,10000,442602,2995,ANTICLOCKWISE
587741819990966391,10000,443961,763,ANTICLOCKWISE
587741819991687263,10000,445322,3825,ANTICLOCKWISE
587741820525674635,10000,437135,2961,ANTICLOCKWISE
587741820525871234,10000,438502,2617,ANTICLOCKWISE
587741820526133301,10000,439868,77,CLOCKWISE
587741820527116468,10000,443954,2545,CLOCKWISE
587741820527313085,10000,443956,455,ANTICLOCKWISE
587741820527706291,10000,445314,4205,CLOCKWISE
587741820527771946,10000,445315,3965,CLOCKWISE
587741820527837395,10000,445316,509,CLOCKWISE
587741821063856341,10000,445308,533,CLOCKWISE
587741821066281239,10000,452066,2195,CLOCKWISE
587741821066543271,10000,453410,218,CLOCKWISE
587741821599678645,10000,442585,4738,CLOCKWISE
587741821600661710,10000,446659,1408,ANTICLOCKWISE
587741821600923832,10000,446661,2823,ANTICLOCKWISE
587741821601382536,10000,449361,5090,CLOCKWISE
587741821601775778,10000,450710,4307,CLOCKWISE
587741821601775783,10000,450710,4363,ANTICLOCKWISE
587741821601841349,10000,450711,2318,ANTICLOCKWISE
587741821602168970,10000,450714,584,ANTICLOCKWISE
587741821867589841,10000,441221,5014,CLOCKWISE
587741828041474217,10000,448036,3012,CLOCKWISE
587741828042784916,10000,450740,2203,CLOCKWISE
587741828042850468,10000,450740,5754,CLOCKWISE
587741828043112688,10000,452086,2965,ANTICLOCKWISE
587741828043178288,10000,452087,1664,CLOCKWISE
587741828044816508,10000,456118,1029,CLOCKWISE
587741828044947577,10000,456119,1876,ANTICLOCKWISE
587741828045537526,10000,457457,4839,CLOCKWISE
587741828046717129,10000,458799,5965,ANTICLOCKWISE
587741828047831123,10000,461466,1271,CLOCKWISE
587741828048289914,10000,461470,364,ANTICLOCKWISE
587741828048945333,10000,462799,5272,ANTICLOCKWISE
587741828049862787,10000,462808,2411,CLOCKWISE
587741828578476255,10000,449384,3394,CLOCKWISE
587741828578738271,10000,450732,372,CLOCKWISE
587741828579197141,10000,452079,1923,ANTICLOCKWISE
587741828579328296,10000,452080,1682,CLOCKWISE
587741828579983575,10000,453427,1612,CLOCKWISE
587741828580048905,10000,453427,3579,CLOCKWISE
587741828580442324,10000,454770,3311,ANTICLOCKWISE
587741828580573341,10000,454772,50,CLOCKWISE
587741828580835507,10000,456110,2387,ANTICLOCKWISE
587741828581752983,10000,457451,2935,CLOCKWISE
587741828583588039,10000,461455,3695,ANTICLOCKWISE
587741828584243343,10000,462785,3511,CLOCKWISE
587741828584702161,10000,462789,4636,CLOCKWISE
587741828584767648,10000,462790,2892,CLOCKWISE
587741828585029831,10000,464113,4783,CLOCKWISE
587741828585488547,10000,464118,127,CLOCKWISE
587741828585619663,10000,464118,6008,ANTICLOCKWISE
587741828586078311,10000,465442,2635,CLOCKWISE
587741828586078334,10000,465442,3541,ANTICLOCKWISE
587741828586602769,10000,465447,3201,ANTICLOCKWISE
587741829115347114,10000,452072,1210,CLOCKWISE
587741829115936955,10000,453418,5632,CLOCKWISE
587741829116920055,10000,456103,1130,ANTICLOCKWISE
587741829117182206,10000,457438,3066,CLOCKWISE
587741829117968558,10000,458776,3716,ANTICLOCKWISE
587741829118558312,10000,460110,4964,CLOCKWISE
587741829118755023,10000,460112,3569,ANTICLOCKWISE
587741829119017058,10000,461442,914,CLOCKWISE
587741829119082664,10000,461443,676,CLOCKWISE
587741829119803605,10000,462773,4080,ANTICLOCKWISE
587741829120131202,10000,462776,4797,ANTICLOCKWISE
587741829120262316,10000,462778,54,ANTICLOCKWISE
587741829120917607,10000,464104,4054,CLOCKWISE
587741829121179843,10000,465426,1632,CLOCKWISE
587741829121245401,10000,465426,4650,ANTICLOCKWISE
587741829121835091,10000,465431,5065,ANTICLOCKWISE
587741829122556154,10000,466755,4942,ANTICLOCKWISE
587741829122752653,10000,466757,2060,ANTICLOCKWISE
587741829652021419,10000,454750,2549,CLOCKWISE
587741829652152501,10000,454751,3482,ANTICLOCKWISE
587741829652283704,10000,454752,3748,CLOCKWISE
587741829652545558,10000,456091,2358,ANTICLOCKWISE
587741829652611352,10000,454756,984,CLOCKWISE
587741829652939007,10000,456095,1731,ANTICLOCKWISE
587741829653528803,10000,457433,2531,ANTICLOCKWISE
587741829653594347,10000,457434,939,ANTICLOCKWISE
587741829653594400,10000,458765,2110,CLOCKWISE
587741829653790895,10000,457435,3768,CLOCKWISE
587741829654315161,10000,458771,3374,ANTICLOCKWISE
587741829654511787,10000,460102,2636,ANTICLOCKWISE
587741829656150202,10000,464089,2433,ANTICLOCKWISE
587741829656150230,10000,462768,3221,ANTICLOCKWISE
587741829656215747,10000,462769,1904,CLOCKWISE
587741829656608900,10000,464093,4201,ANTICLOCKWISE
587741829656871089,10000,464096,1237,ANTICLOCKWISE
587741829656871111,10000,464096,1552,CLOCKWISE
587741829657067706,10000,465417,270,ANTICLOCKWISE
587741829657722890,10000,465422,5536,CLOCKWISE
587741829657919704,10000,466742,741,ANTICLOCKWISE
587741829658050811,10000,466743,1707,CLOCKWISE
587741829658116414,10000,466743,4534,ANTICLOCKWISE
587741829658443958,10000,466746,4476,ANTICLOCKWISE
587741829658509409,10000,466747,79,ANTICLOCKWISE
587741829659295751,10000,468068,1207,ANTICLOCKWISE
587741829659754616,10000,469383,4631,ANTICLOCKWISE
587741829660278907,10000,469388,2908,CLOCKWISE
587741829660475484,10000,470699,764,CLOCKWISE
587741830188957870,10000,456086,3895,ANTICLOCKWISE
587741830189875358,10000,458759,4792,ANTICLOCKWISE
587741830189941000,10000,457428,4677,ANTICLOCKWISE
587741830191972549,10000,464080,1032,ANTICLOCKWISE
587741830192562288,10000,464085,328,ANTICLOCKWISE
587741830192890074,10000,465407,2498,CLOCKWISE
587741830193414301,10000,466729,2198,CLOCKWISE
587741830193545351,10000,466730,2007,ANTICLOCKWISE
587741830193610881,10000,466730,4342,CLOCKWISE
587741830194725097,10000,469366,2183,ANTICLOCKWISE
587741830194790586,10000,468056,453,ANTICLOCKWISE
587741830195183801,10000,469370,2524,CLOCKWISE
587741830196363434,10000,470690,1487,ANTICLOCKWISE
587741830732840991,10000,471992,2315,CLOCKWISE
587741830733496497,10000,473301,4069,ANTICLOCKWISE
587741830733758555,10000,474605,1880,ANTICLOCKWISE
587741830733758556,10000,474605,1735,ANTICLOCKWISE
587741830733758557,10000,474605,2033,ANTICLOCKWISE
587741830733758687,10000,473304,1643,ANTICLOCKWISE
587742008967955059,10000,383937,1545,ANTICLOCKWISE
587742008971362647,10000,398141,164,ANTICLOCKWISE
587742008972542224,10000,403786,5364,CLOCKWISE
587742009504236088,10000,382507,7195,CLOCKWISE
587742009504301593,10000,382508,3485,ANTICLOCKWISE
587742009508888756,10000,403782,784,ANTICLOCKWISE
587742009509151001,10000,403784,553,CLOCKWISE
587742009509740898,10000,406598,5010,ANTICLOCKWISE
587742009510003119,10000,408004,1199,ANTICLOCKWISE
587742009511444514,10000,413612,2980,CLOCKWISE
587742010042221112,10000,389623,344,ANTICLOCKWISE
587742010043203836,10000,395298,1467,ANTICLOCKWISE
587742010581844229,10000,403774,205,CLOCKWISE
587742010583548168,10000,410801,5619,CLOCKWISE
587742010584072472,10000,413601,6881,ANTICLOCKWISE
587742010584138042,10000,413602,3662,ANTICLOCKWISE
587742012730703969,10000,426155,4848,ANTICLOCKWISE
587742012730769603,10000,427536,646,ANTICLOCKWISE
587742012731687065,10000,428922,197,ANTICLOCKWISE
587742012732080268,10000,430302,6957,CLOCKWISE
587742012732735578,10000,431683,2434,CLOCKWISE
587742012732801177,10000,431684,462,CLOCKWISE
587742012732997666,10000,433059,958,ANTICLOCKWISE
587742012733390971,10000,433062,3620,ANTICLOCKWISE
587742012733849758,10000,435807,608,CLOCKWISE
587742012733915238,10000,435807,3827,ANTICLOCKWISE
587742012735160511,10000,438551,1274,CLOCKWISE
587742012736274575,10000,441285,2573,CLOCKWISE
587742012736340174,10000,441286,2658,ANTICLOCKWISE
587742012738044011,10000,444017,4997,CLOCKWISE
587742012739485833,10000,446737,4507,ANTICLOCKWISE
587742012739879115,10000,446741,4886,ANTICLOCKWISE
587742012740010115,10000,448091,4573,CLOCKWISE
587742012740272346,10000,448094,3068,ANTICLOCKWISE
587742012741582968,10000,449453,3070,CLOCKWISE
587742012743221389,10000,450813,2152,CLOCKWISE
587742012743876714,10000,450819,2068,CLOCKWISE
587742012744204416,10000,452165,1185,CLOCKWISE
587742012744269911,10000,452165,4047,ANTICLOCKWISE
587742012748923003,10000,452208,1813,CLOCKWISE
587742012749250622,10000,452211,1417,ANTICLOCKWISE
587742012749643934,10000,452215,1181,CLOCKWISE
587742012749643947,10000,452215,1403,ANTICLOCKWISE
587742012751085664,10000,450885,2685,CLOCKWISE
587742012755542192,10000,445533,3281,ANTICLOCKWISE
587742012756590759,10000,444188,1107,CLOCKWISE
587742012756983958,10000,442834,3642,CLOCKWISE
587742012759277732,10000,438772,6152,ANTICLOCKWISE
587742012759670905,10000,436044,4082,ANTICLOCKWISE
587742012761833600,10000,431951,3210,ANTICLOCKWISE
587742012762226891,10000,430580,3937,ANTICLOCKWISE
587742012763013309,10000,427832,4872,CLOCKWISE
587742012764389406,10000,423702,3976,CLOCKWISE
587742013262201025,10000,410815,4984,CLOCKWISE
587742013267116248,10000,427531,200,ANTICLOCKWISE
587742013269344407,10000,434425,3792,ANTICLOCKWISE
587742013271834775,10000,439912,3184,CLOCKWISE
587742013272883289,10000,442641,4506,ANTICLOCKWISE
587742013273014423,10000,442643,2738,ANTICLOCKWISE
587742013274259510,10000,445366,2734,CLOCKWISE
587742013274259517,10000,445366,3827,CLOCKWISE
587742013274259567,10000,445366,4367,CLOCKWISE
587742013275045983,10000,446725,3959,ANTICLOCKWISE
587742013275373674,10000,446728,4977,ANTICLOCKWISE
587742013275766940,10000,448081,4449,ANTICLOCKWISE
587742013276684446,10000,449436,4205,CLOCKWISE
587742013277274274,10000,450787,3667,ANTICLOCKWISE
587742013277667502,10000,450791,1035,ANTICLOCKWISE
587742013278126295,10000,450795,654,ANTICLOCKWISE
587742013278322800,10000,452139,5292,ANTICLOCKWISE
587742013279043728,10000,452146,3991,CLOCKWISE
587742013279305874,10000,452148,4850,CLOCKWISE
587742013279502501,10000,453491,5152,CLOCKWISE
587742013279961177,10000,453495,5316,ANTICLOCKWISE
587742013280157803,10000,453497,6425,CLOCKWISE
587742013280747641,10000,453503,303,ANTICLOCKWISE
587742013283237986,10000,454864,4047,CLOCKWISE
587742013285204093,10000,454883,642,CLOCKWISE
587742013286711415,10000,453557,3629,ANTICLOCKWISE
587742013289005297,10000,452238,628,ANTICLOCKWISE
587742013289267369,10000,452240,1873,ANTICLOCKWISE
587742013290381489,10000,450907,4062,CLOCKWISE
587742013290709148,10000,449565,3963,ANTICLOCKWISE
587742013292150951,10000,448232,537,CLOCKWISE
587742013292675180,10000,446887,2344,ANTICLOCKWISE
587742013292937430,10000,446890,1138,CLOCKWISE
587742013294248163,10000,444195,3774,ANTICLOCKWISE
587742013294772401,10000,442843,2091,CLOCKWISE
587742013296738498,10000,438778,1850,ANTICLOCKWISE
587742013297066270,10000,438781,2503,ANTICLOCKWISE
587742013299097838,10000,433328,2667,ANTICLOCKWISE
587742013299097852,10000,433328,3219,CLOCKWISE
587742013299753324,10000,430587,1239,CLOCKWISE
587742013300736254,10000,427841,492,ANTICLOCKWISE
587742013301129433,10000,426465,3917,ANTICLOCKWISE
587742013303292165,10000,419560,4479,CLOCKWISE
587742013303488690,10000,418171,3633,CLOCKWISE
587742013304209652,10000,415393,3949,CLOCKWISE
587742013305258030,10000,411213,1852,ANTICLOCKWISE
587742013305323728,10000,411214,1329,ANTICLOCKWISE
587742013305389523,10000,411214,5788,CLOCKWISE
587742013798875359,10000,412210,9015,CLOCKWISE
587742013805756573,10000,434421,786,ANTICLOCKWISE
587742013807329444,10000,438536,5757,ANTICLOCKWISE
587742013808574693,10000,442631,540,CLOCKWISE
587742013809098853,10000,443993,114,CLOCKWISE
587742013809164365,10000,443993,3284,CLOCKWISE
587742013809295527,10000,442637,4987,CLOCKWISE
587742013810081941,10000,445357,486,ANTICLOCKWISE
587742013812244599,10000,449424,3393,CLOCKWISE
587742013814145239,10000,453471,1202,CLOCKWISE
587742013814997165,10000,453479,1654,ANTICLOCKWISE
587742013814997193,10000,453479,1850,CLOCKWISE
587742013815128254,10000,454819,3492,ANTICLOCKWISE
587742013815259259,10000,453481,4258,CLOCKWISE
587742013817094286,10000,456173,2556,ANTICLOCKWISE
587742013817487461,10000,456176,5477,ANTICLOCKWISE
587742013818011719,10000,456181,3246,CLOCKWISE
587742013818273949,10000,456184,1272,CLOCKWISE
587742013819650168,10000,456196,3247,CLOCKWISE
587742013820764182,10000,457539,3997,CLOCKWISE
587742013820829869,10000,457540,3193,CLOCKWISE
587742013821026484,10000,456209,3160,ANTICLOCKWISE
587742013821616258,10000,456214,4229,ANTICLOCKWISE
587742013822009435,10000,457551,1585,ANTICLOCKWISE
587742013822533767,10000,456223,180,CLOCKWISE
587742013824237737,10000,456238,5147,CLOCKWISE
587742013825679376,10000,454915,4143,CLOCKWISE
587742013825810617,10000,454917,2208,CLOCKWISE
587742013826269373,10000,453582,4553,ANTICLOCKWISE
587742013827055764,10000,453589,3548,CLOCKWISE
587742013827645650,10000,452254,856,CLOCKWISE
587742013829021773,10000,450923,3211,CLOCKWISE
587742013829415034,10000,449582,1651,CLOCKWISE
587742013829742870,10000,449585,3355,ANTICLOCKWISE
587742013830267022,10000,448243,2157,ANTICLOCKWISE
587742013831249975,10000,445551,4998,CLOCKWISE
587742013831708886,10000,445556,504,ANTICLOCKWISE
587742013831774455,10000,445556,2285,CLOCKWISE
587742013832233121,10000,444205,4651,ANTICLOCKWISE
587742013832495315,10000,444208,484,CLOCKWISE
587742013832560788,10000,442851,4418,CLOCKWISE
587742013833150670,10000,442857,1050,CLOCKWISE
587742013833347203,10000,441499,3828,ANTICLOCKWISE
587742013835510025,10000,436064,3321,ANTICLOCKWISE
587742013835772098,10000,434697,3811,CLOCKWISE
587742013837017336,10000,431965,2585,CLOCKWISE
587742013837607162,10000,429219,1656,CLOCKWISE
587742013837672624,10000,430596,3990,ANTICLOCKWISE
587742013837738288,10000,429220,2418,ANTICLOCKWISE
587742013839442115,10000,425097,3616,ANTICLOCKWISE
587742013840031893,10000,420948,3618,CLOCKWISE
587742013841473957,10000,416790,2325,ANTICLOCKWISE
587742013842391416,10000,412614,2115,ANTICLOCKWISE
587742014335877334,10000,415004,3327,CLOCKWISE
587742014336008440,10000,415005,3608,CLOCKWISE
587742014340071528,10000,428900,3265,ANTICLOCKWISE
587742014340333690,10000,428903,3104,CLOCKWISE
587742014342103103,10000,434416,1024,ANTICLOCKWISE
587742014342168621,10000,434416,2011,ANTICLOCKWISE
587742014342299815,10000,435786,2919,ANTICLOCKWISE
587742014342561905,10000,437156,431,ANTICLOCKWISE
587742014344462497,10000,441263,884,CLOCKWISE
587742014344724591,10000,442624,1114,ANTICLOCKWISE
587742014345052413,10000,442627,2249,CLOCKWISE
587742014345380022,10000,443987,834,CLOCKWISE
587742014345904250,10000,445347,1591,ANTICLOCKWISE
587742014346232030,10000,446702,2885,ANTICLOCKWISE
587742014347346089,10000,448061,3435,ANTICLOCKWISE
587742014349246587,10000,452113,5545,ANTICLOCKWISE
587742014350295119,10000,453464,2251,CLOCKWISE
587742014350885028,10000,454808,5615,ANTICLOCKWISE
587742014351212618,10000,454811,4868,ANTICLOCKWISE
587742014351343799,10000,454813,1648,CLOCKWISE
587742014351933576,10000,456154,4028,CLOCKWISE
587742014352130095,10000,456156,2067,CLOCKWISE
587742014352130131,10000,456156,3431,CLOCKWISE
587742014352326759,10000,456158,2648,CLOCKWISE
587742014353244269,10000,457499,3922,ANTICLOCKWISE
587742014353375292,10000,457501,1015,ANTICLOCKWISE
587742014353703028,10000,457503,3784,CLOCKWISE
587742014356258967,10000,458858,692,ANTICLOCKWISE
587742014356324631,10000,458859,806,CLOCKWISE
587742014356521090,10000,458860,4517,ANTICLOCKWISE
587742014356586629,10000,458861,1999,ANTICLOCKWISE
587742014356914292,10000,458864,802,CLOCKWISE
587742014356979718,10000,458864,3172,ANTICLOCKWISE
587742014357438557,10000,458869,2095,CLOCKWISE
587742014358683729,10000,458880,1283,CLOCKWISE
587742014359535634,10000,458888,1262,ANTICLOCKWISE
587742014359732358,10000,458890,1288,ANTICLOCKWISE
587742014360322220,10000,458895,2109,CLOCKWISE
587742014360649835,10000,458898,2515,CLOCKWISE
587742014360780858,10000,457568,2306,CLOCKWISE
587742014361239642,10000,457572,3845,ANTICLOCKWISE
587742014361305279,10000,457573,2196,CLOCKWISE
587742014361698388,10000,457577,380,ANTICLOCKWISE
587742014362091631,10000,457580,2966,CLOCKWISE
587742014363992225,10000,454929,1410,CLOCKWISE
587742014366548088,10000,450930,849,ANTICLOCKWISE
587742014367006866,10000,450933,4830,CLOCKWISE
587742014368776342,10000,446909,2392,CLOCKWISE
587742014368907518,10000,446910,4194,CLOCKWISE
587742014369562692,10000,445564,3897,CLOCKWISE
587742014370611333,10000,442862,3317,ANTICLOCKWISE
587742014373167200,10000,436071,2661,ANTICLOCKWISE
587742014373822805,10000,434708,3510,ANTICLOCKWISE
587742014374150363,10000,433340,4506,ANTICLOCKWISE
587742014374674603,10000,431973,940,ANTICLOCKWISE
587742014375002343,10000,430601,1499,ANTICLOCKWISE
587742014375198750,10000,429226,119,CLOCKWISE
587742014375985376,10000,426476,306,ANTICLOCKWISE
587742014376903030,10000,423720,4474,ANTICLOCKWISE
587742014377361786,10000,423724,4303,ANTICLOCKWISE
587742014378279201,10000,419573,161,ANTICLOCKWISE
587742014378475583,10000,419574,4133,ANTICLOCKWISE
587742014378672386,10000,418185,2639,CLOCKWISE
587742014378934540,10000,416795,5146,ANTICLOCKWISE
587742014876942553,10000,431652,4538,CLOCKWISE
587742014876942565,10000,431652,4428,ANTICLOCKWISE
587742014879694988,10000,439886,2529,ANTICLOCKWISE
587742014879695000,10000,439886,2317,ANTICLOCKWISE
587742014881792061,10000,445338,760,CLOCKWISE
587742014881988741,10000,445340,485,CLOCKWISE
587742014882644163,10000,446698,271,ANTICLOCKWISE
587742014883692687,10000,449403,2078,CLOCKWISE
587742014883954743,10000,449406,1541,CLOCKWISE
587742014884282462,10000,450754,1999,ANTICLOCKWISE
587742014884806784,10000,452102,277,CLOCKWISE
587742014885593188,10000,453450,2479,CLOCKWISE
587742014885724219,10000,453451,2077,ANTICLOCKWISE
587742014887428221,10000,456142,573,ANTICLOCKWISE
587742014888280220,10000,457482,4459,CLOCKWISE
587742014888345811,10000,457483,2355,CLOCKWISE
587742014888673417,10000,457486,3585,CLOCKWISE
587742014888738978,10000,457487,1555,ANTICLOCKWISE
587742014889066820,10000,458821,1209,CLOCKWISE
587742014889394252,10000,458823,3543,CLOCKWISE
587742014890049682,10000,460159,1532,CLOCKWISE
587742014891753673,10000,461501,4585,ANTICLOCKWISE
587742014891950163,10000,460176,1416,CLOCKWISE
587742014892146847,10000,461505,1227,CLOCKWISE
587742014893260879,10000,461515,1389,ANTICLOCKWISE
587742014893392032,10000,460189,2579,ANTICLOCKWISE
587742014894899358,10000,461530,3223,ANTICLOCKWISE
587742014895226884,10000,461533,1544,ANTICLOCKWISE
587742014895423511,10000,461535,415,CLOCKWISE
587742014896275648,10000,461542,5141,CLOCKWISE
587742014896275652,10000,461542,5193,ANTICLOCKWISE
587742014899749026,10000,458918,4855,CLOCKWISE
587742014899945566,10000,458920,3006,ANTICLOCKWISE
587742014900011223,10000,458921,1375,CLOCKWISE
587742014902632624,10000,454945,3843,CLOCKWISE
587742014903353436,10000,453613,1876,ANTICLOCKWISE
587742014903943296,10000,452277,5800,ANTICLOCKWISE
587742014903943413,10000,453618,5262,CLOCKWISE
587742014905843939,10000,448260,3828,CLOCKWISE
587742014907285706,10000,445573,1322,ANTICLOCKWISE
587742014907416758,10000,445574,1213,CLOCKWISE
587742014908006547,10000,444224,4669,CLOCKWISE
587742014908072062,10000,442868,928,ANTICLOCKWISE
587742014908203256,10000,444226,4150,ANTICLOCKWISE
587742014909120754,10000,440158,1951,ANTICLOCKWISE
587742014909776046,10000,438801,1721,ANTICLOCKWISE
587742014911938701,10000,431976,3672,ANTICLOCKWISE
587742014912200919,10000,431978,5417,ANTICLOCKWISE
587742014913118434,10000,429236,416,CLOCKWISE
587742014913446061,10000,427860,2938,ANTICLOCKWISE
587742014913642758,10000,426483,3664,CLOCKWISE
587742015420498023,10000,450747,6096,CLOCKWISE
587742015420563605,10000,452091,2883,CLOCKWISE
587742015421022345,10000,452095,3571,ANTICLOCKWISE
587742015421218951,10000,453438,4141,ANTICLOCKWISE
587742015422791749,10000,456128,2219,ANTICLOCKWISE
587742015424954444,10000,460140,5428,ANTICLOCKWISE
587742015425282110,10000,460144,878,CLOCKWISE
587742015425282114,10000,460144,972,CLOCKWISE
587742015425347644,10000,460144,2518,ANTICLOCKWISE
587742015426134295,10000,461478,5721,CLOCKWISE
587742015426986099,10000,461486,3815,CLOCKWISE
587742015427903610,10000,461495,950,CLOCKWISE
587742015427969149,10000,461495,3499,ANTICLOCKWISE
587742015431180422,10000,464170,1083,ANTICLOCKWISE
587742015431508173,10000,464173,870,CLOCKWISE
587742015431639211,10000,462853,1412,ANTICLOCKWISE
587742015433605291,10000,462871,2223,ANTICLOCKWISE
587742015433867483,10000,462873,2256,ANTICLOCKWISE
587742015434129595,10000,462875,5033,CLOCKWISE
587742015434588310,10000,462880,1703,ANTICLOCKWISE
587742015435243670,10000,461562,1226,CLOCKWISE
587742015438717110,10000,457607,2433,CLOCKWISE
587742015439503571,10000,457614,3491,CLOCKWISE
587742059987665019,10000,438554,4180,CLOCKWISE
587742059990155334,10000,444017,4159,CLOCKWISE
587742059990810712,10000,445378,2427,CLOCKWISE
587742059993694296,10000,448105,5518,ANTICLOCKWISE
587742059994153089,10000,448109,5493,ANTICLOCKWISE
587742059994480811,10000,449460,694,ANTICLOCKWISE
587742059995725925,10000,450816,4619,CLOCKWISE
587742059995791483,10000,450817,744,ANTICLOCKWISE
587742059996250176,10000,449476,1727,ANTICLOCKWISE
587742059997167741,10000,450829,4725,ANTICLOCKWISE
587742059997888588,10000,450836,1686,CLOCKWISE
587742059998609508,10000,452185,5649,CLOCKWISE
587742059999461557,10000,450850,3364,ANTICLOCKWISE
587742060002082933,10000,450874,3583,CLOCKWISE
587742060005359740,10000,446863,3123,CLOCKWISE
587742060512346443,10000,400969,4804,CLOCKWISE
587742060515360802,10000,413619,3072,ANTICLOCKWISE
587742060515426497,10000,413619,5451,CLOCKWISE
587742060516409496,10000,416417,1740,CLOCKWISE
587742060516475167,10000,416418,284,ANTICLOCKWISE
587742060516606116,10000,417810,6803,ANTICLOCKWISE
587742060516933806,10000,417813,6267,CLOCKWISE
587742060517589219,10000,420599,6685,ANTICLOCKWISE
587742060520800404,10000,430299,4408,ANTICLOCKWISE
587742060522438833,10000,434434,459,ANTICLOCKWISE
587742060524994758,10000,441282,4407,ANTICLOCKWISE
587742060525060282,10000,441283,1381,CLOCKWISE
587742060530958516,10000,450801,2994,CLOCKWISE
587742060531417097,10000,452148,3037,ANTICLOCKWISE
587742060531875921,10000,452152,3162,ANTICLOCKWISE
587742060532400239,10000,452157,3120,ANTICLOCKWISE
587742060534104084,10000,453514,482,ANTICLOCKWISE
587742060534366297,10000,453516,3750,ANTICLOCKWISE
587742060535152760,10000,453523,4771,CLOCKWISE
587742060535545945,10000,453527,2627,CLOCKWISE
587742060535611558,10000,453528,1744,ANTICLOCKWISE
587742060539478136,10000,452222,2814,ANTICLOCKWISE
587742060541444219,10000,450897,3806,CLOCKWISE
587742060541706418,10000,450900,1105,CLOCKWISE
587742060542427267,10000,449561,3192,CLOCKWISE
587742060542886081,10000,449566,300,CLOCKWISE
587742060544721037,10000,446886,3329,ANTICLOCKWISE
587742060544786583,10000,445535,2845,ANTICLOCKWISE
587742060545966152,10000,444191,1144,ANTICLOCKWISE
587742060548718817,10000,438777,725,ANTICLOCKWISE
587742060550226173,10000,434690,1516,CLOCKWISE
587742060551405755,10000,430582,691,CLOCKWISE
587742060551864615,10000,429209,3460,CLOCKWISE
587742060553568391,10000,425087,2699,CLOCKWISE
587742060553633874,10000,423705,755,CLOCKWISE
587742060554027263,10000,422323,4625,CLOCKWISE
587742060554289394,10000,422325,4472,ANTICLOCKWISE
587742060556845298,10000,412606,1624,ANTICLOCKWISE
587742060557042032,10000,411210,1941,CLOCKWISE
587742060557434930,10000,411213,2287,CLOCKWISE
587742060558745817,10000,405618,3988,CLOCKWISE
587742060559007805,10000,404216,1853,ANTICLOCKWISE
587742061045743660,10000,388207,2180,CLOCKWISE
587742061046989401,10000,393889,2203,ANTICLOCKWISE
587742061048430658,10000,399553,301,ANTICLOCKWISE
587742061053018281,10000,417806,3454,CLOCKWISE
587742061053542629,10000,419202,2654,ANTICLOCKWISE
587742061054066757,10000,421983,3343,ANTICLOCKWISE
587742061055115379,10000,424761,363,CLOCKWISE
587742061055836166,10000,427527,4552,CLOCKWISE
587742061055836393,10000,427528,177,CLOCKWISE
587742061056426102,10000,428910,5152,CLOCKWISE
587742061057015914,10000,430293,2100,ANTICLOCKWISE
587742061057015925,10000,431668,3540,CLOCKWISE
587742061059571816,10000,437172,842,CLOCKWISE
587742061059899478,10000,438540,1190,CLOCKWISE
587742061060948179,10000,441274,2576,CLOCKWISE
587742061061537952,10000,442638,3615,CLOCKWISE
587742061061669058,10000,442639,4970,CLOCKWISE
587742061062324434,10000,444002,4283,ANTICLOCKWISE
587742061064224847,10000,448076,3567,ANTICLOCKWISE
587742061064814828,10000,449428,3897,ANTICLOCKWISE
587742061066780761,10000,452134,3205,ANTICLOCKWISE
587742061066780820,10000,452134,5097,CLOCKWISE
587742061067173995,10000,452138,1528,CLOCKWISE
587742061067501708,10000,453482,2344,ANTICLOCKWISE
587742061068157093,10000,453488,2842,ANTICLOCKWISE
587742061068943430,10000,453495,3150,CLOCKWISE
587742061069074574,10000,454835,3908,CLOCKWISE
587742061069664445,10000,454841,2995,ANTICLOCKWISE
587742061069795404,10000,454842,973,ANTICLOCKWISE
587742061069992075,10000,454844,2518,ANTICLOCKWISE
587742061071302695,10000,456192,1085,CLOCKWISE
587742061072089146,10000,456199,899,ANTICLOCKWISE
587742061075562697,10000,454895,2400,ANTICLOCKWISE
587742061076676737,10000,454905,2198,ANTICLOCKWISE
587742061081788537,10000,448237,4342,ANTICLOCKWISE
587742061082968212,10000,445547,5349,ANTICLOCKWISE
587742061083033718,10000,445548,2043,ANTICLOCKWISE
587742061083099277,10000,445548,4207,CLOCKWISE
587742061084410002,10000,442848,4539,CLOCKWISE
587742061084672124,10000,442851,1320,CLOCKWISE
587742061084868809,10000,442853,2924,ANTICLOCKWISE
587742061085196537,10000,441497,2422,ANTICLOCKWISE
587742061085982874,10000,440143,4186,ANTICLOCKWISE
587742061087948974,10000,433327,719,CLOCKWISE
587742061088211112,10000,433329,2943,CLOCKWISE
587742061088473129,10000,431959,732,CLOCKWISE
587742061088473237,10000,431958,5133,ANTICLOCKWISE
587742061088866540,10000,431962,3001,ANTICLOCKWISE
587742061089194196,10000,430590,4205,CLOCKWISE
587742061090963767,10000,425092,2610,CLOCKWISE
587742061091487969,10000,422329,3050,ANTICLOCKWISE
587742061091619004,10000,422330,3706,CLOCKWISE
587742061092208784,10000,419560,1654,ANTICLOCKWISE
587742061092470901,10000,419562,1985,CLOCKWISE
587742061092798764,10000,418174,4717,ANTICLOCKWISE
587742061093454013,10000,416788,1753,CLOCKWISE
587742061093978343,10000,414005,5053,CLOCKWISE
587742061094895883,10000,409820,1057,ANTICLOCKWISE
587742061095551220,10000,408425,951,ANTICLOCKWISE
587742061095551304,10000,408425,2263,ANTICLOCKWISE
587742061096534475,10000,404222,2623,CLOCKWISE
587742061097779471,10000,398599,729,CLOCKWISE
587742061098172836,10000,397191,199,CLOCKWISE
587742061098369266,10000,397192,2627,ANTICLOCKWISE
587742061099090348,10000,392955,2550,CLOCKWISE
587742061583794610,10000,395302,6015,CLOCKWISE
587742061584712032,10000,399547,3376,ANTICLOCKWISE
587742061586940176,10000,408004,203,ANTICLOCKWISE
587742061588512982,10000,415009,189,ANTICLOCKWISE
587742061588906211,10000,416405,2045,ANTICLOCKWISE
587742061590610179,10000,423365,3605,ANTICLOCKWISE
587742061590872278,10000,423367,4319,CLOCKWISE
587742061593821314,10000,433041,37,CLOCKWISE
587742061595590850,10000,438529,3443,CLOCKWISE
587742061596115018,10000,439897,485,ANTICLOCKWISE
587742061596311735,10000,439899,483,ANTICLOCKWISE
587742061596311785,10000,439899,1347,CLOCKWISE
587742061596639361,10000,441263,1330,ANTICLOCKWISE
587742061597163653,10000,442626,5709,CLOCKWISE
587742061597753495,10000,442632,1610,CLOCKWISE
587742061597818906,10000,443989,5148,CLOCKWISE
587742061598605464,10000,445352,1900,ANTICLOCKWISE
587742061598736559,10000,445353,2085,CLOCKWISE
587742061598736561,10000,445353,2020,CLOCKWISE
587742061598802133,10000,445354,1217,ANTICLOCKWISE
587742061599064276,10000,446708,3642,CLOCKWISE
587742061602013312,10000,452119,3265,CLOCKWISE
587742061602013379,10000,452120,225,CLOCKWISE
587742061602668727,10000,452125,3683,ANTICLOCKWISE
587742061603324025,10000,453472,3137,ANTICLOCKWISE
587742061604372615,10000,454821,2964,ANTICLOCKWISE
587742061604765868,10000,454824,4252,CLOCKWISE
587742061605027996,10000,456163,2862,CLOCKWISE
587742061605159115,10000,454828,2077,CLOCKWISE
587742061605814447,10000,456170,4260,CLOCKWISE
587742061605879821,10000,456171,147,ANTICLOCKWISE
587742061606928493,10000,457513,4024,ANTICLOCKWISE
587742061606993959,10000,457514,664,ANTICLOCKWISE
587742061607059623,10000,457515,351,ANTICLOCKWISE
587742061610074237,10000,457542,3668,ANTICLOCKWISE
587742061612630077,10000,457565,3530,CLOCKWISE
587742061612826759,10000,457567,6516,CLOCKWISE
587742061612957893,10000,456236,368,CLOCKWISE
587742061613613141,10000,456241,4326,CLOCKWISE
587742061616300086,10000,454930,3092,ANTICLOCKWISE
587742061616758804,10000,452255,301,ANTICLOCKWISE
587742061617938558,10000,452265,4575,ANTICLOCKWISE
587742061619642518,10000,449593,4011,ANTICLOCKWISE
587742061619642535,10000,448246,4437,ANTICLOCKWISE
587742061619707988,10000,448247,375,CLOCKWISE
587742061620101258,10000,446902,825,ANTICLOCKWISE
587742061621280917,10000,445560,5383,CLOCKWISE
587742061621739673,10000,444210,1633,CLOCKWISE
587742061621739723,10000,444210,2288,ANTICLOCKWISE
587742061623509366,10000,440149,3127,ANTICLOCKWISE
587742061623771383,10000,438789,2285,ANTICLOCKWISE
587742061624557730,10000,436064,3851,CLOCKWISE
587742061625016612,10000,436069,1269,CLOCKWISE
587742061625082031,10000,436069,3400,CLOCKWISE
587742061625802952,10000,433336,3373,CLOCKWISE
587742061627637947,10000,427850,1631,ANTICLOCKWISE
587742061628031227,10000,426475,2116,CLOCKWISE
587742061628489760,10000,425098,1254,ANTICLOCKWISE
587742061628752108,10000,423718,1664,ANTICLOCKWISE
587742061629866224,10000,419567,3819,ANTICLOCKWISE
587742061630128469,10000,419570,1792,CLOCKWISE
587742061630718105,10000,416792,939,CLOCKWISE
587742061631045931,10000,415402,5785,CLOCKWISE
587742061631832438,10000,412618,2751,CLOCKWISE
587742061632487727,10000,409827,1175,ANTICLOCKWISE
587742061634191667,10000,402823,1871,ANTICLOCKWISE
587742062120337877,10000,395299,3533,ANTICLOCKWISE
587742062120534449,10000,398126,5701,CLOCKWISE
587742062120534610,10000,398126,4437,CLOCKWISE
587742062120927450,10000,399541,4650,CLOCKWISE
587742062121910413,10000,403774,3160,ANTICLOCKWISE
587742062122828179,10000,406591,3938,CLOCKWISE
587742062123352368,10000,407999,3952,ANTICLOCKWISE
587742062124663053,10000,413606,6291,CLOCKWISE
587742062124663136,10000,413607,1411,CLOCKWISE
587742062125187460,10000,416400,1014,ANTICLOCKWISE
587742062125580415,10000,417795,705,ANTICLOCKWISE
587742062125777208,10000,417797,363,ANTICLOCKWISE
587742062128857143,10000,428898,3915,CLOCKWISE
587742062129643720,10000,431658,201,CLOCKWISE
587742062130299099,10000,434408,2178,CLOCKWISE
587742062133117063,10000,441259,1078,CLOCKWISE
587742062133248221,10000,442619,3970,ANTICLOCKWISE
587742062135214300,10000,446702,253,ANTICLOCKWISE
587742062136131602,10000,449406,1731,CLOCKWISE
587742062136131719,10000,448059,1507,ANTICLOCKWISE
587742062136459308,10000,449409,3021,CLOCKWISE
587742062136786990,10000,450757,1603,ANTICLOCKWISE
587742062136983671,10000,450759,859,ANTICLOCKWISE
587742062137180233,10000,450760,3909,ANTICLOCKWISE
587742062137770101,10000,452109,2242,ANTICLOCKWISE
587742062138228838,10000,453454,3441,CLOCKWISE
587742062139277430,10000,454803,1144,ANTICLOCKWISE
587742062140784840,10000,456153,2167,ANTICLOCKWISE
587742062141833331,10000,457495,2654,ANTICLOCKWISE
587742062142029944,10000,457497,2094,ANTICLOCKWISE
587742062142882042,10000,458836,3194,ANTICLOCKWISE
587742062143340702,10000,458840,4396,CLOCKWISE
587742062145110122,10000,460185,4235,CLOCKWISE
587742062147338360,10000,460206,774,CLOCKWISE
587742062152712277,10000,456262,1486,CLOCKWISE
587742062152843326,10000,456263,2201,ANTICLOCKWISE
587742062152974532,10000,456265,565,CLOCKWISE
587742062153367739,10000,456268,2222,CLOCKWISE
587742062157889556,10000,448259,1577,ANTICLOCKWISE
587742062158151840,10000,448261,3659,ANTICLOCKWISE
587742062158676081,10000,446917,2718,ANTICLOCKWISE
587742062158872702,10000,445568,173,ANTICLOCKWISE
587742062159397015,10000,444217,3839,ANTICLOCKWISE
587742062160707747,10000,441513,4756,ANTICLOCKWISE
587742062161297642,10000,438795,4422,ANTICLOCKWISE
587742062161625310,10000,438798,3103,CLOCKWISE
587742062162083968,10000,437437,3388,ANTICLOCKWISE
587742062162280521,10000,437439,2849,ANTICLOCKWISE
587742062162870477,10000,434709,375,CLOCKWISE
587742062163067023,10000,434710,4573,ANTICLOCKWISE
587742062164705494,10000,429230,1911,ANTICLOCKWISE
587742062164836607,10000,427853,3776,ANTICLOCKWISE
587742062164902104,10000,427854,2323,ANTICLOCKWISE
587742062165360880,10000,427858,3037,CLOCKWISE
587742062165688367,10000,426482,2384,ANTICLOCKWISE
587742062167589135,10000,418184,4713,CLOCKWISE
587742062168441079,10000,415407,2918,ANTICLOCKWISE
587742062169555190,10000,411227,3575,CLOCKWISE
587742062170472705,10000,408436,2305,CLOCKWISE
587742062170734841,10000,407036,304,ANTICLOCKWISE
587742062664548562,10000,427510,996,CLOCKWISE
587742062664810634,10000,428890,2632,CLOCKWISE
587742062665334951,10000,430271,6306,ANTICLOCKWISE
587742062666318021,10000,433029,2142,CLOCKWISE
587742062667301127,10000,437145,3677,CLOCKWISE
587742062669267041,10000,441252,3001,ANTICLOCKWISE
587742062670708828,10000,445336,3917,ANTICLOCKWISE
587742062671691787,10000,448046,4219,ANTICLOCKWISE
587742062671822919,10000,449395,1693,ANTICLOCKWISE
587742062672019550,10000,449397,1003,ANTICLOCKWISE
587742062672281710,10000,449399,1894,ANTICLOCKWISE
587742062673002719,10000,450751,2146,ANTICLOCKWISE
587742062673920158,10000,452102,4933,ANTICLOCKWISE
587742062673985726,10000,453444,2734,ANTICLOCKWISE
587742062674509908,10000,453448,4851,ANTICLOCKWISE
587742062674772065,10000,454790,2594,CLOCKWISE
587742062675034221,10000,454793,652,ANTICLOCKWISE
587742062675558480,10000,456133,3107,ANTICLOCKWISE
587742062677393569,10000,458814,4806,ANTICLOCKWISE
587742062677721219,10000,458817,4527,CLOCKWISE
587742062678900866,10000,460157,3130,CLOCKWISE
587742062682374246,10000,462840,1939,ANTICLOCKWISE
587742062682636360,10000,462842,4422,ANTICLOCKWISE
587742062683750561,10000,462852,4198,CLOCKWISE
587742062684405797,10000,462859,361,ANTICLOCKWISE
587742062684995638,10000,461540,2698,CLOCKWISE
587742062687289475,10000,461561,2078,CLOCKWISE
587742062688796705,10000,460248,227,ANTICLOCKWISE
587742062688993381,10000,460249,5142,ANTICLOCKWISE
587742062689648755,10000,458926,5236,CLOCKWISE
587742062691025006,10000,457608,4179,ANTICLOCKWISE
587742062691287134,10000,457610,4249,ANTICLOCKWISE
587742062692008098,10000,456284,3850,ANTICLOCKWISE
587742062692991102,10000,453618,5849,CLOCKWISE
587742062694432946,10000,450948,1958,ANTICLOCKWISE
587742062695219400,10000,449610,4116,CLOCKWISE
587742062696595571,10000,446927,3037,ANTICLOCKWISE
587742062698496128,10000,441522,864,ANTICLOCKWISE
587742062699348135,10000,438806,2422,ANTICLOCKWISE
587742062699348163,10000,438806,2683,CLOCKWISE
587742188826787918,10000,461484,1202,CLOCKWISE
587742188826787964,10000,462808,5306,ANTICLOCKWISE
587742188826919042,10000,462809,6494,ANTICLOCKWISE
587742188826984511,10000,461486,956,ANTICLOCKWISE
587742188827836600,10000,464139,1007,CLOCKWISE
587742188829671629,10000,464155,5150,ANTICLOCKWISE
587742188830916687,10000,464167,2596,CLOCKWISE
587742188830982211,10000,464167,3912,CLOCKWISE
587742188831309951,10000,465490,516,CLOCKWISE
587742188832882898,10000,465504,588,ANTICLOCKWISE
587742188833210435,10000,464188,117,ANTICLOCKWISE
587742188833276013,10000,464189,649,CLOCKWISE
587742188833865859,10000,464194,1816,ANTICLOCKWISE
587742188834128056,10000,462875,5267,CLOCKWISE
587742188834521490,10000,462879,2166,CLOCKWISE
587742188838781088,10000,458938,1882,ANTICLOCKWISE
587742188839633020,10000,457615,3653,ANTICLOCKWISE
587742188841533632,10000,453625,1999,ANTICLOCKWISE
587742188842713291,10000,450952,656,ANTICLOCKWISE
587742189361692683,10000,461466,1347,ANTICLOCKWISE
587742189361823796,10000,462791,2527,ANTICLOCKWISE
587742189362348128,10000,462796,2223,CLOCKWISE
587742189362806894,10000,464121,2165,ANTICLOCKWISE
587742189364183116,10000,465452,5686,ANTICLOCKWISE
587742189364641988,10000,465457,3328,CLOCKWISE
587742189364838580,10000,465459,901,CLOCKWISE
587742189364969851,10000,465460,4089,CLOCKWISE
587742189366018236,10000,466787,2097,CLOCKWISE
587742189366411360,10000,465473,3421,ANTICLOCKWISE
587742189370343605,10000,466826,4469,CLOCKWISE
587742189371326551,10000,465518,3530,CLOCKWISE
587742189371326594,10000,465518,4626,CLOCKWISE
587742189371850877,10000,465523,2297,ANTICLOCKWISE
587742189371916413,10000,465524,395,CLOCKWISE
587742189372113054,10000,465525,4752,ANTICLOCKWISE
587742189372243991,10000,465526,4631,ANTICLOCKWISE
587742189374799969,10000,461586,4080,CLOCKWISE
587742189375193254,10000,461590,2590,CLOCKWISE
587742189376307338,10000,460273,1814,CLOCKWISE
587742189376766134,10000,458949,155,ANTICLOCKWISE
587742189377618066,10000,457625,4088,ANTICLOCKWISE
587742189378732195,10000,454967,2374,ANTICLOCKWISE
587742189379125371,10000,454970,4739,CLOCKWISE
587742189379190933,10000,453632,1577,ANTICLOCKWISE
587742189379715223,10000,452296,2228,ANTICLOCKWISE
587742189381353604,10000,448276,2169,ANTICLOCKWISE
587742189898039355,10000,464106,4536,ANTICLOCKWISE
587742189900071018,10000,466761,605,CLOCKWISE
587742189900201989,10000,465445,438,ANTICLOCKWISE
587742189900398794,10000,466764,1836,ANTICLOCKWISE
587742189900922955,10000,466768,4322,ANTICLOCKWISE
587742189902233733,10000,468095,515,CLOCKWISE
587742189902692453,10000,468099,524,CLOCKWISE
587742189903282292,10000,469415,1948,ANTICLOCKWISE
587742189903347821,10000,468105,1541,ANTICLOCKWISE
587742189904003217,10000,468111,1032,CLOCKWISE
587742189906362438,10000,468132,4905,CLOCKWISE
587742189906755713,10000,468136,2542,ANTICLOCKWISE
587742189907345574,10000,468141,4211,ANTICLOCKWISE
587742189910949968,10000,465543,5177,CLOCKWISE
587742189912326248,10000,464237,4056,CLOCKWISE
587742189912916137,10000,461598,2548,ANTICLOCKWISE
587742189913243800,10000,462925,117,ANTICLOCKWISE
587742189913374918,10000,461602,3557,ANTICLOCKWISE
587742189913899165,10000,461607,991,CLOCKWISE
587742189915799655,10000,457637,3346,ANTICLOCKWISE
587742189917372586,10000,452303,2712,ANTICLOCKWISE
587742189917438202,10000,453645,3086,ANTICLOCKWISE
587742189918159085,10000,450968,473,ANTICLOCKWISE
587742190435106952,10000,465427,2291,CLOCKWISE
587742190435238056,10000,465428,4974,ANTICLOCKWISE
587742190435303508,10000,465429,1959,CLOCKWISE
587742190435827834,10000,466750,5095,CLOCKWISE
587742190436352134,10000,466755,3966,CLOCKWISE
587742190438252630,10000,469398,1782,CLOCKWISE
587742190438383723,10000,469399,1361,ANTICLOCKWISE
587742190439039004,10000,470714,1670,CLOCKWISE
587742190439366741,10000,470717,1158,ANTICLOCKWISE
587742190439891245,10000,470722,2088,ANTICLOCKWISE
587742190440808578,10000,472036,2452,ANTICLOCKWISE
587742190441857215,10000,470740,1775,CLOCKWISE
587742190442905804,10000,472055,4487,ANTICLOCKWISE
587742190445068417,10000,470769,1770,CLOCKWISE
587742190446248089,10000,469471,1224,ANTICLOCKWISE
587742190448935037,10000,465553,4935,CLOCKWISE
587742190448935183,10000,465554,598,ANTICLOCKWISE
587742190449262717,10000,465557,862,ANTICLOCKWISE
587742190449328385,10000,465558,151,ANTICLOCKWISE
587742190449459291,10000,465558,4276,ANTICLOCKWISE
587742190450049149,10000,464245,2682,ANTICLOCKWISE
587742190450442431,10000,464248,4400,ANTICLOCKWISE
587742190451228757,10000,462935,605,CLOCKWISE
587742190452146295,10000,460292,4096,CLOCKWISE
587742190452998247,10000,458971,4606,ANTICLOCKWISE
587742190453129376,10000,457642,533,CLOCKWISE
587742190453391520,10000,457644,2686,ANTICLOCKWISE
587742190453653707,10000,457647,678,CLOCKWISE
587742190455029997,10000,453652,1989,CLOCKWISE
587742190455095422,10000,452311,3313,ANTICLOCKWISE
587742190973026469,10000,469379,408,CLOCKWISE
587742190974795858,10000,470703,4997,ANTICLOCKWISE
587742190974861407,10000,472010,4090,CLOCKWISE
587742190975058044,10000,470706,3047,CLOCKWISE
587742190975189126,10000,472013,3184,CLOCKWISE
587742190976106747,10000,472022,1475,CLOCKWISE
587742190977220743,10000,473335,1194,CLOCKWISE
587742190977810559,10000,473340,1888,ANTICLOCKWISE
587742190979645576,10000,473357,2582,ANTICLOCKWISE
587742190979776637,10000,473358,2705,ANTICLOCKWISE
587742190982660183,10000,472081,3734,ANTICLOCKWISE
587742190982660220,10000,472081,4295,CLOCKWISE
587742190985412752,10000,469492,1587,CLOCKWISE
587742190985740374,10000,468184,1542,ANTICLOCKWISE
587742190986330223,10000,468189,3462,CLOCKWISE
587742190986592270,10000,466878,1866,ANTICLOCKWISE
587742190986657962,10000,466879,512,CLOCKWISE
587742190986789061,10000,466880,1157,ANTICLOCKWISE
587742190986854470,10000,466880,2814,ANTICLOCKWISE
587742190986985628,10000,466882,720,ANTICLOCKWISE
587742190988558558,10000,462939,4477,CLOCKWISE
587742190989082881,10000,462944,3254,CLOCKWISE
587742190989213734,10000,461621,4411,CLOCKWISE
587742190990524540,10000,458977,4553,CLOCKWISE
587742191510749363,10000,472001,4463,ANTICLOCKWISE
587742191512125538,10000,474618,157,ANTICLOCKWISE
587742191512322172,10000,474620,164,ANTICLOCKWISE
587742191512387725,10000,474620,5063,CLOCKWISE
587742191512584342,10000,474622,3678,ANTICLOCKWISE
587742191512780900,10000,474624,1373,CLOCKWISE
587742191513043178,10000,474626,5046,ANTICLOCKWISE
587742191515140262,10000,475943,5620,CLOCKWISE
587742191516254445,10000,475953,5696,ANTICLOCKWISE
587742191516450950,10000,474657,4768,ANTICLOCKWISE
587742191517630590,10000,475966,3386,ANTICLOCKWISE
587742191517827278,10000,475968,2027,CLOCKWISE
587742191518023855,10000,474672,955,CLOCKWISE
587742191518089393,10000,474672,5759,CLOCKWISE
587742191518154874,10000,475971,530,CLOCKWISE
587742191518482667,10000,474676,3845,ANTICLOCKWISE
587742191520383200,10000,473393,789,CLOCKWISE
587742191520448664,10000,473393,1293,CLOCKWISE
587742191520710741,10000,473395,2875,ANTICLOCKWISE
587742191521628252,10000,472101,382,ANTICLOCKWISE
587742191521955935,10000,472104,803,CLOCKWISE
587742191522676899,10000,470805,1542,ANTICLOCKWISE
587742191524118616,10000,468198,734,ANTICLOCKWISE
587742191524839554,10000,466891,810,CLOCKWISE
587742191525167266,10000,465577,799,ANTICLOCKWISE
587742191525560516,10000,465581,33,CLOCKWISE
587742191526084760,10000,464266,3502,ANTICLOCKWISE
587742191526543528,10000,462950,942,CLOCKWISE
587742191527985429,10000,460312,2892,ANTICLOCKWISE
587742191528444271,10000,457657,1312,CLOCKWISE
587742549598797965,10000,434616,4893,ANTICLOCKWISE
587742549599453366,10000,434622,3772,ANTICLOCKWISE
587742549599977505,10000,434627,1797,CLOCKWISE
587742549601550440,10000,431897,4452,ANTICLOCKWISE
587742549601681415,10000,431898,5402,CLOCKWISE
587742549601681548,10000,431899,423,CLOCKWISE
587742549601812641,10000,431900,2292,ANTICLOCKWISE
587742549603319926,10000,429162,839,CLOCKWISE
587742549603451059,10000,429163,5905,ANTICLOCKWISE
587742549604368501,10000,426415,646,ANTICLOCKWISE
587742549606072471,10000,423666,4195,CLOCKWISE
587742549606400172,10000,422285,984,CLOCKWISE
587742549607383397,10000,420907,827,CLOCKWISE
587742549608300651,10000,418135,3789,ANTICLOCKWISE
587742549608825061,10000,416748,2639,CLOCKWISE
587742549608956088,10000,416749,3009,ANTICLOCKWISE
587742549611315356,10000,409789,2590,CLOCKWISE
587742550135341182,10000,437349,5100,ANTICLOCKWISE
587742550135800005,10000,437354,466,CLOCKWISE
587742550137307334,10000,436000,4232,ANTICLOCKWISE
587742550137569424,10000,436002,5046,CLOCKWISE
587742550137569523,10000,436003,1624,CLOCKWISE
587742550138814541,10000,433274,2724,CLOCKWISE
587742550140059860,10000,431913,2049,CLOCKWISE
587742550140125407,10000,431913,3909,CLOCKWISE
587742550140649685,10000,430543,2609,ANTICLOCKWISE
587742550141042866,10000,429170,1904,CLOCKWISE
587742550141763796,10000,427798,6267,ANTICLOCKWISE
587742550143533222,10000,423672,1699,CLOCKWISE
587742550143598782,10000,425055,4942,CLOCKWISE
587742550143729774,10000,423674,77,ANTICLOCKWISE
587742550144450745,10000,422295,2640,CLOCKWISE
587742550144909508,10000,420913,1192,CLOCKWISE
587742550145171715,10000,420915,3798,CLOCKWISE
587742550145302705,10000,419527,3443,CLOCKWISE
587742550145368249,10000,419528,2166,ANTICLOCKWISE
587742550146548109,10000,416756,2981,CLOCKWISE
587742550146940949,10000,415366,5386,CLOCKWISE
587742550148120990,10000,411188,366,ANTICLOCKWISE
587742550148710603,10000,409794,2598,CLOCKWISE
587742550148907256,10000,408395,4938,CLOCKWISE
587742550150086789,10000,405599,1520,CLOCKWISE
587742550151921801,10000,398576,4656,CLOCKWISE
587742550153429291,10000,394350,3123,CLOCKWISE
587742550153756863,10000,392937,5308,ANTICLOCKWISE
587742550155329584,10000,385857,1252,CLOCKWISE
587742550155592375,10000,385859,14959,ANTICLOCKWISE
587742550156902908,10000,380177,5745,ANTICLOCKWISE
587742550675357854,10000,437378,2613,ANTICLOCKWISE
587742550676078812,10000,436018,1966,ANTICLOCKWISE
587742550676406504,10000,434652,2568,ANTICLOCKWISE
587742550676668631,10000,433284,264,CLOCKWISE
587742550676930803,10000,434657,439,ANTICLOCKWISE
587742550679683303,10000,427808,2434,ANTICLOCKWISE
587742550679748826,10000,427809,1227,ANTICLOCKWISE
587742550680273078,10000,427814,1161,ANTICLOCKWISE
587742550681255972,10000,425063,1127,CLOCKWISE
587742550681518299,10000,423682,4537,ANTICLOCKWISE
587742550681714842,10000,422299,2832,CLOCKWISE
587742550682435775,10000,420919,1573,ANTICLOCKWISE
587742550682501413,10000,420920,1769,ANTICLOCKWISE
587742550684270939,10000,415371,3840,CLOCKWISE
587742550684664088,10000,415375,1520,CLOCKWISE
587742550684795008,10000,415376,1221,CLOCKWISE
587742550685188399,10000,412588,2710,ANTICLOCKWISE
587742550685974750,10000,411197,958,CLOCKWISE
587742550686368002,10000,409801,4589,CLOCKWISE
587742550686695641,10000,408404,1060,CLOCKWISE
587742550687875464,10000,405608,636,CLOCKWISE
587742550688203089,10000,404206,1894,ANTICLOCKWISE
587742550689055018,10000,399990,513,ANTICLOCKWISE
587742550689513882,10000,398583,4004,ANTICLOCKWISE
587742550691938718,10000,390114,5957,CLOCKWISE
587742550693445945,10000,383024,1308,ANTICLOCKWISE
587742550693511678,10000,384447,1619,CLOCKWISE
587742551210000482,10000,442805,3320,CLOCKWISE
587742551210786951,10000,440093,1242,CLOCKWISE
587742551212294335,10000,438744,1657,ANTICLOCKWISE
587742551212359820,10000,438744,3283,CLOCKWISE
587742551212884160,10000,437384,4333,CLOCKWISE
587742551213146371,10000,437387,863,ANTICLOCKWISE
587742551213408402,10000,437389,920,CLOCKWISE
587742551214063734,10000,436028,806,CLOCKWISE
587742551214456838,10000,434662,4746,CLOCKWISE
587742551214456988,10000,434663,402,ANTICLOCKWISE
587742551214784615,10000,434665,4713,ANTICLOCKWISE
587742551215308911,10000,433299,4348,ANTICLOCKWISE
587742551217471513,10000,427817,667,ANTICLOCKWISE
587742551218716906,10000,425068,4648,CLOCKWISE
587742551218978900,10000,425071,763,ANTICLOCKWISE
587742551219044568,10000,425072,129,ANTICLOCKWISE
587742551219110118,10000,425072,1964,ANTICLOCKWISE
587742551219568847,10000,422308,4831,CLOCKWISE
587742551219830985,10000,422311,1212,ANTICLOCKWISE
587742551220093193,10000,420926,4720,ANTICLOCKWISE
587742551220748435,10000,419543,3942,CLOCKWISE
587742551221076122,10000,418155,4683,CLOCKWISE
587742551221534863,10000,418159,5482,ANTICLOCKWISE
587742551221665970,10000,416769,682,ANTICLOCKWISE
587742551222714768,10000,412594,2884,ANTICLOCKWISE
587742551222845558,10000,413992,782,ANTICLOCKWISE
587742551222976680,10000,412596,4481,ANTICLOCKWISE
587742551224418481,10000,408411,7277,ANTICLOCKWISE
587742551225795013,10000,402806,2209,ANTICLOCKWISE
587742551227040089,10000,398589,5066,ANTICLOCKWISE
587742551228612957,10000,392948,1340,ANTICLOCKWISE
587742551228809491,10000,391533,324,ANTICLOCKWISE
587742551229137096,10000,390118,2159,CLOCKWISE
587742551229137212,10000,391536,900,ANTICLOCKWISE
587742551230120553,10000,387288,3799,ANTICLOCKWISE
587742551230251317,10000,385868,5604,ANTICLOCKWISE
587742551476994225,10000,444149,5237,CLOCKWISE
587742551748772084,10000,441464,3232,CLOCKWISE
587742551749558392,10000,440110,2496,CLOCKWISE
587742551750344904,10000,438755,1677,ANTICLOCKWISE
587742551753752705,10000,431941,2508,ANTICLOCKWISE
587742551753883830,10000,431942,3557,CLOCKWISE
587742551755260116,10000,427825,4328,ANTICLOCKWISE
587742551755784331,10000,426451,1878,CLOCKWISE
587742551756243233,10000,425075,756,ANTICLOCKWISE
587742551757488319,10000,422318,2338,CLOCKWISE
587742551758864667,10000,418164,3824,CLOCKWISE
587742551759454526,10000,415385,786,ANTICLOCKWISE
587742551759782208,10000,415388,792,ANTICLOCKWISE
587742551759847676,10000,413993,6195,ANTICLOCKWISE
587742551760502960,10000,413999,3024,ANTICLOCKWISE
587742551760896306,10000,411208,2332,CLOCKWISE
587742551761027383,10000,411209,7870,ANTICLOCKWISE
587742551761092847,10000,411210,1909,ANTICLOCKWISE
587742551761944840,10000,408418,1133,ANTICLOCKWISE
587742551762403631,10000,405615,3496,CLOCKWISE
587742551762796902,10000,405619,1817,CLOCKWISE
587742551762928065,10000,404215,5259,CLOCKWISE
587742551762993495,10000,404216,627,CLOCKWISE
587742551764042156,10000,400002,744,ANTICLOCKWISE
587742552285184168,10000,444176,2232,CLOCKWISE
587742552288067754,10000,438763,929,CLOCKWISE
587742566781157582,10000,416450,55,CLOCKWISE
587742566782206099,10000,417851,2680,CLOCKWISE
587742566782402690,10000,419244,1876,ANTICLOCKWISE
587742566782468267,10000,419245,1348,ANTICLOCKWISE
587742566783647939,10000,423417,1759,ANTICLOCKWISE
587742566784106525,10000,423421,81,CLOCKWISE
587742566784893060,10000,424811,2042,CLOCKWISE
587742566784893069,10000,424811,2246,ANTICLOCKWISE
587742566785155340,10000,424813,5035,CLOCKWISE
587742566785220740,10000,426195,1771,CLOCKWISE
587742566785351833,10000,426196,4882,ANTICLOCKWISE
587742566785351841,10000,426196,5203,CLOCKWISE
587742566785417351,10000,426197,2436,ANTICLOCKWISE
587742566786269326,10000,428962,1262,CLOCKWISE
587742566787121292,10000,428969,5642,ANTICLOCKWISE
587742566787121303,10000,430347,200,CLOCKWISE
587742566787711140,10000,430352,2305,CLOCKWISE
587742566788562951,10000,431734,5606,CLOCKWISE
587742566788562953,10000,431734,5609,CLOCKWISE
587742566788956310,10000,433111,2701,CLOCKWISE
587742566789415001,10000,434487,906,CLOCKWISE
587742567315472439,10000,410843,1821,ANTICLOCKWISE
587742567318356152,10000,419236,448,CLOCKWISE
587742567319273652,10000,422020,3049,CLOCKWISE
587742567319404827,10000,422021,4796,CLOCKWISE
587742567320780978,10000,424802,1459,ANTICLOCKWISE
587742567320780982,10000,426183,2349,ANTICLOCKWISE
587742567320781011,10000,424802,2311,CLOCKWISE
587742567321960626,10000,427573,847,CLOCKWISE
587742567322026202,10000,427574,148,ANTICLOCKWISE
587742567322353780,10000,428954,3744,ANTICLOCKWISE
587742567323992189,10000,431721,2634,CLOCKWISE
587742567324713140,10000,433101,1822,ANTICLOCKWISE
587742567324844225,10000,433102,3388,CLOCKWISE
587742567324909752,10000,433103,2176,ANTICLOCKWISE
587742567326220357,10000,434486,462,CLOCKWISE
587742567326220395,10000,434486,715,ANTICLOCKWISE
587742567326613685,10000,435859,416,ANTICLOCKWISE
587742567851557055,10000,410835,5566,CLOCKWISE
587742567851688167,10000,410837,2665,ANTICLOCKWISE
587742567853981964,10000,417833,834,CLOCKWISE
587742567855095951,10000,422010,2115,CLOCKWISE
587742567856013464,10000,423403,5151,CLOCKWISE
587742567856013544,10000,423404,2089,ANTICLOCKWISE
587742567856734411,10000,424793,4696,CLOCKWISE
587742567856930855,10000,424795,1761,ANTICLOCKWISE
587742567857127490,10000,426178,2172,CLOCKWISE
587742567857520788,10000,427561,2012,CLOCKWISE
587742567857783000,10000,427563,3723,CLOCKWISE
587742567857913901,10000,427564,3406,CLOCKWISE
587742567859290263,10000,430332,168,CLOCKWISE
587742567859486876,10000,431709,100,ANTICLOCKWISE
587742567860142250,10000,433088,99,ANTICLOCKWISE
587742567860469862,10000,433091,2196,CLOCKWISE
587742567860666518,10000,434463,4544,ANTICLOCKWISE
587742567860666528,10000,433092,5584,CLOCKWISE
587742567860863169,10000,434466,347,CLOCKWISE
587742567862370464,10000,437215,2953,CLOCKWISE
587742567862370506,10000,435848,4269,CLOCKWISE
587742568388886808,10000,415030,2055,ANTICLOCKWISE
587742568389148809,10000,415032,746,ANTICLOCKWISE
587742568389542059,10000,416429,212,ANTICLOCKWISE
587742568391835798,10000,423394,917,ANTICLOCKWISE
587742568392491156,10000,424783,3772,CLOCKWISE
587742568393539732,10000,427553,1141,ANTICLOCKWISE
587742568393670759,10000,427553,4883,CLOCKWISE
587742568393998512,10000,428935,558,ANTICLOCKWISE
587742568396882015,10000,434457,4913,CLOCKWISE
587742568396947603,10000,435827,2513,ANTICLOCKWISE
587742568398520414,10000,437208,3263,ANTICLOCKWISE
587742568398520479,10000,437209,396,ANTICLOCKWISE
587742568398782551,10000,438576,534,ANTICLOCKWISE
587742568925626627,10000,416421,3419,CLOCKWISE
587742568926806218,10000,420604,1889,ANTICLOCKWISE
587742568927789227,10000,423386,262,ANTICLOCKWISE
587742568930410590,10000,430308,651,ANTICLOCKWISE
587742568930476219,10000,430308,3002,ANTICLOCKWISE
587742568930541728,10000,430309,403,CLOCKWISE
587742568931000476,10000,430313,800,ANTICLOCKWISE
587742568931721378,10000,433068,926,CLOCKWISE
587742568931852422,10000,433069,108,CLOCKWISE
587742568932573375,10000,434447,924,CLOCKWISE
587742568932769961,10000,434448,3930,ANTICLOCKWISE
587742568933097593,10000,435820,2631,ANTICLOCKWISE
587742568933097708,10000,435821,299,ANTICLOCKWISE
587742568935587892,10000,439938,2738,ANTICLOCKWISE
587742568936440015,10000,441307,3271,ANTICLOCKWISE
587742569470099505,10000,437188,3825,ANTICLOCKWISE
587742569471672421,10000,441292,2138,CLOCKWISE
587742569473245298,10000,444022,5157,ANTICLOCKWISE
587742569474031836,10000,444029,4206,CLOCKWISE
587742571071537197,10000,430355,1960,CLOCKWISE
587742571071733997,10000,430357,1562,CLOCKWISE
587742571071799382,10000,430357,2439,ANTICLOCKWISE
587742571071799445,10000,430357,5841,CLOCKWISE
587742571072520370,10000,431739,3250,ANTICLOCKWISE
587742571075534969,10000,435880,200,ANTICLOCKWISE
587742571076714667,10000,435891,167,ANTICLOCKWISE
587742571077238863,10000,435895,2973,ANTICLOCKWISE
587742571608146110,10000,431728,416,CLOCKWISE
587742571608408167,10000,431730,742,CLOCKWISE
587742571608473630,10000,431730,4593,CLOCKWISE
587742571609129103,10000,434480,4525,ANTICLOCKWISE
587742571609325590,10000,433111,3014,ANTICLOCKWISE
587742571609784392,10000,434487,789,CLOCKWISE
587742571611095114,10000,435867,3495,CLOCKWISE
587742571611488382,10000,437238,2330,CLOCKWISE
587742571612209279,10000,437245,931,ANTICLOCKWISE
587742571613061278,10000,438617,5515,CLOCKWISE
587742571613388872,10000,438620,4721,CLOCKWISE
587742571613519971,10000,438622,460,CLOCKWISE
587742571613847705,10000,438625,971,CLOCKWISE
587742571614240888,10000,438628,5013,ANTICLOCKWISE
587742572144689224,10000,433097,2504,ANTICLOCKWISE
587742572144951404,10000,434471,1401,CLOCKWISE
587742572147114181,10000,437227,1668,CLOCKWISE
587742572147245086,10000,438593,564,CLOCKWISE
587742572147310779,10000,437228,4552,ANTICLOCKWISE
587742572147441767,10000,438595,729,CLOCKWISE
587742572147507334,10000,437230,2180,ANTICLOCKWISE
587742572147769359,10000,438597,4430,CLOCKWISE
587742572148162589,10000,438601,1784,ANTICLOCKWISE
587742572148555902,10000,439968,1973,CLOCKWISE
587742572148686961,10000,438606,1242,CLOCKWISE
587742572148949076,10000,439971,3950,CLOCKWISE
587742572149276713,10000,439975,1254,CLOCKWISE
587742572149276714,10000,439975,1160,CLOCKWISE
587742572149276716,10000,439975,1291,CLOCKWISE
587742572150718530,10000,441348,3763,CLOCKWISE
587742572151439507,10000,441355,3369,ANTICLOCKWISE
587742572151636114,10000,442716,2976,CLOCKWISE
587742572682477696,10000,437213,375,ANTICLOCKWISE
587742572683591861,10000,439951,3375,ANTICLOCKWISE
587742572683853893,10000,439953,2782,CLOCKWISE
587742572684181589,10000,439956,3212,CLOCKWISE
587742572684247158,10000,439957,1753,CLOCKWISE
587742572684574997,10000,439960,808,ANTICLOCKWISE
587742572685623410,10000,441330,4903,CLOCKWISE
587742572685689149,10000,441331,4762,CLOCKWISE
587742572687196313,10000,442704,1404,CLOCKWISE
587742572687327330,10000,442705,3229,ANTICLOCKWISE
587742572687392864,10000,444062,4383,CLOCKWISE
587742572687720520,10000,444065,5615,ANTICLOCKWISE
587742572687786112,10000,442709,4818,CLOCKWISE
587742572688310393,10000,444071,2080,ANTICLOCKWISE
587742572688507004,10000,444073,2277,ANTICLOCKWISE
587742573218562230,10000,438571,427,ANTICLOCKWISE
587742573219414057,10000,439941,2924,ANTICLOCKWISE
587742573220397187,10000,441311,4108,CLOCKWISE
587742573220659354,10000,441314,851,ANTICLOCKWISE
587742573221511312,10000,442681,682,ANTICLOCKWISE
587742573222559854,10000,444047,1375,CLOCKWISE
587742573222756454,10000,444049,1399,ANTICLOCKWISE
587742573222756474,10000,444049,1784,CLOCKWISE
587742573222887490,10000,444050,1882,CLOCKWISE
587742573223411838,10000,444055,1135,CLOCKWISE
587742573223542941,10000,444056,2034,ANTICLOCKWISE
587742573224656994,10000,445421,3093,CLOCKWISE
587742573224853667,10000,446775,2810,ANTICLOCKWISE
587742573755302021,10000,439932,3471,ANTICLOCKWISE
587742573755826716,10000,441298,3566,ANTICLOCKWISE
587742573756350545,10000,441302,5505,ANTICLOCKWISE
587742573756350555,10000,442662,118,CLOCKWISE
587742573756481622,10000,442663,1229,ANTICLOCKWISE
587742573756481746,10000,442663,4346,ANTICLOCKWISE
587742573756612748,10000,442664,3393,ANTICLOCKWISE
587742573757137077,10000,444026,2973,ANTICLOCKWISE
587742573758120056,10000,444035,2410,CLOCKWISE
587742573759168517,10000,445399,4393,ANTICLOCKWISE
587742573760020595,10000,446759,5184,ANTICLOCKWISE
587742573760413764,10000,446763,1751,CLOCKWISE
587742573760676053,10000,446766,740,ANTICLOCKWISE
587742573761003652,10000,448117,4428,ANTICLOCKWISE
587742573761724442,10000,448124,1982,CLOCKWISE
587742573761724604,10000,448124,4402,ANTICLOCKWISE
587742573762248790,10000,448129,3323,CLOCKWISE
587742573762314251,10000,448129,3464,CLOCKWISE
587742574023475350,10000,439930,393,CLOCKWISE
587742575367225419,10000,438648,1597,CLOCKWISE
587742575367880771,10000,437289,3825,CLOCKWISE
587742575367880801,10000,438654,1765,CLOCKWISE
587742575368339558,10000,437293,3392,CLOCKWISE
587742575370240112,10000,437311,1758,CLOCKWISE
587742575370895679,10000,437317,2441,CLOCKWISE
587742575370961056,10000,437317,4877,ANTICLOCKWISE
587742575372337255,10000,435963,1716,CLOCKWISE
587742575372992594,10000,435969,728,CLOCKWISE
587742575375089881,10000,433249,54,ANTICLOCKWISE
587742575375220879,10000,434620,4930,CLOCKWISE
587742575375220944,10000,434620,4116,CLOCKWISE
587742575377580262,10000,431898,3722,CLOCKWISE
587742575634088106,10000,437269,622,CLOCKWISE
587742575903047868,10000,440002,1060,ANTICLOCKWISE
587742575903703193,10000,440008,945,CLOCKWISE
587742575904358573,10000,440013,3542,ANTICLOCKWISE
587742575904358602,10000,440014,344,ANTICLOCKWISE
587742575904948382,10000,440019,2248,ANTICLOCKWISE
587742575905013959,10000,440019,5304,CLOCKWISE
587742575905341612,10000,440023,705,CLOCKWISE
587742575909077178,10000,438694,582,ANTICLOCKWISE
587742575909732539,10000,438700,1966,ANTICLOCKWISE
587742575910125799,10000,438703,4761,CLOCKWISE
587742575910322321,10000,438705,3228,CLOCKWISE
587742575911501933,10000,437351,3358,CLOCKWISE
587742575913336985,10000,434632,2741,ANTICLOCKWISE
587742575915892914,10000,430536,5137,ANTICLOCKWISE
587742575916351679,10000,429164,1668,ANTICLOCKWISE
587742575916417250,10000,429165,335,CLOCKWISE
587742575917727910,10000,426419,4601,ANTICLOCKWISE
587742575918776380,10000,425048,4248,ANTICLOCKWISE
587742575919104086,10000,425051,2899,ANTICLOCKWISE
587742575919562953,10000,422288,351,ANTICLOCKWISE
587742575919628392,10000,423673,1111,ANTICLOCKWISE
587742575920742563,10000,420911,5316,CLOCKWISE
587742575920742623,10000,420911,5141,CLOCKWISE
587742575923364064,10000,412579,3485,ANTICLOCKWISE
587742575923560499,10000,411183,1188,CLOCKWISE
587742575923560666,10000,411183,923,ANTICLOCKWISE
587742575923560688,10000,412581,2570,CLOCKWISE
587742575924478121,10000,409792,4095,CLOCKWISE
587742575925526667,10000,405594,5175,ANTICLOCKWISE
587742575925657806,10000,405595,4252,ANTICLOCKWISE
587742576170958979,10000,438634,1772,ANTICLOCKWISE
587742576439787603,10000,441361,2663,CLOCKWISE
587742576439787677,10000,441361,4741,CLOCKWISE
587742576440639643,10000,442728,2771,CLOCKWISE
587742576441163950,10000,441374,2681,ANTICLOCKWISE
587742576441491616,10000,442736,2355,CLOCKWISE
587742576442409129,10000,442744,4021,ANTICLOCKWISE
587742576442867805,10000,442749,259,CLOCKWISE
587742576444899486,10000,441408,3640,CLOCKWISE
587742576445489300,10000,441413,5832,CLOCKWISE
587742576446275780,10000,441421,1771,ANTICLOCKWISE
587742576447455341,10000,440070,4013,CLOCKWISE
587742576447455352,10000,440070,4411,CLOCKWISE
587742576449028262,10000,438722,4036,CLOCKWISE
587742576449421419,10000,438725,4935,CLOCKWISE
587742576449618100,10000,438727,5331,ANTICLOCKWISE
587742576449618137,10000,437363,467,ANTICLOCKWISE
587742576450011343,10000,435999,4033,CLOCKWISE
587742576450142438,10000,436000,4401,ANTICLOCKWISE
587742576450470123,10000,436003,4812,CLOCKWISE
587742576450797694,10000,436006,2759,ANTICLOCKWISE
587742576451059872,10000,436009,1271,CLOCKWISE
587742576451190939,10000,436010,1461,ANTICLOCKWISE
587742576451649653,10000,434645,2981,CLOCKWISE
587742576451715175,10000,434646,201,CLOCKWISE
587742576451911833,10000,434648,666,ANTICLOCKWISE
587742576453353616,10000,431917,3176,CLOCKWISE
587742576453353622,10000,431917,3506,ANTICLOCKWISE
587742576453746909,10000,431920,5111,ANTICLOCKWISE
587742576455319869,10000,427805,4861,ANTICLOCKWISE
587742576457023600,10000,423678,1849,CLOCKWISE
587742576457416880,10000,422297,2115,ANTICLOCKWISE
587742576457416885,10000,422297,2292,ANTICLOCKWISE
587742576461480012,10000,411193,1114,CLOCKWISE
587742576461545710,10000,411193,4502,ANTICLOCKWISE
587742576976396458,10000,444075,380,ANTICLOCKWISE
587742576976527477,10000,444076,2197,CLOCKWISE
587742576977182909,10000,444082,3751,CLOCKWISE
587742576977379444,10000,444083,5402,ANTICLOCKWISE
587742576977510512,10000,444085,4067,CLOCKWISE
587742576980000837,10000,445463,2405,CLOCKWISE
587742576980000921,10000,444108,1234,ANTICLOCKWISE
587742576980132057,10000,444109,3143,ANTICLOCKWISE
587742576981704848,10000,444123,3920,CLOCKWISE
587742576984653903,10000,441434,4562,ANTICLOCKWISE
587742576985112754,10000,441439,1198,CLOCKWISE
587742576985243807,10000,441440,2077,CLOCKWISE
587742576986357870,10000,440089,3233,ANTICLOCKWISE
587742576987078824,10000,438733,2780,ANTICLOCKWISE
587742576987209919,10000,438734,3671,CLOCKWISE
587742576987734128,10000,438739,805,ANTICLOCKWISE
587742576987865210,10000,437375,2641,CLOCKWISE
587742576989765726,10000,436025,4734,CLOCKWISE
587742576990159130,10000,434660,4500,ANTICLOCKWISE
587742576990290023,10000,433290,5408,ANTICLOCKWISE
587742576993042695,10000,427813,2717,ANTICLOCKWISE
587742576993501287,10000,427817,2205,ANTICLOCKWISE
587742576994222325,10000,425064,4136,ANTICLOCKWISE
587742576994287797,10000,425065,2333,ANTICLOCKWISE
587742576995729595,10000,420923,3237,ANTICLOCKWISE
587742576996712669,10000,418153,1136,CLOCKWISE
587742576997630174,10000,416769,2886,CLOCKWISE
587742576998547559,10000,412593,117,ANTICLOCKWISE
587742576999006499,10000,411199,2302,ANTICLOCKWISE
587742576999137521,10000,411200,2437,ANTICLOCKWISE
587742576999203025,10000,411200,5683,CLOCKWISE
587742577514250376,10000,446791,1344,CLOCKWISE
587742577514578033,10000,446794,2310,ANTICLOCKWISE
587742577514971222,10000,446797,2574,ANTICLOCKWISE
587742577516085305,10000,446807,3570,ANTICLOCKWISE
587742577516806279,10000,446814,3923,CLOCKWISE
587742577517264984,10000,446818,3807,CLOCKWISE
587742577520869445,10000,445499,2939,CLOCKWISE
587742577524146317,10000,441459,135,ANTICLOCKWISE
587742577525194874,10000,438744,5499,ANTICLOCKWISE
587742577526374529,10000,437390,4393,ANTICLOCKWISE
587742577527160984,10000,436031,595,ANTICLOCKWISE
587742577527685331,10000,434666,3827,CLOCKWISE
587742577528078482,10000,433299,3397,CLOCKWISE
587742577528209577,10000,433300,6523,ANTICLOCKWISE
587742577528602775,10000,433304,2102,ANTICLOCKWISE
587742577530110098,10000,430570,1435,CLOCKWISE
587742577531224078,10000,427825,2997,ANTICLOCKWISE
587742577531748438,10000,425070,4450,CLOCKWISE
587742577534304475,10000,418160,333,ANTICLOCKWISE
587742577534566619,10000,418162,835,CLOCKWISE
587742577535484196,10000,415385,3635,CLOCKWISE
587742578050334787,10000,448132,3515,CLOCKWISE
587742578050531478,10000,449481,4741,ANTICLOCKWISE
587742578051252232,10000,449488,588,ANTICLOCKWISE
587742578052104302,10000,449496,1146,CLOCKWISE
587742578053218423,10000,449506,2700,CLOCKWISE
587742578057543782,10000,446849,2917,CLOCKWISE
587742578057674936,10000,446851,1384,ANTICLOCKWISE
587742578058330190,10000,446857,141,CLOCKWISE
587742578059575453,10000,445516,4131,ANTICLOCKWISE
587742578061410418,10000,442821,4108,CLOCKWISE
587742578062655591,10000,441473,5491,ANTICLOCKWISE
587742578066784464,10000,431943,4674,ANTICLOCKWISE
587742578066915453,10000,433317,4599,ANTICLOCKWISE
587742578067701941,10000,430577,1301,ANTICLOCKWISE
587742578069340289,10000,425077,3467,ANTICLOCKWISE
587742578069471432,10000,425078,5535,ANTICLOCKWISE
587742588791226519,10000,404194,5566,ANTICLOCKWISE
587742588791423107,10000,404196,1558,ANTICLOCKWISE
587742588793716996,10000,395757,3842,CLOCKWISE
587742589328949529,10000,404202,4003,ANTICLOCKWISE
587742589332422941,10000,391526,6086,ANTICLOCKWISE
587742589333209177,10000,388697,2436,CLOCKWISE
587742589333274931,10000,388697,6129,CLOCKWISE
587742589865296100,10000,407006,6407,CLOCKWISE
587742589867458662,10000,399994,846,CLOCKWISE
587742589868114245,10000,397177,278,CLOCKWISE
587742589868769590,10000,395770,2659,CLOCKWISE
587742589868966191,10000,394357,496,CLOCKWISE
587742589869556140,10000,392946,4098,ANTICLOCKWISE
587742590401839331,10000,411206,5989,ANTICLOCKWISE
587742590401970579,10000,409809,2787,CLOCKWISE
587742590402822372,10000,408416,260,ANTICLOCKWISE
587742590404395150,10000,402812,259,ANTICLOCKWISE
587742590404985170,10000,400000,2952,ANTICLOCKWISE
587742590408196609,10000,387289,2822,CLOCKWISE
587742590408786292,10000,385873,4454,ANTICLOCKWISE
587742590670209368,10000,411206,4042,CLOCKWISE
587742592546570383,10000,419462,1188,ANTICLOCKWISE
587742592546963586,10000,419465,4302,ANTICLOCKWISE
587742592547291213,10000,419468,1940,CLOCKWISE
587742592547618949,10000,418080,3159,CLOCKWISE
587742593085014217,10000,419476,3849,CLOCKWISE
587742593085276333,10000,418087,4586,CLOCKWISE
587742593621623060,10000,422250,1265,CLOCKWISE
587742593622278241,10000,420868,4314,ANTICLOCKWISE
587742594158100648,10000,425014,1162,ANTICLOCKWISE
587742594158428341,10000,425017,2039,CLOCKWISE
587742594694906010,10000,427773,2838,ANTICLOCKWISE
587742594695758005,10000,426402,2131,ANTICLOCKWISE
587742609725980844,10000,415312,1006,ANTICLOCKWISE
587742609727619157,10000,411137,1690,ANTICLOCKWISE
587742609728274465,10000,411143,771,CLOCKWISE
587742609728274509,10000,411143,2309,CLOCKWISE
587742609728274562,10000,411142,4748,ANTICLOCKWISE
587742609729519856,10000,408354,5170,CLOCKWISE
587742609729519888,10000,408355,709,ANTICLOCKWISE
587742609731485903,10000,404160,4299,CLOCKWISE
587742610264948876,10000,413936,1264,ANTICLOCKWISE
587742610265604243,10000,412545,1675,ANTICLOCKWISE
587742610266784084,10000,409759,3410,ANTICLOCKWISE
587742610268094492,10000,405563,2290,ANTICLOCKWISE
587742610268881186,10000,404166,1019,ANTICLOCKWISE
587742610269012103,10000,404167,1897,CLOCKWISE
587742610269077813,10000,402761,1088,CLOCKWISE
587742610269143260,10000,402761,1127,CLOCKWISE
587742610269995319,10000,401361,2218,CLOCKWISE
587742610270060813,10000,401361,4633,CLOCKWISE
587742610270519635,10000,399957,2374,ANTICLOCKWISE
587742610270519636,10000,399957,2290,ANTICLOCKWISE
587742610271830323,10000,397146,1420,ANTICLOCKWISE
587742610274123924,10000,388669,5648,ANTICLOCKWISE
587742610275041639,10000,385837,2006,ANTICLOCKWISE
587742610276024740,10000,383001,2610,ANTICLOCKWISE
587742610276876427,10000,380160,3030,ANTICLOCKWISE
587742610277990532,10000,377317,2581,ANTICLOCKWISE
587742610277991065,10000,377317,3679,CLOCKWISE
587742610530697408,10000,419482,2869,CLOCKWISE
587742610799526064,10000,419486,2622,ANTICLOCKWISE
587742610799788205,10000,419489,50,CLOCKWISE
587742610803720373,10000,411158,4316,CLOCKWISE
587742610803982528,10000,411161,2085,ANTICLOCKWISE
587742610805555503,10000,406973,2713,CLOCKWISE
587742610808963084,10000,398560,4543,ANTICLOCKWISE
587742610808963086,10000,398560,4411,ANTICLOCKWISE
587742610809815215,10000,395743,5286,CLOCKWISE
587742610810929540,10000,391506,3120,CLOCKWISE
587742610811322696,10000,391509,6405,ANTICLOCKWISE
587742610812633467,10000,385844,418,ANTICLOCKWISE
587742610813551134,10000,383007,5357,ANTICLOCKWISE
587742610814009684,10000,383011,2439,ANTICLOCKWISE
587742610814992994,10000,378746,144,ANTICLOCKWISE
587742611336593536,10000,422263,5075,ANTICLOCKWISE
587742611336855595,10000,420879,3107,ANTICLOCKWISE
587742611337248912,10000,420883,1017,CLOCKWISE
587742611338428587,10000,418114,788,ANTICLOCKWISE
587742611338559712,10000,418115,3432,ANTICLOCKWISE
587742611340067076,10000,415344,2387,CLOCKWISE
587742611340525597,10000,413953,936,CLOCKWISE
587742611344195594,10000,404180,2874,CLOCKWISE
587742611344916848,10000,402780,3947,CLOCKWISE
587742611347997008,10000,394341,968,CLOCKWISE
587742611351535913,10000,383017,10868,CLOCKWISE
587742611875168422,10000,420893,99,CLOCKWISE
587742611875430641,10000,420895,2617,CLOCKWISE
587742611875561553,10000,420896,3227,ANTICLOCKWISE
587742611876806833,10000,416736,861,ANTICLOCKWISE
587742611878641954,10000,413965,1962,CLOCKWISE
587742611882967486,10000,401383,3045,CLOCKWISE
587742614557425804,10000,429237,1002,CLOCKWISE
587742614557556956,10000,429238,3475,CLOCKWISE
587742614558146836,10000,427865,4643,ANTICLOCKWISE
587742614558605607,10000,425110,1046,ANTICLOCKWISE
587742614558802072,10000,423728,4790,ANTICLOCKWISE
587742614559064356,10000,423731,3745,CLOCKWISE
587742614559719589,10000,420965,3193,ANTICLOCKWISE
587742615096852498,10000,422355,798,ANTICLOCKWISE
587742615097507890,10000,419585,3438,CLOCKWISE
587742615099343304,10000,411236,4097,CLOCKWISE
587742615099736294,10000,409841,6338,CLOCKWISE
587742615099998587,10000,408442,7561,CLOCKWISE
587742615100850394,10000,404239,1470,ANTICLOCKWISE
587742615632937119,10000,427875,6242,ANTICLOCKWISE
587742615636017485,10000,415425,403,CLOCKWISE
587742615636082948,10000,414030,5017,CLOCKWISE
587742615637393794,10000,408448,1420,CLOCKWISE
587742615637656010,10000,407047,3964,CLOCKWISE
587742615638442000,10000,402838,5534,ANTICLOCKWISE
587742615640015354,10000,395800,3162,ANTICLOCKWISE
587742616170987647,10000,425127,1844,ANTICLOCKWISE
587742616172232939,10000,418204,7672,ANTICLOCKWISE
587742616172888484,10000,416818,1717,CLOCKWISE
587742616173347181,10000,415429,6691,CLOCKWISE
587742616175772057,10000,402843,5556,CLOCKWISE
587742616177213715,10000,395804,233,ANTICLOCKWISE
587742616705499392,10000,436108,1862,CLOCKWISE
587742626909520086,10000,415308,900,ANTICLOCKWISE
587742627444424815,10000,419465,4625,CLOCKWISE
587742627445014652,10000,419471,831,CLOCKWISE
587742627445735540,10000,418086,5890,ANTICLOCKWISE
587742627445801070,10000,418087,2383,ANTICLOCKWISE
587742627446653184,10000,416703,1808,CLOCKWISE
587742627446718647,10000,415311,870,ANTICLOCKWISE
587742627446915283,10000,416705,2831,ANTICLOCKWISE
587742627448684725,10000,412537,2064,CLOCKWISE
587742627449143300,10000,411143,780,CLOCKWISE
587742627449209018,10000,411144,830,CLOCKWISE
587742627450388728,10000,408355,1207,ANTICLOCKWISE
587742627453861965,10000,401359,5089,ANTICLOCKWISE
587742627457401101,10000,391499,5078,ANTICLOCKWISE
587742627457859846,10000,388667,1888,CLOCKWISE
587742627983655140,10000,418097,222,ANTICLOCKWISE
587742627985293446,10000,416719,2992,ANTICLOCKWISE
587742627986145504,10000,413939,4360,CLOCKWISE
587742627986866374,10000,412549,3101,CLOCKWISE
587742627986931836,10000,411152,596,CLOCKWISE
587742627987259659,10000,411155,1084,ANTICLOCKWISE
587742627989881102,10000,404167,2354,CLOCKWISE
587742627991388338,10000,401366,1499,ANTICLOCKWISE
587742627995320575,10000,390091,4809,ANTICLOCKWISE
587742628517642443,10000,425005,1262,CLOCKWISE
587742628517773436,10000,425006,1391,ANTICLOCKWISE
587742628518953106,10000,423633,6079,CLOCKWISE
587742628520263946,10000,420874,629,ANTICLOCKWISE
587742628521508995,10000,419496,3259,ANTICLOCKWISE
587742628521705575,10000,419498,3539,CLOCKWISE
587742628522688639,10000,416724,3295,ANTICLOCKWISE
587742628523475188,10000,415339,1145,CLOCKWISE
587742628523999369,10000,413948,4869,CLOCKWISE
587742628524720281,10000,412558,1457,ANTICLOCKWISE
587742628525965458,10000,409772,4459,ANTICLOCKWISE
587742628526686584,10000,408379,684,CLOCKWISE
587742628529176859,10000,401374,5234,ANTICLOCKWISE
587742628531142857,10000,395747,5358,CLOCKWISE
587742628532584809,10000,390095,3682,CLOCKWISE
587742628533436956,10000,388684,3481,ANTICLOCKWISE
587742628535993030,10000,380173,1424,ANTICLOCKWISE
587742629054972086,10000,427769,1379,ANTICLOCKWISE
587742629055954972,10000,425018,1633,CLOCKWISE
587742629056676011,10000,423642,923,CLOCKWISE
587742629056872687,10000,423643,5599,ANTICLOCKWISE
587742629057134731,10000,423646,1321,ANTICLOCKWISE
587742629057462415,10000,423649,544,ANTICLOCKWISE
587742629060673685,10000,416734,5292,ANTICLOCKWISE
587742629065523458,10000,405590,221,ANTICLOCKWISE
587742629068079370,10000,397161,4519,CLOCKWISE
587742629068734714,10000,395754,4291,CLOCKWISE
587742629070831940,10000,388689,2597,ANTICLOCKWISE
587742629072470132,10000,383018,11982,CLOCKWISE
587742629592105090,10000,429149,1738,ANTICLOCKWISE
587742629592367268,10000,429152,727,CLOCKWISE
587742629592825998,10000,427777,5624,ANTICLOCKWISE
587742629593481335,10000,426405,782,ANTICLOCKWISE
587742629593481368,10000,426405,1818,CLOCKWISE
587742629596102781,10000,422280,2037,CLOCKWISE
587742629596758143,10000,420899,4696,ANTICLOCKWISE
587742629599707280,10000,413967,375,CLOCKWISE
587742629600428194,10000,412576,3307,CLOCKWISE
587742629601607732,10000,408389,4194,CLOCKWISE
587742633352495747,10000,512560,1164,ANTICLOCKWISE
587742644625277270,10000,408422,4160,CLOCKWISE
587742644625604863,10000,407022,3943,CLOCKWISE
587742644626128910,10000,405623,1558,CLOCKWISE
587742644626325560,10000,404220,1582,CLOCKWISE
587742644626719065,10000,402817,604,CLOCKWISE
587742644627833083,10000,397187,2989,CLOCKWISE
587742644628553885,10000,394366,3206,ANTICLOCKWISE
587742645162541474,10000,408426,3686,CLOCKWISE
587742645163524455,10000,404223,3440,CLOCKWISE
587742645163852258,10000,404226,4984,ANTICLOCKWISE
587742645163917572,10000,404227,573,CLOCKWISE
587742645164507676,10000,401417,6969,CLOCKWISE
587742645165162958,10000,398604,874,CLOCKWISE
587742645165293879,10000,398605,409,CLOCKWISE
587742645699346849,10000,411226,198,CLOCKWISE
587742645701509483,10000,402827,1826,ANTICLOCKWISE
587742646236020745,10000,414019,654,CLOCKWISE
587742646237200604,10000,409835,5107,ANTICLOCKWISE
587742772940046413,10000,416506,5377,CLOCKWISE
587742772944633942,10000,422107,3098,ANTICLOCKWISE
587742772944699576,10000,422108,2746,ANTICLOCKWISE
587742772944699579,10000,422108,2755,ANTICLOCKWISE
587742772946206801,10000,422122,232,ANTICLOCKWISE
587742772947386446,10000,423518,468,ANTICLOCKWISE
587742772949549178,10000,423537,5396,CLOCKWISE
587742772950007931,10000,424925,838,CLOCKWISE
587742772950270035,10000,424927,1420,ANTICLOCKWISE
587742772950728878,10000,424931,5028,CLOCKWISE
587742772950925392,10000,423550,673,ANTICLOCKWISE
587742772953808975,10000,423576,3701,ANTICLOCKWISE
587742772955119745,10000,422203,2998,ANTICLOCKWISE
587742772956954743,10000,420833,5087,ANTICLOCKWISE
587742772958265486,10000,419456,4599,CLOCKWISE
587742772958265514,10000,419456,5739,CLOCKWISE
587742772958593136,10000,419459,2393,ANTICLOCKWISE
587742773474558076,10000,413696,5826,CLOCKWISE
587742773474754693,10000,415094,936,CLOCKWISE
587742773477376122,10000,419294,469,ANTICLOCKWISE
587742773477900536,10000,420687,3594,ANTICLOCKWISE
587742773479211144,10000,420700,212,CLOCKWISE
587742773480456255,10000,423483,2753,ANTICLOCKWISE
587742773481504873,10000,424875,4397,ANTICLOCKWISE
587742773481898054,10000,424879,2022,ANTICLOCKWISE
587742773482684554,10000,424886,3662,ANTICLOCKWISE
587742773483602052,10000,424894,6323,CLOCKWISE
587742773484454012,10000,426283,4937,ANTICLOCKWISE
587742773486551105,10000,426302,3434,ANTICLOCKWISE
587742773490155617,10000,426335,5163,ANTICLOCKWISE
587742773490221138,10000,426336,1327,CLOCKWISE
587742773495005310,10000,420844,3227,ANTICLOCKWISE
587742773495201937,10000,420846,1977,CLOCKWISE
587742774011428937,10000,416485,2158,CLOCKWISE
587742774012805175,10000,419280,5335,ANTICLOCKWISE
587742774013067422,10000,419283,1374,ANTICLOCKWISE
587742774013067451,10000,419283,181,CLOCKWISE
587742774013657271,10000,420677,4185,ANTICLOCKWISE
587742774016147561,10000,423472,2096,ANTICLOCKWISE
587742774017458265,10000,426248,1694,ANTICLOCKWISE
587742774017916955,10000,424871,2705,ANTICLOCKWISE
587742774018441295,10000,426257,332,ANTICLOCKWISE
587742774019293264,10000,426265,94,ANTICLOCKWISE
587742774019686531,10000,427647,5135,CLOCKWISE
587742774020603967,10000,427656,515,CLOCKWISE
587742774024994939,10000,427696,1720,ANTICLOCKWISE
587742774025453637,10000,429078,2239,CLOCKWISE
587742774027747438,10000,427721,1969,CLOCKWISE
587742774029254751,10000,426356,302,ANTICLOCKWISE
587742774029254788,10000,426356,1885,ANTICLOCKWISE
587742774548627589,10000,420659,6107,CLOCKWISE
587742774548955236,10000,420662,4416,ANTICLOCKWISE
587742774548955304,10000,420663,1672,CLOCKWISE
587742774549282933,10000,420665,5281,ANTICLOCKWISE
587742774549479630,10000,420667,5869,ANTICLOCKWISE
587742774551380040,10000,423456,6071,ANTICLOCKWISE
587742774551576760,10000,424842,1335,ANTICLOCKWISE
587742774551707735,10000,424843,785,CLOCKWISE
587742774551838895,10000,424844,3307,ANTICLOCKWISE
587742774551969874,10000,424845,2279,CLOCKWISE
587742774551969968,10000,424845,5746,ANTICLOCKWISE
587742774552100904,10000,424846,5201,CLOCKWISE
587742774552363166,10000,424849,1474,ANTICLOCKWISE
587742774552494214,10000,426231,3411,ANTICLOCKWISE
587742774552559768,10000,424851,869,CLOCKWISE
587742774552625272,10000,426232,3156,CLOCKWISE
587742774553870449,10000,427622,3608,ANTICLOCKWISE
587742774553936029,10000,426244,4386,ANTICLOCKWISE
587742774554329189,10000,427627,764,ANTICLOCKWISE
587742774555312154,10000,429014,766,ANTICLOCKWISE
587742774555312166,10000,429014,691,ANTICLOCKWISE
587742774555312168,10000,429014,540,ANTICLOCKWISE
587742774555312169,10000,429014,908,ANTICLOCKWISE
587742774555377678,10000,429014,4047,ANTICLOCKWISE
587742774556622928,10000,429026,340,ANTICLOCKWISE
587742774556885159,10000,429028,6308,ANTICLOCKWISE
587742774556950606,10000,430406,930,ANTICLOCKWISE
587742774557081707,10000,429030,3417,ANTICLOCKWISE
587742774558589027,10000,430421,2307,CLOCKWISE
587742774559899789,10000,430433,212,CLOCKWISE
587742774560227481,10000,431811,974,CLOCKWISE
587742774560882853,10000,430442,3531,CLOCKWISE
587742774563700893,10000,430468,164,CLOCKWISE
587742774564028591,10000,430471,503,ANTICLOCKWISE
587742774565273738,10000,429105,4676,ANTICLOCKWISE
587742774566453350,10000,429116,897,ANTICLOCKWISE
587742774566846621,10000,427741,5811,ANTICLOCKWISE
587742774567436442,10000,426368,2837,CLOCKWISE
587742775086088338,10000,423437,3704,CLOCKWISE
587742775086546990,10000,423441,1543,ANTICLOCKWISE
587742775086809097,10000,423443,5416,ANTICLOCKWISE
587742775087005827,10000,424828,2932,CLOCKWISE
587742775087399028,10000,424832,911,CLOCKWISE
587742775088513123,10000,427602,4137,ANTICLOCKWISE
587742775089758333,10000,427613,4792,ANTICLOCKWISE
587742775090348143,10000,428997,3116,ANTICLOCKWISE
587742775090741367,10000,430377,4741,ANTICLOCKWISE
587742775091265695,10000,430382,3439,CLOCKWISE
587742775092248703,10000,430391,4197,CLOCKWISE
587742775093559381,10000,431778,3826,ANTICLOCKWISE
587742775093887066,10000,431782,218,CLOCKWISE
587742775095591044,10000,433170,3055,ANTICLOCKWISE
587742775096115283,10000,433175,749,ANTICLOCKWISE
587742775098015808,10000,433192,2261,ANTICLOCKWISE
587742775098474614,10000,433197,545,CLOCKWISE
587742775098736755,10000,433199,918,ANTICLOCKWISE
587742775101816917,10000,431854,1604,ANTICLOCKWISE
587742775102734466,10000,430488,750,ANTICLOCKWISE
587742775102996605,10000,430490,557,CLOCKWISE
587742775103062118,10000,430490,3805,ANTICLOCKWISE
587742775104766114,10000,429129,3460,ANTICLOCKWISE
587742775104897168,10000,429130,4754,ANTICLOCKWISE
587742775105355864,10000,429134,3972,ANTICLOCKWISE
587742775105880184,10000,427761,3388,ANTICLOCKWISE
587742775105945788,10000,427762,2868,ANTICLOCKWISE
587742775622500527,10000,423433,1653,ANTICLOCKWISE
587742775624269894,10000,426213,484,CLOCKWISE
587742775625515228,10000,428981,4648,ANTICLOCKWISE
587742775625646220,10000,428982,5449,ANTICLOCKWISE
587742775626039407,10000,430363,2926,ANTICLOCKWISE
587742775626825775,10000,430370,5008,ANTICLOCKWISE
587742775628791935,10000,433136,3547,ANTICLOCKWISE
587742775632592991,10000,434542,4897,ANTICLOCKWISE
587742775635411105,10000,435937,3415,CLOCKWISE
587742775637573722,10000,434587,6773,CLOCKWISE
587742775639408656,10000,433233,4595,CLOCKWISE
587742775639670923,10000,434607,2239,ANTICLOCKWISE
587742775640981608,10000,431875,1469,ANTICLOCKWISE
587742863132262493,10000,419302,2589,CLOCKWISE
587742863132328069,10000,419302,7078,CLOCKWISE
587742863132917826,10000,420697,1152,CLOCKWISE
587742863133442104,10000,420702,2362,CLOCKWISE
587742863133638870,10000,420704,1100,ANTICLOCKWISE
587742863134163070,10000,422095,4025,ANTICLOCKWISE
587742863134228658,10000,422096,1280,CLOCKWISE
587742863135408284,10000,423492,608,CLOCKWISE
587742863136194708,10000,423499,3508,CLOCKWISE
587742863136718922,10000,423504,1566,CLOCKWISE
587742863137112080,10000,423507,4898,ANTICLOCKWISE
587742863137243250,10000,423509,773,ANTICLOCKWISE
587742863137636547,10000,424895,4987,CLOCKWISE
587742863137964204,10000,424898,4976,ANTICLOCKWISE
587742863138226423,10000,424901,746,ANTICLOCKWISE
587742863139078237,10000,424908,4391,ANTICLOCKWISE
587742863667691630,10000,419289,528,ANTICLOCKWISE
587742863669199032,10000,420692,1574,ANTICLOCKWISE
587742863671885956,10000,424871,4014,CLOCKWISE
587742863672017057,10000,424873,712,CLOCKWISE
587742863672148165,10000,424874,2089,ANTICLOCKWISE
587742863672541411,10000,426258,4014,ANTICLOCKWISE
587742863673262287,10000,424884,2913,CLOCKWISE
587742863673655389,10000,426268,5814,CLOCKWISE
587742863673786467,10000,426269,4212,CLOCKWISE
587742863676670143,10000,427675,4584,CLOCKWISE
587742863677259881,10000,427680,3127,CLOCKWISE
587742863677718601,10000,427684,3603,CLOCKWISE
587742863677915183,10000,427686,3863,ANTICLOCKWISE
587742864204955819,10000,423453,3252,ANTICLOCKWISE
587742864205086764,10000,422069,3887,CLOCKWISE
587742864206004363,10000,424846,3620,ANTICLOCKWISE
587742864207249521,10000,424857,3021,ANTICLOCKWISE
587742864208953410,10000,426254,1485,ANTICLOCKWISE
587742864209215507,10000,427635,3624,CLOCKWISE
587742864209477741,10000,427638,102,ANTICLOCKWISE
587742864209608834,10000,427639,1263,ANTICLOCKWISE
587742864209805473,10000,427641,1928,ANTICLOCKWISE
587742864210919543,10000,429029,3214,ANTICLOCKWISE
587742864212820178,10000,429046,5874,CLOCKWISE
587742864213475386,10000,429053,189,CLOCKWISE
587742864214392907,10000,430437,5263,ANTICLOCKWISE
587742864214458522,10000,430438,5339,ANTICLOCKWISE
587742864214720569,10000,429064,2107,ANTICLOCKWISE
587742864214982788,10000,430443,1770,CLOCKWISE
587742864741367935,10000,423449,2284,ANTICLOCKWISE
587742864741367969,10000,423449,3080,CLOCKWISE
587742864741630217,10000,424834,4983,ANTICLOCKWISE
587742864742613101,10000,426225,952,ANTICLOCKWISE
587742864743989372,10000,427616,2432,ANTICLOCKWISE
587742864744513648,10000,428999,2378,CLOCKWISE
587742864744775781,10000,429001,4620,CLOCKWISE
587742864744841361,10000,427624,2486,CLOCKWISE
587742864745037944,10000,429004,959,CLOCKWISE
587742864745431071,10000,429007,3731,ANTICLOCKWISE
587742864745693305,10000,429010,1427,CLOCKWISE
587742864745824468,10000,429011,3335,ANTICLOCKWISE
587742864746741842,10000,430396,3985,ANTICLOCKWISE
587742864747003913,10000,430398,5960,CLOCKWISE
587742864747331811,10000,430402,2425,ANTICLOCKWISE
587742864747593913,10000,431779,5314,ANTICLOCKWISE
587742864747659370,10000,431780,335,CLOCKWISE
587742864748904569,10000,431791,3639,ANTICLOCKWISE
587742864749428876,10000,431796,2429,CLOCKWISE
587742864750673938,10000,433180,3655,CLOCKWISE
587742865279090850,10000,427600,3100,ANTICLOCKWISE
587742865279352886,10000,427602,3704,ANTICLOCKWISE
587742865279811705,10000,428985,125,CLOCKWISE
587742865280270508,10000,428989,907,ANTICLOCKWISE
587742865280794847,10000,428993,4746,CLOCKWISE
587742865280794848,10000,428993,4717,CLOCKWISE
587742865280794849,10000,428993,4765,CLOCKWISE
587742865281056942,10000,430373,454,ANTICLOCKWISE
587742865281646734,10000,430378,3633,CLOCKWISE
587742865283743868,10000,433145,4807,CLOCKWISE
587742865283940512,10000,433147,4908,CLOCKWISE
587742865284071673,10000,431775,4308,ANTICLOCKWISE
587742865286365341,10000,434541,581,ANTICLOCKWISE
587742865288265827,10000,434558,452,CLOCKWISE
587742865288331397,10000,434559,296,ANTICLOCKWISE
587742865815633987,10000,428975,1420,CLOCKWISE
587742865815830594,10000,428976,4217,CLOCKWISE
587742865817927752,10000,433121,2198,ANTICLOCKWISE
587742865821204591,10000,435891,163,ANTICLOCKWISE
587742865821270202,10000,435891,5449,ANTICLOCKWISE
587742865821466841,10000,435893,4586,ANTICLOCKWISE
587742865822056615,10000,435899,1821,ANTICLOCKWISE
587742865822515293,10000,435903,504,ANTICLOCKWISE
587742865823826012,10000,437281,5506,ANTICLOCKWISE
587742865825071223,10000,437293,4474,CLOCKWISE
587742865825464473,10000,437297,1923,ANTICLOCKWISE
587742901788147795,10000,426312,2228,ANTICLOCKWISE
587742901788868700,10000,426318,4878,CLOCKWISE
587742901789130938,10000,424940,4832,ANTICLOCKWISE
587742901790703680,10000,423571,4398,CLOCKWISE
587742901791621273,10000,424963,2031,CLOCKWISE
587742901792997472,10000,423593,1284,CLOCKWISE
587742901793325172,10000,422211,673,ANTICLOCKWISE
587742901793456305,10000,422212,722,CLOCKWISE
587742901794439349,10000,420834,4037,CLOCKWISE
587742901794635997,10000,420836,1257,CLOCKWISE
587742901795881205,10000,419458,5516,ANTICLOCKWISE
587742902325477564,10000,427695,2913,CLOCKWISE
587742902326591636,10000,427705,7480,CLOCKWISE
587742902329344138,10000,426351,4830,CLOCKWISE
587742902329540809,10000,426354,1048,ANTICLOCKWISE
587742902329671892,10000,424974,1396,CLOCKWISE
587742902330654831,10000,424982,6709,CLOCKWISE
587742902331637968,10000,423609,2302,CLOCKWISE
587742902332358809,10000,422230,5737,ANTICLOCKWISE
587742902332489794,10000,422232,1513,CLOCKWISE
587742902862283027,10000,429073,2195,CLOCKWISE
587742902862413939,10000,429074,718,ANTICLOCKWISE
587742902862676151,10000,430453,3660,ANTICLOCKWISE
587742902863200416,10000,429081,6421,ANTICLOCKWISE
587742902863462488,10000,429083,6713,CLOCKWISE
587742902863462625,10000,429084,2140,CLOCKWISE
587742902865887414,10000,427728,1265,ANTICLOCKWISE
587742902867853530,10000,426367,2584,CLOCKWISE
587742902868574299,10000,424992,4059,ANTICLOCKWISE
587742903398891743,10000,431822,3575,ANTICLOCKWISE
587742903399874741,10000,431831,5752,ANTICLOCKWISE
587742903400136968,10000,431834,2534,ANTICLOCKWISE
587742903402299487,10000,430478,4576,ANTICLOCKWISE
587742903402627358,10000,430482,742,ANTICLOCKWISE
587742903403479300,10000,429112,5279,ANTICLOCKWISE
587742903404265590,10000,429119,7149,ANTICLOCKWISE
587742903404986524,10000,429126,2014,ANTICLOCKWISE
587742903405445126,10000,427752,2579,ANTICLOCKWISE
587742903405445411,10000,427753,578,ANTICLOCKWISE
587742903935631478,10000,434565,3638,CLOCKWISE
587742903937532083,10000,433212,1246,ANTICLOCKWISE
587742903937794219,10000,434585,1734,CLOCKWISE
587742903938711714,10000,433222,4744,ANTICLOCKWISE
587742903939236036,10000,433227,2230,CLOCKWISE
587742903939498199,10000,433230,255,ANTICLOCKWISE
587742903939891362,10000,431860,1711,ANTICLOCKWISE
587742903939956941,10000,433234,1406,CLOCKWISE
587742903940153416,10000,431863,776,ANTICLOCKWISE
587742903940284585,10000,431864,2549,CLOCKWISE
587742903940350072,10000,431864,3872,ANTICLOCKWISE
587742903941005405,10000,431870,4506,ANTICLOCKWISE
587742903941267720,10000,430498,2669,ANTICLOCKWISE
587742903942185198,10000,430506,5923,CLOCKWISE
587742903942250746,10000,430507,3080,ANTICLOCKWISE
587742903942971590,10000,429137,919,ANTICLOCKWISE
587742903943364831,10000,429140,4201,CLOCKWISE
587742904474861706,10000,435955,5521,CLOCKWISE
587742904475123859,10000,435958,2343,ANTICLOCKWISE
587742904478400680,10000,433248,4692,CLOCKWISE
587742953324216405,10000,354147,2952,CLOCKWISE
587742953860628494,10000,357017,5320,CLOCKWISE
587742953860628596,10000,357018,2411,ANTICLOCKWISE
587742953860694030,10000,357018,2581,ANTICLOCKWISE
587742953860890787,10000,357020,4035,CLOCKWISE
587742953860890810,10000,357020,4275,CLOCKWISE
587742954934501592,10000,361327,2627,CLOCKWISE
587742954934567070,10000,361328,96,ANTICLOCKWISE
587742954934763621,10000,361329,2567,CLOCKWISE
587742956008701967,10000,367067,3244,CLOCKWISE
587742956276416671,10000,365628,527,ANTICLOCKWISE
587744637486957154,10000,386775,1383,ANTICLOCKWISE
587744637490364776,10000,403771,1863,CLOCKWISE
587744637490495806,10000,403772,3572,ANTICLOCKWISE
587744638024286700,10000,391035,6087,CLOCKWISE
587744638025335050,10000,396706,6756,CLOCKWISE
587744638028087624,10000,409392,3002,CLOCKWISE
587744638029004997,10000,413594,2648,CLOCKWISE
587744638561288828,10000,393870,746,CLOCKWISE
587744638561485497,10000,395287,1305,ANTICLOCKWISE
587744638561747501,10000,396702,4113,ANTICLOCKWISE
587744638562205743,10000,399529,1932,ANTICLOCKWISE
587744638562468689,10000,399531,4912,ANTICLOCKWISE
587744638563909998,10000,406578,616,CLOCKWISE
587744638564368638,10000,409386,970,CLOCKWISE
587744638565154835,10000,413587,3317,ANTICLOCKWISE
587744638565286200,10000,413589,812,CLOCKWISE
587744638565613704,10000,414987,1976,CLOCKWISE
587744727149576337,10000,413622,4915,CLOCKWISE
587744727150887165,10000,417814,6917,ANTICLOCKWISE
587744727151083746,10000,419208,241,CLOCKWISE
587744727151149251,10000,419208,4797,CLOCKWISE
587744727687364732,10000,417811,499,ANTICLOCKWISE
587744728222597252,10000,413615,5232,CLOCKWISE
587744728222597269,10000,413615,6216,ANTICLOCKWISE
587744728223908088,10000,419199,1022,CLOCKWISE
587744728223973538,10000,419199,3108,ANTICLOCKWISE
587744728760254541,10000,420583,934,CLOCKWISE
587744728760254706,10000,419193,5493,CLOCKWISE
587744728760385771,10000,420584,940,ANTICLOCKWISE
587744728760844452,10000,421975,1539,CLOCKWISE
587744728760844528,10000,421975,3434,CLOCKWISE
587744728761368815,10000,424748,2327,ANTICLOCKWISE
587744728761761827,10000,424751,6351,ANTICLOCKWISE
587744729297518768,10000,423358,2002,CLOCKWISE
587744729298239546,10000,426129,692,CLOCKWISE
587744729298239703,10000,426129,3965,ANTICLOCKWISE
587744729298501818,10000,427510,5223,ANTICLOCKWISE
587744766872912580,10000,371092,1294,CLOCKWISE
587744767141151252,10000,369658,2815,ANTICLOCKWISE
587744767678022247,10000,372519,1765,ANTICLOCKWISE
587744873711075935,10000,379671,532,ANTICLOCKWISE
587744873711206767,10000,381096,6345,CLOCKWISE
587744873713434936,10000,388227,1383,ANTICLOCKWISE
587744873714155884,10000,392488,2476,ANTICLOCKWISE
587744873715204441,10000,395328,6085,CLOCKWISE
587744874247684657,10000,381093,2094,ANTICLOCKWISE
587744874248733106,10000,385371,4304,CLOCKWISE
587744874249454033,10000,388219,4242,ANTICLOCKWISE
587744874250240260,10000,391063,1824,ANTICLOCKWISE
587744874251550863,10000,395323,4143,ANTICLOCKWISE
587744874251944271,10000,396740,3627,ANTICLOCKWISE
587744874254172166,10000,405212,4036,ANTICLOCKWISE
587744874254827695,10000,406622,5371,CLOCKWISE
587744874255679692,10000,409435,788,CLOCKWISE
587744874784621150,10000,382517,4093,CLOCKWISE
587744874786259294,10000,389637,2875,CLOCKWISE
587744874789077212,10000,400974,2739,ANTICLOCKWISE
587744874789732407,10000,402388,2736,CLOCKWISE
587744874790846698,10000,406614,7477,ANTICLOCKWISE
587744874792485012,10000,412231,100,ANTICLOCKWISE
587744875327258806,10000,406610,2431,ANTICLOCKWISE
587744875329355814,10000,413627,4080,CLOCKWISE
587745242558234737,10000,427588,3030,ANTICLOCKWISE
587745243081605208,10000,391073,3753,ANTICLOCKWISE
587745243083243807,10000,396749,8749,CLOCKWISE
587745243084292244,10000,400991,3821,ANTICLOCKWISE
587745243084882070,10000,403812,3046,CLOCKWISE
587745243085930593,10000,406630,4168,ANTICLOCKWISE
587745243087306911,10000,410846,1611,ANTICLOCKWISE
587745243087896733,10000,412249,3529,CLOCKWISE
587745243088552222,10000,415048,719,CLOCKWISE
587745243088814259,10000,415050,2190,ANTICLOCKWISE
587745243089010840,10000,416445,1777,ANTICLOCKWISE
587745243089600695,10000,416450,3081,CLOCKWISE
587745243090190430,10000,419238,4635,ANTICLOCKWISE
587745243092877438,10000,426188,4538,ANTICLOCKWISE
587745243093401687,10000,426193,1349,ANTICLOCKWISE
587745243094712437,10000,430339,4020,CLOCKWISE
587745243614347965,10000,378237,3908,CLOCKWISE
587745243614609841,10000,379666,1929,CLOCKWISE
587745243615199886,10000,381096,3297,ANTICLOCKWISE
587745243615265172,10000,381096,6224,CLOCKWISE
587745243620442450,10000,400984,6351,CLOCKWISE
587745243620442502,10000,400984,7781,ANTICLOCKWISE
587745243623588058,10000,410840,7600,ANTICLOCKWISE
587745243623915580,10000,412241,4238,CLOCKWISE
587745243624177806,10000,413641,1323,ANTICLOCKWISE
587745243627061288,10000,420627,4950,CLOCKWISE
587745243631714403,10000,431715,3982,CLOCKWISE
587745243632042091,10000,433091,4354,ANTICLOCKWISE
587745243632173109,10000,431720,802,ANTICLOCKWISE
587745243632369697,10000,433094,2888,ANTICLOCKWISE
587745244151481027,10000,381090,7068,ANTICLOCKWISE
587745244151939517,10000,382519,967,CLOCKWISE
587745244153315730,10000,388217,2494,CLOCKWISE
587745244154298432,10000,392480,2475,ANTICLOCKWISE
587745244154298722,10000,392480,3221,CLOCKWISE
587745244155347317,10000,396734,3673,ANTICLOCKWISE
587745244158689557,10000,408024,3764,ANTICLOCKWISE
587745244163866807,10000,423399,1118,CLOCKWISE
587745244164522158,10000,424788,3334,CLOCKWISE
587745244164653161,10000,424789,986,CLOCKWISE
587745244164915398,10000,424791,4725,ANTICLOCKWISE
587745244165046419,10000,426174,481,CLOCKWISE
587745244166422566,10000,428943,3715,CLOCKWISE
587745244168061065,10000,433083,2870,CLOCKWISE
587745244168192123,10000,433084,4392,CLOCKWISE
587745244690121226,10000,391053,4811,ANTICLOCKWISE
587745244691628067,10000,395315,2104,ANTICLOCKWISE
587745244692349212,10000,398147,480,ANTICLOCKWISE
587745244693004487,10000,400973,1438,ANTICLOCKWISE
587745244695494789,10000,409424,1467,CLOCKWISE
587745244695494929,10000,409424,1600,CLOCKWISE
587745244695757044,10000,410826,953,ANTICLOCKWISE
587745244696674489,10000,413629,2026,CLOCKWISE
587745244697657500,10000,417818,4958,ANTICLOCKWISE
587745244698574877,10000,419217,3003,CLOCKWISE
587745244699689120,10000,422004,936,ANTICLOCKWISE
587745244701130958,10000,426166,6034,CLOCKWISE
587745244701917284,10000,427552,5278,ANTICLOCKWISE
587745245234004199,10000,416421,4113,ANTICLOCKWISE
587745245234200674,10000,417815,1462,CLOCKWISE
587745245234266277,10000,417815,7469,ANTICLOCKWISE
587745245237018806,10000,426157,2777,ANTICLOCKWISE
587745245237608490,10000,427541,5078,CLOCKWISE
587745245241475208,10000,437187,4354,CLOCKWISE
587745401996771620,10000,385403,2738,CLOCKWISE
587745401998999808,10000,392519,1837,ANTICLOCKWISE
587745401999065132,10000,392519,3476,ANTICLOCKWISE
587745401999327495,10000,393937,5276,CLOCKWISE
587745401999982633,10000,395358,5402,CLOCKWISE
587745402001031487,10000,398193,5000,ANTICLOCKWISE
587745402001228013,10000,399606,3846,CLOCKWISE
587745402002473227,10000,402435,1463,ANTICLOCKWISE
587745402002866348,10000,403845,6006,CLOCKWISE
587745402003849364,10000,406663,3715,ANTICLOCKWISE
587745402004308158,10000,408070,5024,ANTICLOCKWISE
587745402004439248,10000,408072,2208,CLOCKWISE
587745402006011911,10000,410886,2414,CLOCKWISE
587745402006077596,10000,410887,1794,CLOCKWISE
587745402006143153,10000,410887,5146,ANTICLOCKWISE
587745402006274288,10000,410889,2411,CLOCKWISE
587745402006339847,10000,412287,4232,CLOCKWISE
587745402006864098,10000,412292,2307,ANTICLOCKWISE
587745402529972658,10000,375394,3716,CLOCKWISE
587745402530497126,10000,376827,5026,ANTICLOCKWISE
587745402532790631,10000,385395,2874,ANTICLOCKWISE
587745402533118229,10000,386819,2851,ANTICLOCKWISE
587745402535804962,10000,393934,283,ANTICLOCKWISE
587745402536460495,10000,396768,652,CLOCKWISE
587745402536919152,10000,398184,1848,ANTICLOCKWISE
587745402538033370,10000,401015,183,ANTICLOCKWISE
587745402539081971,10000,403839,3020,ANTICLOCKWISE
587745402539409612,10000,405247,3924,CLOCKWISE
587745402539933772,10000,406656,2723,CLOCKWISE
587745402541899817,10000,410877,2313,ANTICLOCKWISE
587745402542948365,10000,413682,264,ANTICLOCKWISE
587745402543407258,10000,413686,1033,ANTICLOCKWISE
587745402544259206,10000,416482,1003,CLOCKWISE
587745403066122924,10000,376815,6314,CLOCKWISE
587745403066384898,10000,376818,577,CLOCKWISE
587745403066515507,10000,378246,2296,CLOCKWISE
587745403066647050,10000,378247,4247,CLOCKWISE
587745403067564615,10000,381107,3442,ANTICLOCKWISE
587745403067826621,10000,382533,1601,ANTICLOCKWISE
587745403068809627,10000,385387,2519,ANTICLOCKWISE
587745403069006117,10000,385389,3546,ANTICLOCKWISE
587745403069661530,10000,388236,3792,CLOCKWISE
587745403069727133,10000,388237,1429,ANTICLOCKWISE
587745403070775649,10000,391083,4266,ANTICLOCKWISE
587745403071627558,10000,393924,2203,ANTICLOCKWISE
587745403073397052,10000,399592,1682,ANTICLOCKWISE
587745403073462489,10000,399592,2482,CLOCKWISE
587745403073921072,10000,401005,4717,CLOCKWISE
587745403074314417,10000,402417,1048,ANTICLOCKWISE
587745403076018368,10000,406649,453,ANTICLOCKWISE
587745403076018386,10000,406649,533,CLOCKWISE
587745403076804756,10000,408059,1103,CLOCKWISE
587745403077722220,10000,410868,526,CLOCKWISE
587745403077853323,10000,410868,5472,ANTICLOCKWISE
587745403077918845,10000,410869,3076,CLOCKWISE
587745403078770935,10000,413672,2856,CLOCKWISE
587745403078770957,10000,412275,3099,CLOCKWISE
587745403078967496,10000,413674,2104,CLOCKWISE
587745403604435560,10000,383954,586,CLOCKWISE
587745403605877126,10000,386810,195,CLOCKWISE
587745403606532248,10000,391073,2048,ANTICLOCKWISE
587745403606598107,10000,389656,318,CLOCKWISE
587745403607122227,10000,392495,5176,ANTICLOCKWISE
587745403609153771,10000,399581,4799,ANTICLOCKWISE
587745403609481545,10000,399584,6177,CLOCKWISE
587745403609481563,10000,399584,5403,ANTICLOCKWISE
587745403610988709,10000,403822,530,ANTICLOCKWISE
587745403612299473,10000,408046,4426,ANTICLOCKWISE
587745403614396620,10000,412264,549,CLOCKWISE
587745403614920881,10000,415060,3070,ANTICLOCKWISE
587745403615314082,10000,415064,1477,CLOCKWISE
587745403617149107,10000,419257,1670,ANTICLOCKWISE
587745403618001128,10000,420654,2524,ANTICLOCKWISE
587745404150939843,10000,415052,4862,CLOCKWISE
587745404152840232,10000,419246,528,ANTICLOCKWISE
587745404153823376,10000,420644,720,CLOCKWISE
587745404154282160,10000,420648,2861,CLOCKWISE
587745538901803205,10000,395358,2940,CLOCKWISE
587745538906652834,10000,406671,5568,ANTICLOCKWISE
587745538907701263,10000,408084,2283,CLOCKWISE
587745538908291246,10000,410890,1752,CLOCKWISE
587745538908618954,10000,410893,1057,ANTICLOCKWISE
587745538909798498,10000,413699,1736,ANTICLOCKWISE
587745538911305892,10000,416501,591,ANTICLOCKWISE
587745538911633492,10000,416503,4140,CLOCKWISE
587745539430613609,10000,371094,3358,ANTICLOCKWISE
587745539431858748,10000,375394,5379,CLOCKWISE
587745539433628062,10000,381116,5241,CLOCKWISE
587745539435987088,10000,388248,3907,CLOCKWISE
587745539436839140,10000,391093,1294,CLOCKWISE
587745539438412089,10000,396769,209,CLOCKWISE
587745539438608570,10000,396770,3942,CLOCKWISE
587745539439722784,10000,399604,422,ANTICLOCKWISE
587745539440312565,10000,401018,3016,ANTICLOCKWISE
587745539440509118,10000,402428,1902,ANTICLOCKWISE
587745539442999492,10000,408070,1425,ANTICLOCKWISE
587745539443130508,10000,408071,1245,ANTICLOCKWISE
587745539443196069,10000,408071,5348,CLOCKWISE
587745539443458197,10000,408074,1163,ANTICLOCKWISE
587745539444375658,10000,410882,5342,ANTICLOCKWISE
587745539445031075,10000,412286,2953,ANTICLOCKWISE
587745539445817584,10000,413691,1515,ANTICLOCKWISE
587745539446472858,10000,416485,92,ANTICLOCKWISE
587745539446800396,10000,416487,5497,CLOCKWISE
587745539448111366,10000,417892,667,CLOCKWISE
587745539967877918,10000,375386,5733,CLOCKWISE
587745539968729747,10000,376822,4470,CLOCKWISE
587745539969909109,10000,381111,887,CLOCKWISE
587745539970302374,10000,382538,4972,ANTICLOCKWISE
587745539970302391,10000,382538,6092,ANTICLOCKWISE
587745539971219899,10000,385392,1920,CLOCKWISE
587745539971285381,10000,385392,5912,ANTICLOCKWISE
587745539971481899,10000,386815,3932,ANTICLOCKWISE
587745539975217364,10000,398179,8449,CLOCKWISE
587745539975413965,10000,399593,327,ANTICLOCKWISE
587745539976724678,10000,402421,4406,ANTICLOCKWISE
587745539977445594,10000,405240,5086,ANTICLOCKWISE
587745539977576519,10000,403836,4647,ANTICLOCKWISE
587745539977773290,10000,405243,5039,ANTICLOCKWISE
587745539978559721,10000,406654,5365,CLOCKWISE
587745539979083778,10000,408062,2979,ANTICLOCKWISE
587745539979608297,10000,409468,4944,ANTICLOCKWISE
587745539979739320,10000,410868,4746,ANTICLOCKWISE
587745539980132507,10000,410872,3204,CLOCKWISE
587745539981181021,10000,412280,579,ANTICLOCKWISE
587745539981901980,10000,415078,3713,CLOCKWISE
587745539982819513,10000,416480,1299,ANTICLOCKWISE
587745539983671583,10000,417880,777,CLOCKWISE
587745539983868040,10000,417881,4136,ANTICLOCKWISE
587745539984326822,10000,419277,1604,CLOCKWISE
587745539984589014,10000,419279,3287,CLOCKWISE
587745539985113279,10000,420673,3329,CLOCKWISE
587745539985375346,10000,422062,3260,ANTICLOCKWISE
587745540505862529,10000,379677,2128,ANTICLOCKWISE
587745540507042289,10000,383960,4527,CLOCKWISE
587745540507107737,10000,383960,6228,CLOCKWISE
587745540510974256,10000,396757,8893,ANTICLOCKWISE
587745540511105280,10000,398170,7279,ANTICLOCKWISE
587745540512678087,10000,401005,2391,ANTICLOCKWISE
587745540512678098,10000,401005,2811,CLOCKWISE
587745540512743817,10000,402414,939,CLOCKWISE
587745540513399025,10000,403827,1850,CLOCKWISE
587745540514382105,10000,406645,2324,CLOCKWISE
587745540514840702,10000,408052,1068,CLOCKWISE
587745540517724349,10000,415069,484,ANTICLOCKWISE
587745540517789818,10000,415069,3384,CLOCKWISE
587745540517855458,10000,415070,2818,ANTICLOCKWISE
587745540519755931,10000,419263,2981,CLOCKWISE
587745540519755959,10000,419263,4092,ANTICLOCKWISE
587745540519821444,10000,419264,972,CLOCKWISE
587745540520018137,10000,419266,1255,CLOCKWISE
587745540520280226,10000,420657,2881,ANTICLOCKWISE
587745540520345878,10000,420658,3088,CLOCKWISE
587745540521787610,10000,423443,2617,ANTICLOCKWISE
587745541046337950,10000,393915,4296,ANTICLOCKWISE
587745541048500497,10000,400995,7196,ANTICLOCKWISE
587745541050138808,10000,406634,3545,CLOCKWISE
587745541050400960,10000,408040,2019,CLOCKWISE
587745541051253009,10000,409449,393,CLOCKWISE
587745541052956808,10000,413658,6075,ANTICLOCKWISE
587745541053677859,10000,415060,4376,ANTICLOCKWISE
587745541054464163,10000,416460,4682,CLOCKWISE
587745541054922880,10000,417856,3637,CLOCKWISE
587745541056168103,10000,420648,3424,CLOCKWISE
587745541056495682,10000,422038,1357,CLOCKWISE
587745541057806478,10000,424818,4339,ANTICLOCKWISE
587745541058003036,10000,423437,604,ANTICLOCKWISE
587745541058199726,10000,424822,2254,ANTICLOCKWISE
587745541058396346,10000,424824,866,CLOCKWISE
587745968928260109,10000,436144,5112,CLOCKWISE
587745968928391434,10000,434777,1755,CLOCKWISE
587745968929636735,10000,427915,1032,CLOCKWISE
587745969466507712,10000,429293,5180,CLOCKWISE
587745970003182036,10000,433417,485,CLOCKWISE
587745970003509555,10000,430672,1027,ANTICLOCKWISE
587745970003575155,10000,430672,4362,ANTICLOCKWISE
587745970003575300,10000,430673,110,CLOCKWISE
587745970538152240,10000,445666,621,ANTICLOCKWISE
587745970539463052,10000,438883,4382,CLOCKWISE
587745970539856235,10000,436155,689,ANTICLOCKWISE
587746208909885451,10000,379836,4444,CLOCKWISE
587746209446625387,10000,381260,2990,ANTICLOCKWISE
587746209446625388,10000,381260,3120,CLOCKWISE
587746209446690961,10000,381261,688,CLOCKWISE
587746209714929740,10000,381259,3611,ANTICLOCKWISE
587746209983692832,10000,384109,2100,CLOCKWISE
587746209983692833,10000,384109,2022,CLOCKWISE
587746209983693000,10000,384109,3350,ANTICLOCKWISE
587746209984020608,10000,384112,1628,CLOCKWISE
587746209984020671,10000,384112,3142,CLOCKWISE
587746210521088081,10000,386957,1551,ANTICLOCKWISE
587746210788671665,10000,385528,3557,ANTICLOCKWISE
588010357997633673,10000,348232,1532,CLOCKWISE
588010357997895754,10000,348234,1954,CLOCKWISE
588010357998026859,10000,348235,2631,CLOCKWISE
588010357998616858,10000,349680,688,CLOCKWISE
588010357999403156,10000,349687,11094,ANTICLOCKWISE
588010358000648357,10000,349698,4628,ANTICLOCKWISE
588010358001107101,10000,349703,651,ANTICLOCKWISE
588010358001631500,10000,351146,372,ANTICLOCKWISE
588010358003335305,10000,352599,2404,ANTICLOCKWISE
588010358003925244,10000,351166,6985,CLOCKWISE
588010358004187348,10000,351169,2616,CLOCKWISE
588010358004711622,10000,352612,362,CLOCKWISE
588010358005039208,10000,352615,528,CLOCKWISE
588010358005563556,10000,352619,5310,ANTICLOCKWISE
588010358007267523,10000,352635,2528,ANTICLOCKWISE
588010358008119398,10000,352642,7366,CLOCKWISE
588010358009495765,10000,354093,4339,CLOCKWISE
588010358009495793,10000,354093,5306,CLOCKWISE
588010358010019957,10000,354098,2529,ANTICLOCKWISE
588010358011003046,10000,354107,1238,ANTICLOCKWISE
588010358011527392,10000,354112,109,CLOCKWISE
588010358011658407,10000,354113,3673,CLOCKWISE
588010358012117161,10000,354117,3949,CLOCKWISE
588010358012510546,10000,354121,2739,CLOCKWISE
588010358013034656,10000,354126,839,ANTICLOCKWISE
588010358013493310,10000,354130,585,CLOCKWISE
588010358013755609,10000,354132,2029,ANTICLOCKWISE
588010358014476410,10000,355577,966,ANTICLOCKWISE
588010358524478242,10000,342380,4221,CLOCKWISE
588010358524805860,10000,340943,4663,CLOCKWISE
588010358525002578,10000,342385,3724,CLOCKWISE
588010358525395559,10000,342389,582,CLOCKWISE
588010358525460964,10000,342389,2406,CLOCKWISE
588010358526312831,10000,343837,301,CLOCKWISE
588010358526706202,10000,343840,3996,ANTICLOCKWISE
588010358527033391,10000,343843,5867,CLOCKWISE
588010358527361255,10000,345287,783,ANTICLOCKWISE
588010358529261614,10000,345303,9449,CLOCKWISE
588010358529720551,10000,345308,2294,ANTICLOCKWISE
588010358530441483,10000,346754,6817,ANTICLOCKWISE
588010358532341965,10000,349651,3436,CLOCKWISE
588010358535880926,10000,351121,16962,ANTICLOCKWISE
588010358536405188,10000,351126,10678,ANTICLOCKWISE
588010358536732714,10000,352567,5798,CLOCKWISE
588010358536798355,10000,352568,5792,ANTICLOCKWISE
588010358536798473,10000,351130,5404,ANTICLOCKWISE
588010358538633456,10000,354023,1051,ANTICLOCKWISE
588010358539157716,10000,352589,5113,ANTICLOCKWISE
588010358539223180,10000,354028,327,CLOCKWISE
588010358539354256,10000,352591,1678,ANTICLOCKWISE
588010358539354393,10000,354029,4317,ANTICLOCKWISE
588010358539485372,10000,352592,3196,ANTICLOCKWISE
588010358540468366,10000,354039,5715,ANTICLOCKWISE
588010358540665057,10000,354041,5001,CLOCKWISE
588010358540730555,10000,354042,2449,CLOCKWISE
588010358541648071,10000,354050,1849,CLOCKWISE
588010358542041244,10000,355492,664,CLOCKWISE
588010358542303409,10000,354056,3715,ANTICLOCKWISE
588010358542827846,10000,355499,1841,ANTICLOCKWISE
588010358542958739,10000,355500,2155,ANTICLOCKWISE
588010358543351861,10000,355503,5184,ANTICLOCKWISE
588010358543745168,10000,355507,2792,ANTICLOCKWISE
588010358544728699,10000,355516,5236,ANTICLOCKWISE
588010358544924878,10000,355518,3290,ANTICLOCKWISE
588010358545645646,10000,355524,6989,ANTICLOCKWISE
588010358546169982,10000,355529,3044,CLOCKWISE
588010358547153122,10000,356975,3882,ANTICLOCKWISE
588010358547284137,10000,356977,272,CLOCKWISE
588010358548201560,10000,355548,1267,CLOCKWISE
588010358548463749,10000,356987,3715,ANTICLOCKWISE
588010358548463778,10000,355550,4662,ANTICLOCKWISE
588010358548922558,10000,356991,5412,ANTICLOCKWISE
588010358550495342,10000,357006,788,CLOCKWISE
588010358550626501,10000,357007,2886,CLOCKWISE
588010358550692006,10000,357008,2337,ANTICLOCKWISE
588010358551085220,10000,357011,6291,ANTICLOCKWISE
588010359061283547,10000,343819,5013,ANTICLOCKWISE
588010359061610751,10000,343822,4954,ANTICLOCKWISE
588010359061676616,10000,343823,2533,CLOCKWISE
588010359061807385,10000,345264,3895,ANTICLOCKWISE
588010359062593633,10000,345271,4594,ANTICLOCKWISE
588010359062855987,10000,345274,2477,ANTICLOCKWISE
588010359063642646,10000,346721,4961,CLOCKWISE
588010359066067147,10000,348183,3140,CLOCKWISE
588010359067705685,10000,349637,6139,CLOCKWISE
588010359067771175,10000,349638,2158,ANTICLOCKWISE
588010359068033083,10000,349640,4429,ANTICLOCKWISE
588010359068426346,10000,351082,2696,ANTICLOCKWISE
588010359068819826,10000,351085,5765,ANTICLOCKWISE
588010359070392592,10000,352538,693,ANTICLOCKWISE
588010359072293012,10000,353993,10479,ANTICLOCKWISE
588010359073145079,10000,354001,2420,ANTICLOCKWISE
588010359073341610,10000,354003,3713,CLOCKWISE
588010359073997029,10000,355447,955,CLOCKWISE
588010359074914478,10000,355455,3634,CLOCKWISE
588010359076290826,10000,356905,447,ANTICLOCKWISE
588010359076552838,10000,355470,1036,CLOCKWISE
588010359076749393,10000,355472,2458,ANTICLOCKWISE
588010359076815005,10000,355472,3998,ANTICLOCKWISE
588010359078060157,10000,356921,1169,ANTICLOCKWISE
588010359079764104,10000,356936,4389,CLOCKWISE
588010359080943817,10000,356947,3292,ANTICLOCKWISE
588010359081533579,10000,358388,3585,ANTICLOCKWISE
588010359081599168,10000,358389,3892,CLOCKWISE
588010359083630706,10000,358408,817,ANTICLOCKWISE
588010359084286102,10000,358414,634,ANTICLOCKWISE
588010359085007041,10000,358421,280,ANTICLOCKWISE
588010359085793290,10000,359863,4507,ANTICLOCKWISE
588010359085793406,10000,358427,5504,CLOCKWISE
588010359086055611,10000,358430,2289,CLOCKWISE
588010359087235164,10000,359876,5388,ANTICLOCKWISE
588010359088152771,10000,359885,3351,ANTICLOCKWISE
588010359599268374,10000,346709,4902,ANTICLOCKWISE
588010359599464945,10000,348151,5125,ANTICLOCKWISE
588010359599530494,10000,346712,2974,ANTICLOCKWISE
588010359599727078,10000,348154,1309,ANTICLOCKWISE
588010359599989295,10000,348156,2551,ANTICLOCKWISE
588010359601037635,10000,349604,8302,CLOCKWISE
588010359602872680,10000,351059,7524,CLOCKWISE
588010359602937968,10000,351060,5143,ANTICLOCKWISE
588010359602938138,10000,351060,5645,ANTICLOCKWISE
588010359605887231,10000,353963,2004,CLOCKWISE
588010359606214944,10000,352528,5240,CLOCKWISE
588010359607394422,10000,353977,523,ANTICLOCKWISE
588010359607525577,10000,355416,2186,ANTICLOCKWISE
588010359608836263,10000,355428,1044,ANTICLOCKWISE
588010359609163928,10000,355431,2904,CLOCKWISE
588010359609163998,10000,355431,5173,CLOCKWISE
588010359609491553,10000,355434,6792,CLOCKWISE
588010359609622683,10000,355435,10015,ANTICLOCKWISE
588010359609622695,10000,355435,10817,CLOCKWISE
588010359613292742,10000,358342,2508,CLOCKWISE
588010359613489320,10000,358344,1449,CLOCKWISE
588010359613554900,10000,358344,4818,CLOCKWISE
588010359613685944,10000,358345,2829,ANTICLOCKWISE
588010359613882514,10000,358347,2201,ANTICLOCKWISE
588010359614799992,10000,359791,5674,CLOCKWISE
588010359616438494,10000,359806,4418,CLOCKWISE
588010359616897170,10000,359811,1467,CLOCKWISE
588010359618011313,10000,361257,1237,ANTICLOCKWISE
588010359618011353,10000,361257,1765,CLOCKWISE
588010359618273343,10000,359823,3410,CLOCKWISE
588010359618273346,10000,359823,3404,CLOCKWISE
588010359620108517,10000,361276,3650,ANTICLOCKWISE
588010359620436109,10000,361279,3358,ANTICLOCKWISE
588010359621026040,10000,361285,1489,CLOCKWISE
588010359621550326,10000,361289,4459,ANTICLOCKWISE
588010359621550342,10000,361289,4907,ANTICLOCKWISE
588010359622860916,10000,361301,2669,ANTICLOCKWISE
588010359623123083,10000,361304,271,CLOCKWISE
588010359624695892,10000,362753,2745,ANTICLOCKWISE
588010359625220209,10000,362758,5598,ANTICLOCKWISE
588010359625285935,10000,361324,2118,CLOCKWISE
588010360138629389,10000,352487,6617,CLOCKWISE
588010360143216749,10000,355405,4185,ANTICLOCKWISE
588010360144986119,10000,358294,4468,ANTICLOCKWISE
588010360145969408,10000,358304,3334,ANTICLOCKWISE
588010360148590788,10000,359764,997,CLOCKWISE
588010360150032526,10000,359777,432,ANTICLOCKWISE
588010360151343256,10000,361224,6305,CLOCKWISE
588010360152260860,10000,362668,3551,ANTICLOCKWISE
588010360152522912,10000,361235,6786,ANTICLOCKWISE
588010360152981668,10000,362675,800,ANTICLOCKWISE
588010360155275520,10000,362696,1062,CLOCKWISE
588010360155406479,10000,362697,555,ANTICLOCKWISE
588010360155930763,10000,364136,1201,ANTICLOCKWISE
588010360156651685,10000,364142,3836,CLOCKWISE
588010360158027993,10000,364155,2066,ANTICLOCKWISE
588010360158159067,10000,364156,2781,ANTICLOCKWISE
588010360158421216,10000,364159,37,ANTICLOCKWISE
588010360158945395,10000,364163,1656,ANTICLOCKWISE
588010360159207586,10000,362731,3905,CLOCKWISE
588010360159207589,10000,364165,4377,CLOCKWISE
588010360162025629,10000,364191,7883,ANTICLOCKWISE
588010360689131780,10000,364102,3580,ANTICLOCKWISE
588010360694964375,10000,365589,5243,ANTICLOCKWISE
588010360695029968,10000,367023,4076,CLOCKWISE
588010360695816357,10000,365597,2281,CLOCKWISE
588010360696537193,10000,365604,643,CLOCKWISE
588010360698896515,10000,367058,9074,ANTICLOCKWISE
588010877680877648,10000,352641,7700,ANTICLOCKWISE
588010877686186088,10000,354128,3955,CLOCKWISE
588010877687759015,10000,354142,11222,ANTICLOCKWISE
588010877688021123,10000,354145,3173,CLOCKWISE
588010877688479893,10000,352711,4791,CLOCKWISE
588010877689331805,10000,352719,2521,CLOCKWISE
588010877692412107,10000,352747,3454,ANTICLOCKWISE
588010877693001934,10000,352752,4262,ANTICLOCKWISE
588010877694443662,10000,352765,9031,ANTICLOCKWISE
588010877696475253,10000,351346,2591,CLOCKWISE
588010878218928262,10000,355529,289,ANTICLOCKWISE
588010878218993797,10000,355529,3423,CLOCKWISE
588010878219714651,10000,354097,5721,ANTICLOCKWISE
588010878220107923,10000,355539,4936,CLOCKWISE
588010878220959972,10000,355547,3330,CLOCKWISE
588010878221287620,10000,355550,4123,ANTICLOCKWISE
588010878224564362,10000,355580,3814,ANTICLOCKWISE
588010878225547323,10000,355589,1873,ANTICLOCKWISE
588010878225547331,10000,355589,1912,ANTICLOCKWISE
588010878227447928,10000,355606,9071,CLOCKWISE
588010878229414102,10000,355625,419,CLOCKWISE
588010878229479570,10000,355625,2478,CLOCKWISE
588010878229872817,10000,354190,5845,ANTICLOCKWISE
588010878230265982,10000,355632,2269,ANTICLOCKWISE
588010878231183524,10000,354203,661,CLOCKWISE
588010878232035506,10000,354210,9615,CLOCKWISE
588010878233018640,10000,354219,5601,CLOCKWISE
588010878233673908,10000,354225,10415,ANTICLOCKWISE
588010878753898718,10000,355511,3779,CLOCKWISE
588010878758027421,10000,358422,2497,CLOCKWISE
588010878759403656,10000,358434,3376,CLOCKWISE
588010878761762943,10000,358456,1300,CLOCKWISE
588010878766022725,10000,357059,381,ANTICLOCKWISE
588010878766153841,10000,357060,2296,ANTICLOCKWISE
588010878767071420,10000,357068,5427,ANTICLOCKWISE
588010878767202547,10000,357070,1938,CLOCKWISE
588010878769365089,10000,357089,8229,CLOCKWISE
588010878771134573,10000,355668,5719,CLOCKWISE
588010878772052113,10000,355677,4192,CLOCKWISE
588010879295553697,10000,359864,1460,ANTICLOCKWISE
588010879298306178,10000,359889,886,CLOCKWISE
588010879298306217,10000,361325,3646,ANTICLOCKWISE
588010879299420355,10000,359899,5698,ANTICLOCKWISE
588010879299879048,10000,359903,3716,CLOCKWISE
588010879300206732,10000,361342,5069,ANTICLOCKWISE
588010879304269977,10000,359943,5325,CLOCKWISE
588010879304859755,10000,359949,1964,ANTICLOCKWISE
588010879306039459,10000,358524,2721,CLOCKWISE
588010879306956950,10000,358532,1441,ANTICLOCKWISE
588010879308005475,10000,358541,5845,ANTICLOCKWISE
588010879308529901,10000,357111,966,ANTICLOCKWISE
588010879308595385,10000,358547,4957,CLOCKWISE
588010879308791978,10000,358549,764,CLOCKWISE
588010879828426840,10000,361263,2546,ANTICLOCKWISE
588010879832162380,10000,362732,3959,CLOCKWISE
588010879833014284,10000,362740,2551,CLOCKWISE
588010879834325223,10000,362752,4163,ANTICLOCKWISE
588010879840813144,10000,361376,7019,CLOCKWISE
588010879842517186,10000,361392,4115,CLOCKWISE
588010879843500082,10000,361401,2578,CLOCKWISE
588010879844548753,10000,361411,1186,ANTICLOCKWISE
588010879844745351,10000,361413,1006,CLOCKWISE
588010879845466367,10000,359983,2492,CLOCKWISE
588010879845531674,10000,359983,6480,CLOCKWISE
588010879846056150,10000,359988,6569,ANTICLOCKWISE
588010879846121633,10000,361425,6513,CLOCKWISE
588010880365887632,10000,365571,5352,ANTICLOCKWISE
588010880366542936,10000,364143,5669,CLOCKWISE
588010880367722673,10000,365588,3632,ANTICLOCKWISE
588010880367853676,10000,364156,1315,CLOCKWISE
588010880368902308,10000,365599,3614,ANTICLOCKWISE
588010880369098848,10000,364167,689,ANTICLOCKWISE
588010880371261570,10000,365621,1606,ANTICLOCKWISE
588010880371392688,10000,364188,3432,ANTICLOCKWISE
588010880371720252,10000,365625,1027,CLOCKWISE
588010880376111199,10000,364231,1944,ANTICLOCKWISE
588010880376635528,10000,364236,1275,ANTICLOCKWISE
588010880378077312,10000,364249,3831,ANTICLOCKWISE
588010880378208392,10000,364250,3209,ANTICLOCKWISE
588010880379846802,10000,364265,5256,CLOCKWISE
588010880380764271,10000,364273,5255,CLOCKWISE
588010880382271655,10000,362853,4503,ANTICLOCKWISE
588010880632881257,10000,364124,3722,ANTICLOCKWISE
588013382183616946,10000,482165,1995,ANTICLOCKWISE
588013382184927530,10000,493598,3532,ANTICLOCKWISE
588013382185975831,10000,501086,3357,ANTICLOCKWISE
588013382718062799,10000,462593,4304,ANTICLOCKWISE
588013382719635847,10000,477002,2025,CLOCKWISE
588013382720749656,10000,486000,4986,CLOCKWISE
588013382721012086,10000,488544,3349,ANTICLOCKWISE
588013382721601923,10000,492339,2112,CLOCKWISE
588013382721667456,10000,493597,916,CLOCKWISE
588013382722584837,10000,499845,2549,ANTICLOCKWISE
588013382723699074,10000,509674,537,ANTICLOCKWISE
588013382724092105,10000,512097,1257,CLOCKWISE
588013382724288831,10000,514506,3991,ANTICLOCKWISE
588013383255458379,10000,469179,6661,CLOCKWISE
588013383256441335,10000,477000,6745,ANTICLOCKWISE
588013383256637970,10000,479586,3743,ANTICLOCKWISE
588013383256834478,10000,480874,6417,CLOCKWISE
588013383256965399,10000,482160,2607,CLOCKWISE
588013383257424217,10000,485998,1661,CLOCKWISE
588013383257620863,10000,487272,1515,CLOCKWISE
588013383257621120,10000,487272,3605,CLOCKWISE
588013383257948351,10000,489810,5411,ANTICLOCKWISE
588013383258079569,10000,491074,4672,ANTICLOCKWISE
588013383258866056,10000,497352,706,ANTICLOCKWISE
588013383259193645,10000,499842,3160,CLOCKWISE
588013383259586796,10000,503551,2216,CLOCKWISE
588013383260045351,10000,507232,4560,ANTICLOCKWISE
588013383260766535,10000,512095,828,ANTICLOCKWISE
588013383261749553,10000,519284,4740,ANTICLOCKWISE
588013383261749636,10000,520469,770,CLOCKWISE
588013383792132550,10000,467866,1656,ANTICLOCKWISE
588013383792263556,10000,469178,4676,CLOCKWISE
588013383792853166,10000,474402,4008,ANTICLOCKWISE
588013383793836569,10000,483440,4076,CLOCKWISE
588013383797506299,10000,512093,1886,CLOCKWISE
588013383797571836,10000,513299,79,CLOCKWISE
588015507653329011,10000,325998,2920,ANTICLOCKWISE
588015507657392251,10000,326035,5939,CLOCKWISE
588015507658834108,10000,324608,8809,CLOCKWISE
588015507659817074,10000,323177,7491,ANTICLOCKWISE
588015507660013666,10000,323179,3037,CLOCKWISE
588015507661389943,10000,324632,2675,CLOCKWISE
588015507661652183,10000,323194,4481,CLOCKWISE
588015507665715338,10000,323231,7455,ANTICLOCKWISE
588015507666042980,10000,323234,6574,ANTICLOCKWISE
588015507666174106,10000,323235,6533,ANTICLOCKWISE
588015507666305109,10000,323236,10161,ANTICLOCKWISE
588015507668598924,10000,323258,2192,ANTICLOCKWISE
588015507670433913,10000,324714,5994,CLOCKWISE
588015507671220415,10000,324721,6422,ANTICLOCKWISE
588015507671941273,10000,323288,6629,ANTICLOCKWISE
588015507675021339,10000,323316,5298,CLOCKWISE
588015507676463218,10000,323329,8090,ANTICLOCKWISE
588015507676725479,10000,323332,5558,CLOCKWISE
588015507678757113,10000,324790,5586,CLOCKWISE
588015507678888096,10000,323351,5270,ANTICLOCKWISE
588015507679019177,10000,323353,1907,ANTICLOCKWISE
588015507679477968,10000,323357,2977,ANTICLOCKWISE
588015507680198768,10000,323363,3340,ANTICLOCKWISE
588015507680723132,10000,324808,4200,ANTICLOCKWISE
588015507681181854,10000,323372,4727,CLOCKWISE
588015507682033802,10000,324820,2886,CLOCKWISE
588015507682033822,10000,323380,3458,CLOCKWISE
588015507682033842,10000,324820,3552,CLOCKWISE
588015507682951317,10000,323389,2120,ANTICLOCKWISE
588015507683672223,10000,324835,4353,CLOCKWISE
588015508190658652,10000,327442,9032,CLOCKWISE
588015508196032685,10000,326051,7990,ANTICLOCKWISE
588015508196819232,10000,326059,1253,CLOCKWISE
588015508196884558,10000,326059,6994,ANTICLOCKWISE
588015508197212201,10000,326062,5637,CLOCKWISE
588015508197671078,10000,326066,9422,CLOCKWISE
588015508197736554,10000,326067,2330,ANTICLOCKWISE
588015508198195298,10000,326071,3889,ANTICLOCKWISE
588015508198457498,10000,326073,8451,ANTICLOCKWISE
588015508198981730,10000,326078,6333,ANTICLOCKWISE
588015508201996416,10000,326106,5595,CLOCKWISE
588015508202717324,10000,326112,10297,ANTICLOCKWISE
588015508202979439,10000,326115,1513,ANTICLOCKWISE
588015508203176133,10000,326116,9522,ANTICLOCKWISE
588015508204224623,10000,326126,4296,ANTICLOCKWISE
588015508204290198,10000,326126,9985,ANTICLOCKWISE
588015508209074314,10000,326170,6927,CLOCKWISE
588015508209336477,10000,326173,3277,ANTICLOCKWISE
588015508209991889,10000,326179,3119,ANTICLOCKWISE
588015508210843842,10000,326187,3107,CLOCKWISE
588015508212613261,10000,326203,311,CLOCKWISE
588015508212809873,10000,326205,2980,CLOCKWISE
588015508215496962,10000,326229,3064,ANTICLOCKWISE
588015508216217738,10000,326236,506,CLOCKWISE
588015508216348863,10000,326237,2690,CLOCKWISE
588015508216479958,10000,326238,4248,CLOCKWISE
588015508216610932,10000,326239,2763,ANTICLOCKWISE
588015508216611023,10000,326239,5021,CLOCKWISE
588015508218577082,10000,326257,4071,ANTICLOCKWISE
588015508219166879,10000,326263,85,ANTICLOCKWISE
588015508219822168,10000,326269,124,CLOCKWISE
588015508219887644,10000,326269,4231,ANTICLOCKWISE
588015508221722857,10000,326286,1951,ANTICLOCKWISE
588015508728447099,10000,330331,1875,ANTICLOCKWISE
588015508729888889,10000,330344,238,ANTICLOCKWISE
588015508730151011,10000,330346,5928,ANTICLOCKWISE
588015508730478767,10000,330349,8943,CLOCKWISE
588015508735721557,10000,327517,5992,CLOCKWISE
588015508737753185,10000,328975,8414,CLOCKWISE
588015508738146429,10000,328979,8702,ANTICLOCKWISE
588015508738539642,10000,328983,2264,CLOCKWISE
588015508741095567,10000,329006,6508,ANTICLOCKWISE
588015508741423248,10000,327569,8334,CLOCKWISE
588015508741881988,10000,329013,9290,ANTICLOCKWISE
588015508743585912,10000,329029,6383,ANTICLOCKWISE
588015508744110215,10000,329034,178,ANTICLOCKWISE
588015508745158845,10000,329044,117,ANTICLOCKWISE
588015508745420967,10000,329046,571,ANTICLOCKWISE
588015508746535131,10000,329056,3188,ANTICLOCKWISE
588015508746993889,10000,329060,7195,ANTICLOCKWISE
588015508747321617,10000,329063,5654,CLOCKWISE
588015508747780123,10000,329067,6698,CLOCKWISE
588015508747780282,10000,329067,7556,CLOCKWISE
588015508747845889,10000,329068,3201,CLOCKWISE
588015508750663688,10000,329093,9558,CLOCKWISE
588015508750794872,10000,329095,5113,ANTICLOCKWISE
588015508751450267,10000,329101,4126,ANTICLOCKWISE
588015508751646868,10000,329103,3087,ANTICLOCKWISE
588015508751909007,10000,329105,1655,ANTICLOCKWISE
588015508754923660,10000,327693,493,CLOCKWISE
588015508757020883,10000,329152,1670,ANTICLOCKWISE
588015508757676287,10000,329158,1175,CLOCKWISE
588015508757807296,10000,329159,668,ANTICLOCKWISE
588015508757872918,10000,329159,4700,ANTICLOCKWISE
588015509266628819,10000,331782,7647,ANTICLOCKWISE
588015509267087566,10000,331787,2609,CLOCKWISE
588015509267415131,10000,333229,12205,CLOCKWISE
588015509267677194,10000,331792,4808,CLOCKWISE
588015509270823089,10000,331821,8380,CLOCKWISE
588015509271281831,10000,331825,5875,ANTICLOCKWISE
588015509272264782,10000,330394,5016,CLOCKWISE
588015509272330332,10000,330394,12704,ANTICLOCKWISE
588015509272395861,10000,331835,7642,ANTICLOCKWISE
588015509272723542,10000,331838,7158,CLOCKWISE
588015509272723552,10000,330398,7499,ANTICLOCKWISE
588015509272985710,10000,331841,2089,ANTICLOCKWISE
588015509273182266,10000,330402,6671,CLOCKWISE
588015509273706617,10000,330407,11032,CLOCKWISE
588015509273772163,10000,331848,2564,CLOCKWISE
588015509274165442,10000,330411,8878,CLOCKWISE
588015509275410489,10000,331863,2025,ANTICLOCKWISE
588015509275672665,10000,330425,6581,CLOCKWISE
588015509277769830,10000,331884,10771,CLOCKWISE
588015509278031994,10000,330446,10786,CLOCKWISE
588015509278359711,10000,330450,624,ANTICLOCKWISE
588015509278687326,10000,331892,9595,CLOCKWISE
588015509280522376,10000,330469,16172,ANTICLOCKWISE
588015509281439955,10000,331918,5115,ANTICLOCKWISE
588015509282685049,10000,330489,5460,ANTICLOCKWISE
588015509283405991,10000,330496,5468,CLOCKWISE
588015509289500781,10000,330552,582,CLOCKWISE
588015509290877116,10000,330564,4350,ANTICLOCKWISE
588015509294088358,10000,332033,3577,ANTICLOCKWISE
588015509294153948,10000,330594,3659,CLOCKWISE
588015509801402483,10000,334643,7184,ANTICLOCKWISE
588015509802057817,10000,334649,5405,CLOCKWISE
588015509802975413,10000,334658,4519,CLOCKWISE
588015509803041000,10000,334658,8495,CLOCKWISE
588015509803827253,10000,334665,10829,CLOCKWISE
588015509806055495,10000,334686,6364,CLOCKWISE
588015509806776498,10000,333253,1112,ANTICLOCKWISE
588015509807366248,10000,333258,3698,ANTICLOCKWISE
588015509807431861,10000,333259,2804,CLOCKWISE
588015509807825051,10000,333262,10869,CLOCKWISE
588015509809135916,10000,333274,9646,ANTICLOCKWISE
588015509809594452,10000,333278,15347,CLOCKWISE
588015509810774167,10000,333289,6046,ANTICLOCKWISE
588015509811691696,10000,333297,7668,ANTICLOCKWISE
588015509811822686,10000,333298,9975,CLOCKWISE
588015509816738033,10000,333343,15559,CLOCKWISE
588015509817000088,10000,333346,9678,CLOCKWISE
588015509817589919,10000,333351,12140,CLOCKWISE
588015509818310801,10000,333358,4975,CLOCKWISE
588015509819228221,10000,333366,6544,CLOCKWISE
588015509819425030,10000,333368,9008,ANTICLOCKWISE
588015509821128887,10000,333384,989,ANTICLOCKWISE
588015509822767295,10000,333399,600,ANTICLOCKWISE
588015509824143653,10000,333411,7665,ANTICLOCKWISE
588015509826109486,10000,333429,4148,ANTICLOCKWISE
588015509826568345,10000,333433,3043,ANTICLOCKWISE
588015509826961538,10000,333437,1683,CLOCKWISE
588015509827354918,10000,333441,714,ANTICLOCKWISE
588015509828075739,10000,333447,2521,ANTICLOCKWISE
588015509830762710,10000,333472,1407,ANTICLOCKWISE
588015510337814649,10000,337519,7107,CLOCKWISE
588015510339256441,10000,337532,7042,ANTICLOCKWISE
588015510339453049,10000,336094,6389,CLOCKWISE
588015510340305065,10000,336102,4389,ANTICLOCKWISE
588015510342467738,10000,337562,2456,CLOCKWISE
588015510342992077,10000,337566,6917,ANTICLOCKWISE
588015510343516321,10000,334691,7262,CLOCKWISE
588015510343712891,10000,336133,3553,ANTICLOCKWISE
588015510344237233,10000,336138,5509,ANTICLOCKWISE
588015510344958052,10000,336144,6120,CLOCKWISE
588015510345810060,10000,336152,8003,ANTICLOCKWISE
588015510345875606,10000,334713,6130,CLOCKWISE
588015510346465416,10000,336158,9892,CLOCKWISE
588015510346793148,10000,336161,6119,CLOCKWISE
588015510346858598,10000,336161,11904,CLOCKWISE
588015510347579555,10000,336169,1883,CLOCKWISE
588015510347907217,10000,336171,12395,ANTICLOCKWISE
588015510349611150,10000,336187,7318,ANTICLOCKWISE
588015510350594134,10000,336196,6676,ANTICLOCKWISE
588015510350790776,10000,336198,972,CLOCKWISE
588015510353805429,10000,336225,6227,ANTICLOCKWISE
588015510354722937,10000,336234,3730,CLOCKWISE
588015510354854090,10000,336235,3355,CLOCKWISE
588015510355116234,10000,336237,7339,ANTICLOCKWISE
588015510355509476,10000,336241,4158,CLOCKWISE
588015510355574945,10000,336242,1065,CLOCKWISE
588015510355771608,10000,336243,7008,ANTICLOCKWISE
588015510356099203,10000,336246,9222,ANTICLOCKWISE
588015510356885709,10000,334814,956,CLOCKWISE
588015510356951143,10000,336254,2507,CLOCKWISE
588015510357016714,10000,336254,8387,CLOCKWISE
588015510357934243,10000,334823,7798,ANTICLOCKWISE
588015510358589591,10000,336269,6097,CLOCKWISE
588015510359507053,10000,336277,14474,CLOCKWISE
588015510359703672,10002,336279,14871,ANTICLOCKWISE
588015510360227962,10000,336284,2849,ANTICLOCKWISE
588015510362194078,10000,336302,2181,CLOCKWISE
588015510362390602,10000,336304,3903,ANTICLOCKWISE
588015510364291140,10000,336321,2968,ANTICLOCKWISE
588015510364881201,10000,336326,4134,CLOCKWISE
588015510366912833,10000,336345,3458,ANTICLOCKWISE
588015510368157881,10000,336357,500,ANTICLOCKWISE
588016839633862887,10000,458644,6105,CLOCKWISE
588016839634059581,10000,461303,739,CLOCKWISE
588016839635894506,10000,473144,1044,ANTICLOCKWISE
588016839636680762,10000,478338,3435,ANTICLOCKWISE
588016839637991639,10000,487318,3332,CLOCKWISE
588016839638647021,10000,491123,741,ANTICLOCKWISE
588016839638974493,10000,493643,118,ANTICLOCKWISE
588016839639236881,10000,494900,891,ANTICLOCKWISE
588016839639564461,10000,496153,3208,ANTICLOCKWISE
588016840166146698,10000,426037,4431,CLOCKWISE
588016840167326340,10000,435670,930,CLOCKWISE
588016840167457435,10000,437038,2375,ANTICLOCKWISE
588016840167653782,10000,437039,4529,ANTICLOCKWISE
588016840168571107,10000,445208,3032,CLOCKWISE
588016840170209545,10000,455975,4445,ANTICLOCKWISE
588016840172110100,10000,470528,5098,ANTICLOCKWISE
588016840172896306,10000,475744,3940,CLOCKWISE
588016840173617345,10000,480916,837,CLOCKWISE
588016840174796997,10000,488586,3908,CLOCKWISE
588016840704065765,10000,435668,740,CLOCKWISE
588016840704393547,10000,438402,6528,CLOCKWISE
588016840704983612,10000,442491,5044,ANTICLOCKWISE
588016840705704048,10000,447911,2488,CLOCKWISE
588016840706228747,10000,451951,2653,ANTICLOCKWISE
588016840706359798,10000,453293,3913,ANTICLOCKWISE
588016840707276994,10000,461297,3098,CLOCKWISE
588016840707277213,10000,459970,1299,ANTICLOCKWISE
588016840707473900,10000,462623,2591,ANTICLOCKWISE
588016840709046649,10000,473138,2175,CLOCKWISE
588016840710684964,10000,483482,5440,CLOCKWISE
588016840711012551,10000,486038,5535,ANTICLOCKWISE
588016840711733540,10000,489852,5222,ANTICLOCKWISE
588016840712126620,10000,492379,4026,CLOCKWISE
588016840712257647,10000,493638,1423,CLOCKWISE
588016840712323152,10000,494892,4904,CLOCKWISE
588016840712323169,10000,494893,550,ANTICLOCKWISE
588016840712323293,10000,494892,3363,ANTICLOCKWISE
588016840713306269,10000,499888,1105,ANTICLOCKWISE
588016841241133661,10000,439764,4604,CLOCKWISE
588016841241395775,10000,441127,3697,ANTICLOCKWISE
588016841241461179,10000,442487,1446,CLOCKWISE
588016841241526895,10000,442488,856,ANTICLOCKWISE
588016841243951554,10000,461295,655,ANTICLOCKWISE
588016841245000063,10000,469211,1124,ANTICLOCKWISE
588016841246572837,10000,479621,2223,ANTICLOCKWISE
588016841247031474,10000,482196,2245,CLOCKWISE
588016841247162699,10000,483478,4387,CLOCKWISE
588016841249259733,10000,496143,3381,ANTICLOCKWISE
588016841249652771,10000,498640,3312,CLOCKWISE
588016841249849513,10000,499884,3838,ANTICLOCKWISE
588016841785999619,10000,497390,4125,CLOCKWISE
588016841786982597,10000,503592,2506,CLOCKWISE
588016878285226540,10000,432928,3032,ANTICLOCKWISE
588016878285292061,10000,432929,654,CLOCKWISE
588016878285619714,10000,435671,6253,ANTICLOCKWISE
588016878288240974,10000,455975,1947,ANTICLOCKWISE
588016878289879047,10000,466591,2864,ANTICLOCKWISE
588016878290600151,10000,473141,4937,ANTICLOCKWISE
588016878291124448,10000,475745,3763,CLOCKWISE
588016878292435132,10000,484766,3836,ANTICLOCKWISE
588016878292500665,10000,484766,6376,ANTICLOCKWISE
588016878292566207,10000,484767,3032,CLOCKWISE
588016878292893841,10000,487317,5055,CLOCKWISE
588016878293549331,10000,491122,1772,ANTICLOCKWISE
588016878294270114,10000,496151,1781,CLOCKWISE
588016878821114470,10000,427416,2109,ANTICLOCKWISE
588016878821507854,10000,430174,5404,ANTICLOCKWISE
588016878821638746,10000,430175,3954,ANTICLOCKWISE
588016878823211423,10000,443850,2610,CLOCKWISE
588016878823407951,10000,445206,3499,ANTICLOCKWISE
588016878824194243,10000,450607,944,CLOCKWISE
588016878825898217,10000,463947,1962,CLOCKWISE
588016878828978401,10000,484763,2291,ANTICLOCKWISE
588016878830289109,10000,492380,4153,CLOCKWISE
588016879358050872,10000,428793,3056,CLOCKWISE
588016879358050976,10000,428793,5774,ANTICLOCKWISE
588016879358378629,10000,431549,256,CLOCKWISE
588016879359623611,10000,441128,5640,CLOCKWISE
588016879360868692,10000,450605,280,ANTICLOCKWISE
588016879361196050,10000,453291,5391,ANTICLOCKWISE
588016879361786242,10000,458636,4835,ANTICLOCKWISE
588016879362375937,10000,462622,1506,CLOCKWISE
588016879363424344,10000,469214,1102,CLOCKWISE
588016879365783808,10000,486037,933,ANTICLOCKWISE
588016879366045829,10000,487311,1090,ANTICLOCKWISE
588016879366308011,10000,488582,2589,ANTICLOCKWISE
588016879367028949,10000,493635,3842,ANTICLOCKWISE
588016879367160008,10000,494891,2499,ANTICLOCKWISE
588016879367684350,10000,497395,3671,CLOCKWISE
588016879899967707,10000,469210,3739,ANTICLOCKWISE
588016879900557581,10000,473134,2257,ANTICLOCKWISE
588016879901606068,10000,480908,2114,CLOCKWISE
588016879901671714,10000,480909,623,ANTICLOCKWISE
588016879901671727,10000,480909,604,ANTICLOCKWISE
588016879903703274,10000,494887,5519,CLOCKWISE
588016879903899891,10000,496140,2361,ANTICLOCKWISE
588016879904751844,10000,501122,1739,CLOCKWISE
588016879906193461,10000,508498,3921,ANTICLOCKWISE
588016890633191576,10000,508513,2156,CLOCKWISE
588016891168948383,10000,506062,97,CLOCKWISE
588016891170062549,10000,510941,4108,CLOCKWISE
588016891170455767,10000,513358,1611,CLOCKWISE
588016891706081445,10000,508504,5249,ANTICLOCKWISE
588016891707195478,10000,514558,826,ANTICLOCKWISE
588016892243869771,10000,514556,608,ANTICLOCKWISE
588016892779495565,10000,509717,174,CLOCKWISE
588017564949676166,10000,395515,277,ANTICLOCKWISE
588017564952953023,10000,395544,4639,ANTICLOCKWISE
588017565481566255,10000,394054,1055,CLOCKWISE
588017565481566256,10000,394054,1234,CLOCKWISE
588017565481566257,10000,394054,1252,CLOCKWISE
588017565481566380,10000,394054,3448,ANTICLOCKWISE
588017565484056670,10000,396905,1422,CLOCKWISE
588017565485695034,10000,398331,4820,ANTICLOCKWISE
588017565485695061,10000,396920,229,CLOCKWISE
588017565485760605,10000,396920,2318,CLOCKWISE
588017565486350551,10000,398338,714,CLOCKWISE
588017565488447550,10000,398357,624,ANTICLOCKWISE
588017565489758340,10000,398369,4724,ANTICLOCKWISE
588017565491134637,10000,398381,13069,CLOCKWISE
588017566019485788,10000,396892,526,CLOCKWISE
588017566022435003,10000,399742,387,ANTICLOCKWISE
588017566022565974,10000,399743,357,ANTICLOCKWISE
588017566022697085,10000,399744,1320,CLOCKWISE
588017566023221411,10000,399749,1455,CLOCKWISE
588017566024597623,10000,399761,2669,CLOCKWISE
588017566027481318,10000,401197,388,CLOCKWISE
588017566558322802,10000,401141,5177,ANTICLOCKWISE
588017566562451560,10000,403994,4999,CLOCKWISE
588017566563237958,10000,402594,5349,ANTICLOCKWISE
588017567091851509,10000,401111,857,ANTICLOCKWISE
588017567092310136,10000,401115,2678,ANTICLOCKWISE
588017567092572251,10000,401117,6470,ANTICLOCKWISE
588017567094931595,10000,403954,2298,CLOCKWISE
588017567097028726,10000,405378,2388,CLOCKWISE
588017567097094235,10000,405379,225,CLOCKWISE
588017567097356399,10000,405381,1822,ANTICLOCKWISE
588017567098208464,10000,405389,4375,ANTICLOCKWISE
588017567099191494,10000,405398,1194,ANTICLOCKWISE
588017567100043344,10000,405405,6765,ANTICLOCKWISE
588017567100108941,10000,405406,3479,CLOCKWISE
588017567101878426,10000,405423,2223,ANTICLOCKWISE
588017567631736892,10000,406762,4313,CLOCKWISE
588017567632064616,10000,406765,5849,ANTICLOCKWISE
588017567633965142,10000,406783,314,CLOCKWISE
588017567635079277,10000,406793,3117,ANTICLOCKWISE
588017567635734598,10000,406799,2793,ANTICLOCKWISE
588017567635996819,10000,408204,4646,CLOCKWISE
588017567636127801,10000,408205,3891,CLOCKWISE
588017567636652050,10000,408210,3032,CLOCKWISE
588017567637241957,10000,408216,594,CLOCKWISE
588017567637307688,10000,408217,143,ANTICLOCKWISE
588017567638093937,10000,408224,1378,CLOCKWISE
588017569237631109,10000,395567,5713,CLOCKWISE
588017569238024286,10000,395571,2578,CLOCKWISE
588017569239138462,10000,395581,2581,CLOCKWISE
588017569240055981,10000,394175,1456,CLOCKWISE
588017569240186977,10000,395590,5513,ANTICLOCKWISE
588017569773846656,10000,398386,9542,ANTICLOCKWISE
588017569773846658,10000,398386,9457,ANTICLOCKWISE
588017569774436479,10002,396980,864,ANTICLOCKWISE
588017569776337168,10000,398409,2401,ANTICLOCKWISE
588017569780334746,10000,394206,298,CLOCKWISE
588017570315698309,10000,398432,2235,ANTICLOCKWISE
588017570315829371,10000,398433,1956,CLOCKWISE
588017570316484754,10000,397027,1075,CLOCKWISE
588017570316877995,10000,397030,5945,CLOCKWISE
588017570847588437,10000,404021,6605,CLOCKWISE
588017570847719602,10000,404023,450,CLOCKWISE
588017570848899251,10000,402626,6641,ANTICLOCKWISE
588017570850996396,10000,401237,5540,ANTICLOCKWISE
588017570850996497,10000,401238,298,CLOCKWISE
588017570854076563,10000,398446,2036,CLOCKWISE
588017571384721552,10000,405428,4890,ANTICLOCKWISE
588017571385180332,10000,405433,2623,ANTICLOCKWISE
588017571386032264,10000,405440,3196,CLOCKWISE
588017571386097771,10000,404036,2073,CLOCKWISE
588017571386359995,10000,404039,161,CLOCKWISE
588017571386753157,10000,405447,2613,CLOCKWISE
588017571387998365,10000,404053,5064,CLOCKWISE
588017571388194875,10000,402649,325,ANTICLOCKWISE
588017571388194877,10000,402649,498,ANTICLOCKWISE
588017571390095504,10000,401257,5478,CLOCKWISE
588017571390947491,10000,401266,682,CLOCKWISE
588017571921395893,10000,408234,2122,ANTICLOCKWISE
588017571923427437,10000,406849,3268,ANTICLOCKWISE
588017571923755086,10000,406852,2819,ANTICLOCKWISE
588017571923951748,10000,406854,2853,CLOCKWISE
588017571926179977,10000,405471,1186,CLOCKWISE
588017571927294149,10000,404076,2485,ANTICLOCKWISE
588017603627188447,10000,511246,820,ANTICLOCKWISE
588017603627909257,10000,507606,2096,CLOCKWISE
588017604164124785,10000,512454,3489,ANTICLOCKWISE
588017604165304514,10000,506389,4825,CLOCKWISE
588017605775786177,10000,512465,4621,ANTICLOCKWISE
588017605776244884,10000,510050,4088,ANTICLOCKWISE
588017605776310511,10000,508835,3817,CLOCKWISE
588017625634701368,10000,514856,2064,CLOCKWISE
588017626172555579,10000,511252,689,CLOCKWISE
588017627246035221,10000,516062,2296,ANTICLOCKWISE
588017627246297285,10000,514867,1229,CLOCKWISE
588017627246428454,10000,513667,144,ANTICLOCKWISE
588017627782840477,10000,517257,1481,CLOCKWISE
588017677155041452,10000,384000,3445,CLOCKWISE
588017677156810941,10000,388280,1277,ANTICLOCKWISE
588017677692895462,10000,388272,4152,CLOCKWISE
588017677694075059,10000,392537,2505,ANTICLOCKWISE
588017678228914315,10000,389683,3103,ANTICLOCKWISE
588017678229045253,10000,389684,4305,ANTICLOCKWISE
588017678229110981,10000,389685,2880,ANTICLOCKWISE
588017678230028561,10000,392529,1283,ANTICLOCKWISE
588017678230683802,10000,393950,3505,CLOCKWISE
588017678766702684,10000,393942,5872,CLOCKWISE
588017678767620262,10000,396779,3821,CLOCKWISE
588017702383517823,10000,389766,3350,ANTICLOCKWISE
588017702385287307,10000,391200,6213,ANTICLOCKWISE
588017702385811580,10000,391205,3278,ANTICLOCKWISE
588017702386008233,10000,392624,938,ANTICLOCKWISE
588017702387253363,10000,392635,4899,CLOCKWISE
588017702393937982,10000,396940,6283,ANTICLOCKWISE
588017702395248729,10000,396953,626,CLOCKWISE
588017702395904021,10000,396958,7891,CLOCKWISE
588017702395904032,10000,396958,7952,CLOCKWISE
588017702395969555,10000,396959,1945,CLOCKWISE
588017702396756111,10000,396966,5549,CLOCKWISE
588017702396887117,10000,396967,9510,ANTICLOCKWISE
588017702397280353,10000,396971,2336,ANTICLOCKWISE
588017702398591107,10000,396983,3863,CLOCKWISE
588017702401278073,10000,395595,1041,ANTICLOCKWISE
588017702401278092,10000,395595,1889,ANTICLOCKWISE
588017702401540204,10000,395597,4643,ANTICLOCKWISE
588017702401998975,10000,394186,5780,CLOCKWISE
588017702402785397,10000,395608,4186,CLOCKWISE
588017702402850910,10000,394194,1708,CLOCKWISE
588017702403244170,10000,394198,2602,ANTICLOCKWISE
588017702404030676,10000,394205,2978,ANTICLOCKWISE
588017702404882660,10000,392797,2223,ANTICLOCKWISE
588017702405013760,10000,392798,1037,CLOCKWISE
588017702405734546,10000,392804,5897,ANTICLOCKWISE
588017702406652124,10000,391396,2922,ANTICLOCKWISE
588017702407438542,10000,389985,4582,ANTICLOCKWISE
588017702408749228,10000,387158,4446,CLOCKWISE
588017702409732251,10000,387167,4293,CLOCKWISE
588017702409863413,10000,385748,1626,ANTICLOCKWISE
588017702410715266,10000,385755,2813,CLOCKWISE
588017702411042960,10000,384336,2377,CLOCKWISE
588017702413861143,10000,380090,5277,ANTICLOCKWISE
588017702414057751,10000,380092,4375,ANTICLOCKWISE
588017702414123260,10000,378667,930,CLOCKWISE
588017702920323191,10000,391183,6140,ANTICLOCKWISE
588017702922748004,10000,394038,5594,ANTICLOCKWISE
588017702927794420,10000,398325,1580,CLOCKWISE
588017702927925381,10000,398326,4054,CLOCKWISE
588017702928056434,10000,398327,4311,ANTICLOCKWISE
588017702928515203,10000,398331,4107,CLOCKWISE
588017702931726416,10000,399772,1178,ANTICLOCKWISE
588017702933823632,10000,399791,6122,CLOCKWISE
588017702934282342,10000,399795,8671,CLOCKWISE
588017702937034910,10000,398410,712,CLOCKWISE
588017702938083624,10000,398419,1900,CLOCKWISE
588017702938804386,10000,398426,379,ANTICLOCKWISE
588017702939459711,10000,397020,573,ANTICLOCKWISE
588017702939918519,10000,397024,2183,CLOCKWISE
588017702941818917,10000,395628,4156,CLOCKWISE
588017702942277931,10000,394218,1210,CLOCKWISE
588017702943064277,10000,392809,484,CLOCKWISE
588017702944440519,10000,392821,4418,CLOCKWISE
588017702946406516,10000,390004,4984,CLOCKWISE
588017702946930712,10000,388590,3476,CLOCKWISE
588017702947127594,10000,388592,3769,ANTICLOCKWISE
588017702948372510,10000,387183,4305,ANTICLOCKWISE
588017702948896996,10000,385767,4413,ANTICLOCKWISE
588017702950338844,10000,382936,1589,CLOCKWISE
588017702950338850,10000,382936,1608,CLOCKWISE
588017702950731988,10000,381515,3025,ANTICLOCKWISE
588017702951059777,10000,381518,5756,CLOCKWISE
588017702951584007,10000,380098,3979,CLOCKWISE
588017702951649644,10000,380099,2491,CLOCKWISE
588017702952436027,10000,378680,3205,ANTICLOCKWISE
588017702952567099,10000,378681,3688,CLOCKWISE
588017702953222499,10000,375832,5048,CLOCKWISE
588017702953615563,10000,375836,300,CLOCKWISE
588017702954270962,10000,374413,3066,CLOCKWISE
588017702954926448,10000,372989,2494,ANTICLOCKWISE
588017702955778286,10000,371567,363,ANTICLOCKWISE
588017702958596391,10000,365865,442,ANTICLOCKWISE
588017702958924319,10000,364434,1914,CLOCKWISE
588017702958989954,10000,364434,7911,ANTICLOCKWISE
588017702959120751,10000,363001,7000,CLOCKWISE
588017703455752215,10000,391170,2552,ANTICLOCKWISE
588017703457325246,10000,394017,5538,ANTICLOCKWISE
588017703457914955,10000,394023,457,ANTICLOCKWISE
588017703458570363,10000,395444,3466,CLOCKWISE
588017703458635843,10000,395445,2139,ANTICLOCKWISE
588017703461716118,10000,398298,866,CLOCKWISE
588017703462830232,10000,399719,4592,ANTICLOCKWISE
588017703463092373,10000,399721,5534,ANTICLOCKWISE
588017703464468643,10000,399734,3463,ANTICLOCKWISE
588017703465910542,10000,401156,4056,ANTICLOCKWISE
588017703473840255,10000,401229,904,ANTICLOCKWISE
588017703474167886,10000,401232,773,ANTICLOCKWISE
588017703474364615,10000,401234,688,ANTICLOCKWISE
588017703475937470,10000,399839,2716,ANTICLOCKWISE
588017703477051581,10000,399849,4400,CLOCKWISE
588017703477248138,10000,398440,4814,CLOCKWISE
588017703478362252,10000,397038,4616,CLOCKWISE
588017703478689942,10000,398453,2883,CLOCKWISE
588017703479083175,10000,397045,2235,ANTICLOCKWISE
588017703479672990,10000,395637,4548,CLOCKWISE
588017703480262844,10000,395643,455,ANTICLOCKWISE
588017703481704613,10000,394241,4569,CLOCKWISE
588017703482491118,10000,392832,3657,ANTICLOCKWISE
588017703483998401,10000,390011,2344,CLOCKWISE
588017703484391705,10000,390015,1365,CLOCKWISE
588017703484588162,10000,390016,5512,CLOCKWISE
588017703484719294,10000,390017,5319,ANTICLOCKWISE
588017703485178020,10000,388603,1184,CLOCKWISE
588017703485964500,10000,388610,3047,CLOCKWISE
588017703486619863,10000,387196,4434,ANTICLOCKWISE
588017703486750732,10000,385776,4332,CLOCKWISE
588017703487471824,10000,384361,2515,ANTICLOCKWISE
588017703487602835,10000,384362,2551,CLOCKWISE
588017703487799497,10000,384364,1770,CLOCKWISE
588017703488127229,10000,382944,4988,CLOCKWISE
588017703489110384,10000,381529,2094,ANTICLOCKWISE
588017703489896693,10000,380111,4664,ANTICLOCKWISE
588017703493304824,10000,373003,2091,ANTICLOCKWISE
588017703495336366,10000,367296,10342,CLOCKWISE
588017703495795160,10000,365868,3598,CLOCKWISE
588017703994392720,10000,395434,5249,ANTICLOCKWISE
588017703995637800,10000,398271,1927,ANTICLOCKWISE
588017703996096564,10000,398275,2181,ANTICLOCKWISE
588017703996424209,10000,398278,1354,CLOCKWISE
588017703997538420,10000,399699,4752,CLOCKWISE
588017703999963198,10000,402538,4062,ANTICLOCKWISE
588017704001208436,10000,402550,69,ANTICLOCKWISE
588017704001601666,10000,402553,5562,ANTICLOCKWISE
588017704001667274,10000,403961,3062,CLOCKWISE
588017704001798231,10000,402555,2563,CLOCKWISE
588017704003108996,10000,403974,3894,CLOCKWISE
588017704003174496,10000,403975,2003,ANTICLOCKWISE
588017704006713438,10000,404007,4987,CLOCKWISE
588017704010186943,10000,404039,2845,CLOCKWISE
588017704011300956,10000,402642,3352,CLOCKWISE
588017704012021788,10000,402649,182,ANTICLOCKWISE
588017704012087442,10000,402649,3702,CLOCKWISE
588017704012939417,10000,401249,3514,ANTICLOCKWISE
588017704013791340,10000,401257,2126,ANTICLOCKWISE
588017704014905557,10000,401267,4814,CLOCKWISE
588017704015298723,10000,399862,2349,CLOCKWISE
588017704016085181,10000,398458,2089,ANTICLOCKWISE
588017704016675091,10000,398464,1085,CLOCKWISE
588017704016675117,10000,398464,1929,CLOCKWISE
588017704017854824,10000,397062,6051,ANTICLOCKWISE
588017704019099835,10000,395661,3153,CLOCKWISE
588017704019493042,10000,394249,4760,ANTICLOCKWISE
588017704019558484,10000,394250,4120,ANTICLOCKWISE
588017704020738388,10000,392845,1586,CLOCKWISE
588017704021196905,10000,392849,1974,ANTICLOCKWISE
588017704022966423,10000,390030,4085,CLOCKWISE
588017704023359711,10000,388615,2292,CLOCKWISE
588017704023818476,10000,387199,4116,ANTICLOCKWISE
588017704024670400,10000,387207,2743,ANTICLOCKWISE
588017704025194749,10000,385791,3338,ANTICLOCKWISE
588017704026308944,10000,382956,3799,CLOCKWISE
588017704026439774,10000,382957,5554,CLOCKWISE
588017704026833086,10000,382961,2644,CLOCKWISE
588017704028340563,10000,378700,3902,CLOCKWISE
588017704028537145,10000,378702,1443,CLOCKWISE
588017704029782381,10000,375858,3340,CLOCKWISE
588017704031617410,10000,371586,7133,ANTICLOCKWISE
588017704032403956,10000,368731,504,ANTICLOCKWISE
588017704529625156,10000,396832,3650,ANTICLOCKWISE
588017704532639935,10000,399683,3685,CLOCKWISE
588017704534671499,10000,402519,1110,ANTICLOCKWISE
588017704534868126,10000,402520,3564,CLOCKWISE
588017704537030777,10000,405352,4061,CLOCKWISE
588017704537882726,10000,403955,2043,CLOCKWISE
588017704539848847,10000,406782,2997,ANTICLOCKWISE
588017704540569698,10000,406788,5613,CLOCKWISE
588017704541880472,10000,406800,6406,ANTICLOCKWISE
588017704542273639,10000,406804,3555,CLOCKWISE
588017704544698496,10000,406826,4364,ANTICLOCKWISE
588017704545026296,10000,406829,3644,ANTICLOCKWISE
588017704545681493,10000,406835,4357,CLOCKWISE
588017704546992230,10000,406847,2685,ANTICLOCKWISE
588017704548499460,10000,405457,1566,ANTICLOCKWISE
588017704548565156,10000,405458,1593,CLOCKWISE
588017704549941402,10000,404066,481,ANTICLOCKWISE
588017704550793403,10000,402666,4928,ANTICLOCKWISE
588017704551645342,10000,402674,2888,ANTICLOCKWISE
588017704551973013,10000,402677,3965,ANTICLOCKWISE
588017704552431795,10000,402681,3711,CLOCKWISE
588017704553546019,10000,401284,328,ANTICLOCKWISE
588017704553611492,10000,401284,4360,ANTICLOCKWISE
588017704553808070,10000,401286,280,CLOCKWISE
588017704554201207,10000,399880,4224,CLOCKWISE
588017704554987724,10000,399888,2285,ANTICLOCKWISE
588017704555053185,10000,399888,2487,CLOCKWISE
588017704555774198,10000,398484,2159,ANTICLOCKWISE
588017704556953799,10000,397083,208,CLOCKWISE
588017704557215907,10000,397085,2535,CLOCKWISE
588017704557215987,10000,395672,4855,CLOCKWISE
588017704558919797,10000,392857,924,ANTICLOCKWISE
588017704558985391,10000,392857,4022,ANTICLOCKWISE
588017704559182078,10000,392860,518,ANTICLOCKWISE
588017704559706394,10000,391448,306,CLOCKWISE
588017704560951471,10000,390040,5131,ANTICLOCKWISE
588017704562065611,10000,387212,1280,ANTICLOCKWISE
588017704564359698,10000,382967,4410,ANTICLOCKWISE
588017704565342260,10000,381552,2485,ANTICLOCKWISE
588017704565539096,10000,380129,3344,CLOCKWISE
588017705067479146,10000,399664,3379,CLOCKWISE
588017705069707359,10000,402501,5084,ANTICLOCKWISE
588017705069903942,10000,402503,4496,CLOCKWISE
588017705070100602,10000,403913,182,CLOCKWISE
588017705071280217,10000,403923,3490,CLOCKWISE
588017705072328778,10000,405337,6678,ANTICLOCKWISE
588017705072984184,10000,405344,653,CLOCKWISE
588017705074163800,10000,406758,4674,ANTICLOCKWISE
588017705076588646,10000,408183,5474,CLOCKWISE
588017705077899343,10000,409596,4353,CLOCKWISE
588017705078096019,10000,408197,4363,CLOCKWISE
588017705078161509,10000,409599,5909,ANTICLOCKWISE
588017705082093731,10000,408234,6460,ANTICLOCKWISE
588017705082880184,10000,408241,5414,ANTICLOCKWISE
588017705084125325,10000,408253,131,ANTICLOCKWISE
588017705086877855,10000,406875,1424,CLOCKWISE
588017705087074502,10000,406877,2498,CLOCKWISE
588017705087664254,10000,405478,2943,ANTICLOCKWISE
588017705091989722,10000,401298,2682,ANTICLOCKWISE
588017723859271768,10000,367020,875,CLOCKWISE
588017723860189299,10000,367028,2498,ANTICLOCKWISE
588017723860648277,10000,367032,4436,CLOCKWISE
588017723861106872,10000,368469,211,CLOCKWISE
588017723861172394,10000,367037,4589,ANTICLOCKWISE
588017723861958772,10000,368476,2463,CLOCKWISE
588017723862024288,10000,368477,217,ANTICLOCKWISE
588017723862745232,10000,367051,5624,CLOCKWISE
588017723864252535,10000,367065,5653,CLOCKWISE
588017723865694416,10000,367079,699,CLOCKWISE
588017723866022026,10000,367081,3810,CLOCKWISE
588017723866022059,10000,368513,5820,CLOCKWISE
588017723866874061,10000,367089,5390,ANTICLOCKWISE
588017723867005073,10000,367090,5095,CLOCKWISE
588017723867005135,10000,367090,5261,CLOCKWISE
588017723869233269,10000,367110,6263,ANTICLOCKWISE
588017723869298828,10000,367111,4786,ANTICLOCKWISE
588017723873558739,10000,364283,5027,ANTICLOCKWISE
588017724393783402,10000,368430,3722,ANTICLOCKWISE
588017724394111121,10000,368433,5194,ANTICLOCKWISE
588017724394176595,10000,368434,340,ANTICLOCKWISE
588017724396601544,10000,368456,2975,ANTICLOCKWISE
588017724397191397,10000,369893,3120,ANTICLOCKWISE
588017724397256834,10000,368462,2030,ANTICLOCKWISE
588017724397846581,10000,369899,5041,ANTICLOCKWISE
588017724397912078,10000,369900,265,ANTICLOCKWISE
588017724397977658,10000,369900,4179,CLOCKWISE
588017724398829719,10000,369908,5226,CLOCKWISE
588017724399353938,10000,369913,886,CLOCKWISE
588017724400271591,10000,369921,10256,CLOCKWISE
588017724400730124,10000,369925,8095,ANTICLOCKWISE
588017724400926852,10000,369927,4745,ANTICLOCKWISE
588017724400992426,10000,369928,4082,CLOCKWISE
588017724401909993,10000,369937,816,CLOCKWISE
588017724402499815,10000,369942,2715,ANTICLOCKWISE
588017724403482835,10000,369951,831,CLOCKWISE
588017724403810429,10000,369954,1148,CLOCKWISE
588017724406038794,10000,368542,4243,CLOCKWISE
588017724406366359,10000,368545,4786,ANTICLOCKWISE
588017724407152822,10000,368553,423,CLOCKWISE
588017724409053400,10000,367138,1039,CLOCKWISE
588017724409249968,10000,367140,561,ANTICLOCKWISE
588017724409446592,10000,367142,250,CLOCKWISE
588017724409577653,10000,368574,5203,ANTICLOCKWISE
588017724409839624,10000,367145,659,ANTICLOCKWISE
588017724410822857,10000,367154,3994,ANTICLOCKWISE
588017724931047662,10000,371296,6383,CLOCKWISE
588017724932554951,10000,371311,347,CLOCKWISE
588017724932817083,10000,371313,2613,CLOCKWISE
588017724932948128,10000,371314,3733,CLOCKWISE
588017724933472355,10000,371319,2195,ANTICLOCKWISE
588017724933603501,10000,372750,2615,ANTICLOCKWISE
588017724933734535,10000,371321,2995,ANTICLOCKWISE
588017724934127756,10000,372755,2745,ANTICLOCKWISE
588017724935372975,10000,372766,4008,CLOCKWISE
588017724936028332,10000,371342,3794,ANTICLOCKWISE
588017724936749270,10000,371349,2008,CLOCKWISE
588017724936880243,10000,372780,1442,CLOCKWISE
588017724939305058,10000,372802,4198,ANTICLOCKWISE
588017724939763827,10000,372806,3446,ANTICLOCKWISE
588017724942450763,10000,371401,1494,ANTICLOCKWISE
588017724943368395,10000,371409,3970,ANTICLOCKWISE
588017724943368405,10000,371409,4211,ANTICLOCKWISE
588017724943630424,10000,371411,4848,CLOCKWISE
588017724943892737,10000,371414,3952,ANTICLOCKWISE
588017724943958195,10000,371415,1018,ANTICLOCKWISE
588017724948349093,10000,368592,2025,CLOCKWISE
588017725468246133,10000,374159,4977,CLOCKWISE
588017725468311653,10000,372730,4465,CLOCKWISE
588017725468442730,10000,372731,3962,ANTICLOCKWISE
588017725470212235,10000,374178,535,CLOCKWISE
588017725470539956,10000,374181,1654,ANTICLOCKWISE
588017725470867664,10000,374184,1240,ANTICLOCKWISE
588017725471129768,10000,375615,2594,CLOCKWISE
588017725471195394,10000,374187,2087,ANTICLOCKWISE
588017725471260885,10000,374187,3997,ANTICLOCKWISE
588017725473882290,10000,375640,3542,CLOCKWISE
588017725473947858,10000,375641,1114,ANTICLOCKWISE
588017725475651737,10000,374227,6937,ANTICLOCKWISE
588017725475979531,10000,374230,5632,CLOCKWISE
588017725476503690,10000,374235,3289,ANTICLOCKWISE
588017725476831390,10000,374238,3518,CLOCKWISE
588017725477159017,10000,374241,2258,ANTICLOCKWISE
588017725477224627,10000,375671,897,ANTICLOCKWISE
588017725477421165,10000,374244,1386,ANTICLOCKWISE
588017725477748910,10000,374247,1295,ANTICLOCKWISE
588017725480632521,10000,372843,4028,CLOCKWISE
588017725481222253,10000,372848,3978,ANTICLOCKWISE
588017725484171320,10000,371445,5116,CLOCKWISE
588017725485285599,10000,371456,1231,CLOCKWISE
588017725485416628,10000,371457,1910,CLOCKWISE
588017725485678721,10000,370028,3518,ANTICLOCKWISE
588017726005313628,10000,377018,5645,CLOCKWISE
588017726006165582,10000,377026,4575,CLOCKWISE
588017726007017724,10000,377034,3470,ANTICLOCKWISE
588017726007214171,10000,377035,5205,ANTICLOCKWISE
588017726007279871,10000,377036,5072,ANTICLOCKWISE
588017726007607486,10000,377040,169,ANTICLOCKWISE
588017726007935162,10000,377042,5187,ANTICLOCKWISE
588017726009114739,10000,377053,2104,ANTICLOCKWISE
588017726009376903,10000,377055,4239,ANTICLOCKWISE
588017726010294432,10000,377064,2460,ANTICLOCKWISE
588017726010818649,10000,377068,5442,ANTICLOCKWISE
588017726011146436,10000,377072,1323,ANTICLOCKWISE
588017726011211975,10000,377073,507,ANTICLOCKWISE
588017726012129425,10000,377080,10234,ANTICLOCKWISE
588017726012260447,10000,377082,6417,ANTICLOCKWISE
588017726012326111,10000,377083,3344,CLOCKWISE
588017726013702304,10000,377095,3704,CLOCKWISE
588017726014619855,10000,377104,2150,CLOCKWISE
588017726014619923,10000,377104,1510,CLOCKWISE
588017726015864866,10000,377115,881,ANTICLOCKWISE
588017726016323766,10000,377119,4359,ANTICLOCKWISE
588017726017634462,10000,375703,1679,CLOCKWISE
588017726020321466,10000,374299,2547,CLOCKWISE
588017726020518039,10000,374300,8170,ANTICLOCKWISE
588017726021304471,10000,374308,1453,ANTICLOCKWISE
588017726021828820,10000,372883,1222,CLOCKWISE
588017726022615158,10000,372890,322,ANTICLOCKWISE
588017726541856913,10000,378443,709,CLOCKWISE
588017726545002586,10000,379897,3274,CLOCKWISE
588017726545526866,10000,379902,1287,ANTICLOCKWISE
588017726546116879,10000,379908,211,ANTICLOCKWISE
588017726547427412,10000,379920,313,CLOCKWISE
588017726547820743,10000,379923,2421,CLOCKWISE
588017726548344998,10000,379928,449,ANTICLOCKWISE
588017726548476142,10000,379929,5021,CLOCKWISE
588017726548541627,10000,379930,1405,CLOCKWISE
588017726551556223,10000,378531,3832,ANTICLOCKWISE
588017726551883932,10000,378534,4440,CLOCKWISE
588017726552342695,10000,378538,4825,ANTICLOCKWISE
588017726552473794,10000,378540,576,ANTICLOCKWISE
588017726552735816,10000,378542,433,ANTICLOCKWISE
588017726554505392,10000,378558,3080,CLOCKWISE
588017726555947183,10000,377145,443,CLOCKWISE
588017726558961797,10000,375744,1042,CLOCKWISE
588017726559027303,10000,375744,5114,ANTICLOCKWISE
588017728152141961,10000,368497,4636,ANTICLOCKWISE
588017728152928325,10000,368504,6372,ANTICLOCKWISE
588017728153256034,10000,368507,3272,CLOCKWISE
588017728154828926,10000,368522,2984,ANTICLOCKWISE
588017728158564489,10000,367124,3107,CLOCKWISE
588017728688357528,10000,371354,6172,ANTICLOCKWISE
588017728689668207,10000,371366,8248,ANTICLOCKWISE
588017728694255689,10000,369977,2534,CLOCKWISE
588017728695107691,10000,369985,4383,ANTICLOCKWISE
588017728695435420,10000,369988,2338,ANTICLOCKWISE
588017729226211433,10000,374223,6071,ANTICLOCKWISE
588017729226735803,10000,372798,7009,ANTICLOCKWISE
588017729226866810,10000,374229,5181,CLOCKWISE
588017729227849729,10000,374238,1407,ANTICLOCKWISE
588017729230078078,10000,372829,749,ANTICLOCKWISE
588017729496219674,10000,374237,4466,ANTICLOCKWISE
588017729762885660,10000,377078,5299,ANTICLOCKWISE
588017729765769315,10000,375676,6912,ANTICLOCKWISE
588017729765965996,10000,375678,5003,CLOCKWISE
588017729766031542,10000,375679,1893,ANTICLOCKWISE
588017729768325259,10000,375700,3274,CLOCKWISE
588017729768587382,10000,374273,5145,CLOCKWISE
588017730298314884,10000,378492,3384,ANTICLOCKWISE
588017730299494552,10000,378503,2305,ANTICLOCKWISE
588017730300543025,10000,378512,4982,ANTICLOCKWISE
588017730300543026,10000,378513,255,ANTICLOCKWISE
588017730300543029,10000,378513,306,ANTICLOCKWISE
588017730300543066,10000,378512,4581,ANTICLOCKWISE
588017730303033407,10000,378535,2860,ANTICLOCKWISE
588017730303688870,10000,377114,3944,CLOCKWISE
588017730304147636,10000,377119,1666,CLOCKWISE
588017730304999563,10000,377126,4177,CLOCKWISE
588017730835972119,10000,381350,4661,ANTICLOCKWISE
588017730836496488,10000,379930,3984,CLOCKWISE
588017730838265928,10000,379946,4878,CLOCKWISE
588017730840690930,10000,379968,5584,ANTICLOCKWISE
588017947218280591,10000,518416,2140,ANTICLOCKWISE
588017948293660848,10000,513646,1787,ANTICLOCKWISE
588017948830204018,10000,517237,2216,ANTICLOCKWISE
588017977294782556,10000,513615,2563,CLOCKWISE
588017977295044791,10000,512413,2365,CLOCKWISE
588017977296290050,10000,507570,4116,CLOCKWISE
588017977800917177,10000,486058,2856,CLOCKWISE
588017977801113740,10000,486060,134,ANTICLOCKWISE
588017977801507118,10000,488604,3567,ANTICLOCKWISE
588017977802031252,10000,491138,4690,CLOCKWISE
588017977803604124,10000,499911,1667,CLOCKWISE
588017977804259401,10000,502390,365,CLOCKWISE
588017977804456054,10000,503623,4430,CLOCKWISE
588017977805701240,10000,509748,828,ANTICLOCKWISE
588017977806422121,10000,512174,4309,ANTICLOCKWISE
588017977806684335,10000,513382,1138,ANTICLOCKWISE
588017977830211937,10000,520761,235,CLOCKWISE
588017977830473992,10000,519579,2448,ANTICLOCKWISE
588017977830736137,10000,519582,638,CLOCKWISE
588017977830801556,10000,518394,3450,ANTICLOCKWISE
588017977831456819,10000,516014,190,CLOCKWISE
588017977833291853,10000,508790,4735,ANTICLOCKWISE
588017977833816210,10000,505129,2236,CLOCKWISE
588017977833881730,10000,505130,874,CLOCKWISE
588017977834864893,10000,500206,522,ANTICLOCKWISE
588017977836241037,10000,493979,1654,CLOCKWISE
588017977837486309,10000,487676,3685,ANTICLOCKWISE
588017977837813977,10000,485133,502,ANTICLOCKWISE
588017977839386953,10000,476140,4125,ANTICLOCKWISE
588017977840828692,10000,467013,921,ANTICLOCKWISE
588017977841090977,10000,465698,3758,CLOCKWISE
588017977841418305,10000,463061,3974,ANTICLOCKWISE
588017977842794881,10000,453756,4005,CLOCKWISE
588017977842991572,10000,452417,2791,ANTICLOCKWISE
588017977843319234,10000,451077,1748,ANTICLOCKWISE
588017978335559819,10000,474455,2058,CLOCKWISE
588017978336018636,10000,477053,97,ANTICLOCKWISE
588017978336870524,10000,482215,2590,CLOCKWISE
588017978336935947,10000,482215,3494,ANTICLOCKWISE
588017978337525820,10000,486055,4845,ANTICLOCKWISE
588017978338246794,10000,489869,773,CLOCKWISE
588017978341392400,10000,506079,2010,CLOCKWISE
588017978341458069,10000,506080,1103,ANTICLOCKWISE
588017978343424024,10000,514583,1746,CLOCKWISE
588017978367148165,10000,521941,1106,CLOCKWISE
588017978367279316,10000,521942,1933,ANTICLOCKWISE
588017978368327920,10000,517209,1783,CLOCKWISE
588017978369114268,10000,514823,2341,ANTICLOCKWISE
588017978369179756,10000,514824,1909,ANTICLOCKWISE
588017978370883830,10000,507579,1044,CLOCKWISE
588017978371670136,10000,502678,1765,CLOCKWISE
588017978373701838,10000,492728,565,ANTICLOCKWISE
588017978374881512,10000,485135,813,ANTICLOCKWISE
588017978375274794,10000,483861,1509,CLOCKWISE
588017978375930101,10000,480015,4054,ANTICLOCKWISE
588017978375995738,10000,478727,223,ANTICLOCKWISE
588017978376192302,10000,477435,2798,ANTICLOCKWISE
588017978376519846,10000,476143,1686,ANTICLOCKWISE
588017978376716697,10000,474847,4554,CLOCKWISE
588017978376781842,10000,474848,878,CLOCKWISE
588017978377372024,10000,470944,2642,CLOCKWISE
588017978379272407,10000,459091,3275,ANTICLOCKWISE
588017978379338056,10000,457761,2468,CLOCKWISE
588017978379927951,10000,453759,922,CLOCKWISE
588017978380976539,10000,447043,4775,ANTICLOCKWISE
588017978381828511,10000,440268,2665,CLOCKWISE
588017978381959773,10000,440270,1620,CLOCKWISE
588017978382025172,10000,440270,1917,CLOCKWISE
588017978383204951,10000,430698,6681,CLOCKWISE
588017978384187818,10000,423809,3873,CLOCKWISE
588017978384187883,10000,423809,3984,ANTICLOCKWISE
588017978872889513,10000,478345,2868,ANTICLOCKWISE
588017978873741491,10000,483495,3796,CLOCKWISE
588017978875904176,10000,496161,4294,ANTICLOCKWISE
588017978875904183,10000,496161,3717,ANTICLOCKWISE
588017978876231763,10000,497412,3822,CLOCKWISE
588017978876756115,10000,499904,3163,ANTICLOCKWISE
588017978878001316,10000,506077,262,ANTICLOCKWISE
588017978878656633,10000,509740,2619,CLOCKWISE
588017978878918800,10000,510954,5625,CLOCKWISE
588017978879443117,10000,513372,3103,ANTICLOCKWISE
588017978904346842,10000,523122,138,ANTICLOCKWISE
588017978904412333,10000,523122,73,CLOCKWISE
588017978904477723,10000,521946,3178,ANTICLOCKWISE
588017978904608996,10000,521947,1614,ANTICLOCKWISE
588017978905526524,10000,518404,190,CLOCKWISE
588017978905788539,10000,517214,2278,CLOCKWISE
588017978905854091,10000,517215,2052,CLOCKWISE
588017978906378376,10000,514828,291,ANTICLOCKWISE
588017978906443848,10000,514827,4691,ANTICLOCKWISE
588017978906771693,10000,513629,3043,CLOCKWISE
588017978906902680,10000,512426,751,ANTICLOCKWISE
588017978907558029,10000,510012,1876,ANTICLOCKWISE
588017978908147833,10000,507582,3834,CLOCKWISE
588017978908213400,10000,506361,3261,ANTICLOCKWISE
588017978909458629,10000,500214,3129,ANTICLOCKWISE
588017978909524115,10000,500214,3762,ANTICLOCKWISE
588017978909589794,10000,500215,3866,ANTICLOCKWISE
588017978910310576,10000,496487,2959,ANTICLOCKWISE
588017978911228085,10000,490211,6455,CLOCKWISE
588017978912342274,10000,483863,2384,CLOCKWISE
588017978912932168,10000,481304,2581,CLOCKWISE
588017978913456382,10000,478732,1571,ANTICLOCKWISE
588017978914111749,10000,473551,4433,ANTICLOCKWISE
588017978914111868,10000,473552,1701,ANTICLOCKWISE
588017978914177396,10000,472249,3871,ANTICLOCKWISE
588017978914570529,10000,470947,3023,ANTICLOCKWISE
588017978915356953,10000,465704,1190,ANTICLOCKWISE
588017978915815644,10000,463068,2362,CLOCKWISE
588017978916536661,10000,457764,3225,CLOCKWISE
588017978916536831,10000,457764,4568,ANTICLOCKWISE
588017978916667478,10000,457765,4640,ANTICLOCKWISE
588017978916667587,10000,457766,851,CLOCKWISE
588017978917257898,10000,452423,2138,ANTICLOCKWISE
588017978917323229,10000,452423,3687,ANTICLOCKWISE
588017978917454282,10000,451082,197,ANTICLOCKWISE
588017978917585235,10000,451082,5524,ANTICLOCKWISE
588017978917585271,10000,449738,757,ANTICLOCKWISE
588017978917847357,10000,448393,2519,ANTICLOCKWISE
588017978918109813,10000,445695,3611,CLOCKWISE
588017978920272454,10000,430701,2524,CLOCKWISE
588017978921058974,10000,425193,1775,ANTICLOCKWISE
588017979408908551,10000,474451,1659,ANTICLOCKWISE
588017979408974093,10000,475749,4364,ANTICLOCKWISE
588017979409039624,10000,475750,4086,CLOCKWISE
588017979410153686,10000,482209,4094,CLOCKWISE
588017979410415913,10000,484771,4711,ANTICLOCKWISE
588017979411202280,10000,489861,1863,ANTICLOCKWISE
588017979413430510,10000,501140,4373,ANTICLOCKWISE
588017979414282396,10000,506070,5440,CLOCKWISE
588017979414872187,10000,508517,4549,CLOCKWISE
588017979415527552,10000,510952,1376,CLOCKWISE
588017979416313862,10000,514574,1242,CLOCKWISE
588017979416314022,10000,514574,1243,CLOCKWISE
588017979442724899,10000,519595,1252,ANTICLOCKWISE
588017979443970223,10000,513633,355,ANTICLOCKWISE
588017979444559991,10000,511225,2883,CLOCKWISE
588017979445280915,10000,507585,2478,CLOCKWISE
588017979446132955,10000,502686,473,CLOCKWISE
588017979447902346,10000,493990,453,ANTICLOCKWISE
588017979448229924,10000,492736,609,ANTICLOCKWISE
588017979448754331,10000,488953,1367,CLOCKWISE
588017979449147617,10000,486415,4861,CLOCKWISE
588017979449147639,10000,486416,493,ANTICLOCKWISE
588017979449737505,10000,483868,5222,CLOCKWISE
588017979450589429,10000,477442,1627,ANTICLOCKWISE
588017979452424517,10000,465707,250,CLOCKWISE
588017979452621211,10000,464389,4761,ANTICLOCKWISE
588017979453473105,10000,459096,4870,CLOCKWISE
588017979454390367,10000,452425,5730,ANTICLOCKWISE
588017979454455825,10000,452426,1670,CLOCKWISE
588017979454652960,10000,451085,3224,ANTICLOCKWISE
588017979454783740,10000,449741,3362,ANTICLOCKWISE
588017979455635934,10000,444347,252,ANTICLOCKWISE
588017979947090055,10000,484769,3844,CLOCKWISE
588017979949121716,10000,497404,4282,CLOCKWISE
588017979949383840,10000,498651,6062,ANTICLOCKWISE
588017979951087745,10000,507292,1936,ANTICLOCKWISE
588017979951415421,10000,509730,3431,CLOCKWISE
588017979951481009,10000,509730,4535,ANTICLOCKWISE
588017979979923656,10000,519598,2871,CLOCKWISE
588017979980185769,10000,518413,2426,ANTICLOCKWISE
588017979982348523,10000,508807,1052,CLOCKWISE
588017979983790204,10000,501458,880,ANTICLOCKWISE
588017979984576663,10000,496493,2554,CLOCKWISE
588017990146982036,10000,382796,3165,ANTICLOCKWISE
588017990147047518,10000,382796,4596,ANTICLOCKWISE
588017990148489371,10000,381386,381,ANTICLOCKWISE
588017990150848588,10000,381407,3993,CLOCKWISE
588017990152749181,10000,380000,467,ANTICLOCKWISE
588017990154387734,10000,378588,7328,CLOCKWISE
588017990154715314,10000,378592,1179,ANTICLOCKWISE
588017990155436124,10000,378598,5282,CLOCKWISE
588017990156091666,10000,377178,626,ANTICLOCKWISE
588017990156484825,10000,377181,2037,ANTICLOCKWISE
588017990157861023,10000,375766,1009,CLOCKWISE
588017990159499444,10000,372922,754,ANTICLOCKWISE
588017990159564957,10000,372922,3527,CLOCKWISE
588017990161072394,10000,371506,4454,ANTICLOCKWISE
588017990161530987,10000,370080,1627,CLOCKWISE
588017990162907228,10000,368660,3530,ANTICLOCKWISE
588017990163038696,10000,368661,6283,ANTICLOCKWISE
588017990163235177,10000,368663,3533,CLOCKWISE
588017990687260768,10000,384250,2426,ANTICLOCKWISE
588017990689030298,10000,382843,3940,CLOCKWISE
588017990689489047,10000,382847,4500,ANTICLOCKWISE
588017990690603141,10000,381434,744,CLOCKWISE
588017990691455143,10000,381442,108,ANTICLOCKWISE
588017990692307159,10000,380025,1225,ANTICLOCKWISE
588017990693421247,10000,378609,1698,CLOCKWISE
588017990693617835,10000,378610,4294,CLOCKWISE
588017990693683356,10000,378611,1873,ANTICLOCKWISE
588017990695125077,10000,377198,439,ANTICLOCKWISE
588017990695387282,10000,375772,150,CLOCKWISE
588017990695518261,10000,377201,2310,CLOCKWISE
588017990695583939,10000,377201,5194,CLOCKWISE
588017990696173783,10000,375779,1306,ANTICLOCKWISE
588017990697943199,10000,374366,3281,ANTICLOCKWISE
588017990699581617,10000,371521,2546,ANTICLOCKWISE
588017990699647277,10000,371522,3313,ANTICLOCKWISE
588017990700499420,10000,370099,1835,ANTICLOCKWISE
588017990703055031,10000,365825,3155,CLOCKWISE
588017990703448381,10000,365829,1111,CLOCKWISE
588017990703579467,10000,364396,3247,ANTICLOCKWISE
588017990705611155,10000,361546,1822,CLOCKWISE
588017990705611243,10000,360110,2352,CLOCKWISE
588017990705873409,10000,360112,3785,ANTICLOCKWISE
588017990706135366,10000,360114,10971,CLOCKWISE
588017990706528547,10000,358682,3870,CLOCKWISE
588017991224197245,10000,387094,1462,ANTICLOCKWISE
588017991226687655,10000,384274,1064,ANTICLOCKWISE
588017991226753190,10000,384274,5153,CLOCKWISE
588017991227080922,10000,384277,4191,CLOCKWISE
588017991227408517,10000,384280,2439,ANTICLOCKWISE
588017991227408560,10000,384280,3362,CLOCKWISE
588017991227998344,10000,384286,1108,CLOCKWISE
588017991229571218,10000,381453,2251,CLOCKWISE
588017991229636756,10000,382878,1296,ANTICLOCKWISE
588017991230685339,10000,381463,5440,CLOCKWISE
588017991230947396,10000,380040,5945,ANTICLOCKWISE
588017991231209708,10000,380043,4827,CLOCKWISE
588017991231799484,10000,380049,218,CLOCKWISE
588017991232651499,10000,378630,5334,CLOCKWISE
588017991233175701,10000,378635,1784,ANTICLOCKWISE
588017991233437857,10000,377210,6336,ANTICLOCKWISE
588017991234813998,10000,375795,3819,ANTICLOCKWISE
588017991235010764,10000,375797,2813,ANTICLOCKWISE
588017991235731681,10000,374375,1128,CLOCKWISE
588017991235731723,10000,375804,1168,CLOCKWISE
588017991237304652,10000,372959,3073,ANTICLOCKWISE
588017991238091039,10000,371536,2769,ANTICLOCKWISE
588017991239598143,10000,368687,3628,ANTICLOCKWISE
588017991242351086,10000,362980,293,ANTICLOCKWISE
588017991242678585,10000,362982,7975,ANTICLOCKWISE
588017991757725844,10000,389902,3737,CLOCKWISE
588017991759036543,10000,389914,2716,CLOCKWISE
588017991762641019,10000,388528,2832,CLOCKWISE
588017991764803619,10000,385707,1955,CLOCKWISE
588017991766638741,10000,384302,1526,ANTICLOCKWISE
588017991768080646,10000,382892,4144,ANTICLOCKWISE
588017991768604939,10000,381473,3405,CLOCKWISE
588017991768670386,10000,381473,4505,ANTICLOCKWISE
588017991769653431,10000,380057,5081,CLOCKWISE
588017991773257936,10000,377237,6337,CLOCKWISE
588017991773585458,10000,375812,5508,CLOCKWISE
588017991774765307,10000,374394,4782,ANTICLOCKWISE
588017991774961891,10000,372966,4422,ANTICLOCKWISE
588017991775093077,10000,372968,1457,CLOCKWISE
588017991776731437,10000,370122,3532,ANTICLOCKWISE
588017991777058857,10000,370124,6241,CLOCKWISE
588017991777583387,10000,368697,6154,CLOCKWISE
588017991777976727,10000,368701,5210,CLOCKWISE
588017991778238606,10000,367272,466,ANTICLOCKWISE
588017991778238740,10000,368703,5145,ANTICLOCKWISE
588017992296366240,10000,392753,4230,ANTICLOCKWISE
588017992299839704,10000,389950,4842,ANTICLOCKWISE
588017992301281419,10000,388544,4690,CLOCKWISE
588017992301805709,10000,388549,2165,ANTICLOCKWISE
588017992301805724,10000,388549,2412,CLOCKWISE
588017992302264424,10000,388553,3366,CLOCKWISE
588017992302723209,10000,388557,5589,CLOCKWISE
588017992304623739,10000,385734,2107,CLOCKWISE
588017992304951469,10000,385737,2046,CLOCKWISE
588017992304951543,10000,385737,4143,CLOCKWISE
588017992304951570,10000,385737,2137,CLOCKWISE
588017992305279163,10000,384318,1492,CLOCKWISE
588017992305344704,10000,384318,5905,ANTICLOCKWISE
588017992306655537,10000,384331,1243,ANTICLOCKWISE
588017992308031669,10000,381496,14671,CLOCKWISE
588017992308949319,10000,380080,3283,ANTICLOCKWISE
588017992309473297,10000,380084,4874,CLOCKWISE
588017992309539018,10000,380085,2514,ANTICLOCKWISE
588017992309669994,10000,378661,1132,CLOCKWISE
588017992309866766,10000,378662,5737,ANTICLOCKWISE
588017992310063276,10000,378664,1690,ANTICLOCKWISE
588017992310653154,10000,377243,287,ANTICLOCKWISE
588017992311242938,10000,375820,767,ANTICLOCKWISE
588017992311242956,10000,375820,1165,ANTICLOCKWISE
588017992311308648,10000,375821,1355,ANTICLOCKWISE
588017992312094986,10000,374399,2862,CLOCKWISE
588017992312291635,10000,374401,1140,ANTICLOCKWISE
588017992312684617,10000,374404,4173,CLOCKWISE
588017992313274789,10000,374410,1656,ANTICLOCKWISE
588017992313995522,10000,371556,3220,ANTICLOCKWISE
588017992314847584,10000,370133,3248,CLOCKWISE
588017992314978695,10000,370135,393,CLOCKWISE
588017992315502852,10000,368707,8050,CLOCKWISE
588017992562704536,10000,391317,4014,CLOCKWISE
588017992832647177,10000,394164,908,ANTICLOCKWISE
588017992837300269,10000,391373,4440,CLOCKWISE
588017992838742194,10000,389969,2063,ANTICLOCKWISE
588017992841691407,10000,387157,2829,CLOCKWISE
588018054588137679,10000,507642,2223,CLOCKWISE
588018055125139871,10000,507644,1634,ANTICLOCKWISE
588018055128809757,10000,478777,3659,CLOCKWISE
588018055130907259,10000,460460,966,ANTICLOCKWISE
588018055131300496,10000,456471,148,CLOCKWISE
588018055131890217,10000,451117,3546,CLOCKWISE
588018055661551942,10000,513699,3682,CLOCKWISE
588018055662338385,10000,506426,3735,ANTICLOCKWISE
588018055664501227,10000,489002,3129,CLOCKWISE
588018055665615217,10000,480067,4992,CLOCKWISE
588018055668630242,10000,453801,1809,CLOCKWISE
588018055669350644,10000,447082,3391,ANTICLOCKWISE
588018056198095122,10000,517291,196,ANTICLOCKWISE
588018056198947130,10000,510081,1205,ANTICLOCKWISE
588018056199012644,10000,510081,1362,ANTICLOCKWISE
588018056199012751,10000,510081,3406,CLOCKWISE
588018056199143731,10000,508866,3695,CLOCKWISE
588018056199274801,10000,507649,2603,ANTICLOCKWISE
588018056199995753,10000,502747,5143,ANTICLOCKWISE
588018056201044388,10000,494045,2383,ANTICLOCKWISE
588018056202289434,10000,483917,3616,CLOCKWISE
588018056203600424,10000,472299,1492,ANTICLOCKWISE
588018056204059196,10000,468377,5276,ANTICLOCKWISE
588018056204124227,10000,468377,4927,ANTICLOCKWISE
588018056204583407,10000,463111,4245,ANTICLOCKWISE
588018056204780081,10000,461789,4956,ANTICLOCKWISE
588018056205238735,10000,457806,5783,CLOCKWISE
588018056739357087,10000,482639,4737,CLOCKWISE
588018057278390333,10000,465753,3206,CLOCKWISE
588018089468035295,10000,517261,2909,CLOCKWISE
588018089468297436,10000,514871,932,CLOCKWISE
588018089468625176,10000,512467,3163,ANTICLOCKWISE
588018089469149458,10000,508837,2347,ANTICLOCKWISE
588018089469411377,10000,508839,1946,ANTICLOCKWISE
588018089469935839,10000,505177,3861,ANTICLOCKWISE
588018089470918774,10000,497767,1809,CLOCKWISE
588018089471181022,10000,495271,165,ANTICLOCKWISE
588018089474457952,10000,472277,4494,CLOCKWISE
588018089475441373,10000,464411,2582,ANTICLOCKWISE
588018090004775088,10000,519639,544,CLOCKWISE
588018090006675489,10000,507624,1075,CLOCKWISE
588018090007986523,10000,497769,2301,ANTICLOCKWISE
588018090008379533,10000,495274,1871,ANTICLOCKWISE
588018090008379709,10000,496525,613,CLOCKWISE
588018090009362764,10000,487715,3473,CLOCKWISE
588018090010607735,10000,478761,2725,CLOCKWISE
588018090011001259,10000,476176,5305,ANTICLOCKWISE
588018090011001291,10000,474879,1812,CLOCKWISE
588018090011066818,10000,476177,3403,ANTICLOCKWISE
588018090012967401,10000,460446,3160,ANTICLOCKWISE
588018090013295118,10000,457789,3395,ANTICLOCKWISE
588018090013557126,10000,455123,2572,CLOCKWISE
588018090015982131,10000,434833,7192,CLOCKWISE
588018090544070954,10000,505182,5444,ANTICLOCKWISE
588018090544529594,10000,502726,402,CLOCKWISE
588018090545185076,10000,497772,3970,CLOCKWISE
588018090545250388,10000,496525,3701,ANTICLOCKWISE
588018090545315929,10000,496526,3314,CLOCKWISE
588018090545643832,10000,494024,3783,ANTICLOCKWISE
588018090546364758,10000,488986,992,CLOCKWISE
588018090547937709,10000,477472,5252,CLOCKWISE
588018090548003108,10000,477473,1207,ANTICLOCKWISE
588018090548724154,10000,470978,448,ANTICLOCKWISE
588018090549445090,10000,464415,909,ANTICLOCKWISE
588018090549641555,10000,463096,577,ANTICLOCKWISE
588018091081138379,10000,505184,4139,ANTICLOCKWISE
588018091082056020,10000,499018,2773,CLOCKWISE
588018091082121512,10000,499019,1353,ANTICLOCKWISE
588018091082252625,10000,497775,830,ANTICLOCKWISE
588018091085070442,10000,477475,6744,ANTICLOCKWISE
588018091086119394,10000,468363,2754,ANTICLOCKWISE
588018091088871848,10000,445723,1671,CLOCKWISE
588018091089133600,10000,443013,4813,ANTICLOCKWISE
588018252685377761,10000,519661,1288,CLOCKWISE
588018252685574320,10000,518475,1967,ANTICLOCKWISE
588018252689702916,10000,486462,726,ANTICLOCKWISE
588018253224214533,10000,507646,4162,ANTICLOCKWISE
588018253228736638,10000,469684,1462,ANTICLOCKWISE
588018253229523339,10000,461786,516,CLOCKWISE
588018253231030938,10000,448429,476,ANTICLOCKWISE
588018253766787425,10000,460462,5522,CLOCKWISE
588018253767901809,10000,449776,4733,ANTICLOCKWISE
588018254299726094,10000,495298,4647,CLOCKWISE
588018254300119281,10000,492791,1852,CLOCKWISE
588018254302740683,10000,469687,6398,CLOCKWISE
588018254304182449,10000,456475,4406,CLOCKWISE
588023045336727751,10000,460085,2114,ANTICLOCKWISE
588023045337776257,10000,462745,4454,CLOCKWISE
588023045864751482,10000,427488,398,ANTICLOCKWISE
588023045864817011,10000,428866,3748,ANTICLOCKWISE
588023045865144575,10000,430246,3053,CLOCKWISE
588023045865406830,10000,430248,5758,CLOCKWISE
588023045865996496,10000,433001,5628,ANTICLOCKWISE
588023045866389549,10000,434376,6373,CLOCKWISE
588023045866389692,10000,435746,1658,ANTICLOCKWISE
588023045867896972,10000,441215,3770,ANTICLOCKWISE
588023045869797463,10000,449352,2243,ANTICLOCKWISE
588023045870256236,10000,450702,1222,ANTICLOCKWISE
588023045870911674,10000,452050,5111,CLOCKWISE
588023045870911726,10000,452051,1287,CLOCKWISE
588023045870977043,10000,453392,3185,CLOCKWISE
588023045872156850,10000,456078,3137,CLOCKWISE
588023045872418966,10000,457414,724,CLOCKWISE
588023045872484512,10000,458746,471,ANTICLOCKWISE
588023045873205432,10000,460081,1992,ANTICLOCKWISE
588023045873336437,10000,460082,2022,CLOCKWISE
588023045873532993,10000,461411,2067,CLOCKWISE
588023045873598545,10000,461411,4403,CLOCKWISE
588023045873729626,10000,462737,2930,ANTICLOCKWISE
588023045873729797,10000,461412,4223,ANTICLOCKWISE
588023046394282591,10000,392446,4225,CLOCKWISE
588023046394478614,10000,393864,243,CLOCKWISE
588023046394610298,10000,393865,4313,ANTICLOCKWISE
588023046397428176,10000,409379,5502,ANTICLOCKWISE
588023046398869781,10000,416374,4720,CLOCKWISE
588023046399328495,10000,419161,3565,CLOCKWISE
588023046401491151,10000,428863,4774,CLOCKWISE
588023046402277593,10000,432996,3362,CLOCKWISE
588023046402736353,10000,435740,6340,ANTICLOCKWISE
588023046402867487,10000,435742,971,CLOCKWISE
588023046403260608,10000,437112,3707,CLOCKWISE
588023046406013119,10000,447999,2707,ANTICLOCKWISE
588023046406602889,10000,450697,818,ANTICLOCKWISE
588023046410469559,10000,464057,268,ANTICLOCKWISE
588023046410993828,10000,465381,54,CLOCKWISE
588023046935413084,10000,417763,2210,ANTICLOCKWISE
588023046937051536,10000,424713,5109,CLOCKWISE
588023046938755418,10000,434363,5938,ANTICLOCKWISE
588023046939541778,10000,437106,4335,CLOCKWISE
588023046940524755,10000,441205,3687,ANTICLOCKWISE
588023046940655827,10000,441206,2151,CLOCKWISE
588023046941442385,10000,445284,5223,CLOCKWISE
588023046944325790,10000,456064,867,ANTICLOCKWISE
588023046944456824,10000,456065,1767,CLOCKWISE
588023046944587998,10000,457399,3641,CLOCKWISE
588023046946160852,10000,461401,57,CLOCKWISE
588023046946291836,10000,462726,644,CLOCKWISE
588023046946553956,10000,462728,2484,CLOCKWISE
588023046947536921,10000,465377,2275,CLOCKWISE
588023046947799176,10000,466697,694,CLOCKWISE
588023046948126845,10000,468014,304,CLOCKWISE
588023047471170045,10000,413572,5159,CLOCKWISE
588023047471693908,10000,416365,3357,CLOCKWISE
588023047472349590,10000,420543,5772,CLOCKWISE
588023047475036241,10000,432986,4574,ANTICLOCKWISE
588023047477461069,10000,442564,4797,CLOCKWISE
588023047477526730,10000,443922,2928,ANTICLOCKWISE
588023047478575292,10000,447988,1357,CLOCKWISE
588023047478968469,10000,449338,4008,ANTICLOCKWISE
588023047479623875,10000,452032,2637,CLOCKWISE
588023047480475838,10000,454720,3222,CLOCKWISE
588023047480869089,10000,457393,4072,CLOCKWISE
588023047482376338,10000,461394,3098,CLOCKWISE
588023047483424789,10000,465368,1530,ANTICLOCKWISE
588023047485325427,10000,470636,4662,CLOCKWISE
588023048017346741,10000,457390,88,CLOCKWISE
588023048018198758,10000,460057,3825,ANTICLOCKWISE
588023048021934083,10000,471940,2073,CLOCKWISE
588023048022065267,10000,471941,3801,ANTICLOCKWISE
588023239131398347,10000,417787,723,CLOCKWISE
588023239132447026,10000,421964,309,CLOCKWISE
588023239133102302,10000,424738,2164,ANTICLOCKWISE
588023239133495523,10000,426122,2506,CLOCKWISE
588023239668072543,10000,417784,6007,ANTICLOCKWISE
588023239669842060,10000,426117,4363,CLOCKWISE
588023239669842212,10000,426117,5005,CLOCKWISE
588023239670366468,10000,428879,3517,ANTICLOCKWISE
588023239670497353,10000,428880,927,CLOCKWISE
588023240205074674,10000,420565,5573,CLOCKWISE
588023240205402302,10000,423341,821,ANTICLOCKWISE
588023240206188756,10000,426112,1838,CLOCKWISE
588023240206516423,10000,427494,5546,CLOCKWISE
588023240206844039,10000,428875,2644,CLOCKWISE
588023240207499411,10000,431633,3571,ANTICLOCKWISE
588023240742142158,10000,424722,3842,CLOCKWISE
588023240742994145,10000,427490,5639,CLOCKWISE
588023240743059611,10000,428869,1275,CLOCKWISE
588023240743583771,10000,430250,5075,CLOCKWISE
588023240743583825,10000,430251,766,ANTICLOCKWISE
588023240743846081,10000,431628,1747,CLOCKWISE
588023240743846115,10000,431628,2946,ANTICLOCKWISE
588023240745418922,10000,437123,900,CLOCKWISE
588023668091256949,10000,434494,1376,ANTICLOCKWISE
588023668092370964,10000,435873,2124,ANTICLOCKWISE
588023668092633193,10000,435875,3328,ANTICLOCKWISE
588023668094009565,10000,437255,3093,ANTICLOCKWISE
588023668094926866,10000,437263,4992,CLOCKWISE
588023668095254717,10000,437267,1894,ANTICLOCKWISE
588023668095647869,10000,438635,3294,CLOCKWISE
588023668096434323,10000,438642,3451,CLOCKWISE
588023668096958597,10000,438647,2370,CLOCKWISE
588023668097286287,10000,438650,4614,CLOCKWISE
588023668097417423,10000,438651,4733,CLOCKWISE
588023668097548475,10000,438653,236,ANTICLOCKWISE
588023668098334824,10000,438660,731,CLOCKWISE
588023668098400476,10000,438660,6111,ANTICLOCKWISE
588023668098531469,10000,438661,4125,ANTICLOCKWISE
588023668099580074,10000,438671,4297,ANTICLOCKWISE
588023668100563124,10000,438680,4162,ANTICLOCKWISE
588023668100694162,10000,438681,4882,ANTICLOCKWISE
588023668102725718,10000,437335,1736,ANTICLOCKWISE
588023668627931317,10000,435861,2951,ANTICLOCKWISE
588023668628586669,10000,437234,3259,ANTICLOCKWISE
588023668628979915,10000,438603,115,ANTICLOCKWISE
588023668629700748,10000,438609,2940,ANTICLOCKWISE
588023668629897352,10000,438611,3117,ANTICLOCKWISE
588023668631601363,10000,439990,1005,CLOCKWISE
588023668632256634,10000,439996,307,CLOCKWISE
588023668632518828,10000,439998,4259,CLOCKWISE
588023668633239709,10000,441366,2092,CLOCKWISE
588023668635795629,10000,441389,3375,ANTICLOCKWISE
588023668635861161,10000,441390,492,CLOCKWISE
588023668636581958,10000,441396,2884,CLOCKWISE
588023668636647582,10000,441397,1727,CLOCKWISE
588023668637499548,10000,440044,776,CLOCKWISE
588023668639072433,10000,440058,3176,ANTICLOCKWISE
588023668639334505,10000,440061,48,ANTICLOCKWISE
588023668639465643,10000,440062,764,ANTICLOCKWISE
588023668640383161,10000,440070,4318,ANTICLOCKWISE
588023668640448576,10000,438708,1821,CLOCKWISE
588023669166047423,10000,439967,5398,ANTICLOCKWISE
588023669166243942,10000,441330,3156,CLOCKWISE
588023669167882342,10000,441345,3026,ANTICLOCKWISE
588023669167947881,10000,441346,159,ANTICLOCKWISE
588023669169586239,10000,442720,227,CLOCKWISE
588023669170176227,10000,442726,76,CLOCKWISE
588023669170897050,10000,442732,1908,ANTICLOCKWISE
588023669171290346,10000,444093,767,CLOCKWISE
588023669172469806,10000,444103,4078,ANTICLOCKWISE
588023669172600964,10000,444104,4287,ANTICLOCKWISE
588023669173584030,10000,444113,3966,ANTICLOCKWISE
588023669173584110,10000,442756,5333,CLOCKWISE
588023669174108270,10000,442761,2818,ANTICLOCKWISE
588023669175353504,10000,442773,1345,ANTICLOCKWISE
588023669175484485,10000,442774,1871,ANTICLOCKWISE
588023669175615586,10000,442775,3130,ANTICLOCKWISE
588023669176205484,10000,441421,4202,ANTICLOCKWISE
588023669176664223,10000,441426,2027,ANTICLOCKWISE
588023669701738667,10000,441318,730,ANTICLOCKWISE
588023669702328463,10000,442682,3637,ANTICLOCKWISE
588023669702787151,10000,442686,2495,CLOCKWISE
588023669703377067,10000,444049,1577,ANTICLOCKWISE
588023669703639135,10000,442694,1007,ANTICLOCKWISE
588023669704032445,10000,442698,241,ANTICLOCKWISE
588023669704622220,10000,444060,1287,CLOCKWISE
588023669704884293,10000,444062,4549,CLOCKWISE
588023669704884296,10000,444062,4685,CLOCKWISE
588023669705015512,10000,444064,1177,ANTICLOCKWISE
588023669705474171,10000,444068,3260,ANTICLOCKWISE
588023669705539718,10000,445423,4129,ANTICLOCKWISE
588023669705801841,10000,445426,443,CLOCKWISE
588023669706850499,10000,445436,803,CLOCKWISE
588023669707178112,10000,445438,4466,CLOCKWISE
588023669707178186,10000,445439,760,ANTICLOCKWISE
588023669707702448,10000,445443,3373,ANTICLOCKWISE
588023669709799569,10000,445462,5188,ANTICLOCKWISE
588023669709865118,10000,445463,1621,CLOCKWISE
588023669710061632,10000,445465,2254,CLOCKWISE
588023669710454934,10000,445468,3201,CLOCKWISE
588023669710848180,10000,445472,3423,CLOCKWISE
588023669711765671,10000,445480,4411,ANTICLOCKWISE
588023669713862861,10000,444145,1795,ANTICLOCKWISE
588023670238675048,10000,442677,3810,CLOCKWISE
588023670239199458,10000,444039,3447,CLOCKWISE
588023670239592571,10000,444042,5323,CLOCKWISE
588023670239920189,10000,445400,5273,ANTICLOCKWISE
588023670239920191,10000,445400,5025,ANTICLOCKWISE
588023670239920193,10000,445400,5269,ANTICLOCKWISE
588023670239985830,10000,444046,3545,CLOCKWISE
588023670240247937,10000,445403,4403,ANTICLOCKWISE
588023670240575610,10000,445407,2013,ANTICLOCKWISE
588023670240968817,10000,445410,3172,ANTICLOCKWISE
588023670241624287,10000,445416,4206,CLOCKWISE
588023670242738294,10000,446778,3253,ANTICLOCKWISE
588023670242869342,10000,446779,4515,CLOCKWISE
588023670243131524,10000,448131,1212,CLOCKWISE
588023670243328178,10000,448133,1530,CLOCKWISE
588023670243655851,10000,448136,2388,ANTICLOCKWISE
588023670243721329,10000,448136,3777,CLOCKWISE
588023670243721353,10000,446787,4323,CLOCKWISE
588023670243917961,10000,448138,3683,CLOCKWISE
588023670244114567,10000,448140,1580,CLOCKWISE
588023670244507762,10000,446794,4805,ANTICLOCKWISE
588023670244900991,10000,448147,2758,ANTICLOCKWISE
588023670245425182,10000,448152,1527,CLOCKWISE
588023670245752983,10000,448155,757,CLOCKWISE
588023670247129292,10000,448168,627,CLOCKWISE
588023670248112222,10000,448176,4397,CLOCKWISE
588023670248374347,10000,448179,1381,ANTICLOCKWISE
588023670248636503,10000,448181,3079,ANTICLOCKWISE
588023670248636538,10000,446832,4676,ANTICLOCKWISE
588023670248767782,10000,446834,850,ANTICLOCKWISE
588023670250733639,10000,445499,4215,ANTICLOCKWISE
588023670777053346,10000,446755,1200,ANTICLOCKWISE
588023670780592267,10000,449483,4894,CLOCKWISE
588023670780657799,10000,449484,2537,CLOCKWISE
588023670780657834,10000,449484,3968,CLOCKWISE
588023670783934601,10000,450859,1274,CLOCKWISE
588023670784131195,10000,449515,4603,CLOCKWISE
588023670784721036,10000,449521,3559,CLOCKWISE
588023670785572976,10000,449529,2577,ANTICLOCKWISE
588023720171077814,10000,445585,3359,ANTICLOCKWISE
588023720171274397,10000,444232,4072,CLOCKWISE
588023720172650666,10000,440168,2523,ANTICLOCKWISE
588023720173764747,10000,437450,2841,ANTICLOCKWISE
588023720708931710,10000,445594,5117,ANTICLOCKWISE
588023720709062800,10000,444241,983,CLOCKWISE
588023720711553066,10000,436092,2283,CLOCKWISE
588023720711553245,10000,436092,3806,ANTICLOCKWISE
588023721245343896,10000,448291,2473,CLOCKWISE
588023721246589162,10000,444247,3269,CLOCKWISE
588023721247047951,10000,442894,4195,ANTICLOCKWISE
588023721247572115,10000,441540,2068,ANTICLOCKWISE
588023721247703227,10000,440180,5948,ANTICLOCKWISE
588023721248686252,10000,437461,3677,ANTICLOCKWISE
588023721784770725,10000,442902,2460,ANTICLOCKWISE
588023721784770904,10000,441543,3061,ANTICLOCKWISE
588023722320986287,10000,446960,1430,CLOCKWISE
588023722321969277,10000,442905,2978,CLOCKWISE
588023722322296990,10000,441550,1074,CLOCKWISE
588290879492259979,10000,410320,4301,CLOCKWISE
588290880566067320,10000,415907,2886,CLOCKWISE
588290880566132939,10000,414514,405,ANTICLOCKWISE
588290880566198454,10000,414514,4672,ANTICLOCKWISE
588290881103331488,10000,417303,480,ANTICLOCKWISE
588290881639350458,10000,420077,1724,ANTICLOCKWISE
588290881639743547,10000,420081,550,CLOCKWISE
588297863105282298,10000,518126,1091,ANTICLOCKWISE
588297863634944460,10000,469199,5921,ANTICLOCKWISE
588297863635075258,10000,470509,6165,ANTICLOCKWISE
588297863635927360,10000,477021,2104,ANTICLOCKWISE
588297863638810772,10000,498621,4361,ANTICLOCKWISE
588297863638810809,10000,498621,5063,ANTICLOCKWISE
588297863640711306,10000,510911,2463,ANTICLOCKWISE
588297864172011787,10000,473119,249,ANTICLOCKWISE
588297864175354037,10000,497373,2527,ANTICLOCKWISE
588297864177123536,10000,509695,290,ANTICLOCKWISE
588297864177188984,10000,509695,1989,ANTICLOCKWISE
588297864712618214,10000,502337,161,CLOCKWISE
588297864714715312,10000,515726,4164,CLOCKWISE
588297864715108477,10000,518117,1648,ANTICLOCKWISE
588297865246933337,10000,484736,4852,CLOCKWISE
588297865247588554,10000,489824,5559,ANTICLOCKWISE
588297865248571588,10000,497367,2993,CLOCKWISE
588297865249816772,10000,506026,3340,CLOCKWISE
588297865251389582,10000,516919,146,CLOCKWISE
588848898822111424,10000,326614,2217,CLOCKWISE
588848898822963564,10000,325182,3362,CLOCKWISE
588848898827944106,10000,326667,7836,ANTICLOCKWISE
588848898827944167,10000,325227,6558,ANTICLOCKWISE
588848898828075119,10000,325228,6897,ANTICLOCKWISE
588848898828075125,10000,325228,8350,CLOCKWISE
588848898829254873,10000,325239,8874,ANTICLOCKWISE
588848898833383761,10000,325277,2763,ANTICLOCKWISE
588848898834300952,10000,325285,3599,CLOCKWISE
588848898834432217,10000,325287,217,CLOCKWISE
588848898834497664,10000,325287,2936,ANTICLOCKWISE
588848898834497700,10000,325287,4798,CLOCKWISE
588848898834563086,10000,325287,6194,ANTICLOCKWISE
588848898834563090,10000,325287,6111,ANTICLOCKWISE
588848898834694295,10000,325289,1300,ANTICLOCKWISE
588848898835021851,10000,325292,1836,CLOCKWISE
588848898836398187,10000,325305,6852,ANTICLOCKWISE
588848898836660313,10000,325307,1137,ANTICLOCKWISE
588848898837577879,10000,325315,4610,CLOCKWISE
588848898837577887,10000,325315,4676,ANTICLOCKWISE
588848898838757517,10000,326766,1810,ANTICLOCKWISE
588848898839347397,10000,325331,10411,CLOCKWISE
588848898839609531,10000,325334,1225,CLOCKWISE
588848898840002840,10000,325337,5504,ANTICLOCKWISE
588848898840330500,10000,325340,5371,ANTICLOCKWISE
588848898840592514,10000,325343,206,ANTICLOCKWISE
588848898840592614,10000,325343,367,CLOCKWISE
588848898842820814,10000,325363,11310,CLOCKWISE
588848898843803763,10000,325372,9442,CLOCKWISE
588848898843934871,10000,326813,11212,CLOCKWISE
588848898845048921,10000,325383,4617,ANTICLOCKWISE
588848898845573288,10000,325388,13998,ANTICLOCKWISE
588848898846359576,10000,325395,3876,CLOCKWISE
588848898847277214,10000,325404,2806,CLOCKWISE
588848898847670396,10000,325407,5394,ANTICLOCKWISE
588848898848063496,10000,326851,1974,CLOCKWISE
588848898848063610,10000,325411,5454,CLOCKWISE
588848898848194683,10000,326852,3764,ANTICLOCKWISE
588848898853437598,10000,325460,8544,CLOCKWISE
588848898853503136,10000,325460,11633,CLOCKWISE
588848898854617306,10000,325471,5996,ANTICLOCKWISE
588848898856386730,10000,325487,3262,CLOCKWISE
588848898856583418,10000,325489,5176,CLOCKWISE
588848898857238779,10000,325495,4104,ANTICLOCKWISE
588848899351315100,10000,327984,2873,CLOCKWISE
588848899352166985,10000,327992,1307,CLOCKWISE
588848899352363366,10000,327994,1057,CLOCKWISE
588848899353739742,10000,328006,8003,ANTICLOCKWISE
588848899353870882,10000,328007,8553,ANTICLOCKWISE
588848899354067450,10000,328009,4186,ANTICLOCKWISE
588848899354395276,10000,328012,8068,CLOCKWISE
588848899357737145,10000,328042,9865,ANTICLOCKWISE
588848899360096462,10000,328064,5014,ANTICLOCKWISE
588848899360489694,10000,328067,7863,CLOCKWISE
588848899360882905,10000,328071,4259,CLOCKWISE
588848899362848928,10000,328089,7042,ANTICLOCKWISE
588848899363111147,10000,328092,1132,ANTICLOCKWISE
588848899363242220,10000,328093,6058,CLOCKWISE
588848899364028578,10000,328100,5011,ANTICLOCKWISE
588848899364028619,10000,328100,9222,ANTICLOCKWISE
588848899364421791,10000,328103,9137,ANTICLOCKWISE
588848899365273714,10000,328111,7772,CLOCKWISE
588848899366256825,10000,328120,8751,CLOCKWISE
588848899366912194,10000,328126,7745,CLOCKWISE
588848899367239814,10000,328129,8535,ANTICLOCKWISE
588848899369599137,10000,328151,3090,ANTICLOCKWISE
588848899369730230,10000,328152,1880,ANTICLOCKWISE
588848899370057866,10000,328155,1376,CLOCKWISE
588848899371696282,10000,328170,2034,ANTICLOCKWISE
588848899371761856,10000,328171,1430,CLOCKWISE
588848899372875917,10000,328181,1527,ANTICLOCKWISE
588848899375104042,10000,328201,4186,CLOCKWISE
588848899375169711,10000,328202,3070,CLOCKWISE
588848899375235244,10000,328202,5530,ANTICLOCKWISE
588848899375562839,10000,328205,4279,CLOCKWISE
588848899375824998,10000,328207,9483,ANTICLOCKWISE
588848899379298523,10000,328240,2552,ANTICLOCKWISE
588848899381920012,10000,328264,137,CLOCKWISE
588848899382116464,10000,328265,3475,ANTICLOCKWISE
588848899383820384,10000,328281,532,ANTICLOCKWISE
588848899384213701,10000,328284,5123,CLOCKWISE
588848899385000136,10000,328292,2050,CLOCKWISE
588848899386769581,10000,328307,6363,ANTICLOCKWISE
588848899388932264,10000,328327,5357,ANTICLOCKWISE
588848899390243012,10000,328339,9799,CLOCKWISE
588848899390374017,10000,328340,10830,CLOCKWISE
588848899391815967,10000,328354,5937,CLOCKWISE
588848899392340188,10000,328359,2432,CLOCKWISE
588848899393126657,10000,328366,5074,CLOCKWISE
588848899393519811,10000,328370,1132,CLOCKWISE
588848899395486013,10000,328387,5624,ANTICLOCKWISE
588848899395682392,10000,328389,4559,CLOCKWISE
588848899397845133,10000,328409,1167,CLOCKWISE
588848899888645017,10000,329428,4885,CLOCKWISE
588848899888710215,10000,330869,791,CLOCKWISE
588848899890741667,10000,330887,9020,CLOCKWISE
588848899896639707,10000,330941,9290,CLOCKWISE
588848899897295004,10000,329507,3767,CLOCKWISE
588848899897360629,10000,330948,1784,ANTICLOCKWISE
588848899898671412,10000,329520,3317,ANTICLOCKWISE
588848899899654531,10000,330969,2364,CLOCKWISE
588848899899719841,10000,329529,5995,CLOCKWISE
588848899899719860,10000,329529,6655,ANTICLOCKWISE
588848899900047553,10000,329532,8027,ANTICLOCKWISE
588848899900768443,10000,330979,3816,ANTICLOCKWISE
588848899901685899,10000,330987,4650,CLOCKWISE
588848899901948117,10000,330990,3072,CLOCKWISE
588848899903717585,10000,331006,4309,ANTICLOCKWISE
588848899903783087,10000,329566,8980,ANTICLOCKWISE
588848899903783108,10000,331007,832,CLOCKWISE
588848899904831516,10000,331016,3847,CLOCKWISE
588848899905618193,10000,331023,5726,ANTICLOCKWISE
588848899905683620,10000,331024,551,ANTICLOCKWISE
588848899905683681,10000,331024,2606,CLOCKWISE
588848899907059950,10000,331037,147,ANTICLOCKWISE
588848899907649786,10000,331042,2373,ANTICLOCKWISE
588848899908108426,10000,331046,2524,CLOCKWISE
588848899908501654,10000,331049,3854,ANTICLOCKWISE
588848899909222572,10000,329616,2791,ANTICLOCKWISE
588848899909550129,10000,331059,3223,ANTICLOCKWISE
588848899909615678,10000,331059,6579,CLOCKWISE
588848899911385142,10000,331076,1641,CLOCKWISE
588848899911385353,10000,329636,2438,CLOCKWISE
588848899912433866,10000,329645,4916,ANTICLOCKWISE
588848899912827080,10000,331089,4356,CLOCKWISE
588848899913154684,10000,331092,2180,CLOCKWISE
588848899913416849,10000,331094,7749,ANTICLOCKWISE
588848899913482301,10000,329655,5679,CLOCKWISE
588848899913810020,10000,331098,891,CLOCKWISE
588848899914793128,10000,329667,1863,CLOCKWISE
588848899915383052,10000,331113,750,CLOCKWISE
588848899915579619,10000,331114,9242,ANTICLOCKWISE
588848899916103897,10000,331119,1834,ANTICLOCKWISE
588848899916693657,10000,329684,12707,ANTICLOCKWISE
588848899917348875,10000,331130,9358,ANTICLOCKWISE
588848899918659787,10000,329702,5160,CLOCKWISE
588848899921215581,10000,329726,1617,CLOCKWISE
588848899921215711,10000,331166,2133,ANTICLOCKWISE
588848899923247348,10000,329744,2840,CLOCKWISE
588848899924492505,10000,329756,1926,ANTICLOCKWISE
588848899924623561,10000,331197,2539,CLOCKWISE
588848899925147908,10000,331202,1671,CLOCKWISE
588848899926720594,10000,329776,6429,ANTICLOCKWISE
588848899927179425,10000,329780,3916,ANTICLOCKWISE
588848899927507291,10000,329783,5489,ANTICLOCKWISE
588848899930915144,10000,329814,10363,CLOCKWISE
588848899931373894,10000,331259,2597,ANTICLOCKWISE
588848899932291274,10000,331267,3528,CLOCKWISE
588848899933601825,10000,331279,1329,CLOCKWISE
588848899933733016,10000,331280,8184,CLOCKWISE
588848899934716280,10000,331289,4035,ANTICLOCKWISE
588848899935174713,10000,331293,4159,CLOCKWISE
588848900426629464,10000,332318,3514,CLOCKWISE
588848900428661159,10000,332337,4206,CLOCKWISE
588848900429185374,10000,332341,8513,ANTICLOCKWISE
588848900430037381,10000,333790,826,CLOCKWISE
588848900430823612,10000,332356,10997,CLOCKWISE
588848900431741191,10000,332365,5423,ANTICLOCKWISE
588848900431872356,10000,332366,8147,ANTICLOCKWISE
588848900432920836,10000,332376,3036,CLOCKWISE
588848900433838408,10000,333824,5544,CLOCKWISE
588848900434427975,10000,332390,911,ANTICLOCKWISE
588848900434821392,10000,332393,4518,ANTICLOCKWISE
588848900436918503,10000,332412,11477,CLOCKWISE
588848900437246108,10000,332415,15481,ANTICLOCKWISE
588848900437311821,10000,332416,7357,ANTICLOCKWISE
588848900438425604,10000,332426,1771,ANTICLOCKWISE
588848900438884625,10000,332430,12852,CLOCKWISE
588848900439343290,10000,332434,4558,ANTICLOCKWISE
588848900439802019,10000,333879,571,CLOCKWISE
588848900440195227,10000,332442,4989,CLOCKWISE
588848900441047278,10000,333890,3721,ANTICLOCKWISE
588848900441178413,10000,332451,9730,ANTICLOCKWISE
588848900442030135,10000,332459,3959,CLOCKWISE
588848900445569178,10000,332491,3223,ANTICLOCKWISE
588848900445634735,10000,332492,163,CLOCKWISE
588848900446748841,10000,332502,4283,ANTICLOCKWISE
588848900448649408,10000,332519,5523,ANTICLOCKWISE
588848900449501345,10000,332527,3909,CLOCKWISE
588848900449697879,10000,332529,7987,CLOCKWISE
588848900449829049,10000,332530,12234,ANTICLOCKWISE
588848900450287810,10000,332535,376,ANTICLOCKWISE
588848900450877669,10000,332540,1526,ANTICLOCKWISE
588848900451008665,10000,332541,3237,CLOCKWISE
588848900452122701,10000,332551,7952,ANTICLOCKWISE
588848900452974785,10000,332559,5993,CLOCKWISE
588848900453105706,10000,332560,4843,ANTICLOCKWISE
588848900453105747,10000,334000,7975,CLOCKWISE
588848900454023390,10000,332569,2641,CLOCKWISE
588848900455268534,10000,332580,2948,ANTICLOCKWISE
588848900457955444,10000,334044,4811,ANTICLOCKWISE
588848900458086647,10000,332606,2383,ANTICLOCKWISE
588848900460445721,10000,332627,2360,CLOCKWISE
588848900460773657,10000,334070,5403,ANTICLOCKWISE
588848900463067342,10000,332651,4395,ANTICLOCKWISE
588848900470407502,10000,334158,5794,CLOCKWISE
588848900471521660,10000,332729,409,CLOCKWISE
588848900472176902,10000,334174,5491,CLOCKWISE
588848900472439067,10000,334176,5888,ANTICLOCKWISE
588848900472635648,10000,332738,5779,CLOCKWISE
588848900472766841,10000,332740,1746,ANTICLOCKWISE
588848900473553163,10000,332747,836,CLOCKWISE
588848900970184871,10000,335259,5167,ANTICLOCKWISE
588848900971102416,10000,335268,3141,ANTICLOCKWISE
588848900971823196,10000,335274,2420,ANTICLOCKWISE
588848900972609620,10000,335282,614,ANTICLOCKWISE
588848900972740749,10000,335283,358,ANTICLOCKWISE
588848900973265064,10000,335287,9579,CLOCKWISE
588848900973723777,10000,335291,10649,ANTICLOCKWISE
588848900974969063,10000,335303,4759,ANTICLOCKWISE
588848900976083228,10000,335313,5176,ANTICLOCKWISE
588848900976410843,10000,335316,5301,CLOCKWISE
588848900977066108,10000,335322,2999,CLOCKWISE
588848900977852579,10000,335329,9515,CLOCKWISE
588848900978049265,10000,335331,9319,ANTICLOCKWISE
588848900978769958,10000,335337,11024,ANTICLOCKWISE
588848900978835610,10000,335338,5945,CLOCKWISE
588848900979949774,10000,335348,5269,CLOCKWISE
588848900980146191,10000,335350,3626,CLOCKWISE
588848900981588116,10000,335363,5424,CLOCKWISE
588848900982243334,10000,335369,4743,CLOCKWISE
588848900982505499,10000,335372,865,ANTICLOCKWISE
588848900983095522,10000,335377,3779,ANTICLOCKWISE
588848900983619745,10000,335382,3122,CLOCKWISE
588848900984733870,10000,335392,4562,CLOCKWISE
588848900985192660,10000,335396,5546,ANTICLOCKWISE
588848900985258107,10000,335397,1352,ANTICLOCKWISE
588848900987420861,10000,335417,1535,CLOCKWISE
588848900990697634,10000,335447,3545,CLOCKWISE
588848900991156408,10000,335451,10381,ANTICLOCKWISE
588848900992270388,10000,335461,2833,ANTICLOCKWISE
588848900995088595,10000,335487,2107,CLOCKWISE
588848900996202604,10000,335497,1275,ANTICLOCKWISE
588848900996726954,10000,335502,347,ANTICLOCKWISE
588848900998103205,10000,335514,4804,ANTICLOCKWISE
588848900998103249,10000,335514,6068,ANTICLOCKWISE
588848900998824150,10000,335521,1622,CLOCKWISE
588848900999544964,10000,335527,4875,ANTICLOCKWISE
588848900999938114,10000,335531,4165,CLOCKWISE
588848901001904344,10000,335549,6649,ANTICLOCKWISE
588848901002559774,10000,335555,7820,CLOCKWISE
588848901002952877,10000,335558,11911,ANTICLOCKWISE
588848901003477164,10000,335563,11087,ANTICLOCKWISE
588848901004656960,10000,335574,6077,CLOCKWISE
588848901005246823,10000,335580,3970,ANTICLOCKWISE
588848901005967648,10000,335586,4895,CLOCKWISE
588848901006033027,10000,335587,2088,CLOCKWISE
588848901008064851,10000,335605,9331,CLOCKWISE
588848901009571860,10000,335619,2679,ANTICLOCKWISE
588848901010227662,10000,335625,3508,CLOCKWISE
588848901010293012,10000,335625,5120,ANTICLOCKWISE
588848901010686342,10000,335629,5331,CLOCKWISE
588848901514985718,10000,336772,3441,CLOCKWISE
588848901518917758,10000,338248,1189,ANTICLOCKWISE
588848901522784443,10000,338283,3465,CLOCKWISE
588848901523112111,10000,338286,3630,CLOCKWISE
588848901523898529,10000,336853,8414,ANTICLOCKWISE
588848901525930152,10000,338312,1424,ANTICLOCKWISE
588848901528158378,10000,336892,7482,CLOCKWISE
588848901535629470,10000,336960,4451,CLOCKWISE
588848901536612515,10000,336969,4962,ANTICLOCKWISE
